date,AAL,DAL,UAL,LUV,ALK,SPY
2015-01-02,51.07990646362305,42.729148864746094,66.33999633789062,37.374595642089844,55.15901565551758,169.6878662109375
2015-01-05,51.05147933959961,42.0167121887207,66.1500015258789,36.45533752441406,54.37273025512695,166.6233673095703
2015-01-06,50.255592346191406,41.026248931884766,64.58000183105469,35.42226028442383,53.732723236083984,165.0539093017578
2015-01-07,50.22715759277344,40.80904006958008,65.52999877929688,35.71992492675781,54.555580139160156,167.11068725585938
2015-01-08,50.84303283691406,41.8690071105957,66.63999938964844,36.66545104980469,55.49729919433594,170.07611083984375
2015-01-09,49.289127349853516,40.7308464050293,65.33999633789062,35.711177825927734,54.61044692993164,168.713134765625
2015-01-12,46.97722244262695,40.018402099609375,65.91999816894531,35.238407135009766,55.41501998901367,167.39154052734375
2015-01-13,47.754173278808594,40.49625778198242,66.41000366210938,35.43977355957031,56.14643478393555,166.92068481445312
2015-01-14,46.81614685058594,39.36676788330078,64.05000305175781,34.52924728393555,56.26529312133789,165.91299438476562
2015-01-15,46.81614685058594,39.1408805847168,63.83000183105469,34.05650329589844,56.20130920410156,164.39309692382812
2015-01-16,47.19514846801758,39.8272590637207,65.75,34.564273834228516,57.00587844848633,166.54904174804688
2015-01-20,49.980812072753906,42.72046661376953,68.02999877929688,35.711177825927734,59.063018798828125,166.90419006347656
2015-01-21,50.852508544921875,42.729148864746094,69.20999908447266,36.62167739868164,59.41044235229492,167.74671936035156
2015-01-22,52.671722412109375,44.0497932434082,72.33999633789062,39.70340347290039,62.11674880981445,170.24131774902344
2015-01-23,52.7664680480957,43.928138732910156,73.0999984741211,40.079856872558594,62.76588439941406,169.3079071044922
2015-01-26,52.539066314697266,43.57193374633789,73.62000274658203,40.62266540527344,64.40245056152344,169.70437622070312
2015-01-27,49.933433532714844,42.729148864746094,71.80000305175781,40.16741943359375,63.725887298583984,167.4659423828125
2015-01-28,47.9626350402832,42.10359573364258,70.7699966430664,40.097373962402344,62.81160354614258,165.3182373046875
2015-01-29,49.49758529663086,43.62404251098633,73.52999877929688,41.13920593261719,64.97846221923828,166.84634399414062
2015-01-30,46.503475189208984,41.10444641113281,69.37000274658203,39.554569244384766,62.05274963378906,164.748291015625
2015-02-02,46.16236877441406,40.40937805175781,69.37999725341797,38.985496520996094,61.54988098144531,166.78854370117188
2015-02-03,45.006412506103516,39.97496032714844,67.97000122070312,37.864864349365234,59.593318939208984,169.2004852294922
2015-02-04,46.86351776123047,40.800350189208984,71.69999694824219,39.08179473876953,60.98301696777344,168.55618286132812
2015-02-05,46.34134292602539,40.08790588378906,69.5999984741211,38.93297576904297,61.092750549316406,170.25779724121094
2015-02-06,45.7147216796875,39.54054641723633,67.58000183105469,38.644065856933594,60.26988220214844,169.78701782226562
2015-02-09,44.17665100097656,38.61959457397461,64.56999969482422,37.87361526489258,58.066444396972656,169.02700805664062
2015-02-10,45.61977767944336,39.375465393066406,67.62999725341797,38.328880310058594,59.76703643798828,170.82772827148438
2015-02-11,45.183048248291016,39.0800666809082,67.12000274658203,38.08374786376953,58.98074722290039,170.9268798828125
2015-02-12,45.4583625793457,38.9323616027832,67.33999633789062,38.08374786376953,57.37158966064453,172.57058715820312
2015-02-13,45.94257736206055,38.663021087646484,66.2300033569336,37.90864562988281,57.197872161865234,173.28106689453125
2015-02-17,45.58180618286133,38.888919830322266,64.93000030517578,37.287044525146484,56.896156311035156,173.55355834960938
2015-02-18,46.81604766845703,39.41126251220703,66.72000122070312,38.12752914428711,58.35902404785156,173.5701141357422
2015-02-19,47.262271881103516,39.977142333984375,66.08999633789062,38.311370849609375,57.54530715942383,173.44618225097656
2015-02-20,48.43956756591797,41.3004264831543,68.01000213623047,39.204376220703125,58.82939529418945,174.48695373535156
2015-02-23,48.714900970458984,41.08279037475586,68.83999633789062,39.12557601928711,58.82939529418945,174.4622344970703
2015-02-24,48.91427993774414,41.81407165527344,70.88999938964844,39.70340347290039,59.09538269042969,174.95779418945312
2015-02-25,47.21480178833008,40.778079986572266,68.69000244140625,38.62656021118164,58.18734359741211,174.80911254882812
2015-02-26,46.85402297973633,39.977142333984375,67.41999816894531,38.59153366088867,58.68264389038086,174.60263061523438
2015-02-27,45.477359771728516,38.758331298828125,65.18000030517578,37.85612487792969,58.379966735839844,174.00790405273438
2015-03-02,45.86663055419922,39.5157470703125,66.80999755859375,38.7140998840332,60.02174758911133,175.10650634765625
2015-03-03,46.3033561706543,39.85525894165039,69.0,38.53876495361328,60.68215560913086,174.3878173828125
2015-03-04,46.47426223754883,39.306785583496094,68.66999816894531,38.582603454589844,60.324424743652344,173.6527099609375
2015-03-05,45.95207214355469,38.645145416259766,67.91999816894531,38.6614990234375,59.28799057006836,173.8427276611328
2015-03-06,45.57230758666992,38.114097595214844,66.66999816894531,37.96015167236328,58.453330993652344,171.3976593017578
2015-03-09,45.49635696411133,38.80186462402344,66.1500015258789,38.047828674316406,58.68264389038086,172.10804748535156
2015-03-10,44.37602996826172,37.80068588256836,64.61000061035156,37.64454650878906,58.856903076171875,169.31610107421875
2015-03-11,44.99314880371094,38.32303237915039,65.97000122070312,38.433563232421875,59.691558837890625,168.919677734375
2015-03-12,46.217918395996094,39.463497161865234,67.73999786376953,39.42420959472656,61.553489685058594,171.0673065185547
2015-03-13,46.73060989379883,39.61149597167969,67.56999969482422,39.02092742919922,61.140743255615234,170.01829528808594
2015-03-16,47.68001937866211,40.18608856201172,67.91999816894531,39.88885498046875,61.975406646728516,172.28977966308594
2015-03-17,50.97452163696289,40.612667083740234,69.08999633789062,40.51128005981445,63.10356903076172,171.7777099609375
2015-03-18,51.39227294921875,39.881378173828125,68.0999984741211,40.0992546081543,62.34226608276367,173.8427276611328
2015-03-19,52.39866638183594,41.14372634887695,70.08999633789062,40.63402557373047,62.69081115722656,173.0496826171875
2015-03-20,52.9398307800293,41.28300857543945,69.44999694824219,40.64279556274414,62.99348449707031,174.57717895507812
2015-03-23,51.64860916137695,40.551727294921875,67.61000061035156,39.836246490478516,61.90201950073242,174.2370147705078
2015-03-24,51.202388763427734,40.07291030883789,67.62999725341797,39.38037109375,61.43425750732422,173.25799560546875
2015-03-25,49.37948226928711,38.758331298828125,65.55999755859375,38.32836151123047,59.25130844116211,170.7191162109375
2015-03-26,48.676918029785156,38.383975982666016,64.97000122070312,37.85496520996094,59.26047897338867,170.3125457763672
2015-03-27,49.99661636352539,39.071746826171875,67.75,38.78424835205078,60.15934371948242,170.70249938964844
2015-03-30,50.92705154418945,39.663734436035156,68.19000244140625,39.082305908203125,60.718833923339844,172.78504943847656
2015-03-31,50.11054992675781,39.14138412475586,67.25,38.83683776855469,60.70047378540039,171.27499389648438
2015-04-01,47.888893127441406,37.661399841308594,64.01000213623047,38.0916633605957,58.70097351074219,170.66934204101562
2015-04-02,46.692630767822266,36.7821044921875,61.880001068115234,37.57441711425781,57.84797668457031,171.28329467773438
2015-04-06,45.64826202392578,36.35552215576172,60.119998931884766,36.022701263427734,57.23345947265625,172.4365234375
2015-04-07,45.097591400146484,36.25104904174805,59.56999969482422,36.24186706542969,57.56364822387695,171.98023986816406
2015-04-08,46.274879455566406,37.68751907348633,60.54999923706055,37.565650939941406,59.443904876708984,172.56105041503906
2015-04-09,45.420406341552734,37.55692672729492,61.15999984741211,37.53935241699219,58.83856964111328,173.32435607910156
2015-04-10,45.31595993041992,37.63528060913086,61.04999923706055,37.53935241699219,58.64594268798828,174.27017211914062
2015-04-13,45.372928619384766,37.49599075317383,61.0099983215332,37.48673629760742,58.086456298828125,173.48202514648438
2015-04-14,45.021636962890625,37.504695892333984,60.25,37.258827209472656,57.35270309448242,173.8139190673828
2015-04-15,45.3349494934082,38.47975540161133,60.9900016784668,36.70649719238281,56.88491439819336,174.5937957763672
2015-04-16,45.800167083740234,39.167510986328125,62.20000076293945,37.03963851928711,58.24238204956055,174.54400634765625
2015-04-17,45.7526969909668,38.96726989746094,61.4900016784668,36.63637924194336,57.756263732910156,172.53614807128906
2015-04-20,47.2432861328125,39.81174087524414,62.400001525878906,37.32018280029297,58.15065383911133,174.11260986328125
2015-04-21,48.76237106323242,40.247032165527344,63.70000076293945,37.72344970703125,59.553985595703125,173.90516662597656
2015-04-22,48.80034255981445,40.508201599121094,64.0199966430664,37.565650939941406,58.98530578613281,174.75970458984375
2015-04-23,48.84782028198242,40.421142578125,62.79999923706055,37.925079345703125,60.84723663330078,175.19949340820312
2015-04-24,50.04408645629883,40.899967193603516,63.5099983215332,38.12672424316406,62.644962310791016,175.60601806640625
2015-04-27,49.24657440185547,40.438560485839844,61.97999954223633,37.074703216552734,61.819461822509766,174.87586975097656
2015-04-28,48.6009635925293,40.220909118652344,61.41999816894531,36.724037170410156,60.966468811035156,175.43179321289062
2015-04-29,46.40780258178711,39.20232391357422,59.869998931884766,35.89997482299805,59.93002700805664,174.70997619628906
2015-04-30,45.94163131713867,38.86280822753906,59.7400016784668,35.55806350708008,58.756004333496094,172.95932006835938
2015-05-01,46.98813247680664,39.75079345703125,61.400001525878906,37.34648132324219,59.893341064453125,174.83445739746094
2015-05-04,46.56953430175781,39.42868423461914,60.91999816894531,36.67143630981445,59.187103271484375,175.33226013183594
2015-05-05,44.72386932373047,38.218570709228516,59.22999954223633,35.531761169433594,57.756263732910156,173.32435607910156
2015-05-06,44.761924743652344,38.4366569519043,59.439998626708984,35.83859634399414,58.003910064697266,172.61082458496094
2015-05-07,46.67417907714844,39.57075119018555,62.52000045776367,36.90814208984375,59.581485748291016,173.2994384765625
2015-05-08,46.6551513671875,40.277366638183594,62.439998626708984,37.898780822753906,60.78303909301758,175.58114624023438
2015-05-11,47.235496520996094,40.83567810058594,62.95000076293945,37.71469497680664,60.838069915771484,174.74313354492188
2015-05-12,46.474395751953125,40.216304779052734,61.86000061035156,37.03963851928711,59.78328323364258,174.2204132080078
2015-05-13,46.13189697265625,40.809505462646484,61.22999954223633,36.18050765991211,59.352195739746094,174.2536163330078
2015-05-14,46.44585418701172,41.35039138793945,61.75,36.9256706237793,60.65461730957031,176.07066345214844
2015-05-15,46.30314636230469,41.001434326171875,61.599998474121094,36.724037170410156,60.993988037109375,176.26148986816406
2015-05-18,46.617103576660156,41.32421875,62.25,36.943206787109375,61.98457717895508,176.80911254882812
2015-05-19,45.52302169799805,40.3122673034668,60.810001373291016,35.864898681640625,61.62579345703125,176.75100708007812
2015-05-20,40.96596908569336,38.05280685424805,54.540000915527344,32.60365295410156,58.83842468261719,176.6265411376953
2015-05-21,40.4046516418457,38.16622543334961,54.130001068115234,32.638710021972656,59.50996780395508,177.14102172851562
2015-05-22,40.5378532409668,37.668975830078125,53.689998626708984,32.3143424987793,59.24319076538086,176.7178192138672
2015-05-26,39.538909912109375,36.50871658325195,51.91999816894531,31.56040382385254,57.37574005126953,174.81784057617188
2015-05-27,40.18584060668945,37.10194396972656,53.70000076293945,32.42831802368164,58.323265075683594,176.47720336914062
2015-05-28,39.928977966308594,36.85767364501953,53.4900016784668,32.2705192565918,58.63603591918945,176.27809143066406
2015-05-29,40.309513092041016,37.44215774536133,54.59000015258789,32.480918884277344,59.463958740234375,175.18289184570312
2015-06-01,42.031497955322266,38.689659118652344,56.310001373291016,33.249568939208984,60.79785919189453,175.5396728515625
2015-06-02,41.65094757080078,37.695152282714844,55.95000076293945,33.22321701049805,60.457489013671875,175.3654327392578
2015-06-03,41.032569885253906,37.7213249206543,55.869998931884766,33.1353759765625,60.58628845214844,175.83001708984375
2015-06-04,40.119239807128906,37.44215774536133,54.56999969482422,32.78398513793945,60.264312744140625,174.3448944091797
2015-06-05,39.691131591796875,37.424720764160156,54.09000015258789,32.65220642089844,60.402278900146484,174.04623413085938
2015-06-08,37.92158508300781,35.54911422729492,51.72999954223633,31.72104835510254,57.52292251586914,172.97584533691406
2015-06-09,38.36872863769531,35.522926330566406,52.58000183105469,30.38580322265625,55.7934684753418,172.9510040283203
2015-06-10,38.463871002197266,35.819541931152344,52.41999816894531,30.262815475463867,55.894657135009766,175.02525329589844
2015-06-11,38.07379913330078,35.592735290527344,52.5,30.482431411743164,56.86978530883789,175.5894317626953
2015-06-12,38.73024368286133,35.889339447021484,52.869998931884766,30.7459716796875,58.415260314941406,174.24526977539062
2015-06-15,38.12137222290039,35.50550079345703,52.25,30.034414291381836,57.64252471923828,173.4986114501953
2015-06-16,37.56006622314453,35.39208984375,51.22999954223633,29.7884521484375,57.29294204711914,174.44451904296875
2015-06-17,37.940608978271484,35.592735290527344,51.31999969482422,29.726959228515625,57.06295394897461,174.72650146484375
2015-06-18,38.03575134277344,36.07253646850586,52.0099983215332,29.744531631469727,58.86602020263672,176.54354858398438
2015-06-19,39.538909912109375,36.630859375,53.25,30.060773849487305,59.47317886352539,175.75990295410156
2015-06-22,40.93743133544922,37.45087432861328,54.79999923706055,30.561494827270508,60.91745376586914,176.6603240966797
2015-06-23,40.65202713012695,37.599185943603516,55.22999954223633,30.37701988220215,61.193416595458984,176.78541564941406
2015-06-24,40.18584060668945,37.215354919433594,54.459999084472656,30.17496681213379,60.8990592956543,175.50143432617188
2015-06-25,40.18584060668945,37.16299819946289,54.939998626708984,30.297962188720703,60.19071578979492,174.9678497314453
2015-06-26,39.424739837646484,36.94489288330078,54.47999954223633,30.148618698120117,59.565162658691406,174.93450927734375
2015-06-29,37.816932678222656,35.87189483642578,52.810001373291016,29.147174835205078,58.74642562866211,171.2659912109375
2015-06-30,37.99768829345703,35.83700180053711,53.0099983215332,29.068111419677734,59.27079391479492,171.6245880126953
2015-07-01,36.91313552856445,35.13037872314453,51.689998626708984,28.65523910522461,59.15119171142578,173.0001983642578
2015-07-02,37.1319465637207,34.894832611083984,51.5,28.558605194091797,59.804344177246094,172.84181213378906
2015-07-06,37.797908782958984,35.313575744628906,53.849998474121094,29.015405654907227,60.862266540527344,172.34988403320312
2015-07-07,38.69219207763672,35.92422866821289,54.310001373291016,29.34922218322754,62.03974914550781,173.43380737304688
2015-07-08,37.39834213256836,35.04314041137695,52.81999969482422,28.426841735839844,60.82546615600586,170.52398681640625
2015-07-09,37.740821838378906,35.3746452331543,53.2599983215332,28.56739616394043,61.21183395385742,170.8324737548828
2015-07-10,39.205936431884766,37.04086685180664,55.5099983215332,29.71817970275879,64.90072631835938,172.9835205078125
2015-07-13,40.35708999633789,37.834720611572266,56.38999938964844,29.806015014648438,66.46460723876953,174.89285278320312
2015-07-14,40.01459884643555,38.08771896362305,55.72999954223633,29.744531631469727,67.72489166259766,175.65147399902344
2015-07-15,39.51988983154297,38.37559127807617,55.5,29.797237396240234,67.81690979003906,175.59312438964844
2015-07-16,39.37717819213867,38.79433059692383,54.97999954223633,30.368227005004883,68.70921325683594,177.0021514892578
2015-07-17,39.38669967651367,39.20435333251953,55.38999938964844,30.535131454467773,68.78282165527344,177.1522216796875
2015-07-20,38.578033447265625,38.46282958984375,55.349998474121094,30.13982582092285,68.20327758789062,177.24392700195312
2015-07-21,38.911014556884766,38.95136260986328,55.970001220703125,30.491209030151367,68.9483871459961,176.5435791015625
2015-07-22,39.41523742675781,39.448612213134766,57.06999969482422,30.851381301879883,69.75792694091797,176.2267608642578
2015-07-23,40.5378532409668,39.39626693725586,56.66999816894531,32.046077728271484,67.88129425048828,175.23458862304688
2015-07-24,37.70277404785156,38.47154998779297,56.4900016784668,30.7459716796875,68.16645050048828,173.4170684814453
2015-07-27,38.18796920776367,38.3232536315918,56.810001373291016,30.825031280517578,67.1729507446289,172.4082794189453
2015-07-28,39.167877197265625,39.17818069458008,58.41999816894531,31.677135467529297,68.36885070800781,174.52593994140625
2015-07-29,38.749271392822266,38.54133987426758,57.209999084472656,31.202756881713867,68.79199981689453,175.7265167236328
2015-07-30,38.3116455078125,38.410499572753906,56.84000015258789,31.896757125854492,69.1415786743164,175.76820373535156
2015-07-31,38.14992141723633,38.68092346191406,56.38999938964844,31.800125122070312,69.68434143066406,175.50143432617188
2015-08-03,39.68161392211914,39.89351272583008,58.31999969482422,32.968448638916016,71.7725601196289,174.90943908691406
2015-08-04,40.661529541015625,40.434391021728516,58.95000076293945,33.31984329223633,71.5425796508789,174.56764221191406
2015-08-05,40.87083053588867,40.508766174316406,58.11000061035156,33.284698486328125,72.7016830444336,175.1428985595703
2015-08-06,40.22238540649414,40.281280517578125,57.5099983215332,33.21442413330078,71.52417755126953,173.7088623046875
2015-08-07,39.564422607421875,40.55250930786133,56.7400016784668,33.01237869262695,71.74498748779297,173.37538146972656
2015-08-10,39.7455940246582,40.52626419067383,57.150001525878906,33.196861267089844,72.33372497558594,175.55978393554688
2015-08-11,40.7182502746582,41.20869827270508,57.869998931884766,33.697593688964844,73.55722045898438,173.97567749023438
2015-08-12,40.54659652709961,40.771244049072266,57.40999984741211,33.97869110107422,72.25093841552734,174.18406677246094
2015-08-13,40.68964385986328,41.51491928100586,58.349998474121094,34.23344039916992,72.94088745117188,173.96731567382812
2015-08-14,40.88990020751953,41.67240524291992,58.529998779296875,34.57603073120117,73.41122436523438,174.6009979248047
2015-08-17,41.910247802734375,41.987369537353516,59.599998474121094,35.53355026245117,75.1727294921875,175.576416015625
2015-08-18,41.60509490966797,41.43617630004883,58.5099983215332,35.37073516845703,75.1727294921875,175.06787109375
2015-08-19,41.50974655151367,41.19120407104492,58.22999954223633,35.59955596923828,74.69315338134766,173.68392944335938
2015-08-20,40.03166961669922,39.99256134033203,56.59000015258789,34.37623977661133,72.86709594726562,170.0570831298828
2015-08-21,37.90516662597656,38.14649200439453,55.09000015258789,33.36412811279297,70.22024536132812,164.93800354003906
2015-08-24,35.874019622802734,36.87784194946289,52.33000183105469,32.74808120727539,67.41658782958984,157.99298095703125
2015-08-25,35.75959014892578,36.195411682128906,52.099998474121094,32.14081573486328,68.75386047363281,156.13375854492188
2015-08-26,37.046932220458984,38.23397445678711,53.95000076293945,32.906490325927734,70.38624572753906,162.1282958984375
2015-08-27,37.21858215332031,38.373966217041016,53.36000061035156,32.83608627319336,70.31245422363281,166.1385955810547
2015-08-28,36.827606201171875,38.44395065307617,57.119998931884766,32.65126037597656,69.91587829589844,166.14688110351562
2015-08-31,37.170902252197266,38.30397033691406,56.970001220703125,32.29923629760742,69.03974914550781,164.80459594726562
2015-09-01,37.38069152832031,38.295223236083984,57.130001068115234,32.0,68.98443603515625,159.88552856445312
2015-09-02,39.58346939086914,40.237548828125,57.290000915527344,33.19692611694336,72.70109558105469,162.9203643798828
2015-09-03,38.99225616455078,39.42387008666992,57.25,32.94169616699219,72.00017547607422,163.0370635986328
2015-09-04,38.7157096862793,39.721336364746094,56.689998626708984,32.76566696166992,72.47052764892578,160.56927490234375
2015-09-08,38.90643310546875,40.762489318847656,57.5099983215332,33.54015350341797,74.9237289428711,164.6044921875
2015-09-09,39.09714889526367,40.255035400390625,57.66999816894531,33.707374572753906,75.41250610351562,162.4033966064453
2015-09-10,39.29740905761719,40.67501449584961,56.900001525878906,33.76018524169922,74.9698257446289,163.28713989257812
2015-09-11,40.19377899169922,41.05121612548828,56.83000183105469,33.91858673095703,75.5047378540039,164.02919006347656
2015-09-14,40.3272819519043,41.024959564208984,57.45000076293945,34.20903015136719,74.46257781982422,163.42059326171875
2015-09-15,40.661041259765625,41.024959564208984,57.279998779296875,34.23542022705078,73.54034423828125,165.4632568359375
2015-09-16,41.06155014038086,41.19994354248047,57.95000076293945,34.44664764404297,72.97775268554688,166.8972625732422
2015-09-17,41.948387145996094,41.54991149902344,61.560001373291016,34.754676818847656,73.49422454833984,166.5220947265625
2015-09-18,41.471595764160156,40.832496643066406,60.310001373291016,34.7370719909668,72.61810302734375,163.80084228515625
2015-09-21,41.22365951538086,41.33993911743164,60.45000076293945,34.65787124633789,75.70763397216797,164.64732360839844
2015-09-22,39.278324127197266,40.64874267578125,58.2400016784668,33.654563903808594,72.53509521484375,162.51019287109375
2015-09-23,39.32601547241211,40.762489318847656,58.16999816894531,33.95380783081055,73.84468078613281,162.25048828125
2015-09-24,38.381961822509766,40.16754150390625,56.33000183105469,33.592960357666016,72.83943176269531,161.66375732421875
2015-09-25,38.372432708740234,40.281280517578125,55.41999816894531,33.52255630493164,74.42570495605469,161.62191772460938
2015-09-28,37.26626205444336,39.07389450073242,53.720001220703125,32.959293365478516,72.03707885742188,157.5655975341797
2015-09-29,37.36162185668945,38.53144836425781,52.459999084472656,33.16170883178711,72.28607177734375,157.65780639648438
2015-09-30,37.02786636352539,39.257625579833984,53.04999923706055,33.478546142578125,73.27288055419922,160.59950256347656
2015-10-01,37.38069152832031,39.7300910949707,53.0,33.80418395996094,73.99225616455078,161.01849365234375
2015-10-02,36.8371467590332,39.257625579833984,51.7599983215332,33.777774810791016,73.09767150878906,163.42373657226562
2015-10-05,38.32474136352539,41.086219787597656,53.33000183105469,34.587459564208984,74.61937713623047,166.33184814453125
2015-10-06,36.360355377197266,39.45010757446289,50.779998779296875,33.44334411621094,68.73541259765625,165.76197814941406
2015-10-07,37.485599517822266,40.237548828125,51.58000183105469,34.06821060180664,70.0634536743164,167.11961364746094
2015-10-08,37.895626068115234,40.21128463745117,52.2599983215332,34.112205505371094,69.86978149414062,168.62815856933594
2015-10-09,40.45124816894531,41.30493927001953,55.709999084472656,35.15070343017578,70.01734161376953,168.7286834716797
2015-10-12,41.80535125732422,42.43357849121094,57.79999923706055,36.27722930908203,71.92638397216797,168.887939453125
2015-10-13,41.395301818847656,41.75989532470703,57.29999923706055,35.9251823425293,68.17283630371094,167.82363891601562
2015-10-14,41.76720428466797,42.51232147216797,57.5099983215332,35.94279861450195,67.7393798828125,167.01907348632812
2015-10-15,42.396575927734375,42.80979919433594,57.7599983215332,36.294830322265625,70.07268524169922,169.58355712890625
2015-10-16,41.68137741088867,42.97603988647461,55.970001220703125,35.696380615234375,69.9343490600586,170.3545684814453
2015-10-19,42.38703155517578,43.9821891784668,56.75,36.444435119628906,70.89349365234375,170.43833923339844
2015-10-20,42.71126174926758,43.8772087097168,55.75,36.418052673339844,70.54302215576172,170.22047424316406
2015-10-21,42.253536224365234,43.256011962890625,54.54999923706055,36.11882400512695,68.91986846923828,169.1644744873047
2015-10-22,43.85556411743164,44.45463943481445,56.04999923706055,38.794288635253906,70.0634536743164,172.02227783203125
2015-10-23,43.5504150390625,44.62088394165039,59.68000030517578,39.8063850402832,72.94087982177734,173.90798950195312
2015-10-26,44.313289642333984,44.900848388671875,61.02000045776367,40.2816276550293,73.00543212890625,173.48057556152344
2015-10-27,44.303749084472656,44.507144927978516,60.939998626708984,40.01760482788086,71.8895034790039,173.14537048339844
2015-10-28,43.73159408569336,43.86845397949219,59.54999923706055,39.96479797363281,69.34410858154297,175.1148223876953
2015-10-29,43.73159408569336,44.183414459228516,60.25,40.32563018798828,69.87899017333984,175.0142364501953
2015-10-30,44.07489013671875,44.48088836669922,60.310001373291016,40.7392692565918,70.32170104980469,174.2599639892578
2015-11-02,44.313289642333984,44.3584098815918,60.599998474121094,41.13530731201172,71.1332778930664,176.3216552734375
2015-11-03,44.437522888183594,44.62088394165039,60.84000015258789,41.32893753051758,71.64049530029297,176.8328399658203
2015-11-04,43.606109619140625,44.44104766845703,60.290000915527344,41.047298431396484,71.39151000976562,176.29652404785156
2015-11-05,43.57743453979492,44.335784912109375,60.29999923706055,41.0737190246582,71.9909439086914,176.12049865722656
2015-11-06,43.328975677490234,44.91476058959961,61.4900016784668,41.23211669921875,72.00940704345703,176.0282745361328
2015-11-09,42.66957473754883,44.41473388671875,60.150001525878906,40.80967712402344,71.29925537109375,174.38568115234375
2015-11-10,42.51667404174805,44.125240325927734,60.060001373291016,40.88887405395508,72.46131896972656,174.78797912597656
2015-11-11,42.421104431152344,43.84452438354492,59.63999938964844,41.11771011352539,71.53905487060547,174.1007843017578
2015-11-12,41.95284652709961,43.84452438354492,59.25,41.0912971496582,70.71824645996094,171.67034912109375
2015-11-13,41.522796630859375,42.9760627746582,58.79999923706055,40.387237548828125,70.23744201660156,169.7427978515625
2015-11-16,40.930301666259766,42.046180725097656,58.08000183105469,40.25523376464844,71.06038665771484,172.3240509033203
2015-11-17,40.42380905151367,41.90580749511719,57.380001068115234,40.42243576049805,71.69841003417969,172.1983184814453
2015-11-18,39.898189544677734,41.88827133178711,57.709999084472656,40.75688171386719,72.20695495605469,174.93048095703125
2015-11-19,40.42380905151367,42.55497360229492,58.5,41.24972915649414,73.26107025146484,174.77960205078125
2015-11-20,40.3282470703125,42.7742919921875,58.810001373291016,41.64575958251953,75.69293975830078,175.41653442382812
2015-11-23,40.42380905151367,42.756744384765625,58.560001373291016,41.77777862548828,74.35220336914062,175.21539306640625
2015-11-24,39.40127182006836,41.440879821777344,56.79999923706055,40.68647384643555,73.60317993164062,175.45004272460938
2015-11-25,39.47771453857422,41.116294860839844,56.220001220703125,40.37844467163086,73.61246490478516,175.42491149902344
2015-11-27,39.84086227416992,41.35316848754883,56.81999969482422,40.32563018798828,73.75115203857422,175.6260986328125
2015-11-30,39.42993927001953,40.75663375854492,55.72999954223633,40.37844467163086,73.72340393066406,174.89691162109375
2015-12-01,41.341224670410156,41.818084716796875,56.9900016784668,41.39933776855469,75.05492401123047,176.56468200683594
2015-12-02,41.876380920410156,42.39707565307617,57.90999984741211,41.81297302246094,75.54499816894531,174.76283264160156
2015-12-03,41.35078430175781,42.30057907104492,56.7400016784668,41.61935806274414,74.48164367675781,172.315673828125
2015-12-04,42.97538375854492,43.6690788269043,58.939998626708984,43.485145568847656,78.51316833496094,175.67630004882812
2015-12-07,43.74945831298828,45.423553466796875,60.52000045776367,43.634769439697266,79.8261947631836,174.61196899414062
2015-12-08,42.57400894165039,44.09892272949219,58.650001525878906,39.69921875,79.169677734375,173.43865966796875
2015-12-09,41.713932037353516,43.432212829589844,57.86000061035156,39.22324752807617,77.21865844726562,172.08935546875
2015-12-10,42.1344108581543,44.98493957519531,59.529998779296875,39.884307861328125,78.00459289550781,172.53355407714844
2015-12-11,40.22311782836914,43.2304573059082,57.029998779296875,38.27131652832031,76.53439331054688,169.18966674804688
2015-12-14,39.91731643676758,44.01997756958008,57.29999923706055,38.579811096191406,75.96109008789062,170.04446411132812
2015-12-15,40.71049499511719,44.87090301513672,57.900001525878906,38.976444244384766,75.94259643554688,171.82957458496094
2015-12-16,41.28388977050781,45.72181701660156,58.869998931884766,39.487674713134766,76.5158920288086,174.34376525878906
2015-12-17,40.57670211791992,44.765621185302734,57.31999969482422,38.35063552856445,75.01793670654297,171.68710327148438
2015-12-18,39.26747512817383,43.82698059082031,56.91999816894531,37.67195510864258,73.92682647705078,168.62847900390625
2015-12-21,40.51936721801758,45.14282989501953,58.04999923706055,38.22723388671875,76.28472900390625,170.01954650878906
2015-12-22,40.9971923828125,45.397247314453125,58.0,38.37708282470703,75.56349182128906,171.56236267089844
2015-12-23,41.36989212036133,45.38847351074219,58.349998474121094,38.288944244384766,75.97032928466797,173.68685913085938
2015-12-24,41.86684036254883,45.844642639160156,59.779998779296875,38.69439697265625,75.93334197998047,173.40025329589844
2015-12-28,41.312557220458984,45.572689056396484,59.0099983215332,38.623878479003906,76.21073913574219,173.0039825439453
2015-12-29,41.570587158203125,45.76568603515625,59.29999923706055,39.08221435546875,76.53439331054688,174.8502655029297
2015-12-30,40.901634216308594,44.8884391784668,57.5099983215332,38.209625244140625,75.30458068847656,173.61093139648438
2015-12-31,40.47158432006836,44.46736526489258,57.29999923706055,37.95399856567383,74.44464874267578,171.87425231933594
2016-01-04,39.095458984375,42.686561584472656,55.61000061035156,36.984439849853516,72.49360656738281,169.47157287597656
2016-01-05,38.722755432128906,42.60761642456055,55.060001373291016,37.42514419555664,71.28230285644531,169.7581787109375
2016-01-06,39.40127182006836,42.92341995239258,55.20000076293945,37.7689094543457,72.30867004394531,167.61683654785156
2016-01-07,38.65586471557617,41.230342864990234,52.630001068115234,36.97562789916992,68.41582489013672,163.59539794921875
2016-01-08,38.579410552978516,40.888221740722656,51.88999938964844,37.20478439331055,65.07779693603516,161.79971313476562
2016-01-11,39.2579231262207,41.00226974487305,51.619998931884766,37.054954528808594,65.34595489501953,161.9599151611328
2016-01-12,40.13711929321289,41.19526672363281,50.86000061035156,37.61906051635742,65.6880874633789,163.26658630371094
2016-01-13,38.3213996887207,39.42323303222656,48.060001373291016,35.60942459106445,62.56272506713867,159.19467163085938
2016-01-14,38.75143051147461,39.77412414550781,47.83000183105469,35.67112731933594,63.57060623168945,161.80813598632812
2016-01-15,37.04081726074219,39.037235260009766,45.66999816894531,35.054134368896484,63.55211639404297,158.3347625732422
2016-01-19,37.136383056640625,40.31800842285156,45.18000030517578,34.90427780151367,61.99867630004883,158.54547119140625
2016-01-20,37.3275146484375,40.08115005493164,45.119998931884766,34.63985824584961,62.10039138793945,156.51376342773438
2016-01-21,38.025142669677734,40.809268951416016,45.33000183105469,34.816131591796875,67.13980102539062,157.39053344726562
2016-01-22,38.378726959228516,41.019813537597656,46.720001220703125,34.37543869018555,67.37098693847656,160.61949157714844
2016-01-25,37.15549850463867,40.30047607421875,46.439998626708984,33.67029571533203,64.5322494506836,158.1914520263672
2016-01-26,37.88178634643555,40.4495964050293,47.22999954223633,33.820133209228516,65.95623779296875,160.34967041015625
2016-01-27,37.929569244384766,39.230224609375,47.709999084472656,32.868194580078125,64.74491882324219,158.60452270507812
2016-01-28,36.44832229614258,37.89681625366211,46.11000061035156,31.898630142211914,63.40415954589844,159.43075561523438
2016-01-29,37.26062774658203,38.85301971435547,48.279998779296875,33.1590690612793,65.09630584716797,163.31727600097656
2016-02-01,37.63332748413086,39.66007614135742,48.86000061035156,33.767250061035156,64.99458312988281,163.25823974609375
2016-02-02,35.38754653930664,38.25650405883789,46.45000076293945,32.145423889160156,62.84012222290039,160.3159637451172
2016-02-03,35.84626388549805,38.42316818237305,47.56999969482422,32.471553802490234,62.20208740234375,161.2770538330078
2016-02-04,36.51520919799805,38.63370895385742,48.40999984741211,33.09736633300781,63.71855926513672,161.52992248535156
2016-02-05,35.119972229003906,36.852901458740234,46.86000061035156,31.457921981811523,59.696266174316406,158.4528045654297
2016-02-08,34.06589889526367,35.76512908935547,45.68000030517578,30.602951049804688,58.309268951416016,156.31985473632812
2016-02-09,34.679176330566406,36.82658767700195,46.47999954223633,31.07010269165039,60.68564987182617,156.32827758789062
2016-02-10,35.570350646972656,37.95823287963867,47.709999084472656,31.32571792602539,61.80448913574219,156.1934051513672
2016-02-11,34.9666633605957,37.45820999145508,46.97999954223633,31.149429321289062,61.89696502685547,154.16160583496094
2016-02-12,36.24113082885742,37.832210540771484,48.349998474121094,31.94271469116211,63.28396224975586,157.3398895263672
2016-02-16,36.99814987182617,39.23146057128906,48.869998931884766,32.68309783935547,64.3565673828125,159.9955596923828
2016-02-17,37.69766616821289,40.569087982177734,50.61000061035156,33.94353103637695,66.36306762695312,162.6090850830078
2016-02-18,37.88933181762695,40.88589859008789,51.939998626708984,34.37543869018555,66.87164306640625,161.9430694580078
2016-02-19,38.10013961791992,41.114707946777344,53.81999969482422,34.648677825927734,67.14545440673828,161.8671417236328
2016-02-22,39.13505172729492,42.96275329589844,55.4900016784668,35.979610443115234,67.19186401367188,164.21087646484375
2016-02-23,38.69425582885742,43.07715606689453,55.45000076293945,36.20878982543945,67.5167465209961,162.136962890625
2016-02-24,38.96256637573242,43.068359375,56.2599983215332,36.455589294433594,68.31498718261719,162.87890625
2016-02-25,39.63334655761719,43.29716491699219,56.86000061035156,37.539730072021484,69.53092956542969,164.8516082763672
2016-02-26,39.16380310058594,42.11793518066406,56.58000183105469,37.16952896118164,69.21533203125,164.47219848632812
2016-02-29,39.28837585449219,42.45234680175781,57.2599983215332,36.97562789916992,68.59343719482422,163.18235778808594
2016-03-01,40.08372497558594,43.03315353393555,58.400001525878906,37.527503967285156,71.53582000732422,167.01828002929688
2016-03-02,39.85374450683594,42.725162506103516,57.91999816894531,37.03301239013672,71.71218872070312,167.7685546875
2016-03-03,40.13164138793945,42.93635940551758,58.34000015258789,37.11248016357422,72.6310806274414,168.42613220214844
2016-03-04,39.89207458496094,42.83074188232422,58.0,36.64449691772461,72.0927505493164,168.97410583496094
2016-03-07,40.37119674682617,42.58434295654297,57.61000061035156,36.62684631347656,71.65648651123047,169.1090545654297
2016-03-08,39.06797409057617,40.6746940612793,56.34000015258789,36.72396469116211,70.91393280029297,167.2627716064453
2016-03-09,39.91123580932617,41.1323127746582,57.439998626708984,37.368560791015625,71.76787567138672,168.0889434814453
2016-03-10,39.89207458496094,41.361114501953125,57.2599983215332,37.315574645996094,70.90465545654297,168.22381591796875
2016-03-11,40.69700241088867,41.96833038330078,58.369998931884766,38.26040267944336,74.97012329101562,170.9384765625
2016-03-14,40.81199645996094,42.144325256347656,58.97999954223633,38.69306564331055,74.0605239868164,170.71923828125
2016-03-15,40.35203552246094,42.02992630004883,58.04999923706055,38.516456604003906,74.24612426757812,170.44107055664062
2016-03-16,40.54368209838867,42.918758392333984,58.77000045776367,38.984458923339844,74.74736785888672,171.4274139404297
2016-03-17,40.34245681762695,42.7867546081543,58.84000015258789,38.49879837036133,75.16506958007812,172.5149383544922
2016-03-18,41.62651062011719,44.045188903808594,60.40999984741211,39.29349136352539,76.1396484375,173.1929168701172
2016-03-21,41.655250549316406,44.10678482055664,61.189998626708984,39.726165771484375,76.3531494140625,173.43865966796875
2016-03-22,40.97490310668945,43.46437072753906,60.4900016784668,39.39063262939453,76.1396484375,173.34539794921875
2016-03-23,40.16997146606445,43.041961669921875,59.7400016784668,39.231685638427734,75.29499816894531,172.20147705078125
2016-03-24,38.80925369262695,42.1003303527832,57.84000015258789,38.90498352050781,74.80304718017578,172.12521362304688
2016-03-28,39.20212936401367,42.41712951660156,57.90999984741211,38.684234619140625,75.638427734375,172.2268829345703
2016-03-29,39.62376022338867,43.235572814941406,58.65999984741211,39.4171142578125,76.43667602539062,173.8199920654297
2016-03-30,39.65251541137695,43.41157150268555,59.81999969482422,39.71733474731445,76.4181137084961,174.58267211914062
2016-03-31,39.29795837402344,42.83955001831055,59.86000061035156,39.55840301513672,76.13035583496094,174.15896606445312
2016-04-01,37.87015914916992,41.36989974975586,56.720001220703125,39.34648132324219,76.12108612060547,175.34532165527344
2016-04-04,37.726417541503906,41.49311828613281,55.849998474121094,38.94912338256836,73.25296783447266,174.77760314941406
2016-04-05,37.30478286743164,41.50190734863281,55.58000183105469,38.525291442871094,73.95840454101562,173.03189086914062
2016-04-06,37.27604675292969,41.53710174560547,55.13999938964844,38.56060028076172,73.92127227783203,174.92164611816406
2016-04-07,36.75859069824219,40.305076599121094,53.15999984741211,38.54295349121094,72.658935546875,172.8285369873047
2016-04-08,36.892738342285156,40.736289978027344,53.08000183105469,39.29349136352539,73.40148162841797,173.2946014404297
2016-04-11,37.113136291503906,40.96510314941406,53.709999084472656,39.178714752197266,72.8445816040039,172.88780212402344
2016-04-12,37.553932189941406,41.035499572753906,54.06999969482422,39.425933837890625,73.55927276611328,174.4978790283203
2016-04-13,38.27262878417969,42.27634811401367,55.58000183105469,40.47671890258789,75.99114990234375,176.26051330566406
2016-04-14,39.451271057128906,42.67233657836914,56.72999954223633,41.24492263793945,75.98185729980469,176.2689971923828
2016-04-15,39.20212936401367,41.80112838745117,56.900001525878906,41.536319732666016,76.46452331542969,176.07411193847656
2016-04-18,39.21171188354492,40.96510314941406,56.97999954223633,41.58930206298828,76.3345718383789,177.31134033203125
2016-04-19,39.61417770385742,41.2467041015625,58.04999923706055,41.615787506103516,76.22318267822266,177.87059020996094
2016-04-20,39.53751754760742,41.00910949707031,58.599998474121094,41.54515075683594,75.74053192138672,178.0400848388672
2016-04-21,38.33970260620117,39.57466506958008,52.7599983215332,42.14558410644531,73.6799545288086,177.0824737548828
2016-04-22,36.61484146118164,39.26665496826172,50.7400016784668,41.72175216674805,71.29448699951172,177.0824737548828
2016-04-25,35.45535659790039,38.6594352722168,49.369998931884766,41.368553161621094,69.10395050048828,176.77745056152344
2016-04-26,35.378700256347656,38.36023712158203,49.13999938964844,40.77693557739258,69.01112365722656,177.0401611328125
2016-04-27,35.17746353149414,38.4482307434082,48.939998626708984,40.23831558227539,68.29643249511719,177.4044952392578
2016-04-28,34.46835708618164,37.71781921386719,48.060001373291016,38.90498352050781,66.83917999267578,175.79443359375
2016-04-29,33.24180221557617,36.67058181762695,45.810001373291016,39.39063262939453,65.37261962890625,174.8453369140625
2016-05-02,33.088035583496094,37.110599517822266,46.65999984741211,38.8608283996582,65.46542358398438,176.2351531982422
2016-05-03,33.2321891784668,37.77061080932617,47.130001068115234,38.09262466430664,65.35405731201172,174.7012939453125
2016-05-04,31.91558074951172,36.459373474121094,45.54999923706055,36.78577423095703,64.13811492919922,173.72679138183594
2016-05-05,31.531179428100586,36.740989685058594,44.9900016784668,36.67098617553711,64.17524719238281,173.69288635253906
2016-05-06,31.742595672607422,36.99619674682617,45.70000076293945,36.84758758544922,63.590492248535156,174.32843017578125
2016-05-09,31.656108856201172,37.43320846557617,45.709999084472656,37.253780364990234,63.85968017578125,174.47251892089844
2016-05-10,32.453758239746094,37.91878128051758,47.0,37.836551666259766,64.35160064697266,176.641845703125
2016-05-11,31.579227447509766,37.344913482666016,45.79999923706055,37.18313217163086,62.745853424072266,174.98939514160156
2016-05-12,30.108858108520508,36.259010314941406,43.779998779296875,36.39726257324219,60.861602783203125,175.040283203125
2016-05-13,30.281843185424805,36.7269172668457,43.84000015258789,36.697479248046875,61.502052307128906,173.51490783691406
2016-05-16,30.868064880371094,37.96293258666992,44.59000015258789,37.28907775878906,61.5484619140625,175.22669982910156
2016-05-17,31.367795944213867,38.554439544677734,45.04999923706055,37.26259994506836,60.7409553527832,173.59120178222656
2016-05-18,31.338970184326172,38.722190856933594,45.27000045776367,37.880706787109375,61.65056610107422,173.64207458496094
2016-05-19,30.896902084350586,38.051212310791016,44.0099983215332,37.23609924316406,60.694515228271484,173.04037475585938
2016-05-20,30.762357711791992,38.051212310791016,44.4900016784668,37.253780364990234,60.783084869384766,174.13351440429688
2016-05-23,30.493270874023438,37.91878128051758,44.20000076293945,37.271427154541016,60.90425491333008,173.89625549316406
2016-05-24,30.896902084350586,38.51912307739258,44.9900016784668,37.792388916015625,62.330387115478516,176.15036010742188
2016-05-25,30.91611671447754,38.40434646606445,45.130001068115234,37.553993225097656,62.36766815185547,177.34521484375
2016-05-26,30.281843185424805,37.75102615356445,44.5,36.900577545166016,61.64994430541992,177.39605712890625
2016-05-27,30.416385650634766,38.06886672973633,45.18000030517578,37.37738800048828,62.28377914428711,178.15872192382812
2016-05-31,30.666257858276367,38.369041442871094,45.09000015258789,37.50983428955078,61.89228820800781,177.8197784423828
2016-06-01,30.704696655273438,38.41318893432617,45.25,37.56282043457031,61.4821662902832,178.18411254882812
2016-06-02,30.435609817504883,37.477359771728516,45.16999816894531,37.23609924316406,61.46352767944336,178.72653198242188
2016-06-03,29.609127044677734,36.70043182373047,44.29999923706055,36.81226348876953,60.66191101074219,178.19261169433594
2016-06-06,30.041589736938477,36.444400787353516,44.529998779296875,36.971588134765625,60.783084869384766,179.09934997558594
2016-06-07,31.098711013793945,37.1683464050293,45.810001373291016,38.122249603271484,61.82705307006836,179.37896728515625
2016-06-08,31.242868423461914,36.947635650634766,45.689998626708984,38.502845764160156,61.88296127319336,179.9636688232422
2016-06-09,32.09818649291992,37.43320846557617,46.70000076293945,39.113582611083984,62.91761779785156,179.71791076660156
2016-06-10,31.84830665588379,37.11538314819336,46.08000183105469,38.61792755126953,62.37698745727539,178.01467895507812
2016-06-13,30.56053924560547,35.81758499145508,44.060001373291016,37.31678771972656,59.925533294677734,176.641845703125
2016-06-14,29.176666259765625,34.528602600097656,42.09000015258789,35.298702239990234,57.34358215332031,176.2943572998047
2016-06-15,29.30160140991211,34.33436965942383,42.88999938964844,35.3518180847168,57.008018493652344,176.04864501953125
2016-06-16,28.00421714782715,33.5662841796875,41.83000183105469,35.210201263427734,56.27165222167969,176.57403564453125
2016-06-17,28.196426391601562,33.557456970214844,42.619998931884766,35.17479705810547,55.81492233276367,175.91650390625
2016-06-20,28.552000045776367,33.628089904785156,43.400001525878906,35.42262649536133,55.442073822021484,177.0494384765625
2016-06-21,28.84992218017578,34.1401481628418,44.86000061035156,35.86518478393555,56.35554122924805,177.5519561767578
2016-06-22,28.724985122680664,34.03420639038086,45.09000015258789,35.635047912597656,55.62849426269531,177.2623748779297
2016-06-23,29.14784049987793,33.822322845458984,45.16999816894531,35.04200744628906,55.12514877319336,179.5707244873047
2016-06-24,25.995681762695312,31.0589656829834,41.060001373291016,33.90907287597656,52.655059814453125,173.12255859375
2016-06-27,24.285058975219727,29.452163696289062,37.75,32.5371208190918,51.88140106201172,170.02191162109375
2016-06-28,25.726594924926758,30.608705520629883,38.95000076293945,33.13016128540039,52.8601188659668,173.08847045898438
2016-06-29,26.62034797668457,31.994796752929688,40.56999969482422,34.42243194580078,53.77359390258789,176.03575134277344
2016-06-30,27.20656967163086,32.16254425048828,41.040000915527344,34.70567321777344,54.332855224609375,178.4378662109375
2016-07-01,28.18681526184082,32.462711334228516,41.369998931884766,35.05086898803711,54.75230407714844,178.81265258789062
2016-07-05,27.802406311035156,31.447420120239258,40.290000915527344,34.70567321777344,54.649776458740234,177.52638244628906
2016-07-06,27.245010375976562,31.412111282348633,39.310001373291016,34.634864807128906,54.56588363647461,178.59117126464844
2016-07-07,28.25408363342285,32.10957336425781,40.09000015258789,35.27214813232422,55.43275451660156,178.48045349121094
2016-07-08,28.869138717651367,32.992431640625,41.47999954223633,35.88288879394531,55.796268463134766,181.13809204101562
2016-07-11,29.94548988342285,33.65456771850586,42.40999984741211,36.3254508972168,56.07590866088867,181.77694702148438
2016-07-12,33.30906677246094,35.499752044677734,46.15999984741211,37.91867446899414,58.95614242553711,183.09725952148438
2016-07-13,33.10725402832031,34.92588424682617,45.86000061035156,37.52921676635742,58.881561279296875,183.0717010498047
2016-07-14,34.48151397705078,36.17955017089844,47.849998474121094,38.21076965332031,60.45684051513672,184.09384155273438
2016-07-15,34.49112319946289,35.29669189453125,47.43000030517578,38.201904296875,60.624610900878906,183.8468017578125
2016-07-18,34.62567138671875,35.402626037597656,47.709999084472656,38.2196159362793,59.878929138183594,184.3408966064453
2016-07-19,34.6064453125,35.782257080078125,47.849998474121094,37.81245803833008,59.5340461730957,184.15350341796875
2016-07-20,34.519954681396484,35.499752044677734,48.29999923706055,37.201717376708984,59.17985153198242,184.9201202392578
2016-07-21,33.59737777709961,34.00771713256836,46.65999984741211,33.032798767089844,60.31702423095703,184.22166442871094
2016-07-22,34.942813873291016,34.39618682861328,47.56999969482422,33.484222412109375,60.2144889831543,185.0479278564453
2016-07-25,34.40462875366211,34.39618682861328,46.88999938964844,33.06819152832031,60.96017837524414,184.5453338623047
2016-07-26,35.125404357910156,34.457977294921875,47.72999954223633,33.88250732421875,62.01347351074219,184.63047790527344
2016-07-27,34.78904342651367,34.02537536621094,47.439998626708984,33.174415588378906,63.26251220703125,184.4345703125
2016-07-28,34.923583984375,34.74932098388672,47.400001525878906,33.16556167602539,63.81244659423828,184.64755249023438
2016-07-29,34.116336822509766,34.21076965332031,46.88999938964844,32.75840377807617,62.6566276550293,184.94569396972656
2016-08-01,34.21242904663086,34.85525894165039,47.36000061035156,32.78495407104492,63.05742645263672,184.79237365722656
2016-08-02,32.20389175415039,32.12723159790039,44.400001525878906,31.457279205322266,60.48479461669922,183.60830688476562
2016-08-03,32.271366119384766,32.20669174194336,44.900001525878906,31.758214950561523,60.6805419921875,184.14495849609375
2016-08-04,32.367759704589844,32.25965881347656,45.900001525878906,32.236183166503906,60.6805419921875,184.3408966064453
2016-08-05,33.19670867919922,33.25727844238281,48.40999984741211,33.501895904541016,61.73383331298828,185.8485870361328
2016-08-08,33.109954833984375,33.05422592163086,48.4900016784668,33.147865295410156,61.388946533203125,185.73788452148438
2016-08-09,33.34129333496094,32.79820251464844,47.810001373291016,33.156715393066406,60.578006744384766,185.8485870361328
2016-08-10,32.94609832763672,32.383644104003906,47.119998931884766,32.74070739746094,60.43819808959961,185.3886260986328
2016-08-11,33.697940826416016,32.57893371582031,47.27000045776367,32.96198272705078,61.621978759765625,186.2489776611328
2016-08-12,33.65938186645508,32.26823806762695,47.099998474121094,32.3246955871582,60.9415283203125,186.08709716796875
2016-08-15,34.57508087158203,32.77424240112305,48.0099983215332,32.643348693847656,61.63130569458008,186.6237335205078
2016-08-16,35.42332077026367,32.7919921875,47.9900016784668,32.41258239746094,61.7763786315918,185.66119384765625
2016-08-17,35.27872848510742,33.29798126220703,48.18000030517578,32.70545959472656,63.03999710083008,186.01043701171875
2016-08-18,35.3462028503418,32.907386779785156,47.599998474121094,32.69659423828125,63.36758041381836,186.42787170410156
2016-08-19,35.172706604003906,32.64107131958008,47.09000015258789,32.2617073059082,62.77790832519531,186.15524291992188
2016-08-22,34.70039367675781,32.49904251098633,46.95000076293945,32.1995735168457,62.58134460449219,186.14675903320312
2016-08-23,35.085960388183594,32.5700569152832,47.4900016784668,32.5634651184082,63.03999710083008,186.5215301513672
2016-08-24,35.326927185058594,32.64107131958008,47.599998474121094,32.53683853149414,63.57351303100586,185.56753540039062
2016-08-25,35.39440155029297,32.37476348876953,47.529998779296875,32.5634651184082,63.96664047241211,185.43975830078125
2016-08-26,34.92208480834961,32.03743362426758,46.869998931884766,32.190711975097656,62.96510696411133,185.0904998779297
2016-08-29,34.864253997802734,32.445777893066406,46.95000076293945,32.3504524230957,62.749820709228516,186.00192260742188
2016-08-30,35.71248245239258,32.987281799316406,50.9900016784668,32.998348236083984,63.227203369140625,185.69528198242188
2016-08-31,34.98955535888672,32.623321533203125,50.40999984741211,32.732112884521484,63.20846939086914,185.16717529296875
2016-09-01,34.931732177734375,32.685462951660156,50.88999938964844,32.47470474243164,62.955753326416016,185.17567443847656
2016-09-02,35.21126174926758,32.99615478515625,51.09000015258789,32.740966796875,63.84494400024414,186.01043701171875
2016-09-06,35.625728607177734,32.685462951660156,51.13999938964844,32.79422378540039,64.58439636230469,186.57261657714844
2016-09-07,37.35111999511719,34.531898498535156,53.68000030517578,34.32964324951172,66.48448944091797,186.55560302734375
2016-09-08,37.929447174072266,34.87811279296875,54.36000061035156,34.40065002441406,66.75595092773438,186.1297149658203
2016-09-09,37.100502014160156,33.51103210449219,52.45000076293945,33.14036560058594,64.45336151123047,181.6747283935547
2016-09-12,36.95591354370117,34.1235466003418,53.25,33.566375732421875,65.32386016845703,184.28126525878906
2016-09-13,36.02093505859375,33.315731048583984,51.63999938964844,32.96284866333008,63.947906494140625,181.63214111328125
2016-09-14,35.07630920410156,32.95177459716797,51.0,32.69659423828125,62.38478469848633,181.5640106201172
2016-09-15,35.095584869384766,33.10268020629883,51.709999084472656,32.82971954345703,62.534549713134766,183.37835693359375
2016-09-16,34.20880126953125,32.64107131958008,51.0,32.47470474243164,61.49557876586914,182.6694793701172
2016-09-19,34.16059875488281,33.35124206542969,50.959999084472656,32.57234573364258,61.48622512817383,182.70376586914062
2016-09-20,33.88108444213867,33.40450668334961,50.310001373291016,32.67884063720703,61.30837631225586,182.71226501464844
2016-09-21,33.418399810791016,33.777339935302734,50.22999954223633,32.75872039794922,62.431575775146484,184.7669677734375
2016-09-22,33.97746276855469,34.176822662353516,51.040000915527344,33.1314811706543,61.813819885253906,185.93124389648438
2016-09-23,34.26662826538086,34.42536163330078,50.95000076293945,33.05160140991211,61.561092376708984,184.91250610351562
2016-09-26,33.66902542114258,33.76847457885742,49.45000076293945,32.72321319580078,60.46596145629883,183.41429138183594
2016-09-27,34.70039367675781,34.80708312988281,50.40999984741211,34.205387115478516,61.76702117919922,184.55296325683594
2016-09-28,34.546165466308594,34.824825286865234,50.65999984741211,33.78824996948242,61.963584899902344,185.46896362304688
2016-09-29,34.526885986328125,34.64730453491211,51.13999938964844,33.8592643737793,61.130531311035156,183.79098510742188
2016-09-30,35.28837585449219,34.940242767333984,52.470001220703125,34.516029357910156,61.64533233642578,185.17787170410156
2016-10-03,36.33902359008789,35.490623474121094,53.25,35.27043533325195,62.796627044677734,184.73269653320312
2016-10-04,36.27155303955078,35.64152526855469,53.72999954223633,34.75566101074219,64.31295013427734,183.79098510742188
2016-10-05,36.50288772583008,35.79244613647461,53.81999969482422,34.70241165161133,63.938541412353516,184.6043243408203
2016-10-06,36.792049407958984,35.45512008666992,53.97999954223633,34.76454162597656,64.66864013671875,184.73269653320312
2016-10-07,36.3679313659668,34.57627868652344,52.81999969482422,34.143272399902344,63.75135040283203,184.0991668701172
2016-10-10,37.486053466796875,35.304203033447266,54.20000076293945,35.297054290771484,65.4361801147461,185.05807495117188
2016-10-11,36.82097625732422,34.567405700683594,53.52000045776367,35.31480407714844,64.8932876586914,182.72088623046875
2016-10-12,36.030574798583984,34.8603401184082,52.880001068115234,35.51005935668945,65.92288970947266,182.9606170654297
2016-10-13,37.823421478271484,35.51725387573242,53.689998626708984,36.72596740722656,68.29098510742188,182.3612518310547
2016-10-14,37.254722595214844,35.54389190673828,53.20000076293945,36.6727180480957,67.68257904052734,182.4554901123047
2016-10-17,37.187252044677734,34.93136978149414,53.029998779296875,36.60171890258789,67.33626556396484,181.82191467285156
2016-10-18,37.929447174072266,35.029014587402344,53.68000030517578,36.99224090576172,67.4953842163086,182.9606170654297
2016-10-19,39.16325378417969,36.30732345581055,55.439998626708984,37.498130798339844,68.75897216796875,183.44857788085938
2016-10-20,39.12469482421875,36.8044319152832,56.56999969482422,37.533626556396484,70.47187805175781,183.1061248779297
2016-10-21,38.459598541259766,36.547000885009766,55.599998474121094,37.65787124633789,69.78858184814453,183.19171142578125
2016-10-24,38.39213180541992,36.72453689575195,55.040000915527344,37.569122314453125,68.8993911743164,183.97076416015625
2016-10-25,38.25717544555664,36.58250427246094,54.630001068115234,37.23186492919922,67.76681518554688,183.35435485839844
2016-10-26,37.90053939819336,36.75116729736328,53.97999954223633,34.081146240234375,66.57808685302734,182.9862060546875
2016-10-27,38.46923828125,36.81331253051758,54.41999816894531,34.82666015625,66.5687255859375,182.4982452392578
2016-10-28,38.61382293701172,36.697914123535156,55.11000061035156,34.773406982421875,67.18649291992188,181.95889282226562
2016-10-31,39.13433074951172,37.079612731933594,56.22999954223633,35.545555114746094,67.59833526611328,181.9674835205078
2016-11-01,38.36321258544922,37.177276611328125,56.0,35.2171745300293,66.85887908935547,180.64906311035156
2016-11-02,38.27645492553711,37.221649169921875,56.13999938964844,35.155052185058594,66.4189682006836,179.56178283691406
2016-11-03,38.05420684814453,37.21277618408203,55.939998626708984,35.23492431640625,65.2021484375,178.7399444580078
2016-11-04,38.40208435058594,38.064979553222656,57.22999954223633,35.83844757080078,65.76377868652344,178.54295349121094
2016-11-07,40.09316635131836,39.245628356933594,58.529998779296875,36.89460372924805,67.9259262084961,182.4811248779297
2016-11-08,40.29609298706055,39.7120475769043,59.310001373291016,37.214107513427734,68.05697631835938,183.3030242919922
2016-11-09,40.98219299316406,40.35415267944336,60.130001068115234,37.60462188720703,68.49689483642578,185.24636840820312
2016-11-10,40.87589645385742,40.978416442871094,59.939998626708984,38.731788635253906,70.43704223632812,185.70863342285156
2016-11-11,41.48468780517578,41.36189270019531,60.25,38.90929412841797,70.68133544921875,185.28062438964844
2016-11-14,41.93885803222656,42.33395004272461,62.939998626708984,40.24945831298828,73.1241226196289,185.42617797851562
2016-11-15,43.25307083129883,42.49448013305664,66.05999755859375,41.048248291015625,73.50932312011719,186.87295532226562
2016-11-16,42.953514099121094,42.253692626953125,65.5,40.6932373046875,73.06773376464844,186.5220184326172
2016-11-17,44.28705596923828,43.261436462402344,67.86000061035156,41.43874740600586,74.08243560791016,187.48085021972656
2016-11-18,44.702579498291016,43.60923385620117,68.29000091552734,41.767147064208984,74.66494750976562,187.0614013671875
2016-11-21,44.52863311767578,43.35060501098633,68.98999786376953,42.03340148925781,74.01667785644531,188.47389221191406
2016-11-22,44.52863311767578,43.60923385620117,69.5,41.80264663696289,76.60040283203125,188.8420867919922
2016-11-23,44.77988052368164,43.88568878173828,69.87999725341797,42.042274475097656,77.94392395019531,188.94482421875
2016-11-25,45.24372482299805,43.912452697753906,70.08999633789062,42.113285064697266,77.74662780761719,189.64678955078125
2016-11-28,44.93450164794922,43.24359130859375,69.25,42.17540740966797,77.44598388671875,188.75645446777344
2016-11-29,45.311363220214844,43.332759857177734,69.72000122070312,41.92690658569336,77.77482604980469,189.1245880126953
2016-11-30,44.87651443481445,42.96712875366211,68.94999694824219,41.36775588989258,77.29564666748047,188.67086791992188
2016-12-01,44.20974349975586,42.601497650146484,68.47000122070312,41.77602005004883,77.84998321533203,187.97738647460938
2016-12-02,44.54795455932617,43.08307647705078,69.2699966430664,42.52155303955078,79.70088195800781,188.07156372070312
2016-12-05,44.18075942993164,42.64609146118164,68.26000213623047,41.77602005004883,78.09425354003906,189.20166015625
2016-12-06,44.866851806640625,44.081886291503906,70.97000122070312,42.407501220703125,79.67268371582031,189.8009490966797
2016-12-07,47.01211166381836,45.57118606567383,72.43000030517578,44.33754348754883,82.369140625,192.28363037109375
2016-12-08,46.432308197021484,45.79415512084961,72.73999786376953,44.11518096923828,83.1959457397461,192.7545166015625
2016-12-09,47.968780517578125,46.17763137817383,75.16999816894531,44.2841911315918,84.34219360351562,193.91885375976562
2016-12-12,45.98780059814453,44.56345748901367,73.23999786376953,43.91062927246094,81.48599243164062,193.69627380371094
2016-12-13,46.2293815612793,44.28700256347656,72.55000305175781,44.07072067260742,81.61752319335938,194.98898315429688
2016-12-14,46.306678771972656,44.4296875,72.94000244140625,43.830570220947266,81.15715026855469,193.37948608398438
2016-12-15,46.673892974853516,45.03611373901367,74.79000091552734,44.9957160949707,84.6710205078125,194.17568969726562
2016-12-16,46.026451110839844,44.73291015625,74.41999816894531,44.40871047973633,83.36508178710938,193.79595947265625
2016-12-19,46.944461822509766,44.96477127075195,74.4800033569336,44.782257080078125,84.86832427978516,194.21791076660156
2016-12-20,47.562923431396484,45.267974853515625,76.05000305175781,45.262542724609375,86.02395629882812,194.9671173095703
2016-12-21,47.80450439453125,45.41067886352539,75.72000122070312,45.0490837097168,85.61056518554688,194.4246063232422
2016-12-22,47.050758361816406,44.41184616088867,74.19000244140625,44.693321228027344,83.71268463134766,194.08872985839844
2016-12-23,46.84783172607422,44.49211883544922,74.79000091552734,44.871192932128906,84.9622802734375,194.37290954589844
2016-12-27,46.97346115112305,44.9112663269043,74.66999816894531,44.90678405761719,85.06562805175781,194.85513305664062
2016-12-28,46.06509780883789,44.153221130371094,73.52999877929688,44.622161865234375,83.32748413085938,193.24478149414062
2016-12-29,45.65924835205078,43.97487258911133,73.27999877929688,44.64884567260742,83.17716217041016,193.20172119140625
2016-12-30,45.118099212646484,43.86785125732422,72.87999725341797,44.328651428222656,83.36508178710938,192.49557495117188
2017-01-03,44.74123001098633,44.12647247314453,72.70999908447266,44.45316696166992,82.67919921875,193.96817016601562
2017-01-04,45.12776184082031,45.214481353759766,73.0199966430664,45.627197265625,83.78785705566406,195.12208557128906
2017-01-05,44.345035552978516,44.34943771362305,70.93000030517578,44.88898849487305,82.45372772216797,194.9671173095703
2017-01-06,44.65425491333008,44.304840087890625,71.37000274658203,44.40871047973633,81.72090148925781,195.66464233398438
2017-01-09,45.494972229003906,44.31376266479492,71.27999877929688,44.7377815246582,82.1812515258789,195.01878356933594
2017-01-10,46.84783172607422,45.419593811035156,73.66000366210938,45.66278076171875,86.4373550415039,195.01878356933594
2017-01-11,47.002445220947266,45.874412536621094,75.04000091552734,45.96518325805664,88.12849426269531,195.56985473632812
2017-01-12,46.48063278198242,45.38391876220703,74.0,45.369266510009766,87.62117767333984,195.07904052734375
2017-01-13,46.045772552490234,45.6871337890625,74.31999969482422,45.49379348754883,88.61707305908203,195.52687072753906
2017-01-17,45.17608642578125,44.88450622558594,73.73999786376953,44.68441390991211,87.76209259033203,194.8379364013672
2017-01-18,46.03611373901367,44.857757568359375,74.0,44.80894088745117,87.31111145019531,195.26849365234375
2017-01-19,45.66890335083008,44.32268142700195,74.0199966430664,44.533226013183594,88.52310943603516,194.5451202392578
2017-01-20,46.383995056152344,45.03611373901367,75.23999786376953,45.4404296875,88.98350524902344,195.25990295410156
2017-01-23,45.359683990478516,43.4932975769043,72.75,44.41758346557617,87.44263458251953,194.75177001953125
2017-01-24,45.93948745727539,44.090797424316406,73.18000030517578,44.159664154052734,87.24535369873047,196.00051879882812
2017-01-25,46.297019958496094,44.75965881347656,73.58999633789062,43.99067306518555,87.73390197753906,197.69696044921875
2017-01-26,47.920467376708984,45.392845153808594,75.37999725341797,47.95748519897461,90.10153198242188,197.49034118652344
2017-01-27,45.36934280395508,44.32268142700195,74.41999816894531,46.87239074707031,89.37810516357422,197.18032836914062
2017-01-30,43.388370513916016,42.512306213378906,71.72000122070312,46.56110382080078,88.46675109863281,195.95742797851562
2017-01-31,42.760250091552734,42.12883377075195,70.47000122070312,46.525508880615234,88.14730072021484,195.9402313232422
2017-02-01,42.56698226928711,42.146663665771484,71.4800033569336,46.89907455444336,87.96879577636719,196.01768493652344
2017-02-02,42.528324127197266,42.253692626953125,72.13999938964844,47.014713287353516,88.81436920166016,196.1469268798828
2017-02-03,42.711936950683594,42.637168884277344,73.05999755859375,47.032493591308594,88.4009780883789,197.49891662597656
2017-02-06,43.7748908996582,43.03847885131836,73.5,47.201473236083984,89.36872100830078,197.14576721191406
2017-02-07,43.64927291870117,42.94036865234375,71.29000091552734,47.17478942871094,88.41036987304688,197.15443420410156
2017-02-08,43.54297637939453,42.89579391479492,71.69999694824219,47.06806564331055,91.32294464111328,197.41278076171875
2017-02-09,44.84074020385742,43.99270248413086,72.9800033569336,48.49113464355469,92.45977020263672,198.58396911621094
2017-02-10,44.98601531982422,43.930274963378906,72.5999984741211,48.66012954711914,91.46387481689453,199.36764526367188
2017-02-13,45.915748596191406,44.64372253417969,73.83999633789062,49.56733322143555,92.0933609008789,200.45265197753906
2017-02-14,45.102230072021484,44.465362548828125,73.73999786376953,49.19377517700195,90.47735595703125,201.2535400390625
2017-02-15,46.04166030883789,45.633636474609375,75.75,50.9548225402832,91.09745025634766,202.30418395996094
2017-02-16,45.489627838134766,45.33041000366211,75.66999816894531,50.109886169433594,91.125732421875,202.1320037841797
2017-02-17,45.431514739990234,45.6871337890625,75.95999908447266,50.98150634765625,91.04090881347656,202.45057678222656
2017-02-21,45.33467483520508,45.66929626464844,75.41000366210938,51.461795806884766,91.05033111572266,203.65621948242188
2017-02-22,44.860107421875,45.60035705566406,75.43000030517578,51.50625228881836,91.65349578857422,203.47537231445312
2017-02-23,44.64704132080078,45.19744873046875,74.55999755859375,50.92814636230469,90.37175750732422,203.61317443847656
2017-02-24,44.82136917114258,45.17953872680664,75.08000183105469,52.06660079956055,91.42730712890625,203.8715057373047
2017-02-27,44.860107421875,45.16163635253906,75.27999877929688,51.9687614440918,92.20954132080078,204.19020080566406
2017-02-28,44.89885330200195,44.70500183105469,74.08999633789062,51.40842819213867,92.19068908691406,203.6390380859375
2017-03-01,45.6058464050293,45.68988800048828,75.38999938964844,52.3690071105957,94.47142791748047,206.48944091796875
2017-03-02,44.27902603149414,44.73186492919922,73.27999877929688,51.203853607177734,90.8147201538086,205.1890411376953
2017-03-03,45.34435272216797,44.884063720703125,75.58999633789062,52.35121154785156,93.2462387084961,205.3182830810547
2017-03-06,43.88194274902344,43.73801040649414,73.13999938964844,51.19496536254883,91.06916809082031,204.70681762695312
2017-03-07,43.426753997802734,42.654640197753906,72.63999938964844,50.63365936279297,89.64608764648438,204.09542846679688
2017-03-08,43.47517013549805,42.68151092529297,73.44000244140625,50.50000762939453,89.7214584350586,203.71652221679688
2017-03-09,41.964359283447266,42.30544662475586,72.54000091552734,50.214908599853516,89.32565307617188,203.974853515625
2017-03-10,42.51639175415039,42.896392822265625,72.33999633789062,49.7872314453125,91.05033111572266,204.68966674804688
2017-03-13,41.03459930419922,42.394989013671875,69.8499984741211,48.54879379272461,91.02205657958984,204.79296875
2017-03-14,39.911163330078125,41.43695831298828,66.55000305175781,47.11433792114258,89.06175231933594,204.00927734375
2017-03-15,40.763427734375,42.251731872558594,68.16999816894531,48.370609283447266,89.87226867675781,205.7747344970703
2017-03-16,40.80216979980469,42.44871139526367,67.55999755859375,48.24586868286133,88.72247314453125,205.36993408203125
2017-03-17,40.405086517333984,41.642887115478516,66.79000091552734,47.381622314453125,87.98736572265625,205.00927734375
2017-03-20,40.38572311401367,41.94731140136719,67.48999786376953,47.62217712402344,89.36333465576172,204.78439331054688
2017-03-21,39.146060943603516,40.75648880004883,65.27999877929688,46.223365783691406,86.80929565429688,202.15501403808594
2017-03-22,39.078269958496094,40.953468322753906,66.94999694824219,46.740135192871094,87.57266998291016,202.63075256347656
2017-03-23,40.104862213134766,41.11463928222656,67.5,46.659942626953125,88.63765716552734,202.41452026367188
2017-03-24,40.414772033691406,41.18626022338867,67.93000030517578,46.873779296875,89.250244140625,202.2675018310547
2017-03-27,40.42446517944336,41.275787353515625,68.37000274658203,47.11433792114258,89.53297424316406,202.05992126464844
2017-03-28,41.25735855102539,41.66079330444336,70.73999786376953,48.28150939941406,90.78646087646484,203.53030395507812
2017-03-29,40.63752365112305,41.14149856567383,69.8499984741211,47.648921966552734,88.87326049804688,203.7205352783203
2017-03-30,41.199249267578125,41.42800521850586,70.77999877929688,47.96076583862305,88.27010345458984,204.36923217773438
2017-03-31,40.96681213378906,41.150447845458984,70.63999938964844,47.89838790893555,86.9129638671875,203.89352416992188
2017-04-03,41.112083435058594,41.472774505615234,71.3499984741211,48.11223220825195,87.0543441772461,203.5389404296875
2017-04-04,39.610939025878906,40.389400482177734,69.76000213623047,47.28362274169922,85.02806091308594,203.66860961914062
2017-04-05,40.00801467895508,40.36253356933594,70.05999755859375,47.53309631347656,84.86782836914062,203.06317138671875
2017-04-06,40.405086517333984,40.523704528808594,70.22000122070312,47.5598258972168,84.28352355957031,203.6340789794922
2017-04-07,40.49225616455078,40.443119049072266,70.87999725341797,48.593353271484375,84.03849029541016,203.426513671875
2017-04-10,40.98617935180664,40.26405334472656,71.5199966430664,48.30823516845703,83.91596221923828,203.5475311279297
2017-04-11,42.54543685913086,40.550559997558594,70.70999908447266,49.0566520690918,83.72747039794922,203.30538940429688
2017-04-12,42.574493408203125,40.33566665649414,69.93000030517578,49.457584381103516,83.55782318115234,202.41452026367188
2017-04-13,41.98371505737305,39.42241668701172,69.06999969482422,48.3884162902832,81.36192321777344,201.099853515625
2017-04-17,42.83597946166992,39.708919525146484,70.7699966430664,48.75371170043945,81.90853118896484,202.88157653808594
2017-04-18,42.42922592163086,39.76265335083008,67.75,48.48643112182617,81.55039978027344,202.27613830566406
2017-04-19,43.00062561035156,40.36253356933594,69.29000091552734,48.69135665893555,82.17243957519531,201.9042510986328
2017-04-20,43.794776916503906,41.12358093261719,69.80000305175781,49.849609375,83.2845230102539,203.5475311279297
2017-04-21,43.726985931396484,40.76545333862305,69.55999755859375,49.56450271606445,83.98193359375,202.89886474609375
2017-04-24,44.97632598876953,41.911495208740234,71.0,50.33073425292969,85.46158599853516,205.13035583496094
2017-04-25,45.14097213745117,41.839874267578125,70.97000122070312,50.86531066894531,86.15899658203125,206.32391357421875
2017-04-26,44.937591552734375,41.517539978027344,71.33000183105469,50.73167419433594,83.17143249511719,206.19419860839844
2017-04-27,42.5938606262207,40.953468322753906,70.69999694824219,49.67142105102539,80.04248809814453,206.36715698242188
2017-04-28,41.2767333984375,40.68486022949219,70.20999908447266,50.09016036987305,80.19327545166016,205.91744995117188
2017-05-01,40.753746032714844,40.6490478515625,70.2699966430664,50.143619537353516,79.56182861328125,206.43637084960938
2017-05-02,42.48733139038086,42.82476043701172,73.94000244140625,51.97010040283203,81.51271057128906,206.51419067382812
2017-05-03,42.53574752807617,43.25453186035156,74.20999908447266,51.818641662597656,81.61637878417969,206.26336669921875
2017-05-04,42.52606201171875,43.54999542236328,74.91000366210938,51.97901153564453,80.51371002197266,206.5055694580078
2017-05-05,43.107154846191406,43.603721618652344,75.30000305175781,52.03247833251953,80.33464813232422,207.3185577392578
2017-05-08,43.52360534667969,43.44255447387695,74.9800033569336,51.21278762817383,78.72305297851562,207.28399658203125
2017-05-09,45.596160888671875,44.37372589111328,78.55000305175781,51.92555618286133,79.36390686035156,207.0937042236328
2017-05-10,45.809226989746094,44.740814208984375,78.55000305175781,52.005741119384766,78.40261840820312,207.465576171875
2017-05-11,45.07318115234375,44.4901237487793,77.36000061035156,51.75627899169922,78.8361587524414,207.0418243408203
2017-05-12,44.48113250732422,43.863372802734375,76.41000366210938,50.98112487792969,78.77958679199219,206.69586181640625
2017-05-15,45.306121826171875,44.32895278930664,77.79000091552734,51.70280838012695,79.98591613769531,207.83753967285156
2017-05-16,45.55846405029297,44.32895278930664,79.05999755859375,51.916648864746094,79.8539810180664,207.64724731445312
2017-05-17,43.5979118347168,42.920162200927734,76.18000030517578,50.82075119018555,77.46015930175781,203.96273803710938
2017-05-18,43.33586502075195,42.848236083984375,75.9800033569336,51.04349899291992,78.26124572753906,204.78439331054688
2017-05-19,43.88908767700195,43.33372116088867,77.9800033569336,51.71172332763672,79.9921875,206.11634826660156
2017-05-22,44.849945068359375,43.59443283081055,78.91999816894531,52.49577713012695,80.66375732421875,207.1628875732422
2017-05-23,45.28670120239258,43.6843376159668,79.02999877929688,53.13727569580078,81.13668823242188,207.62132263183594
2017-05-24,45.393470764160156,43.936065673828125,78.94000244140625,53.08381652832031,79.96382141113281,208.10565185546875
2017-05-25,46.60667419433594,45.31161117553711,81.41000366210938,54.2777099609375,81.89338684082031,209.1002655029297
2017-05-26,47.30548858642578,45.67122268676758,81.25,54.054962158203125,81.93122100830078,209.05706787109375
2017-05-30,46.548431396484375,44.10688781738281,79.25,52.99470520019531,81.16505432128906,208.87535095214844
2017-05-31,46.98519515991211,44.16983413696289,79.66999816894531,53.5382080078125,82.33794403076172,208.82351684570312
2017-06-01,47.606361389160156,44.81711959838867,80.9800033569336,53.725311279296875,83.45408630371094,210.48410034179688
2017-06-02,48.062522888183594,46.0218391418457,82.02999877929688,53.778778076171875,84.47561645507812,211.1846923828125
2017-06-05,48.27605056762695,46.201656341552734,81.66999816894531,54.452850341796875,84.46615600585938,211.02903747558594
2017-06-06,48.27605056762695,46.05781555175781,81.23999786376953,53.65824890136719,84.37155151367188,210.35438537597656
2017-06-07,49.36309051513672,46.99281311035156,81.66000366210938,53.533233642578125,86.72679138183594,210.7435760498047
2017-06-08,49.91630935668945,47.5052604675293,80.5199966430664,52.81899642944336,85.63903045654297,210.84742736816406
2017-06-09,48.79045486450195,47.658103942871094,78.83000183105469,53.08683395385742,85.06204223632812,210.52732849121094
2017-06-12,48.023704528808594,46.97483825683594,77.7300033569336,52.66721725463867,84.22023010253906,210.48410034179688
2017-06-13,47.99458694458008,46.63319778442383,77.4800033569336,52.8636360168457,84.09725952148438,211.51333618164062
2017-06-14,47.93635177612305,46.66915512084961,77.55999755859375,53.149330139160156,84.34319305419922,211.24525451660156
2017-06-15,47.66459655761719,46.354488372802734,77.33999633789062,53.667179107666016,83.62432861328125,210.83876037597656
2017-06-16,47.35401153564453,46.75007247924805,76.77999877929688,53.827877044677734,83.93647766113281,210.88479614257812
2017-06-19,48.19841384887695,47.20857620239258,78.62999725341797,54.39033889770508,85.85657501220703,212.6404571533203
2017-06-20,46.61637496948242,46.53429412841797,77.27999877929688,53.86359405517578,84.55128479003906,211.20640563964844
2017-06-21,47.00461196899414,46.99281311035156,77.58999633789062,54.48855209350586,85.91333770751953,211.1542205810547
2017-06-22,47.528709411621094,47.47828674316406,77.44999694824219,54.92604064941406,86.0930404663086,211.05865478515625
2017-06-23,47.198726654052734,47.577186584472656,76.79000091552734,55.283172607421875,86.67003631591797,211.31069946289062
2017-06-26,47.34429931640625,47.5322380065918,77.02999877929688,55.13138961791992,85.951171875,211.44976806640625
2017-06-27,47.07255172729492,47.5052604675293,76.0,54.917118072509766,84.1067123413086,209.7462615966797
2017-06-28,47.80047607421875,48.40430450439453,76.69999694824219,55.363521575927734,83.62432861328125,211.6236114501953
2017-06-29,48.15958786010742,48.431270599365234,75.44000244140625,55.18496322631836,84.2769775390625,209.76365661621094
2017-06-30,48.83898162841797,48.314395904541016,75.25,55.479583740234375,84.90126037597656,210.15475463867188
2017-07-03,48.90692138671875,48.602088928222656,75.08000183105469,55.417091369628906,85.33634948730469,210.5111541748047
2017-07-05,49.751312255859375,48.84484100341797,76.54000091552734,56.390254974365234,86.33897399902344,210.997802734375
2017-07-06,50.518062591552734,48.88080596923828,77.70999908447266,56.568824768066406,86.45248413085938,209.068359375
2017-07-07,51.46921920776367,49.86074447631836,78.94000244140625,57.35449981689453,88.80769348144531,210.4241485595703
2017-07-10,51.110111236572266,49.2763671875,78.26000213623047,56.36347198486328,87.90911102294922,210.650146484375
2017-07-11,50.09101104736328,48.79988479614258,76.91999816894531,55.18496322631836,86.61327362060547,210.49366760253906
2017-07-12,52.21656036376953,49.878726959228516,80.52999877929688,55.4260139465332,89.50763702392578,212.0754852294922
2017-07-13,52.226261138916016,48.99766540527344,80.16999816894531,55.3724479675293,88.66580963134766,212.4318084716797
2017-07-14,52.62419509887695,49.56406784057617,79.8499984741211,55.29208755493164,87.61590576171875,213.42266845703125
2017-07-17,52.28449630737305,49.1235466003418,79.77999877929688,55.479583740234375,87.0956802368164,213.39654541015625
2017-07-18,51.585689544677734,48.51218795776367,78.9000015258789,54.97068786621094,85.837646484375,213.50961303710938
2017-07-19,51.061580657958984,48.35934829711914,74.23999786376953,54.82782745361328,85.38363647460938,214.6654815673828
2017-07-20,50.799530029296875,47.49626922607422,72.08000183105469,53.926082611083984,84.2769775390625,214.76112365722656
2017-07-21,50.38218307495117,46.98381805419922,71.56999969482422,53.818946838378906,83.47299194335938,214.56993103027344
2017-07-24,49.770729064941406,46.32752227783203,70.43000030517578,53.399330139160156,82.30009460449219,214.51776123046875
2017-07-25,49.12044906616211,45.97689437866211,69.4800033569336,52.51543045043945,82.41361236572266,215.03921508789062
2017-07-26,49.5086669921875,45.9678955078125,70.23999786376953,53.140411376953125,82.9716796875,215.04786682128906
2017-07-27,48.52840042114258,45.0239143371582,68.08999633789062,50.50659942626953,83.21759796142578,214.8480682373047
2017-07-28,49.00398254394531,45.24867248535156,67.87999725341797,50.49767303466797,81.64745330810547,214.59596252441406
2017-07-31,48.955440521240234,44.37660598754883,67.68000030517578,49.560218811035156,80.616455078125,214.4743194580078
2017-08-01,49.55720520019531,45.01491928100586,67.86000061035156,49.747711181640625,80.88130187988281,214.95233154296875
2017-08-02,48.96516036987305,44.960975646972656,67.44000244140625,49.72984313964844,81.0042724609375,215.05661010742188
2017-08-03,49.06220626831055,45.46444320678711,68.19000244140625,50.09590148925781,80.38945007324219,214.6394500732422
2017-08-04,49.30485153198242,45.50040817260742,68.91000366210938,50.515533447265625,81.2218017578125,215.03054809570312
2017-08-07,49.091331481933594,45.62627029418945,68.38999938964844,49.43522262573242,81.34477996826172,215.43031311035156
2017-08-08,48.52840042114258,45.23068618774414,67.79000091552734,48.935237884521484,80.5407943725586,214.9002227783203
2017-08-09,47.9460563659668,44.65531539916992,67.05999755859375,48.82810974121094,79.7746353149414,214.89151000976562
2017-08-10,47.21665573120117,44.08891677856445,65.23999786376953,48.22099685668945,79.25440979003906,211.85826110839844
2017-08-11,47.022151947021484,44.48448944091797,65.87000274658203,48.33705520629883,79.8976058959961,212.17111206054688
2017-08-14,47.46951675415039,45.01491928100586,66.70999908447266,48.854896545410156,80.48403930664062,214.27439880371094
2017-08-15,47.1874885559082,44.88006591796875,66.95999908447266,49.283443450927734,79.36792755126953,214.24832153320312
2017-08-16,47.080501556396484,45.068870544433594,66.91999816894531,49.38163757324219,79.2733154296875,214.6220703125
2017-08-17,44.76586151123047,42.73136901855469,64.69999694824219,47.45317077636719,75.68848419189453,211.27590942382812
2017-08-18,44.299041748046875,42.73136901855469,64.75,47.471031188964844,74.48269653320312,210.9456787109375
2017-08-21,44.454647064208984,43.26070022583008,64.8499984741211,47.80136489868164,74.03648376464844,211.11085510253906
2017-08-22,44.16289520263672,42.66350173950195,64.69999694824219,47.81479263305664,73.21047973632812,213.318359375
2017-08-23,42.7624397277832,41.78579330444336,62.83000183105469,46.284507751464844,71.12173461914062,212.55348205566406
2017-08-24,41.741275787353516,40.90808868408203,61.47999954223633,45.380645751953125,69.80201721191406,212.0581512451172
2017-08-25,44.00728225708008,42.23822021484375,63.36000061035156,47.143619537353516,71.71037292480469,212.55348205566406
2017-08-28,43.71552276611328,42.48252868652344,63.150001525878906,46.31135940551758,70.55207061767578,212.56222534179688
2017-08-29,43.33623504638672,42.183921813964844,62.88999938964844,46.05182647705078,70.61853790283203,212.80560302734375
2017-08-30,43.10282516479492,42.37395477294922,62.02000045776367,46.10552215576172,70.38116455078125,213.81378173828125
2017-08-31,43.511287689208984,42.6996955871582,61.959999084472656,46.660369873046875,70.88436889648438,215.1000518798828
2017-09-01,44.065635681152344,42.998287200927734,62.43000030517578,46.70511245727539,71.34959411621094,215.404296875
2017-09-05,42.713809967041016,41.47816467285156,61.099998474121094,45.76545715332031,69.35578918457031,213.8572540283203
2017-09-06,43.093101501464844,42.88064956665039,60.33000183105469,46.23976135253906,69.95393371582031,214.5873565673828
2017-09-07,42.63601303100586,42.636348724365234,58.58000183105469,46.7230110168457,69.46023559570312,214.56112670898438
2017-09-08,42.402591705322266,42.93495559692383,58.380001068115234,47.31363296508789,70.54258728027344,214.30921936035156
2017-09-11,44.600528717041016,44.17458724975586,60.459999084472656,47.9669189453125,71.76732635498047,216.5950164794922
2017-09-12,45.01872253417969,44.3736572265625,61.2400016784668,48.2801399230957,72.4604263305664,217.32504272460938
2017-09-13,45.70922088623047,44.319366455078125,61.65999984741211,48.915523529052734,72.3559799194336,217.42935180664062
2017-09-14,44.92146682739258,43.67693328857422,61.25,48.63810729980469,73.57125854492188,217.35980224609375
2017-09-15,44.736690521240234,43.658836364746094,59.79999923706055,48.9692268371582,71.4730224609375,217.6523895263672
2017-09-18,44.065635681152344,43.39642333984375,58.11000061035156,48.40543746948242,69.37478637695312,218.11532592773438
2017-09-19,43.16117858886719,43.34213638305664,57.540000915527344,47.91322326660156,68.58676147460938,218.33370971679688
2017-09-20,44.1726188659668,43.468814849853516,58.060001373291016,48.548614501953125,69.30831909179688,218.4123077392578
2017-09-21,45.01872253417969,43.577392578125,58.529998779296875,48.888671875,69.22286987304688,217.8271026611328
2017-09-22,45.767578125,43.85789108276367,58.79999923706055,49.15715408325195,70.96981048583984,217.8708038330078
2017-09-25,46.38999557495117,43.722164154052734,59.439998626708984,49.32718276977539,71.00780487060547,217.4253692626953
2017-09-26,46.27329635620117,43.88503646850586,59.68000030517578,49.8641242980957,71.16920471191406,217.5563507080078
2017-09-27,45.56333923339844,43.17926788330078,60.91999816894531,50.00730895996094,71.30211639404297,218.403564453125
2017-09-28,46.18577194213867,43.71311569213867,61.15999984741211,50.26683807373047,72.0331802368164,218.6656036376953
2017-09-29,46.18577194213867,43.63168716430664,60.880001068115234,50.0967903137207,72.4129409790039,219.4342041015625
2017-10-02,46.41917037963867,43.49595260620117,60.43000030517578,50.105751037597656,73.13451385498047,220.38626098632812
2017-10-03,49.12282943725586,46.37337112426758,64.13999938964844,52.36090087890625,76.09674072265625,220.85797119140625
2017-10-04,49.33678436279297,46.653873443603516,64.47000122070312,52.24457550048828,76.75184631347656,221.1199493408203
2017-10-05,49.17145538330078,46.762454986572266,64.31999969482422,52.164031982421875,75.71696472167969,222.43014526367188
2017-10-06,49.89113235473633,47.06104278564453,65.25,52.29826354980469,76.48599243164062,222.1768341064453
2017-10-09,49.21035385131836,46.81673812866211,64.69999694824219,51.60024642944336,76.34358978271484,221.8100128173828
2017-10-10,51.5736198425293,47.68539047241211,67.72000122070312,51.91345977783203,76.59993743896484,222.39517211914062
2017-10-11,51.379119873046875,48.020179748535156,67.4000015258789,52.39670944213867,77.39744567871094,222.74459838867188
2017-10-12,51.20405960083008,48.05637741088867,66.63999938964844,52.6293830871582,76.33409118652344,222.41265869140625
2017-10-13,51.252685546875,48.82550048828125,67.56999969482422,52.90681076049805,76.86577606201172,222.68344116210938
2017-10-16,50.83449172973633,48.51784896850586,66.94999694824219,52.69203186035156,76.40054321289062,222.98037719726562
2017-10-17,50.639984130859375,47.739681243896484,67.51000213623047,52.55778503417969,76.44801330566406,223.1376190185547
2017-10-18,50.6010856628418,47.83016586303711,67.98999786376953,52.647281646728516,76.36257934570312,223.35595703125
2017-10-19,50.095359802246094,47.29631042480469,59.779998779296875,52.46830749511719,74.84349822998047,223.41708374023438
2017-10-20,50.50382614135742,48.20115661621094,59.900001525878906,53.13053512573242,75.66000366210938,224.57005310058594
2017-10-23,49.579917907714844,47.305355072021484,59.099998474121094,52.584632873535156,74.75804901123047,223.69659423828125
2017-10-24,50.523277282714844,48.119720458984375,59.90999984741211,52.62043380737305,75.37516784667969,224.0896453857422
2017-10-25,49.61882781982422,47.2691650390625,59.91999816894531,51.15279006958008,65.43463897705078,222.98037719726562
2017-10-26,47.2750129699707,46.083805084228516,59.95000076293945,49.318233489990234,62.07366943359375,223.2686004638672
2017-10-27,46.25384521484375,45.749019622802734,60.25,48.42332458496094,63.212989807128906,225.09408569335938
2017-10-30,45.95236587524414,45.54091262817383,59.040000915527344,48.97816848754883,63.09905242919922,224.25558471679688
2017-10-31,45.53417205810547,45.26945495605469,58.47999954223633,48.19960403442383,62.6907958984375,224.60501098632812
2017-11-01,46.526153564453125,45.55901336669922,58.63999938964844,48.315940856933594,62.453433990478516,224.9019317626953
2017-11-02,46.0593376159668,45.549949645996094,58.27000045776367,48.315940856933594,60.4311637878418,224.98931884765625
2017-11-03,46.14685821533203,45.604248046875,59.650001525878906,48.450172424316406,60.4311637878418,225.74046325683594
2017-11-06,46.20521545410156,45.75807189941406,59.91999816894531,48.79024124145508,60.70649337768555,226.08987426757812
2017-11-07,45.184051513671875,45.1608772277832,58.709999084472656,48.20854949951172,59.05449295043945,225.9326171875
2017-11-08,45.09652328491211,45.296600341796875,58.91999816894531,48.333839416503906,58.94055938720703,226.31692504882812
2017-11-09,44.51300048828125,44.50938034057617,58.38999938964844,47.841636657714844,59.225379943847656,225.49595642089844
2017-11-10,44.659202575683594,44.23793411254883,58.52000045776367,47.868492126464844,59.26335525512695,225.42596435546875
2017-11-13,44.58123016357422,44.21078109741211,57.810001373291016,47.65369415283203,58.598758697509766,225.63568115234375
2017-11-14,44.64945602416992,44.24698257446289,57.20000076293945,48.10115432739258,58.56078338623047,225.1116180419922
2017-11-15,45.99449157714844,44.63606643676758,57.4900016784668,48.888671875,61.18120574951172,223.98487854003906
2017-11-16,46.472084045410156,45.93349838256836,58.68000030517578,49.46141815185547,62.53889465332031,225.88890075683594
2017-11-17,46.18942642211914,45.35989761352539,58.20000076293945,48.96026611328125,63.042076110839844,225.2251434326172
2017-11-20,46.4818229675293,45.33256530761719,58.7599983215332,48.906578063964844,63.042076110839844,225.60939025878906
2017-11-21,47.41750717163086,46.133792877197266,59.709999084472656,49.6046028137207,63.127925872802734,227.0855712890625
2017-11-22,47.42725372314453,45.897064208984375,59.689998626708984,49.30034255981445,62.5461540222168,226.8846893310547
2017-11-24,47.32978820800781,45.623939514160156,59.43000030517578,49.34508514404297,62.374473571777344,227.40870666503906
2017-11-27,47.19332504272461,45.150482177734375,59.09000015258789,48.86183166503906,62.336334228515625,227.2952117919922
2017-11-28,47.97307205200195,46.051856994628906,60.189998626708984,50.26683807373047,64.17703247070312,229.60108947753906
2017-11-29,48.0023078918457,47.43577575683594,62.09000015258789,52.69203186035156,65.91283416748047,229.46128845214844
2017-11-30,49.21089172363281,48.182350158691406,63.31999969482422,54.29390335083008,65.9700698852539,231.4702911376953
2017-12-01,47.758636474609375,47.39936447143555,62.56999969482422,53.62273406982422,63.81461715698242,230.98985290527344
2017-12-04,48.66508483886719,48.173255920410156,62.59000015258789,55.51097869873047,65.12123107910156,230.71034240722656
2017-12-05,48.21673583984375,47.69981384277344,62.20000076293945,55.233551025390625,64.9495620727539,229.8805694580078
2017-12-06,48.353187561035156,47.61786651611328,62.189998626708984,54.80760955810547,64.69207000732422,229.9242706298828
2017-12-07,49.59101104736328,48.628501892089844,63.529998779296875,56.51138687133789,66.16082000732422,230.6492156982422
2017-12-08,49.72747039794922,48.67402267456055,63.54999923706055,56.78936004638672,66.51370239257812,231.9069061279297
2017-12-11,50.00037384033203,49.502559661865234,64.23999786376953,56.780399322509766,66.49462890625,232.60569763183594
2017-12-12,49.191402435302734,48.81969451904297,63.36000061035156,56.879032135009766,66.57091522216797,233.01620483398438
2017-12-13,48.82102584838867,48.82880783081055,63.029998779296875,56.618988037109375,65.82699584960938,232.98992919921875
2017-12-14,48.937992095947266,50.30377197265625,63.130001068115234,57.25565719604492,66.17988586425781,232.03793334960938
2017-12-15,49.76645278930664,51.077674865722656,63.7599983215332,58.01787567138672,67.55326843261719,233.97021484375
2017-12-18,50.1855583190918,51.05036544799805,64.55999755859375,58.91460418701172,70.15697479248047,235.45391845703125
2017-12-19,50.13682556152344,50.759010314941406,64.43000030517578,59.11187744140625,69.8041000366211,234.54969787597656
2017-12-20,50.60466766357422,51.18693161010742,65.9000015258789,59.264305114746094,70.35725402832031,234.42672729492188
2017-12-21,51.4526252746582,51.013938903808594,67.27999877929688,59.21051025390625,71.23470306396484,234.90956115722656
2017-12-22,51.2576904296875,51.013938903808594,67.25,59.156715393066406,70.84368896484375,234.84820556640625
2017-12-26,51.511104583740234,51.37812805175781,67.3499984741211,59.165687561035156,71.37775421142578,234.5672149658203
2017-12-27,51.072509765625,51.095890045166016,67.12000274658203,59.147743225097656,70.92949676513672,234.6813201904297
2017-12-28,51.130985260009766,51.305294036865234,67.54000091552734,59.067039489746094,71.12024688720703,235.16419982910156
2017-12-29,50.71187973022461,50.986637115478516,67.4000015258789,58.6904182434082,70.10929870605469,234.27748107910156
2018-01-02,51.647560119628906,51.660377502441406,68.94000244140625,59.44366455078125,71.53988647460938,235.95428466796875
2018-01-03,51.01403045654297,50.704376220703125,68.48999786376953,58.206199645996094,71.20610046386719,237.44677734375
2018-01-04,51.335662841796875,50.704376220703125,69.26000213623047,58.01787567138672,70.43355560302734,238.4475860595703
2018-01-05,51.3161735534668,50.95931625366211,69.36000061035156,57.6771240234375,70.32865905761719,240.0365753173828
2018-01-08,50.80934524536133,49.7848014831543,68.51000213623047,57.390167236328125,69.38444519042969,240.4755096435547
2018-01-09,50.76061248779297,49.320457458496094,68.4800033569336,55.93748092651367,67.99198913574219,241.01979064941406
2018-01-10,52.417545318603516,50.859153747558594,73.08000183105469,56.457584381103516,68.71683502197266,240.65103149414062
2018-01-11,54.990665435791016,53.28102493286133,76.44999694824219,58.14341735839844,71.34915161132812,242.40682983398438
2018-01-12,56.98873519897461,54.473751068115234,78.4000015258789,58.609710693359375,70.11882019042969,243.9871063232422
2018-01-16,56.511146545410156,54.03671646118164,77.48999786376953,58.70834732055664,67.98243713378906,243.1531219482422
2018-01-17,56.686588287353516,54.373600006103516,76.58000183105469,59.24637222290039,67.54373168945312,245.47084045410156
2018-01-18,56.86202621459961,54.12776565551758,76.30000305175781,58.340694427490234,66.5613784790039,245.05816650390625
2018-01-19,56.58911895751953,54.637638092041016,76.5,58.33173370361328,65.69347381591797,246.17308044433594
2018-01-22,56.62810516357422,54.74689483642578,76.87000274658203,58.18825912475586,65.37875366210938,248.17471313476562
2018-01-23,56.81328582763672,54.56480026245117,77.97000122070312,58.520050048828125,66.25618743896484,248.70144653320312
2018-01-24,53.40196228027344,51.71501159667969,69.05000305175781,55.7850456237793,61.697322845458984,248.60499572753906
2018-01-25,51.70603561401367,49.90316390991211,66.08000183105469,53.97366714477539,59.198524475097656,248.7101593017578
2018-01-26,51.725528717041016,50.312870025634766,66.55999755859375,54.538597106933594,61.55425262451172,251.5897674560547
2018-01-29,51.34541320800781,50.76811981201172,65.77999877929688,54.126102447509766,62.45076370239258,249.9217529296875
2018-01-30,51.2576904296875,51.095890045166016,67.01000213623047,53.650840759277344,61.229984283447266,247.35826110839844
2018-01-31,52.94386291503906,51.68769836425781,67.81999969482422,54.52066421508789,62.689205169677734,247.48118591308594
2018-02-01,52.515010833740234,51.369022369384766,67.1500015258789,54.081260681152344,61.11553955078125,247.20021057128906
2018-02-02,50.78010559082031,49.73017501831055,65.68000030517578,52.646507263183594,61.573326110839844,241.81861877441406
2018-02-05,48.592655181884766,47.818180084228516,63.400001525878906,51.104148864746094,59.8375358581543,231.70523071289062
2018-02-06,49.97934341430664,48.34624481201172,63.95000076293945,52.1353874206543,60.26670455932617,236.27040100097656
2018-02-07,50.19417953491211,49.02910232543945,65.36000061035156,51.91120147705078,61.258602142333984,234.9886474609375
2018-02-08,47.45986557006836,46.64365768432617,63.369998931884766,49.884620666503906,61.07738494873047,226.1744384765625
2018-02-09,47.22549819946289,45.94258117675781,62.97999954223633,49.768035888671875,61.725929260253906,229.57196044921875
2018-02-12,48.91490936279297,47.3902473449707,64.13999938964844,50.94274139404297,62.95626449584961,232.94305419921875
2018-02-13,49.676612854003906,47.49950408935547,65.69999694824219,51.2566032409668,63.79553985595703,233.52247619628906
2018-02-14,49.87192153930664,47.526824951171875,65.68000030517578,51.76773452758789,63.67156219482422,236.67413330078125
2018-02-15,50.45783996582031,48.20967483520508,66.73999786376953,52.17124938964844,63.10885238647461,239.6941375732422
2018-02-16,50.36996078491211,48.11863327026367,66.5199966430664,52.251956939697266,62.265480041503906,239.7643585205078
2018-02-20,50.50667953491211,47.77265930175781,66.58999633789062,51.76773452758789,61.709625244140625,238.26318359375
2018-02-21,51.54180908203125,48.400882720947266,67.0,52.036739349365234,61.99714279174805,237.07803344726562
2018-02-22,51.73711395263672,48.121585845947266,66.69999694824219,51.40007400512695,61.498779296875,237.38528442382812
2018-02-23,52.13749694824219,48.95488357543945,67.56999969482422,52.00088119506836,62.27506637573242,241.16905212402344
2018-02-26,53.70972442626953,50.081233978271484,69.26000213623047,53.35491943359375,63.396366119384766,243.9695281982422
2018-02-27,52.98708724975586,49.101409912109375,67.86000061035156,52.44026565551758,62.18880844116211,240.9231414794922
2018-02-28,52.977325439453125,49.357810974121094,67.79000091552734,51.86636734008789,61.81504440307617,238.482666015625
2018-03-01,52.22538375854492,48.85416793823242,67.54000091552734,52.0188102722168,61.95881271362305,235.01495361328125
2018-03-02,51.932430267333984,48.77174377441406,67.51000213623047,51.83945846557617,60.741668701171875,236.22637939453125
2018-03-05,51.94219207763672,49.2570915222168,67.20999908447266,52.35060119628906,60.971675872802734,238.95680236816406
2018-03-06,52.313270568847656,49.30287170410156,67.5199966430664,52.346099853515625,61.623374938964844,239.5624542236328
2018-03-07,52.840614318847656,49.01899337768555,67.80999755859375,51.735023498535156,61.33586120605469,239.47471618652344
2018-03-08,53.50465774536133,50.035457611083984,69.87000274658203,52.45393753051758,62.10256576538086,240.63352966308594
2018-03-09,54.75461959838867,51.36326599121094,71.55000305175781,53.64913558959961,62.10256576538086,244.82118225097656
2018-03-12,55.174537658691406,51.4273681640625,72.0,53.70305252075195,63.04176712036133,244.5137939453125
2018-03-13,54.91086959838867,51.82112121582031,72.5999984741211,54.21527862548828,65.92646789550781,242.93362426757812
2018-03-14,53.983158111572266,51.41820526123047,70.73999786376953,53.577239990234375,62.936336517333984,241.68702697753906
2018-03-15,53.875736236572266,51.592193603515625,70.13999938964844,53.86480712890625,63.17593002319336,241.42352294921875
2018-03-16,54.100341796875,51.91270065307617,70.87999725341797,54.72751235961914,63.74137496948242,241.68539428710938
2018-03-19,53.33864212036133,51.24422073364258,70.12999725341797,54.45792007446289,62.39006805419922,238.41539001464844
2018-03-20,54.022216796875,51.73870849609375,70.4800033569336,54.53879928588867,62.476322174072266,238.8208465576172
2018-03-21,52.82107925415039,51.23506164550781,69.94000244140625,51.92374038696289,61.53711700439453,238.3624725341797
2018-03-22,51.08283996582031,50.06292724609375,68.44999694824219,51.22279357910156,60.20498275756836,232.4040985107422
2018-03-23,49.81332778930664,49.357810974121094,67.38999938964844,50.97116470336914,59.30411148071289,227.45042419433594
2018-03-26,50.64339065551758,50.42006301879883,68.4800033569336,51.75299072265625,59.572452545166016,233.67327880859375
2018-03-27,49.70591735839844,49.687477111816406,68.18000030517578,50.944217681884766,58.93034362792969,229.69813537597656
2018-03-28,49.65707778930664,49.385284423828125,67.91000366210938,50.548797607421875,59.00701141357422,229.01939392089844
2018-03-29,50.74104309082031,50.191123962402344,69.47000122070312,51.47440719604492,59.38078308105469,231.94569396972656
2018-04-02,48.6121826171875,47.572139739990234,66.7699966430664,48.83240509033203,55.346031188964844,226.93922424316406
2018-04-03,50.26253890991211,49.1929931640625,69.19000244140625,50.29719543457031,57.6077880859375,229.8479461669922
2018-04-04,50.81916809082031,49.32118225097656,69.98999786376953,50.647666931152344,58.67158889770508,232.30714416503906
2018-04-05,50.91682052612305,49.641693115234375,70.69000244140625,51.09698486328125,59.524539947509766,234.14048767089844
2018-04-06,49.1102180480957,48.57945251464844,68.62999725341797,49.686119079589844,58.24031066894531,228.92247009277344
2018-04-09,48.6512451171875,48.1307487487793,68.5199966430664,49.29071044921875,57.320281982421875,230.0506591796875
2018-04-10,46.34661102294922,47.947593688964844,67.58999633789062,48.6436767578125,57.35860824584961,233.7085723876953
2018-04-11,44.334938049316406,47.132598876953125,64.87000274658203,48.077537536621094,56.601497650146484,232.48341369628906
2018-04-12,45.47748947143555,48.515342712402344,66.0999984741211,49.371578216552734,57.761131286621094,234.39605712890625
2018-04-13,44.793907165527344,48.46039581298828,66.54000091552734,49.48841094970703,61.287940979003906,233.7085723876953
2018-04-16,45.31148910522461,49.72410202026367,67.30999755859375,49.32665252685547,62.49549102783203,235.63009643554688
2018-04-17,44.676727294921875,49.953041076660156,67.33999633789062,48.76949691772461,62.2846565246582,238.15089416503906
2018-04-18,46.63956832885742,50.55741882324219,70.58000183105469,50.16238784790039,63.223854064941406,238.32723999023438
2018-04-19,45.78021240234375,50.42922592163086,70.2300033569336,49.24577331542969,62.79258346557617,237.00511169433594
2018-04-20,45.682559967041016,50.73141098022461,71.75,49.21882629394531,62.66799545288086,234.99545288085938
2018-04-23,45.58491134643555,50.007972717285156,70.33000183105469,49.407527923583984,66.23314666748047,234.96014404296875
2018-04-24,44.618141174316406,49.275413513183594,68.94999694824219,48.41902160644531,62.54341125488281,231.79586791992188
2018-04-25,44.18846130371094,50.04461669921875,68.51000213623047,48.374088287353516,63.626373291015625,232.36883544921875
2018-04-26,41.376014709472656,48.65270233154297,66.62000274658203,47.897804260253906,63.156768798828125,234.7310333251953
2018-04-27,42.38185501098633,48.99152755737305,67.86000061035156,48.1044921875,63.271766662597656,234.95135498046875
2018-04-30,41.92288589477539,47.819400787353516,67.54000091552734,47.47544479370117,62.227149963378906,233.14447021484375
2018-05-01,42.342796325683594,48.295570373535156,68.37999725341797,47.57428741455078,62.715919494628906,233.55873107910156
2018-05-02,41.24906921386719,47.947593688964844,67.91999816894531,46.91828536987305,60.751258850097656,231.98980712890625
2018-05-03,41.12211990356445,47.425628662109375,67.5199966430664,46.94523620605469,60.30081558227539,231.47860717773438
2018-05-04,41.85452651977539,47.929283142089844,68.31999969482422,47.430511474609375,60.185813903808594,234.4754638671875
2018-05-07,41.54130172729492,47.52635192871094,67.5199966430664,46.72957229614258,59.08369064331055,235.2686767578125
2018-05-08,42.089447021484375,47.956748962402344,67.72000122070312,47.026119232177734,59.06451416015625,235.2686767578125
2018-05-09,40.62120056152344,47.26996612548828,65.80000305175781,46.334163665771484,57.87613296508789,237.5427703857422
2018-05-10,41.149776458740234,47.95623016357422,66.0199966430664,46.67564392089844,58.039058685302734,239.76394653320312
2018-05-11,41.697914123535156,48.73001480102539,66.91999816894531,47.1429443359375,58.01030731201172,240.49554443359375
2018-05-14,41.56087875366211,47.983856201171875,66.63999938964844,46.909297943115234,57.55028533935547,240.610107421875
2018-05-15,42.275421142578125,48.24179458618164,68.02999877929688,46.4599723815918,56.30440139770508,238.9530792236328
2018-05-16,43.12699508666992,49.264286041259766,69.73999786376953,47.63719177246094,56.639835357666016,239.95785522460938
2018-05-17,42.70610427856445,48.914241790771484,69.48999786376953,47.15192413330078,56.16064453125,239.75518798828125
2018-05-18,42.461395263671875,48.776065826416016,68.41999816894531,46.90031051635742,55.78688430786133,239.15574645996094
2018-05-21,43.34233474731445,49.724884033203125,70.06999969482422,46.927276611328125,55.83506774902344,240.95379638671875
2018-05-22,41.971981048583984,49.30112838745117,69.98999786376953,45.69611358642578,56.066349029541016,240.28387451171875
2018-05-23,41.893672943115234,49.19060134887695,69.54000091552734,45.219844818115234,56.29762649536133,240.94500732421875
2018-05-24,42.63758850097656,50.11177062988281,70.47000122070312,46.01964569091797,57.694950103759766,240.45138549804688
2018-05-25,43.95900344848633,51.46590042114258,71.68000030517578,47.502410888671875,59.622291564941406,239.8784637451172
2018-05-29,42.66695022583008,49.95517349243164,69.5199966430664,46.271263122558594,58.3695182800293,237.11962890625
2018-05-30,42.38309097290039,50.028865814208984,69.80000305175781,46.12748336791992,58.090049743652344,240.28387451171875
2018-05-31,42.618011474609375,49.78936767578125,69.58999633789062,45.90281677246094,58.600799560546875,238.81198120117188
2018-06-01,43.068267822265625,50.130191802978516,69.25,45.79496765136719,58.64897918701172,241.15658569335938
2018-06-04,43.910057067871094,50.83949279785156,69.9800033569336,46.41504669189453,59.5741081237793,242.3024139404297
2018-06-05,43.24445724487305,50.360477447509766,69.31999969482422,45.8831901550293,59.01517868041992,242.478759765625
2018-06-06,43.254241943359375,49.899898529052734,70.36000061035156,45.74797439575195,59.7572021484375,244.50599670410156
2018-06-07,42.91165542602539,49.2458610534668,69.54000091552734,45.64882278442383,59.91139221191406,244.4794158935547
2018-06-08,42.197113037109375,49.82619857788086,69.98999786376953,45.50458526611328,60.06557846069336,245.20228576660156
2018-06-11,43.224876403808594,50.563148498535156,72.1500015258789,45.95530700683594,60.58596420288086,245.52835083007812
2018-06-12,42.490760803222656,50.24993896484375,72.38999938964844,45.9462890625,60.01739501953125,245.84576416015625
2018-06-13,42.011138916015625,50.342063903808594,72.5,46.28883361816406,59.40065002441406,245.0613250732422
2018-06-14,42.167755126953125,50.57236862182617,73.0199966430664,46.820682525634766,60.22940444946289,245.6782989501953
2018-06-15,41.86431884765625,50.83027648925781,73.88999938964844,47.03704833984375,60.74978256225586,245.36483764648438
2018-06-18,41.54130172729492,50.4802360534668,74.48999786376953,47.20830154418945,60.489593505859375,244.86021423339844
2018-06-19,40.6309928894043,49.540645599365234,73.0,46.613365173339844,60.200496673583984,243.92164611816406
2018-06-20,41.139984130859375,49.595909118652344,74.06999969482422,46.87477493286133,60.90397644042969,244.3378448486328
2018-06-21,40.61142349243164,49.49458312988281,74.41999816894531,47.91142272949219,61.72309494018555,242.80604553222656
2018-06-22,40.47438049316406,48.564205169677734,72.94000244140625,46.79365158081055,60.624507904052734,243.2487335205078
2018-06-25,38.83974838256836,47.265342712402344,71.33000183105469,46.225746154785156,59.497013092041016,239.93743896484375
2018-06-26,38.26223373413086,47.04426193237305,71.0199966430664,46.12657928466797,58.42734146118164,240.4687042236328
2018-06-27,37.44981002807617,45.9572868347168,69.56999969482422,45.40542984008789,57.829856872558594,238.4766082763672
2018-06-28,37.39108657836914,45.87438201904297,69.44000244140625,45.70289611816406,58.138240814208984,239.84010314941406
2018-06-29,37.15616989135742,45.6348762512207,69.7300033569336,45.86517333984375,58.1960563659668,240.18533325195312
2018-07-02,37.54770278930664,45.98491287231445,70.91999816894531,46.46010971069336,58.957359313964844,240.6988067626953
2018-07-03,36.95061492919922,44.934783935546875,70.16000366210938,46.44207763671875,59.42955017089844,239.84893798828125
2018-07-05,37.18553924560547,45.37694549560547,70.91999816894531,46.74856948852539,59.882484436035156,241.80555725097656
2018-07-06,37.28342056274414,45.671722412109375,70.95999908447266,47.54183578491211,60.07521438598633,243.85081481933594
2018-07-09,38.47758483886719,46.52840805053711,71.79000091552734,48.010581970214844,61.18343734741211,246.0465545654297
2018-07-10,38.29160690307617,46.61131286621094,71.30000305175781,47.77621841430664,60.60523223876953,246.93197631835938
2018-07-11,35.19852066040039,45.91122055053711,68.87999725341797,47.352535247802734,58.003326416015625,245.1258087158203
2018-07-12,35.56068420410156,46.73107147216797,71.04000091552734,47.56888198852539,58.64897918701172,247.3480224609375
2018-07-13,36.333961486816406,46.76791763305664,72.0999984741211,47.857337951660156,59.198280334472656,247.54290771484375
2018-07-16,36.49056625366211,46.67580032348633,72.26000213623047,47.84832763671875,59.17900848388672,247.32154846191406
2018-07-17,36.58845520019531,47.1087532043457,72.62000274658203,47.97453689575195,59.55482864379883,248.3219757080078
2018-07-18,37.55748748779297,48.63789367675781,79.0,48.58750915527344,60.894325256347656,248.84437561035156
2018-07-19,37.32257843017578,48.8221321105957,80.58999633789062,48.47933578491211,61.472537994384766,247.90586853027344
2018-07-20,37.07786178588867,47.891746520996094,80.91000366210938,48.1638298034668,58.42734146118164,247.62249755859375
2018-07-23,37.23447799682617,48.12203598022461,81.58999633789062,48.2810173034668,59.304283142089844,248.08303833007812
2018-07-24,36.65696716308594,47.60618591308594,80.04000091552734,46.79365158081055,56.86619567871094,249.33128356933594
2018-07-25,37.38129806518555,47.91223907470703,80.55999755859375,47.13618850708008,56.96255874633789,251.45623779296875
2018-07-26,39.17254638671875,50.063934326171875,81.23999786376953,51.111541748046875,62.40729904174805,250.86302185058594
2018-07-27,38.84953308105469,50.50910949707031,80.01000213623047,52.62594985961914,61.33761978149414,249.1631622314453
2018-07-30,38.14478302001953,49.88772201538086,80.06999969482422,52.19325637817383,60.113765716552734,247.86158752441406
2018-07-31,38.70271682739258,50.47200393676758,80.4000015258789,52.427642822265625,60.54741668701172,249.0833740234375
2018-08-01,37.332359313964844,49.702232360839844,80.0199966430664,50.94926834106445,58.86099624633789,248.66726684570312
2018-08-02,37.12680435180664,49.9990119934082,80.8499984741211,51.10252380371094,59.36209487915039,250.02197265625
2018-08-03,37.60643005371094,50.32361602783203,81.33999633789062,51.75155258178711,60.51850509643555,251.09320068359375
2018-08-06,37.69475173950195,50.47200393676758,81.83000183105469,52.09410095214844,60.82687759399414,252.01405334472656
2018-08-07,37.54754638671875,50.73169708251953,82.31999969482422,52.36452865600586,61.53999710083008,252.84632873535156
2018-08-08,37.66530990600586,51.22324752807617,82.79000091552734,53.0225830078125,61.819461822509766,252.73995971679688
2018-08-09,37.21387481689453,51.325279235839844,82.75,53.17582321166992,61.43398666381836,252.3947296142578
2018-08-10,36.566165924072266,50.74097442626953,81.72000122070312,53.17582321166992,60.93288040161133,250.7037353515625
2018-08-13,36.10491943359375,50.286521911621094,81.20999908447266,53.04060745239258,59.641563415527344,249.7652130126953
2018-08-14,36.399330139160156,50.78733825683594,81.44000244140625,53.26596450805664,60.47031784057617,251.35885620117188
2018-08-15,36.7428092956543,51.22324752807617,81.87000274658203,54.38374710083008,61.42435836791992,249.48178100585938
2018-08-16,37.44940948486328,51.42729187011719,81.9000015258789,53.653587341308594,61.97364044189453,251.50050354003906
2018-08-17,37.08629608154297,51.6127815246582,82.01000213623047,53.797821044921875,62.638580322265625,252.38583374023438
2018-08-20,39.24533462524414,53.254371643066406,85.22000122070312,55.55562973022461,64.73040771484375,252.92596435546875
2018-08-21,39.579002380371094,53.42131042480469,85.66000366210938,55.13084030151367,64.48829650878906,253.51919555664062
2018-08-22,38.46022033691406,52.781368255615234,84.52999877929688,54.77836990356445,62.85163497924805,253.36856079101562
2018-08-23,38.10693359375,52.8091926574707,84.73999786376953,55.1398811340332,62.6579475402832,253.03216552734375
2018-08-24,38.09711456298828,53.03178787231445,85.13999938964844,55.1218147277832,62.78384017944336,254.5550537109375
2018-08-27,38.78408432006836,53.5604248046875,85.94000244140625,55.04951477050781,63.607017517089844,256.5648193359375
2018-08-28,39.93229293823242,54.52498245239258,86.81999969482422,55.42909240722656,64.7981948852539,256.68878173828125
2018-08-29,39.7458381652832,54.27456283569336,87.11000061035156,55.32967758178711,65.24368286132812,258.07000732421875
2018-08-30,39.64769744873047,54.200374603271484,86.91999816894531,54.96816635131836,65.06937408447266,257.0252380371094
2018-08-31,39.7262077331543,54.23748016357422,87.41999816894531,55.401973724365234,65.35989379882812,257.03411865234375
2018-09-04,40.010807037353516,54.60845947265625,88.30000305175781,56.02559280395508,65.72789764404297,256.59149169921875
2018-09-05,38.93128967285156,53.059600830078125,88.19000244140625,55.49235534667969,66.22179412841797,255.90086364746094
2018-09-06,37.76344680786133,52.3454704284668,87.12999725341797,55.15795135498047,64.92408752441406,255.1305389404297
2018-09-07,37.71438217163086,52.7349967956543,87.68000030517578,55.94424819946289,64.7691421508789,254.63473510742188
2018-09-10,38.695762634277344,53.384220123291016,88.08999633789062,56.49555587768555,65.99905395507812,255.0774383544922
2018-09-11,39.43178939819336,54.04270553588867,89.12000274658203,56.92033004760742,66.7931900024414,255.91854858398438
2018-09-12,38.52892303466797,53.2265510559082,87.80000305175781,55.46524429321289,65.62138366699219,255.98049926757812
2018-09-13,38.74482727050781,53.6253547668457,89.58000183105469,56.35999298095703,66.26053619384766,257.4945373535156
2018-09-14,38.9999885559082,53.72737503051758,90.33000183105469,56.42326354980469,66.73507690429688,257.53887939453125
2018-09-17,39.56918716430664,53.755191802978516,90.16000366210938,57.02878952026367,67.0933837890625,256.1752624511719
2018-09-18,40.03042984008789,53.63461685180664,90.11000061035156,56.98359680175781,67.05465698242188,257.56536865234375
2018-09-19,40.82534408569336,53.699554443359375,89.3499984741211,57.03782272338867,67.48077392578125,257.83984375
2018-09-20,41.10995101928711,53.91286087036133,89.12000274658203,56.48652267456055,67.54855346679688,259.9292907714844
2018-09-21,42.78810119628906,55.28549575805664,89.94000244140625,57.63432312011719,67.8681411743164,259.6918640136719
2018-09-24,41.198272705078125,53.245086669921875,87.83999633789062,56.08884811401367,65.16620635986328,258.8290710449219
2018-09-25,40.05006408691406,52.95758819580078,87.91999816894531,55.71830749511719,64.06218719482422,258.5889892578125
2018-09-26,40.275779724121094,53.33784866333008,88.97000122070312,56.11597442626953,65.00157165527344,257.8152160644531
2018-09-27,40.72720718383789,53.792293548583984,88.33999633789062,56.67631149291992,66.80287170410156,258.53558349609375
2018-09-28,40.56037902832031,53.63461685180664,89.05999755859375,56.44133377075195,66.6866455078125,258.5623474121094
2018-10-01,38.872406005859375,52.49386215209961,87.61000061035156,55.763484954833984,65.62138366699219,259.4605712890625
2018-10-02,37.783077239990234,50.72242736816406,86.70999908447266,55.29352951049805,64.168701171875,259.30938720703125
2018-10-03,38.07748794555664,50.3792724609375,87.38999938964844,55.74541091918945,64.58515167236328,259.45166015625
2018-10-04,37.21387481689453,49.674400329589844,86.04000091552734,55.65504837036133,64.7110366821289,257.423828125
2018-10-05,35.761436462402344,48.87678146362305,84.13999938964844,55.17603302001953,63.99439239501953,255.9830780029297
2018-10-08,35.23149108886719,48.357418060302734,83.68000030517578,54.78740310668945,63.248687744140625,255.9830780029297
2018-10-09,32.92525100708008,47.170284271240234,81.43000030517578,53.76612091064453,60.63391876220703,255.6094970703125
2018-10-10,31.021377563476562,46.10371017456055,78.93000030517578,51.813961029052734,58.32902908325195,247.51612854003906
2018-10-11,30.687707901000977,47.74529266357422,80.12000274658203,51.542808532714844,57.92229080200195,242.06422424316406
2018-10-12,30.33441162109375,48.27394485473633,80.18000030517578,51.85914611816406,59.626739501953125,245.4261474609375
2018-10-15,31.188213348388672,48.079185485839844,81.33999633789062,52.13027572631836,59.907588958740234,244.04750061035156
2018-10-16,32.6602783203125,49.25704574584961,83.5199966430664,53.269046783447266,61.84446334838867,249.38381958007812
2018-10-17,32.944881439208984,50.360713958740234,88.48999786376953,53.50403594970703,62.4545783996582,249.42832946777344
2018-10-18,31.462997436523438,49.275596618652344,87.08999633789062,52.38334274291992,60.401485443115234,245.82630920410156
2018-10-19,31.44337272644043,49.51673126220703,87.43000030517578,52.5369873046875,60.604862213134766,245.69288635253906
2018-10-22,31.56113624572754,50.30508041381836,88.61000061035156,52.302005767822266,61.53456497192383,244.5900421142578
2018-10-23,31.77703857421875,49.5723876953125,86.33000183105469,51.949520111083984,61.00192642211914,243.34487915039062
2018-10-24,29.7750301361084,47.77311706542969,82.19000244140625,49.337589263916016,59.18125915527344,235.97190856933594
2018-10-25,31.76722526550293,49.81351852416992,85.5999984741211,45.10787582397461,61.0697135925293,240.20542907714844
2018-10-26,31.85555076599121,49.41470718383789,84.62999725341797,44.80963134765625,59.5298957824707,235.9807891845703
2018-10-29,31.992937088012695,49.5445556640625,84.98999786376953,43.30030822753906,59.07472610473633,234.6734161376953
2018-10-30,34.014583587646484,51.1212272644043,85.8499984741211,44.42100143432617,61.24403762817383,238.15087890625
2018-10-31,34.426761627197266,50.759517669677734,85.51000213623047,44.375816345214844,59.481468200683594,240.6945037841797
2018-11-01,35.69274139404297,51.974491119384766,88.04000091552734,46.047813415527344,61.67982482910156,243.25601196289062
2018-11-02,35.65348815917969,52.04867935180664,88.68000030517578,46.83409881591797,61.86383056640625,241.81520080566406
2018-11-05,35.1515998840332,51.983760833740234,89.47000122070312,46.47258758544922,61.88319778442383,243.149169921875
2018-11-06,34.6103515625,51.769100189208984,89.63999938964844,46.8702507019043,62.561100006103516,244.6878662109375
2018-11-07,36.381710052490234,53.00104522705078,92.16000366210938,47.79212188720703,64.10092163085938,249.92640686035156
2018-11-08,36.273460388183594,52.94503402709961,92.55999755859375,47.64750289916992,63.636070251464844,249.47276306152344
2018-11-09,35.643646240234375,52.870384216308594,92.3499984741211,47.439640045166016,63.88786315917969,247.03591918945312
2018-11-12,36.273460388183594,52.91704559326172,91.19999694824219,46.89736557006836,63.68449783325195,242.419921875
2018-11-13,37.17881774902344,53.02903747558594,92.5999984741211,47.65654373168945,65.44705200195312,241.9663848876953
2018-11-14,37.503570556640625,52.66505432128906,91.79000091552734,47.43060302734375,65.08872985839844,240.3121337890625
2018-11-15,37.21818923950195,52.35707092285156,91.9800033569336,48.108436584472656,65.57295227050781,242.8201446533203
2018-11-16,36.16521072387695,52.17041778564453,92.26000213623047,47.52098083496094,65.84410858154297,243.45162963867188
2018-11-19,35.250003814697266,52.441062927246094,92.08999633789062,47.34925842285156,65.48410034179688,239.3337860107422
2018-11-20,35.0236701965332,51.71310806274414,91.7699966430664,46.608158111572266,65.2116470336914,234.90464782714844
2018-11-21,35.73221206665039,52.235748291015625,92.86000061035156,47.22273635864258,66.6711654663086,235.7051239013672
2018-11-23,37.34611892700195,53.34634780883789,94.83999633789062,47.611366271972656,67.53717041015625,234.13084411621094
2018-11-26,37.49372863769531,52.9263801574707,91.75,47.68365478515625,67.04092407226562,237.9107666015625
2018-11-27,37.68070602416992,54.41962432861328,93.37999725341797,47.71077346801758,68.84099578857422,238.7112274169922
2018-11-28,38.32036209106445,54.942264556884766,94.4800033569336,47.97287368774414,72.72335052490234,244.20761108398438
2018-11-29,37.80863571166992,54.932926177978516,95.06999969482422,48.108436584472656,70.97190856933594,243.6739501953125
2018-11-30,39.52094650268555,56.65949630737305,96.69999694824219,49.35566711425781,71.28327941894531,245.1593017578125
2018-12-03,39.01906204223633,56.10886764526367,96.45999908447266,49.13875961303711,70.8746109008789,248.405517578125
2018-12-04,36.106163024902344,53.14102554321289,91.94000244140625,47.86064910888672,68.14043426513672,240.3565673828125
2018-12-06,36.3521842956543,54.20497512817383,93.02999877929688,48.585819244384766,67.73176574707031,239.99188232421875
2018-12-07,33.03581237792969,52.32907485961914,88.2300033569336,46.555362701416016,63.18777847290039,234.4154815673828
2018-12-10,33.301513671875,52.562400817871094,88.55000305175781,46.35594940185547,61.76716613769531,234.8601531982422
2018-12-11,33.55738067626953,52.16108703613281,88.13999938964844,46.30155944824219,60.74549865722656,234.91354370117188
2018-12-12,33.80339813232422,52.51573181152344,89.62999725341797,46.138397216796875,60.3465576171875,236.0963897705078
2018-12-13,31.943471908569336,49.977210998535156,87.4800033569336,45.63078689575195,59.684906005859375,236.016357421875
2018-12-14,31.89427375793457,49.939876556396484,87.73999786376953,45.4041748046875,60.61900329589844,231.65841674804688
2018-12-17,31.530160903930664,48.89459991455078,86.20999908447266,44.76966094970703,59.63625717163086,227.11366271972656
2018-12-18,33.006290435791016,49.417240142822266,87.80000305175781,44.96000671386719,60.969295501708984,226.86460876464844
2018-12-19,31.90411376953125,48.465293884277344,86.37000274658203,44.21672058105469,60.356285095214844,223.4671630859375
2018-12-20,31.38254737854004,47.51333999633789,84.41000366210938,42.666690826416016,59.0427131652832,219.82955932617188
2018-12-21,30.29020881652832,46.150760650634766,81.47000122070312,41.65145492553711,57.73887252807617,215.3253173828125
2018-12-24,29.2470760345459,44.760162353515625,79.12000274658203,40.2464599609375,56.02635955810547,209.63583374023438
2018-12-26,31.776180267333984,47.04670333862305,83.80000305175781,42.34942626953125,59.14974594116211,220.22763061523438
2018-12-27,31.530160903930664,47.13070297241211,83.04000091552734,42.42194366455078,59.101097106933594,221.9184112548828
2018-12-28,31.323497772216797,46.83205032348633,83.16999816894531,42.38568115234375,58.68269729614258,221.63211059570312
2018-12-31,31.59904670715332,46.57073211669922,83.7300033569336,42.13187789916992,59.20812225341797,223.57334899902344
2019-01-02,31.963159561157227,46.74805450439453,84.18000030517578,42.73014450073242,59.860050201416016,223.80593872070312
2019-01-03,29.5816650390625,42.566959381103516,80.0,41.3432731628418,56.55178451538086,218.46531677246094
2019-01-04,31.530160903930664,44.60151672363281,82.68000030517578,43.382789611816406,58.381065368652344,225.782958984375
2019-01-07,32.42567443847656,44.657501220703125,83.2300033569336,43.3918571472168,58.497825622558594,227.56321716308594
2019-01-08,31.90411376953125,44.30286407470703,82.37999725341797,43.092716217041016,59.01353073120117,229.70120239257812
2019-01-09,32.88819885253906,45.236141204833984,83.76000213623047,44.4886589050293,60.50223922729492,230.77474975585938
2019-01-10,31.530160903930664,45.478782653808594,81.37000274658203,44.40707778930664,61.689327239990234,231.5888671875
2019-01-11,31.29397964477539,45.32013702392578,80.06999969482422,43.98103332519531,62.40935516357422,231.67828369140625
2019-01-14,31.20541000366211,44.564178466796875,79.91000366210938,44.198585510253906,62.62342071533203,230.2648162841797
2019-01-15,31.589204788208008,44.63883590698242,81.19999694824219,44.96907043457031,62.54557800292969,232.90383911132812
2019-01-16,32.31742477416992,44.33086013793945,86.36000061035156,45.1231689453125,63.14885711669922,233.46739196777344
2019-01-17,33.045654296875,45.00282287597656,86.73999786376953,45.857391357421875,62.681800842285156,235.23873901367188
2019-01-18,33.429447174072266,44.90016174316406,85.58999633789062,46.7457160949707,63.109928131103516,238.36973571777344
2019-01-22,32.21902084350586,43.95753860473633,83.33999633789062,45.81208038330078,62.234214782714844,235.14927673339844
2019-01-23,31.146364212036133,44.144195556640625,82.87999725341797,46.247169494628906,61.99095916748047,235.6412811279297
2019-01-24,33.12438201904297,44.34952163696289,84.02999877929688,49.138755798339844,64.0051040649414,235.76649475097656
2019-01-25,34.423370361328125,44.5081787109375,84.13999938964844,49.83672332763672,61.76716613769531,237.76136779785156
2019-01-28,35.988075256347656,44.80683135986328,84.5999984741211,50.326210021972656,62.78883361816406,235.95437622070312
2019-01-29,35.71253204345703,45.00282287597656,85.66999816894531,51.0966911315918,62.818023681640625,235.6412811279297
2019-01-30,35.76173782348633,46.916053771972656,87.47000122070312,52.111907958984375,62.91533279418945,239.3716583251953
2019-01-31,35.2008056640625,46.132083892822266,87.2699966430664,51.4502067565918,62.224483489990234,241.47393798828125
2019-02-01,35.535396575927734,46.58939743041992,87.48999786376953,51.78559494018555,62.62342071533203,241.5902557373047
2019-02-04,36.194732666015625,46.98137283325195,88.62000274658203,52.83708572387695,62.74018478393555,243.2898712158203
2019-02-05,36.44142532348633,47.168033599853516,89.45999908447266,52.46543502807617,62.9931640625,244.3097686767578
2019-02-06,36.27367401123047,47.14937210083008,89.75,52.220699310302734,63.07101058959961,243.9876708984375
2019-02-07,35.69147872924805,47.04670333862305,87.86000061035156,52.102848052978516,63.469940185546875,241.6617431640625
2019-02-08,35.52372741699219,47.10270690917969,88.16999816894531,52.2569580078125,63.50886535644531,241.95693969726562
2019-02-11,36.105918884277344,47.233367919921875,89.1500015258789,52.8280029296875,64.51107788085938,242.0911102294922
2019-02-12,35.277034759521484,46.561397552490234,87.97000122070312,52.302268981933594,64.89056396484375,245.2042694091797
2019-02-13,35.7309455871582,47.04670333862305,88.58000183105469,52.57420349121094,64.90027618408203,246.00048828125
2019-02-14,35.63227462768555,47.112022399902344,88.1500015258789,52.57420349121094,64.77378845214844,245.45477294921875
2019-02-15,34.5862922668457,47.6720085144043,88.30999755859375,52.302268981933594,64.8716049194336,248.1294708251953
2019-02-19,35.00074005126953,48.36262893676758,89.23999786376953,52.275081634521484,63.15003967285156,248.55902099609375
2019-02-20,34.596168518066406,47.82133483886719,88.5,49.32004928588867,61.956687927246094,249.05999755859375
2019-02-21,34.51721954345703,48.04530715942383,88.83999633789062,49.22939682006836,61.48716735839844,248.17442321777344
2019-02-22,35.020477294921875,48.082645416259766,89.43000030517578,48.60395431518555,61.03721618652344,249.71299743652344
2019-02-25,35.425052642822266,47.979984283447266,89.58000183105469,48.912132263183594,61.37957000732422,250.05291748046875
2019-02-26,35.77042007446289,47.70933151245117,89.52999877929688,48.66740036010742,61.56542205810547,249.87399291992188
2019-02-27,35.217830657958984,47.065372467041016,87.5999984741211,48.81243133544922,60.62638854980469,249.7666778564453
2019-02-28,35.158626556396484,46.59546661376953,87.80999755859375,50.79756164550781,60.352500915527344,249.30148315429688
2019-03-01,34.18171691894531,46.01279067993164,86.91999816894531,49.256595611572266,59.97102355957031,250.85812377929688
2019-03-04,33.273895263671875,45.85301971435547,84.30999755859375,48.7943000793457,58.2005500793457,249.9456024169922
2019-03-05,32.790374755859375,46.727046966552734,85.05000305175781,48.539730072021484,56.51811599731445,249.60562133789062
2019-03-06,32.32659149169922,46.71764373779297,84.33000183105469,48.23972702026367,54.6107063293457,248.0937957763672
2019-03-07,31.793737411499023,46.60487365722656,82.61000061035156,47.666954040527344,54.72807693481445,246.01840209960938
2019-03-08,31.487838745117188,46.60487365722656,82.4000015258789,47.06690216064453,54.4052848815918,245.52635192871094
2019-03-11,31.625986099243164,48.042762756347656,82.37999725341797,46.921451568603516,54.209651947021484,249.08685302734375
2019-03-12,30.510934829711914,47.61985778808594,79.8499984741211,45.82137680053711,52.9087028503418,250.0260772705078
2019-03-13,31.418764114379883,47.94878387451172,81.20999908447266,46.01228332519531,54.806331634521484,251.6810302734375
2019-03-14,31.70492935180664,47.873600006103516,81.48999786376953,46.5123291015625,54.27812957763672,251.52005004882812
2019-03-15,31.014190673828125,48.10854721069336,81.69000244140625,46.7032470703125,54.54222869873047,252.76266479492188
2019-03-18,30.964847564697266,47.68564987182617,80.7300033569336,46.43959426879883,54.59113693237305,253.67916870117188
2019-03-19,31.172075271606445,47.892391204833984,81.33999633789062,46.13048553466797,54.884586334228516,253.7421417236328
2019-03-20,30.550405502319336,46.86800765991211,79.83000183105469,45.1849479675293,53.984683990478516,252.9783172607422
2019-03-21,31.033924102783203,47.272117614746094,81.0,46.13048553466797,54.0140266418457,255.83560180664062
2019-03-22,30.16556739807129,46.76462936401367,79.62999725341797,44.8394775390625,53.065208435058594,250.9116973876953
2019-03-25,29.810327529907227,46.078575134277344,78.12000274658203,44.26670455932617,52.42940139770508,250.72303771972656
2019-03-26,29.810327529907227,46.13496780395508,77.48999786376953,44.32126235961914,52.73263168334961,252.5919189453125
2019-03-27,30.53067398071289,46.96199417114258,78.52999877929688,45.30315017700195,53.78904724121094,251.27113342285156
2019-03-28,30.491201400756836,47.29092025756836,78.5999984741211,45.8668327331543,53.96511459350586,252.22357177734375
2019-03-29,31.33982276916504,48.54086685180664,79.77999877929688,47.19419479370117,54.89436721801758,253.81399536132812
2019-04-01,31.92201805114746,49.03895950317383,80.87000274658203,47.64876937866211,56.06815719604492,256.823974609375
2019-04-02,32.55355453491211,51.99933624267578,82.7699966430664,47.9215087890625,56.8702507019043,256.9497375488281
2019-04-03,33.26402282714844,53.568817138671875,84.19999694824219,48.08515548706055,56.527896881103516,257.35418701171875
2019-04-04,33.48111343383789,53.775569915771484,84.63999938964844,48.34881591796875,56.5572395324707,258.0369567871094
2019-04-05,33.609397888183594,54.2548713684082,84.91000366210938,48.41245651245117,57.26151657104492,259.285888671875
2019-04-08,33.43177795410156,54.2360725402832,84.58000183105469,47.221458435058594,57.05610656738281,259.4835205078125
2019-04-09,32.869319915771484,53.52182388305664,84.25,47.176002502441406,56.57680130004883,258.1539001464844
2019-04-10,33.569923400878906,54.377037048339844,84.5199966430664,47.83968734741211,57.49627685546875,259.0343017578125
2019-04-11,34.34947204589844,54.87512969970703,85.75,48.1851692199707,58.40596389770508,258.9625244140625
2019-04-12,34.23106002807617,54.555606842041016,85.48999786376953,48.3033561706543,59.30587387084961,260.7145690917969
2019-04-15,33.30349349975586,53.991722106933594,84.5199966430664,47.53966522216797,58.748321533203125,260.5439147949219
2019-04-16,33.57979202270508,54.61199188232422,85.16999816894531,47.98516082763672,59.63844680786133,260.7145690917969
2019-04-17,33.92516326904297,54.91272735595703,89.23999786376953,47.96696090698242,60.039493560791016,260.07666015625
2019-04-18,33.91529083251953,54.668373107910156,88.27999877929688,47.439666748046875,60.323158264160156,260.5887756347656
2019-04-22,33.037071228027344,54.273658752441406,87.55999755859375,47.012359619140625,58.98307800292969,260.8133850097656
2019-04-23,33.52058792114258,54.734169006347656,87.97000122070312,47.99425506591797,59.5601921081543,263.1585388183594
2019-04-24,33.540321350097656,54.367645263671875,88.02999877929688,48.12152099609375,59.4721565246582,262.5745544433594
2019-04-25,32.967994689941406,53.29627227783203,86.86000061035156,48.50337219238281,57.87775802612305,262.4127502441406
2019-04-26,32.622623443603516,53.67219161987305,87.94000244140625,48.1669807434082,59.29608917236328,263.634765625
2019-04-29,33.32323455810547,54.2548713684082,89.61000061035156,48.93976593017578,59.21783447265625,264.048095703125
2019-04-30,33.727806091308594,54.781158447265625,88.86000061035156,49.30342483520508,60.54813766479492,264.18292236328125
2019-05-01,33.46138000488281,54.062591552734375,87.94000244140625,49.0034065246582,60.71442794799805,262.1971435546875
2019-05-02,33.500850677490234,54.516422271728516,88.30999755859375,48.52156448364258,60.9785270690918,261.6310729980469
2019-05-03,34.329734802246094,54.64878845214844,88.5,48.74884796142578,61.1154670715332,264.1918029785156
2019-05-06,34.29026412963867,54.582603454589844,87.79000091552734,48.62156677246094,60.8317985534668,263.1046142578125
2019-05-07,33.55794906616211,54.053138732910156,85.68000030517578,47.46694564819336,59.75582504272461,258.7109375
2019-05-08,33.39960861206055,53.372398376464844,84.63999938964844,47.64876937866211,59.364559173583984,258.3515319824219
2019-05-09,33.5975341796875,53.504764556884766,84.12000274658203,47.6942253112793,58.98307800292969,257.5697326660156
2019-05-10,33.63711929321289,53.53311538696289,84.79000091552734,47.948787689208984,59.9318962097168,258.86370849609375
2019-05-13,31.806324005126953,51.81234359741211,82.06999969482422,46.40323257446289,58.816795349121094,252.35836791992188
2019-05-14,32.00425338745117,52.237815856933594,83.44999694824219,46.957820892333984,60.039493560791016,254.64064025878906
2019-05-15,31.82611846923828,52.04872131347656,82.3499984741211,47.28510284423828,60.147090911865234,256.13214111328125
2019-05-16,31.984455108642578,52.36072540283203,82.58000183105469,47.81241989135742,61.27197265625,258.5043029785156
2019-05-17,31.410478591918945,51.897438049316406,81.5,47.494205474853516,61.027435302734375,256.83306884765625
2019-05-20,30.638574600219727,51.32069396972656,81.73999786376953,47.28510284423828,60.93890380859375,255.13482666015625
2019-05-21,30.975046157836914,51.84071731567383,82.97000122070312,48.52156448364258,61.597965240478516,257.43499755859375
2019-05-22,29.609373092651367,51.11268997192383,81.87999725341797,47.79423141479492,59.689632415771484,256.6443176269531
2019-05-23,29.19373321533203,51.055965423583984,80.91000366210938,46.33048629760742,60.3585319519043,253.50848388671875
2019-05-24,28.86716079711914,51.1694221496582,80.79000091552734,46.503238677978516,59.601097106933594,254.08358764648438
2019-05-28,28.431726455688477,50.9425048828125,79.9000015258789,45.4849739074707,59.06991195678711,251.7203826904297
2019-05-29,28.115049362182617,50.30903244018555,79.25,45.057674407958984,58.302642822265625,250.0312042236328
2019-05-30,27.877540588378906,50.13884353637695,79.47000122070312,44.90312576293945,57.820640563964844,250.71408081054688
2019-05-31,26.94729995727539,48.692256927490234,77.6500015258789,43.27573776245117,57.25010681152344,247.33563232421875
2019-06-03,26.917613983154297,49.259552001953125,77.72000122070312,43.44846725463867,58.10590744018555,246.70672607421875
2019-06-04,28.81768035888672,51.349063873291016,80.5199966430664,44.671348571777344,59.86669158935547,252.06182861328125
2019-06-05,30.0448055267334,51.94471740722656,81.8499984741211,45.830345153808594,60.60445022583008,254.24533081054688
2019-06-06,30.064598083496094,51.708343505859375,82.95999908447266,45.6113166809082,59.95522689819336,255.8985137939453
2019-06-07,30.59899139404297,52.067623138427734,83.2699966430664,45.96723175048828,59.54207992553711,258.4592590332031
2019-06-10,30.44065284729004,51.74616622924805,82.66999816894531,45.90334701538086,59.65028381347656,259.6453552246094
2019-06-11,30.262521743774414,51.88798904418945,82.7699966430664,46.158870697021484,59.7683219909668,259.5824890136719
2019-06-12,30.777122497558594,52.42691421508789,83.79000091552734,46.368770599365234,59.96506118774414,259.1242370605469
2019-06-13,32.746463775634766,53.43858337402344,87.11000061035156,47.801544189453125,61.145477294921875,260.193359375
2019-06-14,32.340721130371094,52.937469482421875,87.12000274658203,47.29048156738281,62.089805603027344,259.9058837890625
2019-06-17,32.22196578979492,52.63490676879883,86.7699966430664,46.70643997192383,61.499603271484375,260.0047302246094
2019-06-18,32.18238067626953,52.97529220581055,87.4000015258789,47.180973052978516,61.912742614746094,262.7272033691406
2019-06-19,32.86521530151367,53.28730010986328,88.66000366210938,47.00757598876953,61.834049224853516,263.3204040527344
2019-06-20,31.81622314453125,52.91856002807617,87.13999938964844,47.01670837402344,59.728981018066406,265.83612060546875
2019-06-21,31.24224281311035,52.937469482421875,86.72000122070312,46.77030563354492,61.06678009033203,265.4496765136719
2019-06-24,31.489648818969727,53.01311111450195,86.55000305175781,46.7429313659668,61.4012336730957,265.12469482421875
2019-06-25,30.935461044311523,52.87128829956055,85.05999755859375,46.54216003417969,60.9290657043457,262.52435302734375
2019-06-26,31.133384704589844,53.30620574951172,85.33000183105469,46.26838684082031,60.899559020996094,262.26251220703125
2019-06-27,31.81622314453125,53.72221755981445,86.43000030517578,46.30488967895508,62.07997131347656,263.19256591796875
2019-06-28,32.27145004272461,53.65603256225586,87.55000305175781,46.34138107299805,62.866912841796875,264.5468444824219
2019-07-01,32.53864288330078,54.63933181762695,88.44999694824219,47.03495788574219,62.6701774597168,266.9485168457031
2019-07-02,31.855802536010742,55.348445892333984,88.87000274658203,46.93458557128906,62.06029510498047,267.64373779296875
2019-07-03,32.38030242919922,55.9251823425293,90.66999816894531,47.3543586730957,62.79805374145508,269.7835693359375
2019-07-05,32.12300109863281,55.499725341796875,90.58999633789062,47.34524154663086,63.0243034362793,269.4765930175781
2019-07-08,32.44957733154297,56.13319396972656,90.66999816894531,47.52775573730469,63.62434768676758,267.99591064453125
2019-07-09,32.024044036865234,55.745548248291016,89.45999908447266,47.17184829711914,62.65050506591797,268.3299255371094
2019-07-10,32.598018646240234,56.227752685546875,89.51000213623047,47.32698440551758,61.912742614746094,269.61212158203125
2019-07-11,32.68708419799805,56.880123138427734,89.4800033569336,47.30873107910156,62.27670669555664,270.2441101074219
2019-07-12,33.42929458618164,58.28889465332031,91.2300033569336,47.9201774597168,63.191524505615234,271.4539794921875
2019-07-15,33.26106643676758,58.3361701965332,91.31999969482422,47.69202423095703,62.325889587402344,271.5443420410156
2019-07-16,33.86473083496094,59.71656036376953,93.91999816894531,48.62286376953125,64.34243774414062,270.66839599609375
2019-07-17,32.914695739746094,58.85617446899414,94.77999877929688,47.72853088378906,62.73903274536133,268.8264465332031
2019-07-18,33.38971710205078,59.24382019042969,95.27999877929688,47.856285095214844,63.3095703125,269.8106689453125
2019-07-19,32.736568450927734,57.5892333984375,93.83000183105469,47.47299575805664,62.45376968383789,268.3118591308594
2019-07-22,32.55843734741211,57.94852066040039,93.83000183105469,48.0753173828125,61.84388732910156,268.9710693359375
2019-07-23,33.37981414794922,59.65038299560547,94.93000030517578,49.389442443847656,64.03749084472656,270.8941650390625
2019-07-24,34.230892181396484,60.1004753112793,95.11000061035156,49.93701171875,64.49981689453125,272.1672058105469
2019-07-25,31.341203689575195,59.21553039550781,93.93000030517578,50.11038589477539,62.81772994995117,270.8670654296875
2019-07-26,30.91567039489746,59.1489143371582,93.36000061035156,48.59549331665039,63.86042404174805,272.68182373046875
2019-07-29,30.42085838317871,59.43437957763672,93.44000244140625,48.257835388183594,62.92593765258789,272.18524169921875
2019-07-30,30.391172409057617,59.59614181518555,93.93000030517578,47.9566764831543,62.96528625488281,271.51708984375
2019-07-31,30.193246841430664,58.083160400390625,91.91000366210938,47.02582931518555,62.325889587402344,268.5466003417969
2019-08-01,29.530202865600586,57.398040771484375,90.48999786376953,46.50564956665039,62.10947799682617,266.2081298828125
2019-08-02,29.14425277709961,57.21724319458008,89.43000030517578,46.195377349853516,62.237361907958984,264.2037658691406
2019-08-05,28.23380470275879,55.01913833618164,85.58999633789062,44.68046951293945,60.51592254638672,256.25836181640625
2019-08-06,28.164287567138672,55.94215774536133,85.45999908447266,45.36491394042969,61.45042037963867,259.8518371582031
2019-08-07,28.432424545288086,56.370361328125,86.4800033569336,45.56568908691406,62.07997131347656,260.00531005859375
2019-08-08,28.879318237304688,57.12208938598633,87.62999725341797,46.07674026489258,63.4767951965332,265.1066589355469
2019-08-09,28.581390380859375,56.646305084228516,86.9800033569336,46.04024124145508,62.88658905029297,263.3008728027344
2019-08-12,27.449256896972656,55.818458557128906,84.70999908447266,45.675201416015625,61.096290588378906,260.09564208984375
2019-08-13,27.320154190063477,55.98973083496094,84.55999755859375,45.55656433105469,60.171634674072266,264.14056396484375
2019-08-14,25.919883728027344,54.457725524902344,81.94999694824219,44.49794387817383,58.26329803466797,256.3305358886719
2019-08-15,25.23464584350586,54.343536376953125,81.62000274658203,43.99602508544922,58.056724548339844,257.0076599121094
2019-08-16,25.612024307250977,55.22848892211914,82.94000244140625,45.43792724609375,59.374855041503906,260.79986572265625
2019-08-19,25.919883728027344,55.37122344970703,83.88999938964844,46.213626861572266,59.94871139526367,263.9419860839844
2019-08-20,25.651748657226562,54.88593292236328,84.02999877929688,45.8106575012207,59.473793029785156,261.9194641113281
2019-08-21,26.237674713134766,55.19994354248047,85.29000091552734,46.33268737792969,59.176971435546875,264.05023193359375
2019-08-22,26.3469181060791,55.15235900878906,85.55999755859375,46.88219451904297,59.097816467285156,263.9690246582031
2019-08-23,25.24457550048828,53.477622985839844,82.52999877929688,46.30521011352539,57.31686782836914,257.18829345703125
2019-08-26,25.016164779663086,53.55373764038086,83.58000183105469,46.424278259277344,57.76210403442383,260.03240966796875
2019-08-27,24.28127098083496,53.42052459716797,81.94000244140625,46.24110412597656,57.396018981933594,259.01214599609375
2019-08-28,25.15519905090332,53.934364318847656,82.44999694824219,46.85472106933594,58.11829376220703,260.8359680175781
2019-08-29,26.13836669921875,55.07624053955078,84.69000244140625,47.89878463745117,59.325382232666016,264.1676940917969
2019-08-30,26.128435134887695,55.057212829589844,84.30999755859375,47.91710662841797,59.08792495727539,264.05023193359375
2019-09-03,26.327054977416992,54.51481628417969,83.1500015258789,47.056209564208984,59.790409088134766,262.50628662109375
2019-09-04,26.81367301940918,54.457725524902344,83.91000366210938,47.71562194824219,61.11622619628906,265.4858703613281
2019-09-05,27.498912811279297,55.37122344970703,85.83999633789062,48.10027313232422,62.719078063964844,268.89874267578125
2019-09-06,27.598222732543945,55.171390533447266,86.30000305175781,47.752254486083984,62.4222526550293,269.1063232421875
2019-09-09,28.243738174438477,55.295101165771484,87.33000183105469,48.61315155029297,64.08447265625,269.2418212890625
2019-09-10,28.919044494628906,55.79942321777344,87.55999755859375,48.887908935546875,64.30213928222656,269.1787109375
2019-09-11,29.55462646484375,55.93264389038086,88.37999725341797,50.10597229003906,65.13325500488281,271.09283447265625
2019-09-12,29.73338508605957,56.560672760009766,89.37999725341797,50.35325241088867,64.9848403930664,272.0317077636719
2019-09-13,29.743316650390625,57.10305404663086,91.3499984741211,51.0950927734375,65.17283630371094,271.85125732421875
2019-09-16,27.578359603881836,56.20859909057617,88.76000213623047,51.11341094970703,63.97563934326172,271.0115051269531
2019-09-17,28.44235610961914,56.49406433105469,89.9800033569336,51.04014587402344,64.2328872680664,271.6978454589844
2019-09-18,28.402631759643555,56.436973571777344,90.2300033569336,51.49806213378906,64.2427749633789,271.8602294921875
2019-09-19,28.10470199584961,55.84700393676758,89.41999816894531,50.44483947753906,63.896480560302734,271.84222412109375
2019-09-20,27.79684066772461,55.78990936279297,89.08999633789062,49.90449142456055,64.31204223632812,270.5577697753906
2019-09-23,27.310222625732422,55.2094612121582,88.20999908447266,49.89533233642578,63.95584487915039,270.4943542480469
2019-09-24,26.81367301940918,55.190425872802734,88.30000305175781,50.12429428100586,63.96574401855469,268.37176513671875
2019-09-25,27.25063705444336,55.48541259765625,89.16999816894531,50.20671844482422,64.36151123046875,269.9591064453125
2019-09-26,27.002363204956055,55.93264389038086,88.44999694824219,49.98691940307617,63.88658905029297,269.39678955078125
2019-09-27,26.823604583740234,55.45686340332031,88.13999938964844,49.76711654663086,63.50071716308594,267.9454345703125
2019-09-30,26.78388023376465,54.80979537963867,88.41000366210938,49.46488571166992,64.22299194335938,269.1881103515625
2019-10-01,26.615053176879883,54.248382568359375,87.83999633789062,48.87873840332031,64.26256561279297,265.98614501953125
2019-10-02,25.194923400878906,51.71723556518555,83.69000244140625,47.66066360473633,62.05617141723633,261.2876281738281
2019-10-03,25.095611572265625,50.270870208740234,83.2699966430664,47.86214828491211,61.6406135559082,263.4282531738281
2019-10-04,25.651748657226562,51.20338821411133,84.29000091552734,48.34754943847656,62.837806701660156,266.9930725097656
2019-10-07,25.651748657226562,50.77519226074219,84.8499984741211,48.576515197753906,63.283042907714844,265.841064453125
2019-10-08,26.078779220581055,50.62294387817383,84.69000244140625,48.56734848022461,62.51130294799805,261.7140197753906
2019-10-09,26.883190155029297,51.308067321777344,86.45999908447266,48.9886474609375,63.431461334228516,264.1993103027344
2019-10-10,26.992431640625,50.52779006958008,87.33999633789062,49.15349578857422,64.19330596923828,265.98614501953125
2019-10-11,27.17119026184082,50.38505172729492,87.1500015258789,49.3824577331543,65.380615234375,268.7435607910156
2019-10-14,27.42939567565918,50.42311096191406,86.97000122070312,49.48319625854492,65.50923156738281,268.4443664550781
2019-10-15,28.07491111755371,51.04163360595703,87.87999725341797,49.60226058959961,66.61737823486328,271.10205078125
2019-10-16,27.856426239013672,50.594398498535156,89.69999694824219,49.15349578857422,66.12267303466797,270.6666564941406
2019-10-17,27.737255096435547,50.78470993041992,89.45999908447266,49.3275146484375,66.27108764648438,271.4648742675781
2019-10-18,28.025253295898438,51.2224235534668,90.08999633789062,48.979488372802734,66.13256072998047,270.276611328125
2019-10-21,28.422494888305664,51.93609619140625,90.77999877929688,48.750518798828125,68.30928039550781,272.1087951660156
2019-10-22,28.064977645874023,52.00270462036133,89.70999908447266,48.466609954833984,68.45769500732422,271.2199401855469
2019-10-23,28.094772338867188,51.583778381347656,89.9000015258789,48.759681701660156,68.18065643310547,272.00909423828125
2019-10-24,29.207040786743164,51.56461715698242,89.80999755859375,51.553016662597656,68.0322494506836,272.4534912109375
2019-10-25,30.647035598754883,52.341102600097656,91.63999938964844,51.96514892578125,70.8125,273.56927490234375
2019-10-28,31.143585205078125,52.88751983642578,92.19000244140625,52.78940963745117,69.33827209472656,275.1112060546875
2019-10-29,30.706621170043945,53.088836669921875,91.02999877929688,52.39558792114258,69.02165985107422,275.0296630859375
2019-10-30,30.080970764160156,53.03131103515625,91.66999816894531,52.23990249633789,69.63509368896484,275.87310791015625
2019-10-31,29.852554321289062,52.80125045776367,90.83999633789062,51.40647888183594,68.69515228271484,275.1384582519531
2019-11-01,30.349103927612305,53.70235061645508,91.6500015258789,51.52553176879883,69.40753173828125,277.687255859375
2019-11-04,30.73641586303711,54.52677917480469,92.38999938964844,52.1849479675293,69.8824462890625,278.8029479980469
2019-11-05,31.06519889831543,55.130706787109375,93.12000274658203,53.00920867919922,70.62451171875,278.4945983886719
2019-11-06,30.84600830078125,55.197818756103516,93.33999633789062,52.99089050292969,70.6146240234375,278.5580749511719
2019-11-07,30.77626609802246,55.274497985839844,93.80000305175781,53.338905334472656,70.17927551269531,279.5376892089844
2019-11-08,30.646745681762695,55.197818756103516,93.44000244140625,53.28396987915039,70.41673278808594,280.2270812988281
2019-11-11,30.477371215820312,54.84312438964844,93.52999877929688,53.35722732543945,71.14891052246094,279.6918640136719
2019-11-12,29.41131019592285,54.85270690917969,92.72000122070312,52.98173141479492,70.09022521972656,280.28143310546875
2019-11-13,28.554475784301758,54.16249465942383,92.41999816894531,52.74361038208008,69.77361297607422,280.37225341796875
2019-11-14,28.664072036743164,54.21043014526367,92.5199966430664,52.78024673461914,69.66477966308594,280.78033447265625
2019-11-15,28.753740310668945,54.498016357421875,92.51000213623047,52.92678451538086,69.63509368896484,282.8121643066406
2019-11-18,28.49469757080078,54.718505859375,92.7699966430664,52.91762161254883,69.66492462158203,283.0207824707031
2019-11-19,29.182157516479492,54.70890808105469,93.29000091552734,52.70698547363281,69.67487335205078,282.9390869140625
2019-11-20,28.126060485839844,53.36682891845703,91.69999694824219,52.047576904296875,68.05406188964844,281.88690185546875
2019-11-21,27.827165603637695,53.021732330322266,90.97000122070312,51.82777404785156,67.61654663085938,281.4334411621094
2019-11-22,28.574403762817383,53.788639068603516,91.77999877929688,52.21242141723633,68.37226104736328,282.0592956542969
2019-11-25,28.88326072692871,54.018699645996094,92.5199966430664,52.71613693237305,68.40209197998047,284.24530029296875
2019-11-26,28.94304084777832,55.08277893066406,92.76000213623047,52.74361038208008,69.04842376708984,284.8892517089844
2019-11-27,28.84341049194336,54.70890808105469,93.05000305175781,52.8901481628418,68.77994537353516,286.1592712402344
2019-11-29,28.63418197631836,54.93899154663086,92.80000305175781,52.78940963745117,68.620849609375,285.097900390625
2019-12-02,27.976612091064453,54.40214920043945,91.62999725341797,51.94682312011719,67.72592163085938,282.6761169433594
2019-12-03,27.18952178955078,53.31890106201172,88.87000274658203,51.22330856323242,66.23438262939453,280.78033447265625
2019-12-04,27.27918815612793,53.74069595336914,88.16999816894531,51.08592987060547,66.54263305664062,282.51287841796875
2019-12-05,27.139705657958984,53.568145751953125,87.86000061035156,50.85696792602539,66.9105453491211,283.0207824707031
2019-12-06,27.627901077270508,53.817386627197266,88.58000183105469,51.23246383666992,67.93473815917969,285.60595703125
2019-12-09,27.388784408569336,53.49144744873047,87.61000061035156,50.802024841308594,67.60659790039062,284.70794677734375
2019-12-10,26.900588989257812,53.23262405395508,86.51000213623047,50.45286178588867,66.86082458496094,284.39044189453125
2019-12-11,26.761104583740234,52.80125045776367,87.0199966430664,49.61672592163086,66.3636474609375,285.1977233886719
2019-12-12,27.617937088012695,54.34463119506836,88.47000122070312,50.066959381103516,67.30829620361328,287.6558837890625
2019-12-13,27.378820419311523,54.38298034667969,87.58000183105469,49.75455856323242,67.02987670898438,287.8282470703125
2019-12-16,27.817201614379883,56.00305938720703,88.62999725341797,49.938323974609375,68.61090087890625,289.8056335449219
2019-12-17,28.17587661743164,56.26189422607422,89.36000061035156,49.78211975097656,69.66492462158203,289.8690490722656
2019-12-18,27.896907806396484,56.15644073486328,88.83999633789062,49.24919891357422,68.64073181152344,289.88720703125
2019-12-19,28.444881439208984,56.693267822265625,89.22000122070312,49.69023513793945,68.80977630615234,291.0754699707031
2019-12-20,28.93307876586914,56.530303955078125,89.27999877929688,50.19559097290039,68.94898223876953,292.35162353515625
2019-12-23,29.192119598388672,56.98086166381836,89.44000244140625,50.76526641845703,68.8992691040039,292.7982177734375
2019-12-24,29.07256317138672,56.932926177978516,89.1500015258789,50.48042678833008,68.70039367675781,292.807373046875
2019-12-26,29.560758590698242,57.09590148925781,89.26000213623047,50.44367599487305,68.68051147460938,294.3661193847656
2019-12-27,28.33528709411621,56.63575744628906,88.37000274658203,49.910762786865234,67.9049072265625,294.2930908203125
2019-12-30,28.19580078125,56.23313522338867,87.95999908447266,49.69023513793945,67.29834747314453,292.67059326171875
2019-12-31,28.574403762817383,56.060585021972656,88.08999633789062,49.598350524902344,67.36795043945312,293.381591796875
2020-01-02,28.982892990112305,56.597412109375,89.73999786376953,50.388545989990234,67.78558349609375,296.125244140625
2020-01-03,27.548194885253906,55.657955169677734,87.9000015258789,49.938323974609375,66.54263305664062,293.88299560546875
2020-01-06,27.219409942626953,55.274497985839844,87.69999694824219,49.736183166503906,66.22443389892578,295.0041809082031
2020-01-07,27.11977767944336,55.22657775878906,86.7699966430664,49.88319778442383,65.80680847167969,294.1745910644531
2020-01-08,27.73749542236328,56.41526794433594,87.30000305175781,49.956695556640625,66.125,295.7425231933594
2020-01-09,27.847091674804688,56.52072525024414,87.94999694824219,49.89238357543945,65.99573516845703,297.74774169921875
2020-01-10,27.219409942626953,56.78913879394531,87.30999755859375,49.56160354614258,65.51844024658203,296.8910217285156
2020-01-13,27.289152145385742,57.0287971496582,86.88999938964844,49.60753631591797,65.4985580444336,298.93267822265625
2020-01-14,27.428638458251953,58.90770721435547,87.8499984741211,50.066959381103516,65.80680847167969,298.4770202636719
2020-01-15,27.478452682495117,59.070674896240234,88.29000091552734,50.5631217956543,66.21449279785156,299.15155029296875
2020-01-16,28.126060485839844,59.319915771484375,89.54000091552734,50.81121063232422,66.16477966308594,301.6400451660156
2020-01-17,28.295433044433594,59.463706970214844,89.69999694824219,50.54474639892578,66.24432373046875,302.5788879394531
2020-01-21,27.099853515625,57.843631744384766,85.79000091552734,49.19406509399414,64.6235122680664,301.9862976074219
2020-01-22,27.219409942626953,57.17258834838867,83.33999633789062,49.138946533203125,65.22013092041016,302.0229187011719
2020-01-23,28.693960189819336,57.77652359008789,84.87999725341797,50.90309524536133,66.8011703491211,302.3692932128906
2020-01-24,27.538230895996094,56.37692642211914,81.9000015258789,51.95974349975586,66.34376525878906,299.6802062988281
2020-01-27,26.013866424560547,54.47883987426758,77.62999725341797,51.6840934753418,64.97154235839844,294.87646484375
2020-01-28,26.80095672607422,55.10194396972656,77.05000305175781,52.92451095581055,65.17041778564453,297.96661376953125
2020-01-29,26.701324462890625,54.3062858581543,75.20999908447266,52.272151947021484,66.51280212402344,297.7204284667969
2020-01-30,27.617937088012695,54.7376708984375,77.75,51.29819107055664,65.63776397705078,298.6866149902344
2020-01-31,26.741178512573242,53.43394088745117,74.80000305175781,50.517181396484375,64.22576904296875,293.2631530761719
2020-02-03,27.059999465942383,53.72153091430664,74.91000366210938,50.73770523071289,64.28543853759766,295.4416198730469
2020-02-04,28.43000030517578,55.53334045410156,78.88999938964844,51.16035842895508,65.39911651611328,299.94451904296875
2020-02-05,29.100000381469727,56.45362091064453,81.8499984741211,52.327274322509766,65.95596313476562,303.4083251953125
2020-02-06,28.299999237060547,55.77299499511719,80.5,53.03477478027344,63.65898132324219,304.42926025390625
2020-02-07,28.3799991607666,55.523746490478516,79.4800033569336,52.612125396728516,63.59932327270508,302.8067321777344
2020-02-10,28.790000915527344,55.32243728637695,79.47000122070312,52.75912094116211,64.0666732788086,305.0672607421875
2020-02-11,29.84000015258789,56.23313522338867,80.52999877929688,53.22772979736328,64.18599700927734,305.595947265625
2020-02-12,30.469999313354492,57.009620666503906,82.19999694824219,53.73307800292969,65.17041778564453,307.5649108886719
2020-02-13,30.09000015258789,56.68368911743164,80.98999786376953,53.788211822509766,66.125,307.2366638183594
2020-02-14,29.200000762939453,56.463199615478516,79.55000305175781,53.26448059082031,66.11000061035156,307.7289123535156
2020-02-18,28.6299991607666,56.2906494140625,80.23999786376953,52.92451095581055,65.48999786376953,306.9359436035156
2020-02-19,28.329999923706055,56.47693634033203,79.41999816894531,52.47429275512695,65.16999816894531,308.4034423828125
2020-02-20,28.510000228881836,56.35145568847656,79.91000366210938,52.31808853149414,65.36000061035156,307.1364440917969
2020-02-21,27.81999969482422,55.85918426513672,78.01000213623047,51.94136047363281,65.43000030517578,303.9734191894531
2020-02-24,25.450000762939453,52.34565734863281,75.47000122070312,49.71780014038086,63.0099983215332,293.8921203613281
2020-02-25,23.1200008392334,49.12171173095703,70.56999969482422,45.6290168762207,58.810001373291016,284.986572265625
2020-02-26,22.309999465942383,47.86688995361328,66.52999877929688,44.93071365356445,57.369998931884766,283.9382629394531
2020-02-27,20.600000381469727,46.515525817871094,64.94000244140625,42.844966888427734,52.959999084472656,271.1860656738281
2020-02-28,19.049999237060547,44.52711486816406,61.59000015258789,42.4406852722168,50.459999084472656,270.0467224121094
2020-03-02,18.860000610351562,45.52132797241211,61.2599983215332,43.13899612426758,50.029998779296875,281.7415466308594
2020-03-03,17.850000381469727,44.57538604736328,58.290000915527344,41.70010757446289,47.369998931884766,273.6745910644531
2020-03-04,18.530000686645508,46.814762115478516,59.470001220703125,43.28657531738281,49.689998626708984,285.17791748046875
2020-03-05,16.040000915527344,43.44602966308594,51.59000015258789,41.737003326416016,43.459999084472656,275.69818115234375
2020-03-06,15.970000267028809,44.29545211791992,52.099998474121094,42.17973709106445,45.209999084472656,271.1405029296875
2020-03-09,14.75,42.00780487060547,46.779998779296875,40.233551025390625,43.189998626708984,249.96595764160156
2020-03-10,17.0,43.890045166015625,52.560001373291016,42.022926330566406,46.779998779296875,262.9003601074219
2020-03-11,16.260000228881836,41.18733596801758,49.34000015258789,39.19127655029297,45.70000076293945,250.08445739746094
2020-03-12,13.449999809265137,32.538673400878906,37.08000183105469,33.26968765258789,35.08000183105469,226.15708923339844
2020-03-13,14.3100004196167,37.027103424072266,41.63999938964844,38.07521057128906,37.95000076293945,245.49041748046875
2020-03-16,15.920000076293945,34.565704345703125,35.470001220703125,34.60712432861328,32.529998779296875,218.6278839111328
2020-03-17,15.579999923706055,30.637121200561523,30.670000076293945,35.28044128417969,32.529998779296875,230.43211364746094
2020-03-18,11.649999618530273,22.673789978027344,21.3799991607666,32.42111587524414,25.1299991607666,218.76467895507812
2020-03-19,10.289999961853027,20.762588500976562,21.280000686645508,28.46417236328125,24.18000030517578,219.22947692871094
2020-03-20,10.380000114440918,20.6081485748291,24.5,29.4603271484375,23.559999465942383,209.78201293945312
2020-03-23,10.25,21.44791603088379,26.25,31.111356735229492,24.030000686645508,204.41824340820312
2020-03-24,13.920000076293945,25.95564842224121,33.0,34.73625183105469,28.90999984741211,222.93917846679688
2020-03-25,15.390000343322754,30.019359588623047,36.599998474121094,36.341163635253906,29.84000015258789,226.27664184570312
2020-03-26,15.65999984741211,30.598514556884766,35.54999923706055,38.02908706665039,32.4900016784668,239.48890686035156
2020-03-27,14.039999961853027,28.523216247558594,32.84000015258789,33.55562973022461,29.8700008392334,232.35557556152344
2020-03-30,12.25,27.67380142211914,30.15999984741211,32.37499237060547,28.329999923706055,239.90151977539062
2020-03-31,12.1899995803833,27.538660049438477,31.549999237060547,32.845394134521484,28.469999313354492,236.32565307617188
2020-04-01,10.6899995803833,23.040584564208984,25.649999618530273,29.552568435668945,26.350000381469727,225.68988037109375
2020-04-02,10.0600004196167,21.89193344116211,23.420000076293945,29.054485321044922,24.65999984741211,230.89768981933594
2020-04-03,9.390000343322754,21.698884963989258,22.889999389648438,28.169017791748047,24.690000534057617,227.56028747558594
2020-04-06,9.5,21.544443130493164,24.020000457763672,28.31658935546875,26.670000076293945,242.84466552734375
2020-04-07,10.220000267028809,21.47687530517578,24.479999542236328,30.22588539123535,29.030000686645508,243.09219360351562
2020-04-08,11.329999923706055,22.422822952270508,27.510000228881836,31.637107849121094,29.139999389648438,251.2523956298828
2020-04-09,12.510000228881836,23.54251480102539,31.5,33.63863754272461,31.610000610351562,255.0758056640625
2020-04-13,11.5600004196167,22.44212532043457,28.90999984741211,31.60021209716797,29.510000228881836,252.74696350097656
2020-04-14,11.949999809265137,23.687305450439453,30.899999618530273,32.079837799072266,31.049999237060547,260.2011413574219
2020-04-15,12.289999961853027,23.503908157348633,31.860000610351562,30.272003173828125,30.079999923706055,254.6724090576172
2020-04-16,11.069999694824219,21.988460540771484,28.209999084472656,28.298145294189453,28.260000228881836,255.90101623535156
2020-04-17,11.569999694824219,23.426687240600586,29.079999923706055,28.768552780151367,29.93000030517578,262.81439208984375
2020-04-20,11.0600004196167,22.81857681274414,27.790000915527344,28.648643493652344,29.229999542236328,258.18402099609375
2020-04-21,11.0,22.297340393066406,27.8799991607666,27.772397994995117,28.290000915527344,250.34481811523438
2020-04-22,10.270000457763672,21.689231872558594,25.8799991607666,27.40345001220703,27.530000686645508,255.90101623535156
2020-04-23,10.25,21.698884963989258,25.719999313354492,27.800073623657227,28.200000762939453,255.88267517089844
2020-04-24,10.3100004196167,21.631317138671875,25.559999465942383,27.052949905395508,28.010000228881836,259.4493713378906
2020-04-27,10.020000457763672,21.389999389648438,25.0,26.850032806396484,27.850000381469727,263.1902160644531
2020-04-28,11.260000228881836,23.494253158569336,27.84000015258789,27.385007858276367,31.579999923706055,261.97991943359375
2020-04-29,12.630000114440918,26.370704650878906,31.209999084472656,28.565631866455078,34.0,268.8382263183594
2020-04-30,12.010000228881836,25.00969886779785,29.579999923706055,28.82389259338379,32.52000045776367,266.3351135253906
2020-05-01,10.640000343322754,23.281896591186523,26.6200008392334,26.960718154907227,30.110000610351562,259.2843017578125
2020-05-04,9.819999694824219,21.78575325012207,25.260000228881836,25.420368194580078,28.770000457763672,259.99957275390625
2020-05-05,9.510000228881836,20.955638885498047,24.1200008392334,24.368871688842773,28.969999313354492,262.4017028808594
2020-05-06,9.25,20.270309448242188,22.90999984741211,22.994548797607422,27.829999923706055,260.6229248046875
2020-05-07,9.539999961853027,20.926679611206055,22.75,23.474180221557617,28.25,263.7677917480469
2020-05-08,10.140000343322754,21.9305419921875,25.420000076293945,25.088319778442383,30.0,268.1322021484375
2020-05-11,10.100000381469727,21.245214462280273,23.969999313354492,24.06449317932129,28.360000610351562,268.1872863769531
2020-05-12,9.649999618530273,20.299266815185547,22.760000228881836,23.28048324584961,26.850000381469727,262.841796875
2020-05-13,9.109999656677246,18.735557556152344,20.709999084472656,22.136749267578125,25.520000457763672,258.19317626953125
2020-05-14,9.149999618530273,18.706594467163086,20.299999237060547,22.85619354248047,26.139999389648438,261.2831115722656
2020-05-15,9.039999961853027,18.52320098876953,19.920000076293945,22.016841888427734,25.6299991607666,262.4842224121094
2020-05-18,9.869999885559082,21.10042381286621,24.1299991607666,24.98685646057129,29.049999237060547,270.47943115234375
2020-05-19,9.640000343322754,21.003902435302734,23.68000030517578,25.54027557373047,28.65999984741211,267.7013244628906
2020-05-20,9.869999885559082,21.9305419921875,24.90999984741211,26.88692855834961,30.260000228881836,272.2489318847656
2020-05-21,9.890000343322754,22.355255126953125,25.84000015258789,27.3019962310791,31.84000015258789,270.3693542480469
2020-05-22,9.699999809265137,21.90158462524414,25.399999618530273,26.6286678314209,31.020000457763672,270.8827819824219
2020-05-26,11.140000343322754,24.75873374938965,29.540000915527344,29.99529266357422,35.029998779296875,274.2201843261719
2020-05-27,11.979999542236328,25.40545654296875,30.690000534057617,31.046789169311523,35.7400016784668,278.30035400390625
2020-05-28,10.979999542236328,24.768386840820312,28.889999389648438,30.022966384887695,34.459999084472656,277.78692626953125
2020-05-29,10.5,24.33401870727539,28.040000915527344,29.60790252685547,34.189998626708984,279.0246887207031
2020-06-01,11.109999656677246,25.260662078857422,29.459999084472656,31.0098934173584,36.11000061035156,280.1524963378906
2020-06-02,11.220000267028809,25.492328643798828,29.90999984741211,31.803131103515625,36.20000076293945,282.47216796875
2020-06-03,11.850000381469727,27.480743408203125,33.650001525878906,33.5925178527832,39.29999923706055,286.2313232421875
2020-06-04,16.719999313354492,31.25489044189453,39.099998474121094,35.29889678955078,42.31999969482422,285.4795227050781
2020-06-05,18.59000015258789,32.97303771972656,42.40999984741211,35.215877532958984,42.720001220703125,292.7962951660156
2020-06-08,20.309999465942383,35.685394287109375,48.689998626708984,37.43878173828125,50.2400016784668,296.33544921875
2020-06-09,18.549999237060547,32.98268127441406,44.63999938964844,35.05908966064453,46.099998474121094,294.1257629394531
2020-06-10,17.020000457763672,30.540597915649414,39.720001220703125,34.256622314453125,41.47999954223633,292.4844970703125
2020-06-11,14.380000114440918,26.254878997802734,33.31999969482422,30.28122901916504,35.59000015258789,275.62310791015625
2020-06-12,16.739999771118164,29.372644424438477,39.65999984741211,33.08521270751953,38.470001220703125,278.92388916015625
2020-06-15,16.700000762939453,29.401601791381836,39.0,33.518733978271484,37.77000045776367,281.52783203125
2020-06-16,17.030000686645508,30.21240997314453,40.209999084472656,33.73087692260742,38.209999084472656,286.9465637207031
2020-06-17,16.979999542236328,29.652565002441406,39.25,33.491065979003906,37.40999984741211,285.75457763671875
2020-06-18,16.489999771118164,29.72013282775879,39.34000015258789,33.066768646240234,37.45000076293945,285.8646545410156
2020-06-19,16.0,28.48461151123047,36.84000015258789,31.867700576782227,36.290000915527344,284.23101806640625
2020-06-22,14.920000076293945,28.29155921936035,36.540000915527344,31.692445755004883,36.470001220703125,286.0543518066406
2020-06-23,14.0,28.610092163085938,36.08000183105469,32.05217361450195,36.83000183105469,287.3712463378906
2020-06-24,13.039999961853027,26.390012741088867,33.06999969482422,29.746259689331055,34.38999938964844,280.040771484375
2020-06-25,13.170000076293945,27.036727905273438,34.689998626708984,30.410356521606445,35.47999954223633,283.0429382324219
2020-06-26,12.380000114440918,25.974952697753906,32.88999938964844,29.478771209716797,34.29999923706055,276.3203125
2020-06-29,13.319999694824219,27.61587905883789,35.27000045776367,32.31965255737305,36.90999984741211,280.3815002441406
2020-06-30,13.069999694824219,27.075340270996094,34.61000061035156,31.52641487121582,36.2599983215332,283.9730224609375
2020-07-01,12.8100004196167,26.737503051757812,34.45000076293945,31.185150146484375,35.70000076293945,285.9622802734375
2020-07-02,12.5,26.75680923461914,34.13999938964844,31.47108268737793,36.4900016784668,287.5370178222656
2020-07-06,12.800000190734863,27.45178985595703,35.209999084472656,31.637107849121094,37.08000183105469,291.975830078125
2020-07-07,11.90999984741211,26.07147979736328,32.54999923706055,30.447254180908203,36.099998474121094,288.96441650390625
2020-07-08,11.989999771118164,26.07147979736328,32.529998779296875,30.336576461791992,36.2599983215332,291.1746520996094
2020-07-09,11.180000305175781,24.75873374938965,30.170000076293945,29.119050979614258,34.439998626708984,289.51690673828125
2020-07-10,11.9399995803833,26.148700714111328,32.66999816894531,30.640954971313477,35.72999954223633,292.47308349609375
2020-07-13,11.630000114440918,25.888080596923828,31.760000228881836,30.105981826782227,34.880001068115234,289.9405517578125
2020-07-14,11.569999694824219,25.20275115966797,31.739999771118164,30.668622970581055,35.4900016784668,293.697998046875
2020-07-15,13.4399995803833,27.606229782104492,36.369998931884766,32.97454071044922,38.7599983215332,296.396240234375
2020-07-16,12.449999809265137,26.312793731689453,34.4900016784668,31.554096221923828,37.279998779296875,295.4200744628906
2020-07-17,11.90999984741211,26.11008644104004,33.91999816894531,31.48029899597168,37.0,296.27642822265625
2020-07-20,11.470000267028809,25.308927536010742,32.33000183105469,30.419578552246094,35.88999938964844,298.67095947265625
2020-07-21,11.470000267028809,25.51163101196289,33.06999969482422,31.0098934173584,36.20000076293945,299.3063049316406
2020-07-22,11.359999656677246,25.337886810302734,31.670000076293945,30.714738845825195,36.29999923706055,301.0100402832031
2020-07-23,11.770000457763672,25.849468231201172,33.22999954223633,30.244338989257812,36.66999816894531,297.4184265136719
2020-07-24,11.390000343322754,25.057958602905273,32.880001068115234,29.20206642150879,35.060001373291016,295.50299072265625
2020-07-27,11.390000343322754,24.61394500732422,32.41999816894531,29.082157135009766,34.150001525878906,297.6579284667969
2020-07-28,11.770000457763672,25.03865623474121,33.459999084472656,29.78315544128418,35.0,295.7700500488281
2020-07-29,11.399999618530273,24.82630157470703,32.56999969482422,29.321975708007812,34.7599983215332,299.4076232910156
2020-07-30,11.180000305175781,24.073408126831055,31.739999771118164,28.556407928466797,34.65999984741211,298.3393249511719
2020-07-31,11.119999885559082,24.10236358642578,31.3799991607666,28.491844177246094,34.439998626708984,300.6968688964844
2020-08-03,11.079999923706055,24.324373245239258,31.8700008392334,29.128273010253906,34.0,302.7873840332031
2020-08-04,11.470000267028809,24.778038024902344,32.290000915527344,28.96224594116211,34.29999923706055,303.95684814453125
2020-08-05,12.5600004196167,25.550243377685547,33.72999954223633,30.179771423339844,35.7599983215332,305.8446960449219
2020-08-06,13.039999961853027,26.13904571533203,34.400001525878906,30.45648193359375,36.41999816894531,307.88922119140625
2020-08-07,13.029999732971191,26.23556900024414,34.33000183105469,30.6962947845459,36.61000061035156,308.1101989746094
2020-08-10,14.0,28.320514678955078,37.540000915527344,32.273536682128906,39.25,309.03118896484375
2020-08-11,13.729999542236328,28.610092163085938,36.83000183105469,32.55024719238281,38.97999954223633,306.4802551269531
2020-08-12,13.539999961853027,28.079206466674805,36.400001525878906,32.51335525512695,38.459999084472656,310.75323486328125
2020-08-13,13.300000190734863,27.7027587890625,35.810001373291016,32.01527404785156,37.790000915527344,310.1915283203125
2020-08-14,13.329999923706055,27.944068908691406,36.18000030517578,32.19053649902344,37.68000030517578,310.2007141113281
2020-08-17,12.619999885559082,27.046384811401367,34.400001525878906,31.185150146484375,36.2599983215332,311.18597412109375
2020-08-18,12.600000381469727,26.66993522644043,33.97999954223633,31.507978439331055,36.189998626708984,311.8583984375
2020-08-19,12.680000305175781,26.708547592163086,34.439998626708984,31.60944366455078,35.849998474121094,310.55987548828125
2020-08-20,12.5,26.66028594970703,34.04999923706055,31.784683227539062,35.77000045776367,311.5268249511719
2020-08-21,12.15999984741211,26.32244110107422,33.040000915527344,31.9968204498291,35.43000030517578,312.6319580078125
2020-08-24,13.4399995803833,28.76453399658203,36.31999969482422,34.04447937011719,37.52000045776367,315.7998046875
2020-08-25,13.140000343322754,29.054113388061523,35.220001220703125,34.18283462524414,37.709999084472656,316.90496826171875
2020-08-26,12.789999961853027,28.909318923950195,34.25,33.55562973022461,36.689998626708984,320.0821533203125
2020-08-27,13.279999732971191,29.749094009399414,36.220001220703125,34.72703170776367,38.5,320.7820739746094
2020-08-28,13.59000015258789,30.878437042236328,37.34000015258789,35.79697799682617,40.72999954223633,322.85406494140625
2020-08-31,13.050000190734863,29.77804946899414,36.0,34.6624641418457,38.95000076293945,321.6845397949219
2020-09-01,13.100000381469727,29.642913818359375,36.0099983215332,34.96683883666992,39.150001525878906,324.7143249511719
2020-09-02,13.229999542236328,30.057971954345703,36.88999938964844,36.129024505615234,40.470001220703125,329.41094970703125
2020-09-03,13.359999656677246,30.13519287109375,37.400001525878906,35.73240280151367,40.38999938964844,318.07452392578125
2020-09-04,13.609999656677246,30.66608428955078,38.209999084472656,36.33194351196289,40.81999969482422,315.4775390625
2020-09-08,13.630000114440918,31.40932846069336,37.279998779296875,37.35576629638672,41.599998474121094,306.8577880859375
2020-09-09,13.050000190734863,30.656429290771484,36.029998779296875,36.175140380859375,40.66999816894531,312.9174499511719
2020-09-10,13.010000228881836,30.685388565063477,36.45000076293945,35.916873931884766,40.88999938964844,307.4839782714844
2020-09-11,12.949999809265137,30.598514556884766,36.06999969482422,35.92610549926758,40.33000183105469,307.6405944824219
2020-09-14,13.260000228881836,31.679595947265625,36.7400016784668,36.949928283691406,41.5099983215332,311.69256591796875
2020-09-15,13.140000343322754,32.34561538696289,36.79999923706055,37.45723342895508,42.18000030517578,313.267333984375
2020-09-16,13.800000190734863,33.36878967285156,38.29999923706055,38.831546783447266,43.119998931884766,312.0241394042969
2020-09-17,13.630000114440918,32.77998733520508,38.349998474121094,37.263526916503906,42.150001525878906,309.2797546386719
2020-09-18,13.1899995803833,31.69890022277832,36.970001220703125,36.737789154052734,41.040000915527344,305.7191467285156
2020-09-21,12.210000038146973,28.78384017944336,33.790000915527344,34.60712432861328,37.63999938964844,302.316650390625
2020-09-22,12.34000015258789,29.16994285583496,34.06999969482422,35.16054153442383,37.880001068115234,305.3955383300781
2020-09-23,11.930000305175781,28.532873153686523,33.08000183105469,34.63478469848633,36.86000061035156,298.3131408691406
2020-09-24,11.770000457763672,28.001983642578125,32.7400016784668,33.998355865478516,35.70000076293945,299.1082458496094
2020-09-25,12.289999961853027,28.745229721069336,34.20000076293945,34.219722747802734,36.70000076293945,303.9439392089844
2020-09-28,12.760000228881836,30.25102424621582,35.939998626708984,35.27122497558594,37.540000915527344,308.9923095703125
2020-09-29,12.25,29.546390533447266,34.5099983215332,34.690128326416016,36.66999816894531,307.30950927734375
2020-09-30,12.289999961853027,29.51742935180664,34.75,34.58866882324219,36.630001068115234,309.63946533203125
2020-10-01,12.579999923706055,30.019359588623047,35.18000030517578,34.985286712646484,36.90999984741211,311.6273498535156
2020-10-02,13.0,30.64677619934082,36.0099983215332,35.750850677490234,37.52000045776367,308.6686706542969
2020-10-05,13.119999885559082,30.888090133666992,36.20000076293945,35.50181198120117,37.56999969482422,314.1423645019531
2020-10-06,12.529999732971191,29.980749130249023,34.880001068115234,34.6624641418457,36.09000015258789,309.67645263671875
2020-10-07,13.069999694824219,31.032875061035156,36.380001068115234,35.594051361083984,37.02000045776367,315.06689453125
2020-10-08,13.15999984741211,31.544462203979492,37.0,35.96299743652344,38.630001068115234,317.85919189453125
2020-10-09,13.199999809265137,31.66994285583496,37.119998931884766,36.64554977416992,38.689998626708984,320.6976318359375
2020-10-12,12.920000076293945,31.50585174560547,36.380001068115234,36.14746856689453,38.40999984741211,325.8569641113281
2020-10-13,12.220000267028809,30.66608428955078,35.2599983215332,36.092124938964844,38.0,323.7303161621094
2020-10-14,12.359999656677246,30.656429290771484,35.61000061035156,36.20280838012695,38.54999923706055,321.6962585449219
2020-10-15,12.229999542236328,30.25102424621582,34.25,35.78774642944336,38.029998779296875,321.2986755371094
2020-10-16,12.460000038146973,30.376502990722656,34.15999984741211,36.59942626953125,39.349998474121094,321.10455322265625
2020-10-19,12.5600004196167,30.40546417236328,35.5,36.756229400634766,39.58000183105469,316.22259521484375
2020-10-20,12.800000190734863,30.86878204345703,36.060001373291016,37.04216003417969,39.93000030517578,317.4893493652344
2020-10-21,12.75,30.40546417236328,35.540000915527344,36.74700927734375,39.689998626708984,316.8883361816406
2020-10-22,13.149999618530273,32.54832458496094,37.2400016784668,38.67474365234375,40.59000015258789,318.6265869140625
2020-10-23,12.600000381469727,32.8185920715332,38.0099983215332,39.467979431152344,41.56999969482422,319.7083435058594
2020-10-26,11.800000190734863,30.82052230834961,35.34000015258789,37.9091796875,38.58000183105469,313.8002014160156
2020-10-27,11.229999542236328,29.642913818359375,34.16999816894531,36.83000946044922,37.470001220703125,312.7183837890625
2020-10-28,10.949999809265137,28.619747161865234,32.599998474121094,35.178985595703125,35.709999084472656,302.0299987792969
2020-10-29,11.15999984741211,29.69117546081543,33.56999969482422,36.49795913696289,36.779998779296875,305.0996398925781
2020-10-30,11.279999732971191,29.575345993041992,33.86000061035156,36.4610710144043,37.88999938964844,301.9190979003906
2020-11-02,11.1899995803833,29.16994285583496,33.779998779296875,35.41880416870117,38.27000045776367,305.3031311035156
2020-11-03,11.25,29.826316833496094,34.02000045776367,35.833866119384766,38.560001373291016,310.6934814453125
2020-11-04,11.010000228881836,29.372644424438477,33.34000015258789,35.907657623291016,37.79999923706055,317.6372375488281
2020-11-05,11.600000381469727,30.86878204345703,35.349998474121094,37.86307144165039,39.18000030517578,323.8321228027344
2020-11-06,11.460000038146973,30.328245162963867,34.68000030517578,36.90380859375,38.2599983215332,323.7580871582031
2020-11-09,13.199999809265137,35.492340087890625,41.31999969482422,40.482582092285156,45.90999984741211,327.826416015625
2020-11-10,12.380000114440918,35.75296401977539,40.04999923706055,41.33115768432617,45.52000045776367,327.3456115722656
2020-11-11,12.039999961853027,33.80315399169922,38.5099983215332,39.86460494995117,44.34000015258789,329.7773132324219
2020-11-12,11.739999771118164,33.18538284301758,36.849998474121094,38.66552734375,42.40999984741211,326.5781555175781
2020-11-13,12.239999771118164,35.19312286376953,38.9900016784668,40.473358154296875,44.65999984741211,331.0995178222656
2020-11-16,12.789999961853027,36.67961120605469,41.0,42.04137420654297,47.15999984741211,335.232421875
2020-11-17,12.699999809265137,36.29350662231445,40.599998474121094,42.115169525146484,47.459999084472656,333.4293518066406
2020-11-18,12.739999771118164,36.59273147583008,41.04999923706055,42.05982208251953,47.720001220703125,329.4166564941406
2020-11-19,12.789999961853027,36.59273147583008,40.939998626708984,42.502559661865234,48.4900016784668,330.8035583496094
2020-11-20,12.529999732971191,35.8398323059082,39.900001525878906,42.004478454589844,47.720001220703125,328.5382385253906
2020-11-23,13.5600004196167,37.4421501159668,40.93000030517578,43.175880432128906,49.720001220703125,330.5076904296875
2020-11-24,14.819999694824219,39.82632827758789,44.959999084472656,44.50408935546875,52.369998931884766,335.8334045410156
2020-11-25,14.9399995803833,39.85528564453125,45.63999938964844,44.522544860839844,52.470001220703125,335.315673828125
2020-11-27,14.979999542236328,39.63328170776367,45.29999923706055,44.02445983886719,51.54999923706055,336.2495422363281
2020-11-30,14.130000114440918,38.85143280029297,45.04999923706055,42.742374420166016,50.970001220703125,334.7608947753906
2020-12-01,14.270000457763672,38.57149887084961,45.31999969482422,43.60017395019531,50.939998626708984,338.42230224609375
2020-12-02,14.859999656677246,39.64292907714844,46.72999954223633,43.75697708129883,51.290000915527344,339.1342468261719
2020-12-03,16.09000015258789,41.45760726928711,49.90999984741211,44.10747528076172,53.0099983215332,339.041748046875
2020-12-04,16.399999618530273,40.88810729980469,49.2400016784668,43.89533233642578,52.939998626708984,341.9635314941406
2020-12-07,17.209999084472656,40.87845993041992,49.20000076293945,44.17203903198242,51.0099983215332,341.2608337402344
2020-12-08,17.6299991607666,40.93637466430664,49.040000915527344,43.609397888183594,50.970001220703125,342.2593688964844
2020-12-09,17.15999984741211,40.646793365478516,48.02000045776367,42.20740509033203,50.36000061035156,339.189697265625
2020-12-10,17.989999771118164,41.139068603515625,49.63999938964844,43.16667175292969,51.290000915527344,339.07879638671875
2020-12-11,17.049999237060547,40.28965377807617,48.36000061035156,42.31809616088867,49.880001068115234,338.6812438964844
2020-12-14,16.700000762939453,39.2761344909668,46.720001220703125,41.7462272644043,48.93000030517578,337.1648864746094
2020-12-15,17.010000228881836,40.39582061767578,47.459999084472656,42.816158294677734,50.33000183105469,341.72308349609375
2020-12-16,16.860000610351562,39.652584075927734,46.0,42.17973709106445,49.75,342.2593688964844
2020-12-17,16.799999237060547,39.68153762817383,45.880001068115234,42.788490295410156,50.16999816894531,344.17333984375
2020-12-18,16.510000228881836,39.26648712158203,44.7400016784668,42.45643615722656,50.349998474121094,342.7990417480469
2020-12-21,16.100000381469727,38.74524688720703,44.060001373291016,42.24429702758789,50.220001220703125,341.5733642578125
2020-12-22,15.479999542236328,37.586944580078125,42.970001220703125,41.80156326293945,50.349998474121094,340.9976806640625
2020-12-23,15.890000343322754,38.841773986816406,44.11000061035156,43.120548248291016,51.84000015258789,341.3041687011719
2020-12-24,15.65999984741211,38.349491119384766,43.2599983215332,42.68703079223633,52.25,342.6319274902344
2020-12-28,16.059999465942383,38.75490188598633,43.91999816894531,42.539451599121094,52.58000183105469,345.5754089355469
2020-12-29,15.859999656677246,38.639068603515625,43.7400016784668,42.56713104248047,52.029998779296875,344.91607666015625
2020-12-30,16.149999618530273,39.15065002441406,44.650001525878906,42.806941986083984,52.900001525878906,345.4083251953125
2020-12-31,15.770000457763672,38.81281280517578,43.25,42.991416931152344,52.0,347.16314697265625
2021-01-04,15.130000114440918,37.38424301147461,41.630001068115234,41.54330062866211,49.2400016784668,342.4369201660156
2021-01-05,15.430000305175781,38.175750732421875,43.400001525878906,42.09672546386719,49.86000061035156,344.79541015625
2021-01-06,15.520000457763672,38.976905822753906,43.540000915527344,43.120548248291016,51.52000045776367,346.8567199707031
2021-01-07,15.380000114440918,38.83212661743164,43.619998931884766,43.655521392822266,51.31999969482422,352.01025390625
2021-01-08,15.130000114440918,38.62941360473633,43.290000915527344,43.33269119262695,50.97999954223633,354.01580810546875
2021-01-11,15.0,38.040611267089844,42.70000076293945,43.75697708129883,50.150001525878906,351.6295166015625
2021-01-12,15.380000114440918,38.89968490600586,44.08000183105469,44.39340591430664,51.689998626708984,351.7037658691406
2021-01-13,15.529999732971191,39.044471740722656,44.43000030517578,44.2642822265625,51.849998474121094,352.6509704589844
2021-01-14,16.440000534057617,40.02903747558594,46.290000915527344,45.02983856201172,55.41999816894531,351.41595458984375
2021-01-15,15.760000228881836,38.59080123901367,43.88999938964844,43.037532806396484,53.650001525878906,348.8531799316406
2021-01-19,15.970000267028809,38.90933609008789,44.75,43.268131256103516,54.709999084472656,351.5922546386719
2021-01-20,16.170000076293945,40.17382049560547,45.18000030517578,44.46720504760742,55.810001373291016,356.4579772949219
2021-01-21,15.829999923706055,39.25682830810547,42.59000015258789,44.061363220214844,54.959999084472656,356.7828674316406
2021-01-22,15.819999694824219,38.61011505126953,42.13999938964844,43.710853576660156,54.470001220703125,355.5201416015625
2021-01-25,15.430000305175781,37.548336029052734,40.380001068115234,42.078269958496094,52.900001525878906,356.92218017578125
2021-01-26,15.529999732971191,37.95374298095703,41.25,42.2535285949707,51.83000183105469,356.36505126953125
2021-01-27,16.559999465942383,37.18153762817383,40.90999984741211,40.72239685058594,48.849998474121094,347.65533447265625
2021-01-28,18.100000381469727,38.68733596801758,42.54999923706055,41.137451171875,50.66999816894531,350.6452331542969
2021-01-29,17.170000076293945,36.640995025634766,39.9900016784668,40.52870559692383,48.83000183105469,343.6254577636719
2021-02-01,16.84000015258789,36.505863189697266,39.939998626708984,41.31271743774414,49.88999938964844,349.3452453613281
2021-02-02,16.59000015258789,37.45180892944336,40.83000183105469,42.078269958496094,50.65999984741211,354.2851867675781
2021-02-03,17.600000381469727,38.39775466918945,42.040000915527344,42.93606948852539,52.540000915527344,354.563720703125
2021-02-04,17.399999618530273,39.5078010559082,42.40999984741211,45.315773010253906,54.47999954223633,358.59356689453125
2021-02-05,17.190000534057617,39.72015380859375,42.13999938964844,46.16435241699219,54.18000030517578,360.0050048828125
2021-02-08,17.770000457763672,41.73754119873047,44.349998474121094,48.18431854248047,57.08000183105469,362.6048583984375
2021-02-09,17.440000534057617,41.032901763916016,43.31999969482422,47.20662307739258,55.7400016784668,362.3634338378906
2021-02-10,17.40999984741211,41.40934753417969,43.779998779296875,47.298858642578125,57.36000061035156,362.2055969238281
2021-02-11,16.989999771118164,41.235599517822266,43.439998626708984,47.427978515625,57.689998626708984,362.79052734375
2021-02-12,17.270000457763672,41.78580093383789,43.939998626708984,47.35420608520508,57.560001373291016,364.5826416015625
2021-02-16,17.81999969482422,43.098548889160156,45.709999084472656,47.92606735229492,59.939998626708984,364.2668762207031
2021-02-17,17.989999771118164,42.847572326660156,46.08000183105469,48.368797302246094,59.9900016784668,364.3504943847656
2021-02-18,17.709999084472656,42.83791732788086,44.959999084472656,47.91683578491211,59.900001525878906,362.7998352050781
2021-02-19,18.68000030517578,44.08308792114258,48.029998779296875,48.710079193115234,62.279998779296875,362.1591491699219
2021-02-22,20.440000534057617,46.08116912841797,49.70000076293945,50.53636169433594,63.61000061035156,359.3735656738281
2021-02-23,20.65999984741211,46.66032028198242,50.61000061035156,52.31651306152344,66.5199966430664,359.8099670410156
2021-02-24,21.81999969482422,47.876529693603516,54.959999084472656,54.68699264526367,67.44999694824219,363.7747802734375
2021-02-25,20.860000610351562,46.573448181152344,51.779998779296875,53.7830810546875,65.55999755859375,355.0093994140625
2021-02-26,20.940000534057617,46.27421569824219,52.68000030517578,53.61705780029297,65.0199966430664,353.18017578125
2021-03-01,21.18000030517578,46.39004898071289,53.310001373291016,53.552490234375,64.83000183105469,361.7413024902344
2021-03-02,21.440000534057617,46.55414962768555,53.209999084472656,53.321903228759766,65.41999816894531,358.91851806640625
2021-03-03,22.170000076293945,46.66997146606445,54.56999969482422,53.33112335205078,65.95999908447266,354.1644287109375
2021-03-04,21.239999771118164,45.32826614379883,52.04999923706055,51.7262077331543,64.62000274658203,349.78167724609375
2021-03-05,20.450000762939453,44.604331970214844,50.52000045776367,52.5009880065918,64.88999938964844,356.2165222167969
2021-03-08,21.469999313354492,46.21630859375,54.060001373291016,55.849178314208984,67.98999786376953,354.4429931640625
2021-03-09,21.600000381469727,45.96533966064453,53.43000030517578,54.35494613647461,66.88999938964844,359.5035400390625
2021-03-10,21.75,46.13908386230469,53.91999816894531,53.967552185058594,66.38999938964844,361.7413024902344
2021-03-11,22.149999618530273,46.641014099121094,54.060001373291016,53.930660247802734,65.69000244140625,365.4090270996094
2021-03-12,23.3700008392334,48.098548889160156,56.290000915527344,56.291908264160156,68.0199966430664,365.9010925292969
2021-03-15,25.170000076293945,49.218238830566406,60.939998626708984,57.27884292602539,71.9800033569336,368.0832214355469
2021-03-16,24.469999313354492,47.67383575439453,59.810001373291016,55.8399543762207,70.5999984741211,367.6190185546875
2021-03-17,25.15999984741211,48.68735122680664,62.45000076293945,56.974456787109375,73.19999694824219,368.87255859375
2021-03-18,24.700000762939453,47.471134185791016,60.81999969482422,56.20889663696289,70.58999633789062,363.50555419921875
2021-03-19,24.969999313354492,47.29738998413086,60.77000045776367,56.310359954833984,70.77999877929688,362.83294677734375
2021-03-22,23.829999923706055,46.30317687988281,58.33000183105469,54.84379577636719,68.55999755859375,365.73016357421875
2021-03-23,22.270000457763672,44.05413818359375,54.36000061035156,53.14664840698242,65.66000366210938,362.8515625
2021-03-24,21.809999465942383,44.02518081665039,53.83000183105469,53.22043991088867,65.41999816894531,361.0070495605469
2021-03-25,22.770000457763672,45.37653350830078,56.04999923706055,55.25886535644531,67.75,363.03790283203125
2021-03-26,22.93000030517578,46.00394821166992,56.83000183105469,56.5317268371582,68.31999969482422,368.88824462890625
2021-03-29,22.90999984741211,45.67576217651367,56.20000076293945,56.22734451293945,67.5,368.70196533203125
2021-03-30,24.1200008392334,47.20087432861328,58.209999084472656,57.10359191894531,69.94000244140625,367.7238464355469
2021-03-31,23.899999618530273,46.6024055480957,57.540000915527344,56.319580078125,69.20999908447266,369.21429443359375
2021-04-01,23.860000610351562,47.133296966552734,57.81999969482422,56.54094696044922,69.48999786376953,373.2014465332031
2021-04-05,24.229999542236328,48.50395584106445,59.290000915527344,58.081295013427734,71.08999633789062,378.5580749511719
2021-04-06,24.059999465942383,49.85531234741211,59.47999954223633,59.12356948852539,73.73999786376953,378.33447265625
2021-04-07,23.93000030517578,48.4556884765625,59.56999969482422,58.58860778808594,72.36000061035156,378.7723693847656
2021-04-08,23.649999618530273,48.079246520996094,59.43000030517578,58.53325653076172,72.69000244140625,380.5703125
2021-04-09,23.540000915527344,47.558006286621094,58.43000030517578,58.496360778808594,72.62999725341797,383.33709716796875
2021-04-12,22.90999984741211,47.12363815307617,56.15999984741211,57.79536819458008,71.30000305175781,383.47686767578125
2021-04-13,22.559999465942383,46.583091735839844,56.65999984741211,58.32112121582031,70.22000122070312,384.61328125
2021-04-14,22.3700008392334,46.49623107910156,56.91999816894531,58.13664245605469,70.56999969482422,383.29986572265625
2021-04-15,22.1299991607666,45.19313430786133,56.119998931884766,58.053619384765625,69.43000030517578,387.41748046875
2021-04-16,22.030000686645508,45.01939392089844,55.869998931884766,57.54633331298828,69.33000183105469,388.7122497558594
2021-04-19,21.549999237060547,44.54642105102539,54.9900016784668,57.21427917480469,68.7699966430664,386.8025817871094
2021-04-20,20.3700008392334,42.905479431152344,50.29999923706055,55.203521728515625,66.9000015258789,383.9705505371094
2021-04-21,21.010000228881836,44.112056732177734,51.86000061035156,57.223506927490234,68.83000183105469,387.60369873046875
2021-04-22,20.06999969482422,43.098548889160156,51.029998779296875,56.32880783081055,66.95999908447266,384.0637512207031
2021-04-23,21.110000610351562,44.208580017089844,53.11000061035156,56.75308609008789,69.20999908447266,388.2279052734375
2021-04-26,22.040000915527344,44.99042510986328,53.779998779296875,57.158935546875,69.4800033569336,389.038330078125
2021-04-27,21.760000228881836,44.72981643676758,53.47999954223633,57.5555534362793,69.08000183105469,388.9544982910156
2021-04-28,21.700000762939453,44.82633972167969,53.54999923706055,56.974456787109375,68.6500015258789,388.8426818847656
2021-04-29,21.299999237060547,44.768428802490234,53.689998626708984,57.435638427734375,68.56999969482422,391.32073974609375
2021-04-30,21.719999313354492,45.2896614074707,54.400001525878906,57.90604782104492,69.13999938964844,388.74957275390625
2021-05-03,21.950000762939453,44.951820373535156,54.459999084472656,57.324954986572266,68.69000244140625,389.58807373046875
2021-05-04,21.420000076293945,43.108184814453125,52.79999923706055,56.09821319580078,66.55999755859375,387.1845703125
2021-05-05,21.56999969482422,43.629425048828125,53.27000045776367,56.1074333190918,66.91000366210938,387.30560302734375
2021-05-06,21.489999771118164,43.368812561035156,53.04999923706055,55.978309631347656,67.04000091552734,390.39849853515625
2021-05-07,22.0,44.507808685302734,54.72999954223633,56.87299728393555,67.9000015258789,393.2397155761719
2021-05-10,22.0,43.8514289855957,54.029998779296875,56.587059020996094,67.08999633789062,389.34576416015625
2021-05-11,21.56999969482422,42.973052978515625,52.70000076293945,55.13895797729492,65.54000091552734,385.8709716796875
2021-05-12,20.760000228881836,41.53482437133789,51.0099983215332,53.690834045410156,64.7699966430664,377.6730651855469
2021-05-13,21.209999084472656,42.442161560058594,52.43000030517578,55.277313232421875,67.16000366210938,382.2098083496094
2021-05-14,22.399999618530273,44.70085906982422,55.279998779296875,57.463314056396484,69.83999633789062,388.0788269042969
2021-05-17,23.350000381469727,45.12556838989258,56.56999969482422,57.27884292602539,71.66999816894531,387.0913391113281
2021-05-18,23.559999465942383,45.10626220703125,56.380001068115234,57.25117111206055,70.29000091552734,383.75634765625
2021-05-19,22.969999313354492,44.53676223754883,55.790000915527344,55.701595306396484,69.33000183105469,382.7501525878906
2021-05-20,22.600000381469727,43.832130432128906,55.09000015258789,55.26808166503906,68.43000030517578,386.8677978515625
2021-05-21,22.56999969482422,43.63908004760742,55.29999923706055,55.42488479614258,68.06999969482422,386.5509948730469
2021-05-24,22.989999771118164,44.56572341918945,56.13999938964844,55.96908187866211,69.25,390.4917297363281
2021-05-25,23.209999084472656,45.0483512878418,56.97999954223633,55.849178314208984,68.25,389.625244140625
2021-05-26,23.899999618530273,45.8398551940918,58.0099983215332,56.45793533325195,69.63999938964844,390.39849853515625
2021-05-27,24.43000030517578,46.380393981933594,59.130001068115234,56.93756103515625,70.43000030517578,390.6033935546875
2021-05-28,24.239999771118164,46.023250579833984,58.349998474121094,56.68852233886719,69.19999694824219,391.30206298828125
2021-06-01,24.670000076293945,46.04255676269531,59.66999816894531,56.587059020996094,69.54000091552734,390.9574890136719
2021-06-02,25.81999969482422,46.1101188659668,60.290000915527344,56.14433670043945,67.83999633789062,391.5722351074219
2021-06-03,24.93000030517578,44.52711486816406,57.72999954223633,53.73695755004883,65.45999908447266,390.11907958984375
2021-06-04,24.299999237060547,44.38232421875,56.93000030517578,54.00444412231445,65.44999694824219,393.6869812011719
2021-06-07,24.25,44.478851318359375,57.29999923706055,53.75540542602539,65.55999755859375,393.3050231933594
2021-06-08,24.219999313354492,45.40549087524414,57.72999954223633,54.32727813720703,66.30000305175781,393.3888244628906
2021-06-09,23.850000381469727,44.903560638427734,57.22999954223633,53.88452911376953,65.62000274658203,392.80194091796875
2021-06-10,23.459999084472656,44.671897888183594,56.2599983215332,53.035953521728516,64.9000015258789,394.6278381347656
2021-06-11,23.530000686645508,44.88425064086914,56.52000045776367,53.10052490234375,65.4800033569336,395.280029296875
2021-06-14,22.989999771118164,44.30510711669922,55.7400016784668,52.833038330078125,64.44999694824219,396.1650390625
2021-06-15,22.790000915527344,43.947959899902344,55.290000915527344,52.68546676635742,64.33000183105469,395.4383850097656
2021-06-16,22.829999923706055,43.93830108642578,55.599998474121094,52.27040100097656,63.93000030517578,393.2304992675781
2021-06-17,22.229999542236328,43.02131271362305,54.2400016784668,51.255802154541016,62.63999938964844,393.1000671386719
2021-06-18,22.290000915527344,43.397769927978516,54.91999816894531,50.905303955078125,63.310001373291016,387.7969970703125
2021-06-21,22.450000762939453,44.17961883544922,55.689998626708984,51.92912673950195,65.0199966430664,393.34869384765625
2021-06-22,22.110000610351562,43.793521881103516,55.16999816894531,51.42182159423828,64.20999908447266,395.4516296386719
2021-06-23,22.200000762939453,43.69699478149414,55.119998931884766,50.905303955078125,63.779998779296875,394.9749450683594
2021-06-24,22.350000381469727,43.34950637817383,54.34000015258789,50.41645431518555,63.54999923706055,397.3114929199219
2021-06-25,22.219999313354492,42.88618087768555,53.880001068115234,50.31499099731445,63.27000045776367,398.7228698730469
2021-06-28,21.389999389648438,41.621700286865234,52.4900016784668,49.097469329833984,61.45000076293945,399.5265808105469
2021-06-29,21.079999923706055,41.38037872314453,52.150001525878906,48.811527252197266,60.130001068115234,399.74151611328125
2021-06-30,21.209999084472656,41.756832122802734,52.290000915527344,48.96833419799805,60.310001373291016,400.07806396484375
2021-07-01,21.510000228881836,42.6931266784668,53.08000183105469,49.67856216430664,61.43000030517578,402.29302978515625
2021-07-02,21.479999542236328,42.61591720581055,52.77000045776367,49.494083404541016,60.709999084472656,405.3680725097656
2021-07-06,21.010000228881836,41.73754119873047,51.439998626708984,48.29500961303711,59.189998626708984,404.6296691894531
2021-07-07,20.309999465942383,41.061851501464844,50.29999923706055,47.39109420776367,57.619998931884766,406.0596618652344
2021-07-08,20.350000381469727,40.60818862915039,49.65999984741211,47.21584701538086,57.779998779296875,402.7510681152344
2021-07-09,20.889999389648438,41.428646087646484,51.099998474121094,48.73774337768555,59.380001068115234,407.05035400390625
2021-07-12,20.84000015258789,41.361087799072266,50.619998931884766,48.86687088012695,59.66999816894531,408.5084228515625
2021-07-13,20.020000457763672,39.89390182495117,48.5,47.566341400146484,57.619998931884766,407.1158142089844
2021-07-14,20.6200008392334,39.26648712158203,48.15999984741211,47.94450759887695,57.54999923706055,407.72332763671875
2021-07-15,20.459999084472656,39.913204193115234,47.709999084472656,47.760040283203125,56.90999984741211,406.3307800292969
2021-07-16,19.790000915527344,38.668025970458984,46.0099983215332,46.035221099853516,54.619998931884766,403.14349365234375
2021-07-19,18.969999313354492,37.220149993896484,43.459999084472656,44.734683990478516,52.83000183105469,397.1900329589844
2021-07-20,20.559999465942383,39.24717712402344,46.31999969482422,47.43721389770508,55.47999954223633,402.88189697265625
2021-07-21,21.399999618530273,40.16416931152344,48.099998474121094,49.00522994995117,57.59000015258789,406.1437683105469
2021-07-22,21.15999984741211,39.63328170776367,47.95000076293945,47.308082580566406,57.97999954223633,406.9942626953125
2021-07-23,21.200000762939453,39.0058708190918,47.529998779296875,46.76388931274414,58.25,411.1814270019531
2021-07-26,22.079999923706055,40.22208023071289,49.459999084472656,47.760040283203125,60.560001373291016,412.1907958984375
2021-07-27,21.459999084472656,39.53675842285156,48.650001525878906,47.178958892822266,59.31999969482422,410.3122253417969
2021-07-28,21.6299991607666,39.86494445800781,49.13999938964844,47.74159240722656,59.65999984741211,410.14404296875
2021-07-29,21.170000076293945,39.79737091064453,48.4900016784668,47.54789733886719,58.849998474121094,411.8450012207031
2021-07-30,20.3799991607666,38.51359176635742,46.720001220703125,46.597862243652344,58.029998779296875,409.84490966796875
2021-08-02,20.059999465942383,38.079227447509766,46.06999969482422,45.87841796875,56.709999084472656,408.9850769042969
2021-08-03,19.950000762939453,38.38810348510742,46.540000915527344,46.71778106689453,57.189998626708984,412.31231689453125
2021-08-04,19.450000762939453,37.0174446105957,45.279998779296875,45.1036376953125,55.2400016784668,410.2841796875
2021-08-05,20.90999984741211,38.6004638671875,47.2400016784668,46.533302307128906,57.560001373291016,412.8824768066406
2021-08-06,21.020000457763672,38.91899108886719,47.619998931884766,46.78233337402344,57.869998931884766,413.56475830078125
2021-08-09,20.559999465942383,37.92477798461914,46.45000076293945,45.850746154785156,56.86000061035156,413.2283020019531
2021-08-10,20.940000534057617,39.05413055419922,47.68000030517578,47.142066955566406,58.470001220703125,413.7423400878906
2021-08-11,21.229999542236328,39.86494445800781,48.209999084472656,47.81537628173828,59.45000076293945,414.77044677734375
2021-08-12,20.43000030517578,39.12169647216797,47.2400016784668,47.031368255615234,58.56999969482422,416.013427734375
2021-08-13,19.84000015258789,38.51359176635742,46.4900016784668,46.49639892578125,57.619998931884766,416.7704772949219
2021-08-16,19.760000228881836,38.542537689208984,46.29999923706055,46.219688415527344,57.36000061035156,417.7519226074219
2021-08-17,19.34000015258789,37.43250274658203,45.290000915527344,44.94682693481445,55.2400016784668,415.0134582519531
2021-08-18,19.139999389648438,37.30702209472656,45.040000915527344,44.67934036254883,54.88999938964844,410.4711608886719
2021-08-19,18.729999542236328,36.61203384399414,43.93000030517578,43.775421142578125,53.97999954223633,411.10662841796875
2021-08-20,18.5,36.79542922973633,44.029998779296875,43.683189392089844,54.349998474121094,414.3778991699219
2021-08-23,19.110000610351562,37.84756088256836,45.529998779296875,44.92837905883789,55.150001525878906,418.0229187011719
2021-08-24,19.829999923706055,39.12169647216797,47.119998931884766,46.86534881591797,57.119998931884766,418.6864929199219
2021-08-25,20.149999618530273,39.86494445800781,47.59000015258789,47.271183013916016,57.65999984741211,419.56512451171875
2021-08-26,19.899999618530273,39.35335922241211,47.0099983215332,46.367271423339844,57.18000030517578,417.0883483886719
2021-08-27,20.219999313354492,40.077293395996094,47.709999084472656,46.9299201965332,58.220001220703125,420.8174133300781
2021-08-30,19.510000228881836,38.52323913574219,45.90999984741211,45.3526725769043,56.709999084472656,422.66802978515625
2021-08-31,19.940000534057617,39.034820556640625,46.5099983215332,45.91530227661133,57.34000015258789,422.04180908203125
2021-09-01,19.639999389648438,38.996212005615234,46.189998626708984,45.703163146972656,57.22999954223633,422.26611328125
2021-09-02,19.760000228881836,39.40162658691406,46.7599983215332,45.74928283691406,57.84000015258789,423.5653381347656
2021-09-03,19.3700008392334,38.85143280029297,46.220001220703125,45.066734313964844,57.11000061035156,423.4625244140625
2021-09-07,19.530000686645508,38.94794464111328,46.56999969482422,44.76234436035156,57.13999938964844,421.9483337402344
2021-09-08,19.1299991607666,38.27227783203125,45.529998779296875,44.38418197631836,56.38999938964844,421.43426513671875
2021-09-09,20.200000762939453,39.6622428894043,46.58000183105469,45.40800857543945,58.20000076293945,419.63055419921875
2021-09-10,18.950000762939453,37.99235153198242,44.34000015258789,44.181270599365234,56.09000015258789,416.3218994140625
2021-09-13,19.309999465942383,38.78385925292969,44.84000015258789,44.94682693481445,57.15999984741211,417.387451171875
2021-09-14,19.209999084472656,38.0695686340332,43.869998931884766,44.30117416381836,56.29999923706055,415.13494873046875
2021-09-15,19.3799991607666,38.26262283325195,43.86000061035156,44.69779586791992,56.34000015258789,418.60247802734375
2021-09-16,19.889999389648438,38.82246398925781,44.470001220703125,45.306549072265625,57.02000045776367,417.9388122558594
2021-09-17,19.729999542236328,38.7162971496582,44.540000915527344,45.269657135009766,56.91999816894531,413.86767578125
2021-09-20,20.329999923706055,39.363006591796875,45.27000045776367,45.730838775634766,56.959999084472656,406.9667663574219
2021-09-21,19.760000228881836,38.95760726928711,44.45000076293945,45.334224700927734,56.11000061035156,406.5823974609375
2021-09-22,20.520000457763672,40.144866943359375,45.68000030517578,46.71778106689453,57.45000076293945,410.5484924316406
2021-09-23,20.899999618530273,41.11011505126953,47.470001220703125,48.25811767578125,59.79999923706055,415.53662109375
2021-09-24,21.389999389648438,42.0174560546875,48.790000915527344,48.74696731567383,60.790000915527344,416.2211608886719
2021-09-27,21.469999313354492,42.258758544921875,49.08000183105469,48.84842300415039,61.25,415.0303649902344
2021-09-28,21.43000030517578,41.93057632446289,48.68000030517578,48.93143844604492,61.220001220703125,406.66668701171875
2021-09-29,21.010000228881836,41.85335922241211,48.709999084472656,48.46104049682617,60.45000076293945,407.3511962890625
2021-09-30,20.520000457763672,41.12942123413086,47.56999969482422,47.43721389770508,58.599998474121094,402.3724060058594
2021-10-01,21.649999618530273,43.80316925048828,51.34000015258789,50.13051986694336,62.20000076293945,407.1542663574219
2021-10-04,21.389999389648438,43.397769927978516,51.29999923706055,50.7853889465332,62.09000015258789,401.90362548828125
2021-10-05,21.469999313354492,43.18540954589844,50.880001068115234,50.24120330810547,61.599998474121094,406.08538818359375
2021-10-06,20.540000915527344,42.49042892456055,50.220001220703125,50.22275161743164,61.04999923706055,407.7731018066406
2021-10-07,20.170000076293945,42.16225051879883,49.52000045776367,49.844581604003906,60.2400016784668,411.2986145019531
2021-10-08,20.06999969482422,41.8726692199707,49.15999984741211,49.73390579223633,59.79999923706055,410.5484924316406
2021-10-11,20.1299991607666,41.689266204833984,49.18000030517578,47.6585807800293,58.459999084472656,407.57623291015625
2021-10-12,20.290000915527344,42.02710723876953,49.66999816894531,48.12898635864258,58.43000030517578,406.57293701171875
2021-10-13,19.610000610351562,39.60431671142578,47.880001068115234,47.271183013916016,57.040000915527344,408.03558349609375
2021-10-14,19.639999389648438,39.76841354370117,47.90999984741211,47.5109977722168,57.52000045776367,414.8990783691406
2021-10-15,19.979999542236328,39.56571960449219,48.0,46.45028305053711,57.77000045776367,418.0588073730469
2021-10-18,19.84000015258789,39.585018157958984,47.16999816894531,45.906089782714844,57.41999816894531,419.2965393066406
2021-10-19,19.530000686645508,39.044471740722656,46.220001220703125,45.54636764526367,56.939998626708984,422.5313720703125
2021-10-20,19.520000457763672,38.89968490600586,45.95000076293945,45.6293830871582,57.25,424.19097900390625
2021-10-21,19.889999389648438,38.996212005615234,46.720001220703125,44.882259368896484,56.20000076293945,425.29736328125
2021-10-22,19.149999618530273,38.35914611816406,46.72999954223633,43.93223190307617,53.810001373291016,424.856689453125
2021-10-25,19.229999542236328,38.137142181396484,46.650001525878906,43.79387283325195,53.939998626708984,427.135009765625
2021-10-26,19.389999389648438,38.33018493652344,46.790000915527344,43.89533233642578,54.27000045776367,427.5195007324219
2021-10-27,19.030000686645508,37.71242904663086,45.81999969482422,42.954524993896484,52.709999084472656,425.6255187988281
2021-10-28,19.190000534057617,37.78964614868164,46.0099983215332,43.572509765625,52.86000061035156,429.7322692871094
2021-10-29,19.200000762939453,37.77033233642578,46.13999938964844,43.609397888183594,52.79999923706055,430.604248046875
2021-11-01,19.770000457763672,39.0155143737793,48.04999923706055,45.315773010253906,54.709999084472656,431.3450012207031
2021-11-02,19.829999923706055,38.98655700683594,47.97999954223633,45.11285400390625,54.45000076293945,433.0889892578125
2021-11-03,20.6299991607666,39.80702590942383,49.04999923706055,45.62015151977539,55.93000030517578,435.73309326171875
2021-11-04,20.6299991607666,39.56571960449219,49.13999938964844,45.26042556762695,55.72999954223633,437.7864990234375
2021-11-05,21.81999969482422,42.751041412353516,52.709999084472656,48.17509841918945,59.349998474121094,439.3053894042969
2021-11-08,22.25,43.098548889160156,53.11000061035156,47.38187026977539,58.880001068115234,439.6805114746094
2021-11-09,22.260000228881836,42.98270797729492,52.810001373291016,46.957584381103516,58.83000183105469,438.22711181640625
2021-11-10,21.56999969482422,42.19120407104492,51.77000045776367,45.83229446411133,57.540000915527344,434.7016906738281
2021-11-11,21.329999923706055,41.94023513793945,51.34000015258789,45.269657135009766,56.810001373291016,434.8422546386719
2021-11-12,20.290000915527344,40.75297546386719,49.83000183105469,44.660884857177734,55.650001525878906,438.12396240234375
2021-11-15,20.31999969482422,40.90741729736328,50.47999954223633,45.315773010253906,55.66999816894531,438.2740173339844
2021-11-16,19.84000015258789,39.61397171020508,49.20000076293945,43.90455627441406,53.88999938964844,440.0086975097656
2021-11-17,19.860000610351562,39.29544448852539,48.7400016784668,43.72008514404297,53.540000915527344,438.9397888183594
2021-11-18,19.389999389648438,38.7259407043457,47.43000030517578,42.770042419433594,52.540000915527344,440.4305725097656
2021-11-19,19.280000686645508,38.310890197753906,46.11000061035156,43.1943359375,52.7400016784668,439.6429443359375
2021-11-22,19.6299991607666,38.38810348510742,46.47999954223633,44.01524353027344,53.08000183105469,438.40533447265625
2021-11-23,19.469999313354492,38.15645217895508,46.70000076293945,43.33269119262695,52.72999954223633,438.9866638183594
2021-11-24,19.459999084472656,38.310890197753906,46.72999954223633,43.3419075012207,52.90999984741211,440.1586608886719
2021-11-26,17.75,35.11589813232422,42.2599983215332,41.46951675415039,49.45000076293945,430.3417663574219
2021-11-29,17.739999771118164,34.98076629638672,42.540000915527344,41.08211898803711,49.45000076293945,435.6205749511719
2021-11-30,17.690000534057617,34.9421501159668,42.2599983215332,40.95298767089844,48.56999969482422,427.1444396972656
2021-12-01,16.280000686645508,32.364925384521484,39.060001373291016,39.246612548828125,46.290000915527344,422.4000549316406
2021-12-02,17.420000076293945,35.366859436035156,41.63999938964844,41.820011138916016,49.52000045776367,428.8697509765625
2021-12-03,16.6200008392334,34.729793548583984,40.61000061035156,40.8422966003418,48.56999969482422,425.1379089355469
2021-12-06,17.93000030517578,36.81474304199219,43.9900016784668,42.022926330566406,50.619998931884766,430.1730041503906
2021-12-07,17.889999389648438,36.71821594238281,43.40999984741211,41.70010757446289,50.349998474121094,439.0710144042969
2021-12-08,18.229999542236328,37.52902603149414,45.25,41.75543975830078,51.43000030517578,440.2337341308594
2021-12-09,18.139999389648438,37.1622314453125,44.439998626708984,40.22431945800781,51.41999816894531,437.261474609375
2021-12-10,18.010000228881836,36.85334777832031,44.04999923706055,38.71165084838867,51.66999816894531,441.3775634765625
2021-12-13,17.1200008392334,35.588871002197266,41.7400016784668,37.33732223510742,50.29999923706055,437.4676513671875
2021-12-14,16.90999984741211,35.260684967041016,41.380001068115234,37.115962982177734,50.13999938964844,434.4579162597656
2021-12-15,16.989999771118164,35.33789825439453,41.5,36.99604415893555,50.27000045776367,441.2463684082031
2021-12-16,16.520000457763672,34.55604553222656,40.04999923706055,36.4610710144043,49.220001220703125,437.3551330566406
2021-12-17,16.950000762939453,35.28964614868164,40.779998779296875,36.58098220825195,50.029998779296875,432.700439453125
2021-12-20,17.299999237060547,35.10624694824219,41.099998474121094,36.30426788330078,49.34000015258789,428.09930419921875
2021-12-21,18.1200008392334,37.18153762817383,43.93000030517578,37.69704055786133,52.06999969482422,435.7019348144531
2021-12-22,18.260000228881836,37.77033233642578,44.56999969482422,37.92762756347656,52.189998626708984,440.0585021972656
2021-12-23,18.260000228881836,37.9344367980957,44.869998931884766,38.61940002441406,53.02000045776367,442.7964782714844
2021-12-27,18.170000076293945,37.644859313964844,44.58000183105469,38.517940521240234,52.619998931884766,449.06304931640625
2021-12-28,18.540000915527344,38.25297546386719,45.27000045776367,39.006797790527344,52.900001525878906,448.696044921875
2021-12-29,18.049999237060547,37.7993049621582,44.43000030517578,38.88688278198242,52.13999938964844,449.2700500488281
2021-12-30,18.06999969482422,37.6834716796875,44.130001068115234,39.403419494628906,51.939998626708984,448.02801513671875
2021-12-31,17.959999084472656,37.72208023071289,43.779998779296875,39.514095306396484,52.099998474121094,446.8988952636719
2022-01-03,18.75,38.89003372192383,45.4900016784668,40.58404541015625,54.06999969482422,449.4864196777344
2022-01-04,19.020000457763672,39.17961120605469,46.25,41.192806243896484,55.45000076293945,449.33587646484375
2022-01-05,18.68000030517578,38.88037872314453,45.779998779296875,40.574825286865234,54.77000045776367,440.7076416015625
2022-01-06,18.56999969482422,38.7162971496582,45.77000045776367,40.482582092285156,54.459999084472656,440.2936706542969
2022-01-07,19.280000686645508,40.0676383972168,47.310001373291016,41.82923126220703,55.86000061035156,438.552978515625
2022-01-10,18.790000915527344,39.21821594238281,46.58000183105469,41.72777557373047,55.099998474121094,438.0072326660156
2022-01-11,19.020000457763672,39.79737091064453,46.900001525878906,42.271968841552734,55.9900016784668,441.9967041015625
2022-01-12,18.5,39.19892120361328,46.540000915527344,41.70010757446289,55.150001525878906,443.19171142578125
2022-01-13,19.34000015258789,40.02903747558594,48.16999816894531,42.235084533691406,56.54999923706055,437.08514404296875
2022-01-14,18.489999771118164,38.90933609008789,46.7400016784668,42.262752532958984,55.790000915527344,437.2638244628906
2022-01-18,17.899999618530273,38.16609573364258,45.61000061035156,41.90302658081055,54.97999954223633,429.5201110839844
2022-01-19,17.309999465942383,37.47111511230469,44.400001525878906,40.98066329956055,54.369998931884766,425.0602111816406
2022-01-20,16.760000228881836,37.490413665771484,42.880001068115234,40.897647857666016,53.810001373291016,420.3555908203125
2022-01-21,16.299999237060547,36.54447555541992,41.650001525878906,40.00294494628906,52.02000045776367,412.1037902832031
2022-01-24,16.40999984741211,36.59273147583008,41.38999938964844,40.464134216308594,51.400001525878906,413.8538818359375
2022-01-25,16.459999084472656,37.37458801269531,41.779998779296875,40.445682525634766,52.189998626708984,408.8011474609375
2022-01-26,16.239999771118164,37.41318893432617,41.43000030517578,40.31656265258789,52.310001373291016,407.7755432128906
2022-01-27,15.779999732971191,37.00779724121094,40.93000030517578,39.49565124511719,52.599998474121094,405.761962890625
2022-01-28,15.640000343322754,36.94987869262695,40.90999984741211,39.59711456298828,52.25,415.8392028808594
2022-01-31,16.469999313354492,38.310890197753906,42.880001068115234,41.28504180908203,54.7400016784668,423.3289489746094
2022-02-01,16.829999923706055,39.08308410644531,43.959999084472656,41.67243576049805,54.810001373291016,426.1893615722656
2022-02-02,16.959999084472656,39.11205291748047,44.119998931884766,40.85152816772461,54.349998474121094,430.3293762207031
2022-02-03,16.56999969482422,38.349491119384766,43.08000183105469,40.0675163269043,53.2400016784668,420.2145080566406
2022-02-04,16.450000762939453,38.46531677246094,42.81999969482422,40.27044677734375,53.4900016784668,422.1904296875
2022-02-07,17.280000686645508,39.51744842529297,44.439998626708984,41.137451171875,55.36000061035156,420.83544921875
2022-02-08,18.260000228881836,41.12942123413086,46.83000183105469,42.49333572387695,57.650001525878906,424.2980041503906
2022-02-09,18.760000228881836,42.355289459228516,48.93000030517578,43.36958312988281,58.59000015258789,430.5081481933594
2022-02-10,18.709999084472656,42.374595642089844,49.2400016784668,42.917625427246094,58.619998931884766,422.77374267578125
2022-02-11,17.610000610351562,40.85914993286133,46.970001220703125,41.99526596069336,56.84000015258789,414.43719482421875
2022-02-14,17.43000030517578,40.511661529541016,46.93000030517578,41.85690689086914,57.0099983215332,413.0823059082031
2022-02-15,18.84000015258789,42.9441032409668,50.47999954223633,43.627845764160156,59.90999984741211,419.7440490722656
2022-02-16,18.81999969482422,42.86687469482422,50.209999084472656,43.738529205322266,60.310001373291016,420.2145080566406
2022-02-17,18.219999313354492,41.80509567260742,48.36000061035156,42.779273986816406,58.88999938964844,411.2381286621094
2022-02-18,17.8700008392334,41.35143280029297,47.43000030517578,42.41032028198242,58.790000915527344,408.5752868652344
2022-02-22,17.43000030517578,40.43444061279297,46.31999969482422,42.078269958496094,57.83000183105469,404.1906433105469
2022-02-23,16.639999389648438,38.793514251708984,43.849998474121094,40.59326171875,55.81999969482422,397.020751953125
2022-02-24,16.959999084472656,38.928653717041016,44.060001373291016,40.897647857666016,56.20000076293945,402.99560546875
2022-02-25,17.459999084472656,40.09660720825195,45.849998474121094,41.635536193847656,57.56999969482422,411.8873596191406
2022-02-28,17.25,38.53289031982422,44.400001525878906,40.399566650390625,56.13999938964844,410.83355712890625
2022-03-01,16.290000915527344,36.332122802734375,41.849998474121094,38.693199157714844,52.34000015258789,404.5763854980469
2022-03-02,16.3700008392334,36.71821594238281,42.41999816894531,39.03447723388672,52.619998931884766,412.01904296875
2022-03-03,15.710000038146973,35.28964614868164,40.369998931884766,38.43492889404297,51.41999816894531,409.9677734375
2022-03-04,14.59000015258789,33.320526123046875,36.709999084472656,37.521793365478516,49.13999938964844,406.6369934082031
2022-03-07,12.84000015258789,29.063762664794922,31.200000762939453,34.30274200439453,43.689998626708984,394.6496276855469
2022-03-08,13.510000228881836,30.13519287109375,32.2400016784668,36.11979675292969,46.66999816894531,391.6575622558594
2022-03-09,14.300000190734863,31.621681213378906,34.900001525878906,37.50334167480469,48.630001068115234,402.158203125
2022-03-10,14.199999809265137,31.418975830078125,35.20000076293945,37.84461975097656,49.150001525878906,400.34222412109375
2022-03-11,14.020000457763672,30.955657958984375,34.869998931884766,37.115962982177734,48.81999969482422,395.2518615722656
2022-03-14,14.25,30.955657958984375,35.02000045776367,36.98681640625,49.599998474121094,392.3632507324219
2022-03-15,15.569999694824219,33.64871597290039,38.2400016784668,38.794654846191406,51.7400016784668,400.9914855957031
2022-03-16,16.469999313354492,35.646785736083984,41.189998626708984,39.772361755371094,54.689998626708984,409.8830871582031
2022-03-17,16.549999237060547,35.8591423034668,41.41999816894531,39.45875549316406,54.31999969482422,415.01123046875
2022-03-18,16.75,36.370723724365234,42.349998474121094,39.883052825927734,55.189998626708984,419.5567932128906
2022-03-21,16.09000015258789,34.83597183227539,40.849998474121094,39.45875549316406,53.7400016784668,419.4340515136719
2022-03-22,16.559999465942383,35.6950569152832,42.20000076293945,39.71702575683594,54.529998779296875,424.3420715332031
2022-03-23,16.209999084472656,34.96146011352539,41.529998779296875,39.54176712036133,54.119998931884766,418.87713623046875
2022-03-24,16.719999313354492,35.9653205871582,42.779998779296875,40.51025390625,55.939998626708984,425.1913757324219
2022-03-25,17.010000228881836,36.59273147583008,43.18000030517578,40.934547424316406,57.439998626708984,427.2679443359375
2022-03-28,17.299999237060547,37.00779724121094,43.86000061035156,40.971435546875,57.189998626708984,430.3070983886719
2022-03-29,18.15999984741211,38.14679718017578,45.66999816894531,41.810791015625,58.38999938964844,435.6302795410156
2022-03-30,18.049999237060547,37.96339416503906,45.86000061035156,42.03215789794922,58.0099983215332,432.9404296875
2022-03-31,18.25,38.19505310058594,46.36000061035156,42.24429702758789,58.0099983215332,426.27685546875
2022-04-01,18.239999771118164,37.944091796875,45.779998779296875,42.34575271606445,57.95000076293945,427.4849853515625
2022-04-04,18.229999542236328,38.03096389770508,45.529998779296875,42.36420440673828,57.15999984741211,431.1470642089844
2022-04-05,17.84000015258789,37.67381286621094,44.709999084472656,41.70010757446289,56.869998931884766,425.701171875
2022-04-06,17.3799991607666,36.283851623535156,43.06999969482422,40.33500671386719,55.040000915527344,421.4443664550781
2022-04-07,16.950000762939453,35.8398323059082,42.400001525878906,39.099037170410156,53.400001525878906,423.5680847167969
2022-04-08,16.59000015258789,35.4633903503418,41.959999084472656,38.03831481933594,52.290000915527344,422.43548583984375
2022-04-11,16.969999313354492,36.8823127746582,42.41999816894531,39.311180114746094,52.81999969482422,415.215087890625
2022-04-12,17.1299991607666,37.27806091308594,42.72999954223633,39.49565124511719,53.45000076293945,413.6766357421875
2022-04-13,18.950000762939453,39.594669342041016,45.13999938964844,42.474891662597656,56.2400016784668,418.4146728515625
2022-04-14,19.0,40.88810729980469,45.130001068115234,43.129764556884766,57.11000061035156,413.20458984375
2022-04-18,18.540000915527344,40.666107177734375,43.970001220703125,42.668582916259766,56.849998474121094,413.37451171875
2022-04-19,19.59000015258789,41.54448699951172,45.95000076293945,43.6739616394043,58.27000045776367,420.0475769042969
2022-04-20,19.479999542236328,42.02710723876953,46.52000045776367,43.655521392822266,58.689998626708984,419.7359924316406
2022-04-21,20.219999313354492,43.17575454711914,50.849998474121094,44.624000549316406,58.779998779296875,413.4595947265625
2022-04-22,20.18000030517578,42.17189025878906,51.459999084472656,43.21278381347656,56.54999923706055,402.1145324707031
2022-04-25,19.979999542236328,41.7664909362793,51.29999923706055,42.82538604736328,56.439998626708984,404.4457702636719
2022-04-26,18.770000457763672,40.444095611572266,48.86000061035156,41.52485275268555,53.86000061035156,392.7327880859375
2022-04-27,18.969999313354492,41.61205291748047,50.279998779296875,42.3734245300293,54.290000915527344,393.83697509765625
2022-04-28,19.43000030517578,42.78965377807617,51.81999969482422,43.2588996887207,55.540000915527344,403.7850646972656
2022-04-29,18.770000457763672,41.53482437133789,50.5,43.092872619628906,54.38999938964844,388.863037109375
2022-05-02,18.559999465942383,41.18733596801758,50.189998626708984,42.917625427246094,53.060001373291016,391.2037048339844
2022-05-03,19.1299991607666,41.84370803833008,51.380001068115234,43.581722259521484,53.060001373291016,392.9969482421875
2022-05-04,19.6200008392334,42.32633590698242,51.900001525878906,44.33805847167969,53.5,404.9649658203125
2022-05-05,18.540000915527344,40.666107177734375,48.900001525878906,43.35113525390625,51.13999938964844,390.5713806152344
2022-05-06,17.84000015258789,39.57535934448242,47.52000045776367,42.539451599121094,50.220001220703125,388.24005126953125
2022-05-09,16.31999969482422,36.920921325683594,43.310001373291016,40.42723846435547,47.27000045776367,375.8096618652344
2022-05-10,16.56999969482422,37.33598327636719,44.119998931884766,41.128238677978516,47.470001220703125,376.677978515625
2022-05-11,15.970000267028809,36.57343292236328,43.18000030517578,39.6708984375,45.810001373291016,370.69403076171875
2022-05-12,15.489999771118164,35.39582061767578,41.5,39.04369354248047,44.61000061035156,370.3070068359375
2022-05-13,16.579999923706055,36.998146057128906,43.27000045776367,39.65245819091797,46.150001525878906,379.1602783203125
2022-05-16,16.549999237060547,36.84370422363281,43.540000915527344,39.82770538330078,45.599998474121094,377.621826171875
2022-05-17,17.81999969482422,39.30510330200195,46.970001220703125,41.60786437988281,48.02000045776367,385.3896484375
2022-05-18,16.889999389648438,37.944091796875,44.630001068115234,40.79618453979492,46.58000183105469,369.85394287109375
2022-05-19,16.75,37.87652587890625,44.209999084472656,40.187416076660156,46.7599983215332,367.5887756347656
2022-05-20,16.260000228881836,37.297367095947266,43.54999923706055,39.3388557434082,46.099998474121094,367.749267578125
2022-05-23,16.75,38.14679718017578,44.7599983215332,40.012176513671875,46.459999084472656,374.6299133300781
2022-05-24,15.5,35.92670822143555,41.56999969482422,38.49027633666992,44.209999084472656,371.7699890136719
2022-05-25,16.1299991607666,37.258750915527344,43.08000183105469,39.154380798339844,45.15999984741211,375.0545654296875
2022-05-26,17.239999771118164,39.41127395629883,46.06999969482422,41.50640869140625,47.130001068115234,382.54864501953125
2022-05-27,18.1299991607666,40.76262283325195,48.40999984741211,42.24429702758789,48.43000030517578,391.9399108886719
2022-05-31,17.8700008392334,40.241397857666016,47.630001068115234,42.29964065551758,48.2599983215332,389.74072265625
2022-06-01,17.290000915527344,38.16609573364258,45.4900016784668,40.72239685058594,46.56999969482422,386.5883483886719
2022-06-02,17.459999084472656,38.6004638671875,45.77000045776367,41.10978317260742,47.38999938964844,393.95025634765625
2022-06-03,16.219999313354492,37.200843811035156,44.43000030517578,40.436458587646484,48.880001068115234,387.4849853515625
2022-06-06,16.299999237060547,37.644859313964844,44.7599983215332,40.971435546875,48.849998474121094,388.6647644042969
2022-06-07,16.690000534057617,38.35914611816406,46.45000076293945,41.395721435546875,49.33000183105469,392.3929443359375
2022-06-08,16.149999618530273,36.89196014404297,44.599998474121094,40.00294494628906,48.11000061035156,388.12677001953125
2022-06-09,15.470000267028809,35.473045349121094,42.70000076293945,38.77620315551758,46.06999969482422,378.8959655761719
2022-06-10,14.710000038146973,33.89967727661133,41.15999984741211,37.02371597290039,44.0,367.90966796875
2022-06-13,13.319999694824219,31.09078598022461,37.02000045776367,34.69935989379883,40.93000030517578,353.9408264160156
2022-06-14,12.949999809265137,30.289630889892578,36.9900016784668,34.330413818359375,40.599998474121094,352.8742980957031
2022-06-15,13.3100004196167,30.84947967529297,37.88999938964844,34.339630126953125,41.18000030517578,357.9049377441406
2022-06-16,12.15999984741211,28.55217742919922,34.779998779296875,32.26431655883789,38.68000030517578,346.05975341796875
2022-06-17,12.9399995803833,29.20854949951172,36.279998779296875,32.86384963989258,40.41999816894531,346.80572509765625
2022-06-21,13.039999961853027,29.00584602355957,36.5,32.57791519165039,40.5099983215332,355.5361022949219
2022-06-22,13.100000381469727,28.95758056640625,36.720001220703125,32.919189453125,40.369998931884766,354.8915100097656
2022-06-23,12.979999542236328,28.532873153686523,35.810001373291016,33.149784088134766,39.900001525878906,358.370361328125
2022-06-24,13.899999618530273,30.115890502929688,38.5099983215332,34.800819396972656,41.91999816894531,369.76434326171875
2022-06-27,13.5600004196167,29.382295608520508,37.20000076293945,34.11826705932617,40.869998931884766,368.35198974609375
2022-06-28,13.5,29.276121139526367,36.970001220703125,33.804664611816406,40.779998779296875,360.8254699707031
2022-06-29,13.029999732971191,28.610092163085938,35.68000030517578,33.37114715576172,40.47999954223633,360.5315856933594
2022-06-30,12.680000305175781,27.9633731842041,35.41999816894531,33.315799713134766,40.04999923706055,357.6025390625
2022-07-01,13.130000114440918,28.494264602661133,36.439998626708984,33.878456115722656,41.16999816894531,361.38470458984375
2022-07-05,13.880000114440918,28.78384017944336,36.970001220703125,33.67552947998047,41.540000915527344,362.0672912597656
2022-07-06,13.890000343322754,28.503915786743164,36.65999984741211,33.491065979003906,41.06999969482422,363.29010009765625
2022-07-07,14.100000381469727,28.870708465576172,36.689998626708984,33.869232177734375,40.970001220703125,368.7311096191406
2022-07-08,13.970000267028809,28.687313079833984,36.470001220703125,33.85078430175781,40.88999938964844,368.4278869628906
2022-07-11,13.430000305175781,28.272253036499023,35.369998931884766,33.9706916809082,40.34000015258789,364.21905517578125
2022-07-12,14.770000457763672,30.00971031188965,38.22999954223633,35.547935485839844,41.79999923706055,360.9961242675781
2022-07-13,14.3100004196167,28.668006896972656,37.90999984741211,35.78774642944336,41.2599983215332,359.1002502441406
2022-07-14,14.25,28.735572814941406,37.849998474121094,35.47413635253906,40.790000915527344,358.2281799316406
2022-07-15,14.470000267028809,29.04445457458496,38.779998779296875,36.5071907043457,41.310001373291016,365.0721435546875
2022-07-18,14.539999961853027,30.057971954345703,39.34000015258789,36.84846878051758,41.529998779296875,362.0578308105469
2022-07-19,15.15999984741211,31.46723747253418,41.470001220703125,38.26891326904297,42.790000915527344,371.84027099609375
2022-07-20,15.210000038146973,31.70855140686035,41.68000030517578,38.278133392333984,43.400001525878906,374.2101135253906
2022-07-21,14.079999923706055,30.84947967529297,37.439998626708984,37.715492248535156,43.189998626708984,378.02081298828125
2022-07-22,13.680000305175781,30.260677337646484,36.33000183105469,37.115962982177734,42.75,374.5133972167969
2022-07-25,13.75,30.318588256835938,36.34000015258789,37.4664421081543,43.7400016784668,374.9684753417969
2022-07-26,13.430000305175781,29.575345993041992,35.34000015258789,36.52564239501953,42.400001525878906,370.5322265625
2022-07-27,13.970000267028809,30.40546417236328,36.41999816894531,37.60480499267578,43.790000915527344,380.153564453125
2022-07-28,13.760000228881836,30.598514556884766,36.7400016784668,35.18821716308594,44.0099983215332,384.9215393066406
2022-07-29,13.710000038146973,30.695035934448242,36.75,35.16054153442383,44.33000183105469,390.5332946777344
2022-08-01,14.279999732971191,31.110095977783203,37.689998626708984,35.33578872680664,45.2400016784668,389.3767395019531
2022-08-02,14.0600004196167,30.714344024658203,37.22999954223633,34.69935989379883,44.5,386.8079833984375
2022-08-03,14.630000114440918,32.09465408325195,38.630001068115234,35.97221755981445,46.29999923706055,392.8651428222656
2022-08-04,14.859999656677246,32.171878814697266,38.630001068115234,35.77853012084961,46.91999816894531,392.5997619628906
2022-08-05,14.739999771118164,31.795421600341797,37.81999969482422,35.79697799682617,46.54999923706055,391.9361877441406
2022-08-08,15.020000457763672,32.5772819519043,38.650001525878906,36.04600524902344,46.79999923706055,391.48114013671875
2022-08-09,14.619999885559082,32.0560417175293,37.79999923706055,35.36345291137695,45.72999954223633,389.92657470703125
2022-08-10,15.069999694824219,32.751033782958984,38.689998626708984,36.23048400878906,46.61000061035156,398.1166076660156
2022-08-11,14.989999771118164,32.77998733520508,38.66999816894531,35.94455337524414,46.22999954223633,398.1166076660156
2022-08-12,15.25,33.30121994018555,39.34000015258789,36.39650344848633,47.34000015258789,404.8564147949219
2022-08-15,15.329999923706055,33.783851623535156,39.86000061035156,36.562530517578125,48.45000076293945,406.5246887207031
2022-08-16,15.5,34.112030029296875,40.290000915527344,36.7746696472168,48.2400016784668,407.3209533691406
2022-08-17,14.960000038146973,33.33983612060547,38.959999084472656,35.916873931884766,46.63999938964844,404.4297790527344
2022-08-18,14.84000015258789,33.291568756103516,39.060001373291016,35.95377731323242,46.689998626708984,405.605224609375
2022-08-19,14.170000076293945,32.09465408325195,37.5,34.93917465209961,45.45000076293945,400.1546630859375
2022-08-22,13.710000038146973,31.25489044189453,36.36000061035156,34.561004638671875,44.189998626708984,391.82244873046875
2022-08-23,13.819999694824219,31.727859497070312,36.90999984741211,34.561004638671875,44.5,390.87451171875
2022-08-24,13.989999771118164,32.15257263183594,37.38999938964844,34.865386962890625,45.40999984741211,392.1257629394531
2022-08-25,14.420000076293945,32.80894470214844,38.27000045776367,35.55715560913086,46.20000076293945,397.6616516113281
2022-08-26,13.739999771118164,31.544462203979492,36.56999969482422,34.61634063720703,44.88999938964844,384.2011413574219
2022-08-29,13.510000228881836,30.917049407958984,36.02000045776367,34.524105072021484,44.63999938964844,381.6607666015625
2022-08-30,13.329999923706055,30.617822647094727,35.939998626708984,34.31196594238281,44.869998931884766,377.47088623046875
2022-08-31,12.989999771118164,29.990406036376953,35.0099983215332,33.85078430175781,43.560001373291016,374.5987548828125
2022-09-01,12.930000305175781,30.00971031188965,35.18000030517578,33.78622055053711,43.689998626708984,375.7742004394531
2022-09-02,12.989999771118164,29.86492347717285,35.310001373291016,33.8876838684082,43.619998931884766,371.8117980957031
2022-09-06,13.220000267028809,30.106233596801758,36.58000183105469,33.8876838684082,43.900001525878906,370.40899658203125
2022-09-07,13.890000343322754,31.110095977783203,38.599998474121094,34.856163024902344,46.09000015258789,377.0633239746094
2022-09-08,13.960000038146973,31.00391960144043,38.880001068115234,34.73625183105469,45.689998626708984,379.52789306640625
2022-09-09,14.1899995803833,31.525163650512695,39.2599983215332,35.39113235473633,46.560001373291016,385.4240417480469
2022-09-12,14.470000267028809,31.998130798339844,39.220001220703125,35.760074615478516,46.81999969482422,389.5663757324219
2022-09-13,13.680000305175781,30.637121200561523,37.790000915527344,34.579444885253906,44.939998626708984,372.6271057128906
2022-09-14,14.029999732971191,31.525163650512695,38.43000030517578,35.0775260925293,45.959999084472656,374.0489807128906
2022-09-15,14.270000457763672,32.12361526489258,38.900001525878906,34.03525161743164,46.2599983215332,369.8022766113281
2022-09-16,13.75,30.9942684173584,37.47999954223633,32.033721923828125,44.380001068115234,366.9811096191406
2022-09-19,14.210000038146973,31.795421600341797,38.70000076293945,33.09443664550781,45.779998779296875,369.8269958496094
2022-09-20,13.970000267028809,31.61202621459961,38.16999816894531,32.36577224731445,45.33000183105469,365.5819396972656
2022-09-21,13.229999542236328,30.0772762298584,36.119998931884766,31.47108268737793,43.4900016784668,359.20477294921875
2022-09-22,12.710000038146973,28.91897201538086,34.45000076293945,30.438030242919922,41.880001068115234,356.1875915527344
2022-09-23,12.210000038146973,28.011638641357422,33.06999969482422,29.561784744262695,40.779998779296875,350.2196960449219
2022-09-26,11.859999656677246,27.046384811401367,31.899999618530273,28.934579849243164,38.810001373291016,346.75506591796875
2022-09-27,12.270000457763672,27.509706497192383,32.83000183105469,29.054485321044922,39.04999923706055,345.8699645996094
2022-09-28,12.75,28.465303421020508,33.91999816894531,29.91228485107422,40.349998474121094,352.67529296875
2022-09-29,12.25,27.45178985595703,32.90999984741211,29.183616638183594,39.13999938964844,345.3083190917969
2022-09-30,12.039999961853027,27.084991455078125,32.529998779296875,28.445722579956055,39.150001525878906,339.9686584472656
2022-10-03,11.920000076293945,27.278045654296875,32.810001373291016,28.796222686767578,39.90999984741211,348.9441833496094
2022-10-04,12.949999809265137,29.681522369384766,35.33000183105469,30.6132755279541,42.650001525878906,359.7568359375
2022-10-05,12.869999885559082,29.459516525268555,35.41999816894531,30.42881202697754,42.65999984741211,358.9192810058594
2022-10-06,12.729999542236328,29.5560359954834,34.959999084472656,30.01374626159668,42.459999084472656,355.21673583984375
2022-10-07,12.180000305175781,28.3687801361084,33.86000061035156,29.39575958251953,41.4900016784668,345.3083190917969
2022-10-10,12.050000190734863,28.39773941040039,34.20000076293945,29.20206642150879,41.18000030517578,342.6717529296875
2022-10-11,12.260000228881836,27.837894439697266,33.93000030517578,28.971473693847656,40.7400016784668,340.5016174316406
2022-10-12,12.699999809265137,28.19503402709961,34.22999954223633,29.13749885559082,41.209999084472656,339.3785095214844
2022-10-13,13.050000190734863,29.324377059936523,35.400001525878906,29.91228485107422,41.900001525878906,348.3350830078125
2022-10-14,13.109999656677246,30.000057220458984,35.470001220703125,30.21666717529297,41.83000183105469,340.39691162109375
2022-10-17,13.199999809265137,30.048316955566406,36.099998474121094,30.179771423339844,41.529998779296875,349.1441345214844
2022-10-18,13.699999809265137,31.052183151245117,37.25,30.723968505859375,42.34000015258789,353.24639892578125
2022-10-19,13.989999771118164,31.390026092529297,39.099998474121094,30.54871368408203,41.849998474121094,350.7431945800781
2022-10-20,13.460000038146973,31.032875061035156,39.04999923706055,30.26278305053711,39.880001068115234,347.802001953125
2022-10-21,13.710000038146973,31.44794273376465,40.439998626708984,30.5302677154541,41.0099983215332,356.25421142578125
2022-10-24,14.100000381469727,32.11395263671875,41.880001068115234,31.102136611938477,42.58000183105469,360.61346435546875
2022-10-25,14.289999961853027,32.722068786621094,42.599998474121094,31.932262420654297,43.40999984741211,366.37200927734375
2022-10-26,14.0,32.722068786621094,42.45000076293945,31.70167350769043,42.86000061035156,363.6116027832031
2022-10-27,13.970000267028809,32.90546417236328,42.9900016784668,32.55024719238281,43.27000045776367,361.66998291015625
2022-10-28,14.0,33.46531677246094,43.720001220703125,33.417266845703125,44.43000030517578,370.27435302734375
2022-10-31,14.180000305175781,32.751033782958984,43.08000183105469,33.527950286865234,44.459999084472656,367.59979248046875
2022-11-01,14.109999656677246,32.461448669433594,42.65999984741211,34.072147369384766,44.52000045776367,365.9912109375
2022-11-02,13.579999923706055,30.94600486755371,41.11000061035156,33.66630935668945,43.560001373291016,356.8062438964844
2022-11-03,13.729999542236328,30.859130859375,40.95000076293945,34.09059524536133,43.84000015258789,353.1322326660156
2022-11-04,14.109999656677246,31.621681213378906,42.619998931884766,34.2012825012207,44.86000061035156,358.2148742675781
2022-11-07,14.319999694824219,32.20083999633789,42.779998779296875,34.49644088745117,45.040000915527344,361.6415100097656
2022-11-08,14.25,32.422847747802734,42.18000030517578,34.5333366394043,45.119998931884766,363.59259033203125
2022-11-09,13.979999542236328,32.297359466552734,42.369998931884766,34.31196594238281,44.2400016784668,356.10186767578125
2022-11-10,14.930000305175781,34.25682830810547,44.33000183105469,35.806190490722656,46.939998626708984,375.6711730957031
2022-11-11,14.880000114440918,34.20856475830078,44.709999084472656,35.38190460205078,47.25,379.3070373535156
2022-11-14,14.680000305175781,33.484615325927734,44.029998779296875,34.81925964355469,46.27000045776367,376.0804443359375
2022-11-15,14.609999656677246,33.68732452392578,44.040000915527344,35.64017105102539,46.849998474121094,379.28802490234375
2022-11-16,14.09000015258789,32.934425354003906,43.290000915527344,35.04063415527344,45.68000030517578,376.39447021484375
2022-11-17,13.949999809265137,32.87651824951172,43.25,34.708580017089844,45.880001068115234,375.2428283691406
2022-11-18,14.050000190734863,33.27226638793945,43.81999969482422,35.15131759643555,46.68000030517578,376.94659423828125
2022-11-21,13.850000381469727,33.04060363769531,43.43000030517578,34.81925964355469,46.29999923706055,375.57598876953125
2022-11-22,13.979999542236328,33.04060363769531,43.43000030517578,35.2066535949707,45.959999084472656,380.63006591796875
2022-11-23,14.420000076293945,33.291568756103516,43.689998626708984,35.630943298339844,46.34000015258789,383.0286560058594
2022-11-25,14.5,33.88037109375,44.41999816894531,36.175140380859375,46.900001525878906,382.9429626464844
2022-11-28,13.829999923706055,32.693115234375,43.02000045776367,35.57560729980469,45.779998779296875,376.8323669433594
2022-11-29,14.140000343322754,33.40739440917969,43.689998626708984,36.20280838012695,46.630001068115234,376.18511962890625
2022-11-30,14.430000305175781,34.140995025634766,44.16999816894531,36.81157302856445,47.439998626708984,388.0352478027344
2022-12-01,13.979999542236328,34.15065002441406,43.88999938964844,36.96837615966797,47.40999984741211,387.74969482421875
2022-12-02,13.970000267028809,34.469173431396484,43.88999938964844,36.66399383544922,46.70000076293945,387.3022155761719
2022-12-05,14.109999656677246,34.54639434814453,45.029998779296875,36.433406829833984,46.709999084472656,380.3350830078125
2022-12-06,14.329999923706055,34.66222381591797,45.91999816894531,36.59942626953125,46.29999923706055,374.8525695800781
2022-12-07,13.550000190734863,33.13712692260742,44.060001373291016,34.874603271484375,44.279998779296875,374.21484375
2022-12-08,13.600000381469727,32.364925384521484,42.79999923706055,34.579444885253906,44.060001373291016,377.14642333984375
2022-12-09,13.529999732971191,32.62554168701172,43.040000915527344,35.05908966064453,44.560001373291016,374.3291320800781
2022-12-12,14.199999809265137,33.56183624267578,44.2400016784668,35.916873931884766,45.75,379.7258605957031
2022-12-13,13.460000038146973,32.22013854980469,41.16999816894531,34.837711334228516,45.279998779296875,382.6003112792969
2022-12-14,13.350000381469727,33.117828369140625,40.099998474121094,35.178985595703125,45.7400016784668,380.1542053222656
2022-12-15,12.930000305175781,32.09465408325195,38.54999923706055,34.394981384277344,43.72999954223633,370.85498046875
2022-12-16,12.8100004196167,31.959522247314453,38.43000030517578,34.38574981689453,44.220001220703125,366.4765930175781
2022-12-19,12.479999542236328,31.776126861572266,37.97999954223633,33.527950286865234,42.900001525878906,363.3690185546875
2022-12-20,12.529999732971191,31.756818771362305,38.54999923706055,33.564849853515625,43.06999969482422,363.8662414550781
2022-12-21,13.029999732971191,32.500064849853516,39.0,33.758548736572266,43.86000061035156,369.3069152832031
2022-12-22,12.5600004196167,31.776126861572266,38.279998779296875,32.70705032348633,42.880001068115234,364.0382995605469
2022-12-23,12.710000038146973,32.00777816772461,38.38999938964844,33.28813171386719,43.310001373291016,366.1324157714844
2022-12-27,12.529999732971191,31.756818771362305,38.20000076293945,31.305049896240234,42.2599983215332,364.6884765625
2022-12-28,12.319999694824219,30.878437042236328,37.290000915527344,29.6909122467041,41.29999923706055,360.1562194824219
2022-12-29,12.699999809265137,31.592731475830078,37.91999816894531,30.78852653503418,42.810001373291016,366.63916015625
2022-12-30,12.720000267028809,31.71821403503418,37.70000076293945,31.05601692199707,42.939998626708984,365.67340087890625
2023-01-03,12.739999771118164,31.476890563964844,37.209999084472656,30.06908416748047,42.15999984741211,364.1340026855469
2023-01-04,13.59000015258789,33.195037841796875,39.720001220703125,31.0098934173584,44.29999923706055,366.9451599121094
2023-01-05,13.989999771118164,34.005863189697266,41.2400016784668,30.926881790161133,44.11000061035156,362.757080078125
2023-01-06,14.180000305175781,34.77806091308594,42.2400016784668,32.3565559387207,45.279998779296875,371.0758972167969
2023-01-09,14.609999656677246,35.492340087890625,43.349998474121094,33.014801025390625,45.720001220703125,370.865478515625
2023-01-10,15.1899995803833,36.766483306884766,45.75,33.571083068847656,47.29999923706055,373.46624755859375
2023-01-11,15.34000015258789,36.85334777832031,47.709999084472656,33.34857940673828,47.70000076293945,378.18988037109375
2023-01-12,16.829999923706055,38.2240104675293,51.29999923706055,34.275691986083984,49.400001525878906,379.5667724609375
2023-01-13,17.020000457763672,36.87266159057617,51.650001525878906,34.29423522949219,50.290000915527344,381.0392761230469
2023-01-17,17.079999923706055,36.93056869506836,51.20000076293945,34.34059524536133,50.29999923706055,380.3412780761719
2023-01-18,16.639999389648438,37.04640197753906,48.86000061035156,33.65452194213867,49.310001373291016,374.33642578125
2023-01-19,16.280000686645508,37.0174446105957,48.369998931884766,33.7935905456543,49.400001525878906,371.61138916015625
2023-01-20,16.34000015258789,37.67381286621094,49.459999084472656,34.359134674072266,49.81999969482422,378.5340576171875
2023-01-23,16.170000076293945,37.72208023071289,49.279998779296875,34.01609802246094,50.099998474121094,383.07598876953125
2023-01-24,16.020000457763672,37.45180892944336,49.29999923706055,34.00682830810547,49.72999954223633,382.6647644042969
2023-01-25,16.260000228881836,38.011661529541016,50.279998779296875,34.1829833984375,51.04999923706055,382.8082580566406
2023-01-26,16.610000610351562,37.85721969604492,49.45000076293945,33.098243713378906,51.31999969482422,387.0154724121094
2023-01-27,16.43000030517578,37.38424301147461,48.72999954223633,33.59889221191406,51.02000045776367,387.90472412109375
2023-01-30,15.960000038146973,37.06570053100586,48.209999084472656,32.88501739501953,50.15999984741211,383.03765869140625
2023-01-31,16.139999389648438,37.74138259887695,48.959999084472656,33.16314697265625,51.34000015258789,388.66961669921875
2023-02-01,16.690000534057617,38.50393295288086,50.220001220703125,33.033348083496094,51.84000015258789,392.8003234863281
2023-02-02,17.059999465942383,38.51359176635742,52.310001373291016,34.136627197265625,53.58000183105469,398.518310546875
2023-02-03,17.020000457763672,38.204708099365234,51.119998931884766,33.70087432861328,53.470001220703125,394.282470703125
2023-02-06,16.920000076293945,38.26262283325195,50.91999816894531,33.39493179321289,52.43000030517578,391.8728332519531
2023-02-07,16.959999084472656,38.21436309814453,50.75,33.55253219604492,51.79999923706055,396.998046875
2023-02-08,16.969999313354492,38.0695686340332,50.77000045776367,32.7274055480957,51.4900016784668,392.6569519042969
2023-02-09,16.65999984741211,37.65450668334961,49.81999969482422,32.310184478759766,50.7599983215332,389.2528991699219
2023-02-10,16.280000686645508,36.84370422363281,48.86000061035156,32.05059814453125,49.58000183105469,390.16131591796875
2023-02-13,16.510000228881836,37.258750915527344,49.189998626708984,32.514163970947266,50.15999984741211,394.7414245605469
2023-02-14,16.790000915527344,37.74138259887695,50.060001373291016,32.92209243774414,50.58000183105469,394.5597839355469
2023-02-15,16.799999237060547,37.66416549682617,49.90999984741211,33.116783142089844,50.27000045776367,395.8410949707031
2023-02-16,16.389999389648438,36.94987869262695,48.9900016784668,32.82937240600586,49.119998931884766,390.3907775878906
2023-02-17,16.360000610351562,37.027103424072266,49.630001068115234,32.783023834228516,49.09000015258789,389.4154968261719
2023-02-21,15.6899995803833,35.810874938964844,48.20000076293945,31.299631118774414,47.779998779296875,381.60345458984375
2023-02-22,15.5600004196167,35.724002838134766,48.779998779296875,31.151290893554688,47.52000045776367,381.0775146484375
2023-02-23,15.869999885559082,36.2259407043457,50.58000183105469,31.188373565673828,47.709999084472656,383.1046142578125
2023-02-24,15.5600004196167,36.06184005737305,50.209999084472656,31.123483657836914,47.29999923706055,379.01220703125
2023-02-27,15.630000114440918,36.5251579284668,50.70000076293945,31.09566307067871,47.91999816894531,380.3031005859375
2023-02-28,15.979999542236328,37.00779724121094,51.959999084472656,31.13275146484375,47.83000183105469,378.8974304199219
2023-03-01,16.030000686645508,37.171878814697266,52.38999938964844,31.197643280029297,48.220001220703125,377.4440612792969
2023-03-02,16.1200008392334,37.08501052856445,52.560001373291016,31.447973251342773,47.97999954223633,380.3794860839844
2023-03-03,16.360000610351562,37.50006866455078,53.060001373291016,31.689016342163086,48.439998626708984,386.47998046875
2023-03-06,16.1200008392334,37.12362289428711,52.439998626708984,31.299631118774414,47.900001525878906,386.7477111816406
2023-03-07,16.360000610351562,37.71242904663086,54.0099983215332,31.10388946533203,48.5099983215332,380.8193359375
2023-03-08,16.59000015258789,38.349491119384766,54.2599983215332,31.597902297973633,49.209999084472656,381.4409484863281
2023-03-09,15.880000114440918,37.152584075927734,52.119998931884766,30.833585739135742,47.52000045776367,374.4034729003906
2023-03-10,15.460000038146973,35.955665588378906,50.970001220703125,30.544635772705078,46.099998474121094,369.00091552734375
2023-03-13,14.850000381469727,34.440216064453125,48.83000183105469,28.950759887695312,44.08000183105469,368.47503662109375
2023-03-14,14.65999984741211,34.237518310546875,46.209999084472656,28.45675277709961,42.2599983215332,374.56585693359375
2023-03-15,13.859999656677246,32.07535171508789,43.13999938964844,27.711076736450195,40.380001068115234,372.22332763671875
2023-03-16,14.119999885559082,32.538673400878906,43.59000015258789,28.410146713256836,40.47999954223633,378.7539978027344
2023-03-17,13.979999542236328,31.814735412597656,43.040000915527344,27.990707397460938,39.290000915527344,374.3253479003906
2023-03-20,13.960000038146973,31.98847770690918,43.09000015258789,28.037311553955078,39.27000045776367,377.9247131347656
2023-03-21,14.369999885559082,32.71241760253906,44.2599983215332,28.932117462158203,40.560001373291016,382.8871154785156
2023-03-22,13.819999694824219,31.63134002685547,42.81999969482422,28.037311553955078,39.400001525878906,376.36016845703125
2023-03-23,13.630000114440918,31.023223876953125,41.65999984741211,27.608549118041992,38.5,377.3776550292969
2023-03-24,13.720000267028809,30.492338180541992,41.36000061035156,27.61786460876465,38.130001068115234,379.85400390625
2023-03-27,13.9399995803833,31.013574600219727,41.939998626708984,28.102558135986328,38.9900016784668,380.5642395019531
2023-03-28,13.979999542236328,31.341760635375977,42.40999984741211,28.54996109008789,39.810001373291016,379.7100524902344
2023-03-29,14.350000381469727,32.16222381591797,43.470001220703125,29.304956436157227,40.630001068115234,385.22906494140625
2023-03-30,14.470000267028809,32.92477035522461,43.709999084472656,29.659149169921875,40.97999954223633,387.48468017578125
2023-03-31,14.75,33.70662307739258,44.25,30.330257415771484,41.959999084472656,392.9461669921875
2023-04-03,14.420000076293945,33.195037841796875,43.349998474121094,29.537979125976562,42.09000015258789,394.4434509277344
2023-04-04,14.15999984741211,32.741371154785156,42.540000915527344,29.565940856933594,41.970001220703125,392.25506591796875
2023-04-05,13.890000343322754,32.297359466552734,42.029998779296875,29.435447692871094,41.95000076293945,391.2279968261719
2023-04-06,14.010000228881836,32.519371032714844,42.65999984741211,29.44477081298828,42.040000915527344,392.75421142578125
2023-04-10,14.149999618530273,32.78963851928711,43.130001068115234,29.98537826538086,42.43000030517578,393.1573486328125
2023-04-11,14.319999694824219,33.378440856933594,44.31999969482422,30.488710403442383,43.18000030517578,393.2628479003906
2023-04-12,13.0,32.56763458251953,41.439998626708984,30.050630569458008,41.97999954223633,391.65985107421875
2023-04-13,12.949999809265137,32.210479736328125,41.970001220703125,30.022666931152344,42.380001068115234,396.8622131347656
2023-04-14,12.789999961853027,32.59659194946289,41.66999816894531,29.51933479309082,41.90999984741211,395.8927917480469
2023-04-17,13.100000381469727,33.38809585571289,42.380001068115234,30.115875244140625,42.63999938964844,397.3133239746094
2023-04-18,13.289999961853027,34.131343841552734,43.040000915527344,29.882854461669922,42.54999923706055,397.572509765625
2023-04-19,13.630000114440918,34.68153381347656,46.27000045776367,30.246366500854492,43.650001525878906,397.50537109375
2023-04-20,13.319999694824219,33.43635940551758,44.88999938964844,30.022666931152344,43.560001373291016,395.33612060546875
2023-04-21,13.399999618530273,33.13712692260742,44.45000076293945,29.96674156188965,44.40999984741211,395.64324951171875
2023-04-24,13.319999694824219,32.934425354003906,43.93000030517578,29.976064682006836,44.04999923706055,396.0559997558594
2023-04-25,12.84000015258789,31.959522247314453,42.4900016784668,29.165142059326172,42.5,389.76904296875
2023-04-26,12.739999771118164,31.61202621459961,42.099998474121094,28.801624298095703,42.2400016784668,388.1181945800781
2023-04-27,12.880000114440918,32.171878814697266,42.83000183105469,27.850893020629883,42.970001220703125,395.8448181152344
2023-04-28,13.640000343322754,33.117828369140625,43.79999923706055,28.23305320739746,43.459999084472656,399.223388671875
2023-05-01,13.890000343322754,33.513572692871094,44.40999984741211,28.512678146362305,43.4900016784668,398.8203125
2023-05-02,13.770000457763672,33.33017349243164,44.529998779296875,27.925458908081055,43.369998931884766,394.3378601074219
2023-05-03,13.789999961853027,32.9440803527832,44.47999954223633,28.699098587036133,43.470001220703125,391.63116455078125
2023-05-04,13.510000228881836,31.930557250976562,42.91999816894531,27.300960540771484,42.09000015258789,388.85723876953125
2023-05-05,13.869999885559082,32.76068878173828,44.810001373291016,27.64583396911621,43.15999984741211,396.0559997558594
2023-05-08,14.359999656677246,33.01164627075195,45.86000061035156,27.580585479736328,43.459999084472656,396.16156005859375
2023-05-09,14.470000267028809,33.01164627075195,46.36000061035156,27.61786460876465,43.900001525878906,394.4241943359375
2023-05-10,14.34000015258789,32.62554168701172,45.52000045776367,27.254352569580078,43.11000061035156,396.2671813964844
2023-05-11,14.069999694824219,32.065696716308594,45.08000183105469,27.002687454223633,43.04999923706055,395.5760803222656
2023-05-12,14.020000457763672,32.07535171508789,45.08000183105469,26.68578338623047,42.720001220703125,395.0577392578125
2023-05-15,14.279999732971191,32.54832458496094,45.20000076293945,27.077255249023438,43.34000015258789,396.42071533203125
2023-05-16,14.199999809265137,32.64485168457031,45.349998474121094,26.601892471313477,42.63999938964844,393.7716064453125
2023-05-17,14.90999984741211,34.68153381347656,47.75,27.850893020629883,45.25,398.5515441894531
2023-05-18,15.050000190734863,34.642921447753906,48.130001068115234,27.925458908081055,45.119998931884766,402.3908996582031
2023-05-19,14.819999694824219,34.35334777832031,47.540000915527344,27.478057861328125,44.52000045776367,401.8053894042969
2023-05-22,14.380000114440918,34.22785949707031,47.40999984741211,27.328922271728516,44.91999816894531,401.9685363769531
2023-05-23,14.069999694824219,34.66222381591797,47.869998931884766,27.478057861328125,44.83000183105469,397.4573669433594
2023-05-24,13.800000190734863,33.71628189086914,46.65999984741211,26.97472381591797,44.029998779296875,394.57781982421875
2023-05-25,14.380000114440918,34.507781982421875,47.47999954223633,27.254352569580078,45.119998931884766,397.9948425292969
2023-05-26,14.350000381469727,34.642921447753906,47.2599983215332,27.63650894165039,45.099998474121094,403.1491394042969
2023-05-30,14.619999885559082,35.019371032714844,48.0099983215332,27.77632713317871,45.209999084472656,403.302734375
2023-05-31,14.779999732971191,35.06763458251953,47.470001220703125,27.841571807861328,44.93000030517578,401.0662841796875
2023-06-01,14.699999809265137,35.11589813232422,47.40999984741211,27.133182525634766,44.84000015258789,404.8768310546875
2023-06-02,14.869999885559082,35.724002838134766,48.5,28.02798843383789,46.099998474121094,410.73187255859375
2023-06-05,14.8100004196167,35.810874938964844,48.2599983215332,27.962743759155273,46.279998779296875,409.9447326660156
2023-06-06,14.930000305175781,36.332122802734375,48.790000915527344,28.326257705688477,47.459999084472656,410.83740234375
2023-06-07,15.15999984741211,36.901615142822266,49.38999938964844,28.699098587036133,48.36000061035156,409.4169006347656
2023-06-08,15.300000190734863,37.751041412353516,49.869998931884766,28.512678146362305,48.650001525878906,411.89324951171875
2023-06-09,15.569999694824219,37.915130615234375,50.41999816894531,28.5406436920166,48.650001525878906,412.6322937011719
2023-06-12,16.020000457763672,38.80316162109375,51.310001373291016,29.323596954345703,49.58000183105469,416.37567138671875
2023-06-13,16.309999465942383,40.11590576171875,53.189998626708984,30.246366500854492,50.81999969482422,419.1207275390625
2023-06-14,16.59000015258789,40.7240104675293,53.349998474121094,31.290313720703125,50.439998626708984,419.61981201171875
2023-06-15,16.649999618530273,41.390045166015625,53.58000183105469,31.66314697265625,50.34000015258789,424.82220458984375
2023-06-16,16.479999542236328,41.303165435791016,53.5,31.924135208129883,50.41999816894531,423.37518310546875
2023-06-20,16.31999969482422,41.00394058227539,52.70000076293945,32.2989387512207,49.5099983215332,421.17852783203125
2023-06-21,16.299999237060547,41.303165435791016,52.849998474121094,32.18649673461914,49.58000183105469,419.02056884765625
2023-06-22,16.360000610351562,41.44794845581055,53.04999923706055,32.12089920043945,49.66999816894531,420.5331115722656
2023-06-23,16.260000228881836,41.3707389831543,52.650001525878906,31.79294776916504,49.25,417.3539123535156
2023-06-26,16.440000534057617,41.64100646972656,53.31999969482422,31.858537673950195,49.959999084472656,415.648681640625
2023-06-27,17.350000381469727,44.48850631713867,56.029998779296875,33.02981185913086,51.93000030517578,420.2055969238281
2023-06-28,17.549999237060547,45.08695602416992,56.29999923706055,33.2359504699707,52.439998626708984,420.4175109863281
2023-06-29,17.600000381469727,44.70085906982422,53.720001220703125,33.68571853637695,52.27000045776367,422.0744934082031
2023-06-30,17.940000534057617,45.88812255859375,54.869998931884766,33.92934799194336,53.18000030517578,427.0553283691406
2023-07-03,18.100000381469727,46.29352951049805,55.060001373291016,34.707069396972656,53.189998626708984,427.54669189453125
2023-07-05,18.31999969482422,46.834068298339844,55.630001068115234,34.87574005126953,53.650001525878906,426.9108581542969
2023-07-06,17.8799991607666,45.68541717529297,54.41999816894531,34.76329040527344,52.790000915527344,423.56781005859375
2023-07-07,18.350000381469727,46.21630859375,55.38999938964844,35.22243118286133,53.75,422.4984436035156
2023-07-10,18.56999969482422,46.776145935058594,56.33000183105469,35.990779876708984,55.54999923706055,423.56781005859375
2023-07-11,18.799999237060547,46.96920394897461,56.18000030517578,36.712284088134766,56.34000015258789,426.265380859375
2023-07-12,18.56999969482422,46.28386688232422,55.400001525878906,36.12196731567383,55.9900016784668,429.6950378417969
2023-07-13,18.450000762939453,46.052215576171875,55.22999954223633,34.707069396972656,54.34000015258789,433.10546875
2023-07-14,18.139999389648438,44.96885681152344,53.34000015258789,34.06990051269531,52.36000061035156,432.8358154296875
2023-07-17,18.18000030517578,45.268714904785156,53.33000183105469,33.98556900024414,52.15999984741211,434.3386535644531
2023-07-18,18.68000030517578,46.7873420715332,54.790000915527344,34.42596435546875,53.41999816894531,437.56597900390625
2023-07-19,18.600000381469727,46.961456298828125,54.79999923706055,34.99754333496094,54.43000030517578,438.53900146484375
2023-07-20,17.440000534057617,47.09687423706055,56.56999969482422,34.74455261230469,54.08000183105469,435.62957763671875
2023-07-21,17.420000076293945,46.961456298828125,57.61000061035156,34.903846740722656,54.150001525878906,435.62957763671875
2023-07-24,16.8799991607666,45.92646408081055,56.060001373291016,34.85699462890625,53.33000183105469,437.57562255859375
2023-07-25,16.649999618530273,44.92049789428711,54.220001220703125,33.292179107666016,48.18000030517578,438.7701721191406
2023-07-26,16.760000228881836,44.91082000732422,54.56999969482422,33.9761962890625,47.86000061035156,438.8377380371094
2023-07-27,16.56999969482422,44.25307083129883,53.2599983215332,30.940263748168945,47.13999938964844,435.92828369140625
2023-07-28,16.790000915527344,44.22405242919922,54.16999816894531,31.577436447143555,48.119998931884766,440.1961364746094
2023-07-31,16.75,44.74638748168945,54.310001373291016,32.00846862792969,48.630001068115234,441.0342712402344
2023-08-01,16.229999542236328,43.91452407836914,53.2599983215332,31.324440002441406,47.900001525878906,439.7721252441406
2023-08-02,15.949999809265137,43.33415222167969,52.66999816894531,31.26822280883789,47.91999816894531,433.6546325683594
2023-08-03,15.979999542236328,42.744110107421875,52.15999984741211,30.228134155273438,46.810001373291016,432.41180419921875
2023-08-04,15.84000015258789,43.13102722167969,52.369998931884766,30.668529510498047,46.7400016784668,430.45611572265625
2023-08-07,15.989999771118164,43.75975799560547,53.68000030517578,30.893413543701172,46.790000915527344,434.2133483886719
2023-08-08,16.18000030517578,44.29176330566406,54.86000061035156,31.614919662475586,47.20000076293945,432.32513427734375
2023-08-09,15.760000228881836,43.5566291809082,53.130001068115234,31.511842727661133,46.61000061035156,429.4349060058594
2023-08-10,15.760000228881836,43.392189025878906,52.95000076293945,31.7086124420166,46.709999084472656,429.58905029296875
2023-08-11,15.649999618530273,42.724761962890625,52.2599983215332,31.577436447143555,46.08000183105469,429.33856201171875
2023-08-14,15.880000114440918,42.782798767089844,52.310001373291016,31.418140411376953,46.2400016784668,431.7085266113281
2023-08-15,15.550000190734863,41.61239242553711,51.34000015258789,31.033964157104492,45.40999984741211,426.6796569824219
2023-08-16,15.4399995803833,41.27384567260742,50.720001220703125,30.846561431884766,44.59000015258789,423.548583984375
2023-08-17,15.050000190734863,40.4129753112793,49.529998779296875,30.20001983642578,43.459999084472656,420.3211669921875
2023-08-18,15.039999961853027,40.13246154785156,49.099998474121094,30.125064849853516,42.77000045776367,420.52349853515625
2023-08-21,15.15999984741211,40.3742790222168,49.630001068115234,29.9095458984375,42.95000076293945,423.2595520019531
2023-08-22,14.829999923706055,40.248531341552734,49.43000030517578,29.516002655029297,42.72999954223633,422.1131286621094
2023-08-23,14.779999732971191,40.8192253112793,50.38999938964844,29.58159065246582,42.650001525878906,426.8144836425781
2023-08-24,14.569999694824219,40.52904510498047,49.400001525878906,29.253639221191406,42.119998931884766,420.89923095703125
2023-08-25,14.579999923706055,40.33558654785156,48.939998626708984,29.253639221191406,41.81999969482422,423.86639404296875
2023-08-28,14.729999542236328,41.02235412597656,49.189998626708984,29.131824493408203,41.9900016784668,426.5544128417969
2023-08-29,14.899999618530273,42.337852478027344,50.279998779296875,29.806474685668945,42.29999923706055,432.7201232910156
2023-08-30,14.770000457763672,41.81552505493164,50.099998474121094,29.637807846069336,42.08000183105469,434.5023498535156
2023-08-31,14.729999542236328,41.47697830200195,49.810001373291016,29.60970687866211,41.970001220703125,433.8665771484375
2023-09-01,14.680000305175781,41.45763397216797,49.720001220703125,29.441041946411133,41.779998779296875,434.6758117675781
2023-09-05,14.300000190734863,40.39362335205078,48.470001220703125,28.998106002807617,40.34000015258789,432.79718017578125
2023-09-06,14.329999923706055,40.34525680541992,48.34000015258789,28.244173049926758,40.540000915527344,429.8876953125
2023-09-07,14.0,39.784236907958984,47.68000030517578,27.735265731811523,40.02000045776367,428.56793212890625
2023-09-08,13.979999542236328,39.4843864440918,47.439998626708984,27.829511642456055,39.810001373291016,429.2132873535156
2023-09-11,14.09000015258789,39.50372314453125,47.689998626708984,27.716419219970703,40.43000030517578,432.0361328125
2023-09-12,14.109999656677246,39.3586311340332,47.599998474121094,27.593908309936523,40.11000061035156,429.6661376953125
2023-09-13,13.3100004196167,38.25593566894531,45.790000915527344,27.132125854492188,39.130001068115234,430.1671142578125
2023-09-14,13.260000228881836,38.04313659667969,45.41999816894531,27.27348518371582,39.36000061035156,433.8761901855469
2023-09-15,13.3100004196167,38.594482421875,45.70000076293945,27.980295181274414,39.470001220703125,428.6487121582031
2023-09-18,13.109999656677246,37.61752700805664,44.630001068115234,27.405426025390625,38.880001068115234,428.9001159667969
2023-09-19,13.1899995803833,38.159210205078125,45.2400016784668,27.245216369628906,39.08000183105469,428.0106201171875
2023-09-20,13.0600004196167,37.607852935791016,44.36000061035156,26.877674102783203,38.61000061035156,424.0758361816406
2023-09-21,13.0600004196167,37.046836853027344,43.689998626708984,26.651491165161133,38.150001525878906,417.0664978027344
2023-09-22,12.899999618530273,36.437442779541016,43.06999969482422,26.434738159179688,37.5,416.12872314453125
2023-09-25,12.90999984741211,36.3310432434082,42.93000030517578,25.91640853881836,37.36000061035156,417.87860107421875
2023-09-26,12.699999809265137,35.566890716552734,42.650001525878906,25.030536651611328,36.84000015258789,411.7394104003906
2023-09-27,12.609999656677246,35.46049880981445,42.029998779296875,25.266141891479492,36.40999984741211,411.90374755859375
2023-09-28,12.920000076293945,35.741004943847656,42.310001373291016,25.65253257751465,36.83000183105469,414.2917785644531
2023-09-29,12.8100004196167,35.789371490478516,42.29999923706055,25.51116943359375,37.08000183105469,413.2863464355469
2023-10-02,12.75,35.257362365722656,41.619998931884766,25.62425994873047,36.83000183105469,413.1219787597656
2023-10-03,12.289999961853027,34.08695983886719,40.529998779296875,25.266141891479492,35.79999923706055,407.5918884277344
2023-10-04,12.729999542236328,34.880130767822266,41.40999984741211,25.633686065673828,36.130001068115234,410.5599365234375
2023-10-05,12.850000381469727,35.24769592285156,41.31999969482422,25.746774673461914,35.68000030517578,410.4052429199219
2023-10-06,12.760000228881836,35.789371490478516,41.81999969482422,25.520597457885742,35.06999969482422,415.2779235839844
2023-10-09,12.239999771118164,34.12564468383789,39.779998779296875,24.9739933013916,34.45000076293945,417.93658447265625
2023-10-10,12.260000228881836,34.65765380859375,40.38999938964844,25.1153564453125,34.93000030517578,420.1119079589844
2023-10-11,12.479999542236328,34.900146484375,41.0,24.69127082824707,34.54999923706055,421.8327941894531
2023-10-12,12.0600004196167,34.09506607055664,39.81999969482422,23.984458923339844,33.63999938964844,419.2610778808594
2023-10-13,11.720000267028809,33.07657241821289,38.720001220703125,23.90906524658203,33.06999969482422,417.1728210449219
2023-10-16,11.9399995803833,33.38697052001953,39.529998779296875,24.13524627685547,34.29999923706055,421.5621032714844
2023-10-17,11.9399995803833,33.63916015625,40.119998931884766,24.304882049560547,34.45000076293945,421.5426940917969
2023-10-18,11.359999656677246,32.145381927490234,36.2400016784668,23.277645111083984,32.65999984741211,415.9256286621094
2023-10-19,11.449999809265137,31.728286743164062,36.029998779296875,22.966650009155273,32.15999984741211,412.2711181640625
2023-10-20,11.079999923706055,31.262693405151367,35.09000015258789,22.806442260742188,32.02000045776367,407.2051696777344
2023-10-23,11.289999961853027,31.078393936157227,35.380001068115234,22.891260147094727,32.560001373291016,406.4994201660156
2023-10-24,11.210000038146973,31.058998107910156,35.13999938964844,22.52371597290039,31.860000610351562,409.56414794921875
2023-10-25,11.039999961853027,30.467302322387695,34.849998474121094,22.240989685058594,31.6200008392334,403.6860046386719
2023-10-26,11.149999618530273,30.65160369873047,34.91999816894531,22.04308319091797,31.770000457763672,398.8520202636719
2023-10-27,10.920000076293945,29.730112075805664,33.900001525878906,21.05354881286621,31.25,397.0440979003906
2023-10-30,11.180000305175781,30.29270362854004,34.79999923706055,21.213756561279297,31.799999237060547,401.7910461425781
2023-10-31,11.149999618530273,30.312108993530273,35.0099983215332,20.949880599975586,31.6299991607666,404.314453125
2023-11-01,11.140000343322754,30.176307678222656,34.810001373291016,20.949880599975586,31.079999923706055,408.6263122558594
2023-11-02,11.399999618530273,31.058998107910156,35.81999969482422,21.82632827758789,32.119998931884766,416.4573669433594
2023-11-03,11.979999542236328,32.34907531738281,37.5099983215332,22.335235595703125,33.560001373291016,420.25689697265625
2023-11-06,11.65999984741211,31.93198013305664,36.7599983215332,22.175024032592773,32.84000015258789,421.2237243652344
2023-11-07,11.75,32.43637466430664,37.029998779296875,22.20329475402832,33.15999984741211,422.42254638671875
2023-11-08,12.010000228881836,33.14446258544922,38.040000915527344,22.60853385925293,33.91999816894531,422.73193359375
2023-11-09,11.75,32.47517776489258,37.31999969482422,22.005390167236328,33.5,419.4351501464844
2023-11-10,11.800000190734863,33.03777313232422,37.9900016784668,21.82632827758789,34.2599983215332,425.9803466796875
2023-11-13,11.779999732971191,33.14446258544922,38.11000061035156,21.760358810424805,34.349998474121094,425.57427978515625
2023-11-14,12.25,34.18236541748047,39.380001068115234,22.90068244934082,36.09000015258789,433.8307189941406
2023-11-15,12.420000076293945,34.68674850463867,39.939998626708984,23.503828048706055,37.0099983215332,434.7492370605469
2023-11-16,12.1899995803833,34.44424819946289,39.279998779296875,22.891260147094727,36.20000076293945,435.2809143066406
2023-11-17,12.289999961853027,34.977745056152344,39.7599983215332,23.381315231323242,36.7599983215332,435.8223571777344
2023-11-20,12.399999618530273,35.404537200927734,40.02000045776367,23.682886123657227,37.310001373291016,439.1771545410156
2023-11-21,12.130000114440918,34.80314254760742,39.439998626708984,23.21167755126953,36.65999984741211,438.2200012207031
2023-11-22,12.3100004196167,34.87105178833008,39.79999923706055,23.28706932067871,36.93000030517578,439.91192626953125
2023-11-24,12.3100004196167,35.016544342041016,39.709999084472656,23.4378604888916,37.20000076293945,440.1825866699219
2023-11-27,12.180000305175781,34.764347076416016,39.209999084472656,23.032621383666992,36.84000015258789,439.3898620605469
2023-11-28,12.170000076293945,34.958351135253906,38.959999084472656,23.39073371887207,36.849998474121094,439.8248596191406
2023-11-29,12.229999542236328,35.54033660888672,39.25,23.871366500854492,37.540000915527344,439.5155334472656
2023-11-30,12.430000305175781,35.82164001464844,39.400001525878906,24.097551345825195,37.810001373291016,441.24609375
2023-12-01,13.020000457763672,36.908016204833984,40.2400016784668,25.153053283691406,39.72999954223633,443.8564453125
2023-12-04,13.350000381469727,37.01471710205078,40.52000045776367,25.727924346923828,34.08000183105469,441.5264587402344
2023-12-05,13.130000114440918,36.481224060058594,39.59000015258789,25.605411529541016,35.56999969482422,441.43939208984375
2023-12-06,13.479999542236328,37.77130889892578,40.93000030517578,26.378192901611328,35.66999816894531,439.6605224609375
2023-12-07,13.90999984741211,39.12929153442383,41.2599983215332,27.480819702148438,35.970001220703125,443.01531982421875
2023-12-08,13.760000228881836,39.13899230957031,40.970001220703125,27.395998001098633,35.61000061035156,444.919921875
2023-12-11,13.720000267028809,39.294185638427734,40.560001373291016,27.65045166015625,35.75,446.6504211425781
2023-12-12,14.039999961853027,40.00227355957031,41.099998474121094,28.564594268798828,37.310001373291016,448.6903991699219
2023-12-13,14.09000015258789,39.95378112792969,41.58000183105469,27.47139549255371,38.630001068115234,454.8778991699219
2023-12-14,14.59000015258789,41.166259765625,43.59000015258789,28.046268463134766,39.15999984741211,456.3377685546875
2023-12-15,14.489999771118164,41.06926727294922,43.58000183105469,27.33945655822754,38.95000076293945,455.5864562988281
2023-12-18,14.239999771118164,39.94408416748047,42.33000183105469,27.3017578125,39.27000045776367,458.14910888671875
2023-12-19,14.300000190734863,39.914981842041016,42.41999816894531,27.820087432861328,40.20000076293945,460.93505859375
2023-12-20,13.979999542236328,39.12929153442383,41.18000030517578,27.564075469970703,40.09000015258789,454.54779052734375
2023-12-21,14.350000381469727,39.8858757019043,42.58000183105469,28.066619873046875,40.59000015258789,458.8577575683594
2023-12-22,14.3100004196167,39.89558410644531,42.54999923706055,27.971799850463867,40.68000030517578,459.77996826171875
2023-12-26,14.109999656677246,39.536685943603516,42.08000183105469,27.63993263244629,40.15999984741211,461.7214050292969
2023-12-27,13.989999771118164,39.37178421020508,41.72999954223633,27.696819305419922,39.66999816894531,462.5561828613281
2023-12-28,13.979999542236328,39.41059112548828,41.970001220703125,27.858013153076172,39.91999816894531,462.7309265136719
2023-12-29,13.739999771118164,39.02259063720703,41.2599983215332,27.383913040161133,39.06999969482422,461.3913269042969
2024-01-02,13.4399995803833,39.23598861694336,40.720001220703125,27.004634857177734,38.34000015258789,458.8092041015625
2024-01-03,12.949999809265137,37.57731246948242,39.529998779296875,25.895246505737305,36.41999816894531,455.0622863769531
2024-01-04,13.09000015258789,38.023502349853516,40.470001220703125,26.483131408691406,36.810001373291016,453.5964660644531
2024-01-05,13.600000381469727,39.32328796386719,41.7599983215332,27.63993263244629,37.95000076293945,454.2177734375
2024-01-08,14.579999923706055,40.380577087402344,42.91999816894531,27.611482620239258,37.869998931884766,460.7021179199219
2024-01-09,14.380000114440918,41.04987335205078,43.540000915527344,27.80112075805664,37.369998931884766,460.00323486328125
2024-01-10,14.350000381469727,40.84617233276367,44.2599983215332,28.170921325683594,37.060001373291016,462.6047058105469
2024-01-11,14.59000015258789,40.99166488647461,44.5099983215332,28.294185638427734,36.9900016784668,462.40087890625
2024-01-12,13.210000038146973,37.3154182434082,39.779998779296875,27.089977264404297,35.16999816894531,462.72119140625
2024-01-16,13.1899995803833,36.34543228149414,38.93000030517578,27.23220443725586,34.41999816894531,461.02239990234375
2024-01-17,12.930000305175781,36.02533721923828,37.880001068115234,26.65380859375,33.61000061035156,458.459716796875
2024-01-18,13.819999694824219,36.94682312011719,39.77000045776367,28.47434425354004,34.959999084472656,462.5367431640625
2024-01-19,13.65999984741211,36.161128997802734,38.81999969482422,28.43641471862793,34.84000015258789,468.30279541015625
2024-01-22,13.619999885559082,35.87013244628906,38.45000076293945,28.597606658935547,34.83000183105469,469.2929992675781
2024-01-23,14.0,36.86922073364258,40.4900016784668,29.498397827148438,35.83000183105469,470.6616516113281
2024-01-24,13.930000305175781,37.043819427490234,40.84000015258789,29.498397827148438,35.81999969482422,471.1761779785156
2024-01-25,15.359999656677246,38.974090576171875,42.959999084472656,28.815692901611328,37.41999816894531,473.73883056640625
2024-01-26,15.130000114440918,38.44060134887695,42.54999923706055,28.531232833862305,36.77000045776367,473.13702392578125
2024-01-29,14.9399995803833,38.88679885864258,42.09000015258789,28.64501953125,37.220001220703125,476.8839416503906
2024-01-30,14.529999732971191,38.33390808105469,41.65999984741211,28.62605094909668,36.689998626708984,476.5151062011719
2024-01-31,14.229999542236328,37.965309143066406,41.380001068115234,28.341596603393555,35.83000183105469,468.7396545410156
2024-02-01,14.34000015258789,38.56669616699219,41.5,28.616573333740234,36.2599983215332,474.8746032714844
2024-02-02,14.5600004196167,38.78009796142578,41.369998931884766,28.796730041503906,36.130001068115234,479.873779296875
2024-02-05,14.260000228881836,38.06230545043945,40.0099983215332,28.208847045898438,35.279998779296875,478.12652587890625
2024-02-06,14.899999618530273,38.974090576171875,41.22999954223633,29.42253875732422,35.9900016784668,479.5146179199219
2024-02-07,14.90999984741211,39.00319290161133,41.279998779296875,29.14756202697754,35.599998474121094,483.5139465332031
2024-02-08,14.949999809265137,39.13899230957031,41.619998931884766,30.655197143554688,36.5099983215332,483.7275085449219
2024-02-09,14.880000114440918,39.294185638427734,42.33000183105469,30.806907653808594,37.189998626708984,486.5232238769531
2024-02-12,14.930000305175781,39.36208724975586,43.02000045776367,31.09136199951172,37.33000183105469,486.3096008300781
2024-02-13,14.609999656677246,38.80919647216797,41.619998931884766,30.844833374023438,36.56999969482422,479.6116638183594
2024-02-14,14.859999656677246,39.61428451538086,42.83000183105469,32.00162887573242,37.29999923706055,483.97021484375
2024-02-15,14.899999618530273,39.76948547363281,42.83000183105469,32.43780517578125,37.75,487.3094482421875
2024-02-16,14.640000343322754,38.9158935546875,41.9900016784668,32.172306060791016,37.52000045776367,484.8826904296875
2024-02-20,14.699999809265137,39.38148880004883,43.459999084472656,32.105934143066406,38.91999816894531,482.2132263183594
2024-02-21,14.789999961853027,39.536685943603516,44.04999923706055,32.75071334838867,39.18000030517578,482.6500549316406
2024-02-22,15.239999771118164,40.855873107910156,45.2599983215332,32.46625518798828,39.380001068115234,492.638671875
2024-02-23,15.130000114440918,40.564170837402344,45.5099983215332,32.03007888793945,38.650001525878906,492.97845458984375
2024-02-26,15.279999732971191,40.63224411010742,44.970001220703125,32.38091278076172,37.709999084472656,491.17291259765625
2024-02-27,15.539999961853027,40.81697463989258,44.900001525878906,32.731746673583984,38.5,492.0853576660156
2024-02-28,15.460000038146973,40.84614562988281,44.7599983215332,32.6843376159668,38.08000183105469,491.4349670410156
2024-02-29,15.680000305175781,41.098941802978516,45.4900016784668,32.49469757080078,37.38999938964844,493.20172119140625
2024-03-01,15.65999984741211,40.99198913574219,44.84000015258789,32.20075607299805,37.0,497.8320007324219
2024-03-04,14.8100004196167,40.418331146240234,44.13999938964844,32.342979431152344,36.869998931884766,497.29815673828125
2024-03-05,14.670000076293945,40.641963958740234,43.7400016784668,32.80052947998047,37.209999084472656,492.32806396484375
2024-03-06,14.880000114440918,40.855873107910156,44.06999969482422,32.94351577758789,36.959999084472656,494.82275390625
2024-03-07,14.899999618530273,41.594810485839844,44.119998931884766,33.20089340209961,37.279998779296875,499.7346496582031
2024-03-08,14.680000305175781,41.06977462768555,43.29999923706055,32.65754699707031,36.59000015258789,496.7350769042969
2024-03-11,14.649999618530273,41.49758529663086,42.88999938964844,32.20000076293945,37.36000061035156,496.3080139160156
2024-03-12,13.960000038146973,41.57536697387695,42.16999816894531,27.41480255126953,38.61000061035156,501.64703369140625
2024-03-13,14.0,42.69350814819336,43.040000915527344,26.957256317138672,39.369998931884766,500.8606262207031
2024-03-14,13.989999771118164,41.8670539855957,42.849998474121094,26.795204162597656,38.15999984741211,499.8705749511719
2024-03-15,13.960000038146973,41.92539596557617,43.619998931884766,27.02397918701172,38.18000030517578,496.4381408691406
2024-03-18,14.109999656677246,42.23652648925781,43.54999923706055,26.699880599975586,38.209999084472656,499.3885192871094
2024-03-19,13.930000305175781,42.52821731567383,43.90999984741211,26.852397918701172,37.81999969482422,502.1636962890625
2024-03-20,14.569999694824219,44.12277603149414,45.97999954223633,27.491060256958008,38.779998779296875,506.8083190917969
2024-03-21,14.779999732971191,44.72560119628906,46.630001068115234,27.338544845581055,39.7599983215332,508.48321533203125
2024-03-22,14.819999694824219,44.326961517333984,46.470001220703125,27.119300842285156,39.560001373291016,507.5191650390625
2024-03-25,14.920000076293945,44.16166687011719,44.88999938964844,27.176494598388672,39.68000030517578,506.1170654296875
2024-03-26,14.920000076293945,44.657554626464844,45.41999816894531,27.08116912841797,39.869998931884766,505.1822509765625
2024-03-27,15.300000190734863,45.99930953979492,47.2400016784668,27.900949478149414,42.0099983215332,509.4277038574219
2024-03-28,15.350000381469727,46.54380416870117,47.880001068115234,27.824691772460938,42.9900016784668,509.330322265625
2024-04-01,15.40999984741211,46.88410186767578,47.349998474121094,27.815155029296875,43.06999969482422,508.4442443847656
2024-04-02,14.399999618530273,45.60068130493164,45.650001525878906,27.004913330078125,42.060001373291016,505.2115783691406
2024-04-03,14.15999984741211,45.27981185913086,44.619998931884766,26.718948364257812,41.880001068115234,505.7664794921875
2024-04-04,13.829999923706055,44.608924865722656,43.220001220703125,26.66175079345703,41.7599983215332,499.593017578125
2024-04-05,13.760000228881836,44.7839469909668,43.189998626708984,27.014446258544922,42.47999954223633,504.8122253417969
2024-04-08,13.899999618530273,45.70762252807617,43.310001373291016,27.309946060180664,42.58000183105469,505.0946350097656
2024-04-09,13.949999809265137,46.009029388427734,43.439998626708984,27.69123649597168,43.0099983215332,505.6788330078125
2024-04-10,13.40999984741211,44.95895767211914,42.369998931884766,26.652217864990234,41.959999084472656,500.61541748046875
2024-04-11,13.619999885559082,46.31045150756836,43.040000915527344,27.18602752685547,42.66999816894531,504.39349365234375
2024-04-12,13.149999618530273,45.5617790222168,41.79999923706055,26.25186538696289,41.29999923706055,497.43133544921875
2024-04-15,12.9399995803833,45.357601165771484,41.040000915527344,26.53783416748047,40.97999954223633,491.199462890625
2024-04-16,13.029999732971191,45.26036834716797,41.5,26.738006591796875,40.79999923706055,490.30364990234375
2024-04-17,13.890000343322754,46.553524017333984,48.7400016784668,27.433866500854492,42.720001220703125,487.4018859863281
2024-04-18,14.020000457763672,46.524349212646484,51.41999816894531,27.70077133178711,44.439998626708984,486.39892578125
2024-04-19,14.109999656677246,46.25211715698242,51.380001068115234,28.005802154541016,45.0099983215332,482.1534423828125
2024-04-22,14.529999732971191,47.66193389892578,53.939998626708984,28.33942985534668,45.529998779296875,486.59368896484375
2024-04-23,14.229999542236328,47.866119384765625,54.029998779296875,28.082061767578125,45.08000183105469,492.3678894042969
2024-04-24,13.920000076293945,46.611854553222656,52.66999816894531,27.929542541503906,44.22999954223633,492.13421630859375
2024-04-25,14.130000114440918,48.49811553955078,53.5099983215332,25.984962463378906,44.54999923706055,490.2646179199219
2024-04-26,13.880000114440918,48.53700256347656,52.84000015258789,25.76572036743164,43.959999084472656,494.909423828125
2024-04-29,13.979999542236328,49.05231857299805,52.970001220703125,25.584606170654297,44.09000015258789,496.6620788574219
2024-04-30,13.510000228881836,48.6828498840332,51.459999084472656,24.72670555114746,43.02000045776367,488.7943420410156
2024-05-01,13.579999923706055,48.63423538208008,50.66999816894531,24.469331741333008,42.18000030517578,487.2071533203125
2024-05-02,13.859999656677246,49.61625289916992,51.68000030517578,25.174718856811523,42.70000076293945,491.7641906738281
2024-05-03,13.850000381469727,50.121849060058594,51.650001525878906,24.926877975463867,42.68000030517578,497.85980224609375
2024-05-06,14.649999618530273,51.4636116027832,53.970001220703125,26.13747787475586,43.849998474121094,503.00115966796875
2024-05-07,14.25,50.75384521484375,52.689998626708984,25.737123489379883,43.16999816894531,503.5561218261719
2024-05-08,14.420000076293945,50.83161926269531,53.02000045776367,25.90870475769043,43.290000915527344,503.60479736328125
2024-05-09,14.479999542236328,51.288604736328125,52.630001068115234,26.0040283203125,43.86000061035156,506.5064392089844
2024-05-10,14.399999618530273,51.14276123046875,52.720001220703125,26.08028221130371,43.7599983215332,507.1589660644531
2024-05-13,14.930000305175781,51.620094299316406,54.400001525878906,26.67128562927246,43.869998931884766,507.2270812988281
2024-05-14,15.1899995803833,51.688289642333984,55.09000015258789,26.814268112182617,43.779998779296875,509.55426025390625
2024-05-15,14.9399995803833,51.88310623168945,54.959999084472656,26.471105575561523,43.47999954223633,515.8641357421875
2024-05-16,14.789999961853027,51.15250015258789,54.779998779296875,26.67128562927246,43.279998779296875,514.8026733398438
2024-05-17,14.729999542236328,51.33759307861328,54.970001220703125,26.556896209716797,43.290000915527344,515.542724609375
2024-05-20,14.520000457763672,51.620094299316406,54.619998931884766,26.88099479675293,43.88999938964844,516.1368408203125
2024-05-21,14.029999732971191,50.879737854003906,53.029998779296875,26.66175079345703,43.75,517.402587890625
2024-05-22,14.100000381469727,50.24654769897461,52.41999816894531,26.57596206665039,43.599998474121094,515.912841796875
2024-05-23,13.819999694824219,49.87636947631836,51.7599983215332,25.403491973876953,42.349998474121094,512.14453125
2024-05-24,13.84000015258789,50.499820709228516,51.72999954223633,25.584606170654297,42.70000076293945,515.5330810546875
2024-05-28,13.4399995803833,48.98014831542969,50.63999938964844,25.279573440551758,41.7400016784668,515.8932495117188
2024-05-29,11.619999885559082,48.6099739074707,51.83000183105469,24.316814422607422,40.650001525878906,512.28076171875
2024-05-30,11.4399995803833,48.814544677734375,51.34000015258789,24.888751983642578,41.18000030517578,508.8824157714844
2024-05-31,11.5,49.701019287109375,52.9900016784668,25.584606170654297,42.02000045776367,513.5173950195312
2024-06-03,11.529999732971191,49.47697067260742,52.720001220703125,26.394851684570312,41.93000030517578,513.9361572265625
2024-06-04,11.5,48.57101058959961,52.34000015258789,26.499704360961914,41.7599983215332,514.5106201171875
2024-06-05,11.619999885559082,49.50619125366211,52.90999984741211,27.12883186340332,41.45000076293945,520.6256713867188
2024-06-06,11.430000305175781,49.12627410888672,53.29999923706055,26.547365188598633,40.97999954223633,520.6159057617188
2024-06-07,11.5,49.136009216308594,53.0,26.452041625976562,40.7400016784668,519.9829711914062
2024-06-10,11.489999771118164,49.194461822509766,53.029998779296875,28.31083869934082,41.349998474121094,521.589599609375
2024-06-11,11.279999732971191,48.0157470703125,52.04999923706055,26.738006591796875,40.2400016784668,522.8457641601562
2024-06-12,11.5,49.31135559082031,52.93000030517578,27.10976791381836,41.5099983215332,527.1399536132812
2024-06-13,11.4399995803833,48.87299346923828,52.06999969482422,27.08116912841797,41.0099983215332,528.2012939453125
2024-06-14,11.279999732971191,47.460479736328125,49.689998626708984,27.052576065063477,40.33000183105469,528.5226440429688
2024-06-17,11.4399995803833,48.42488098144531,50.36000061035156,27.424333572387695,41.150001525878906,532.7291259765625
2024-06-18,11.279999732971191,48.29824447631836,49.58000183105469,27.270856857299805,41.5099983215332,534.0827026367188
2024-06-20,11.239999771118164,48.32747268676758,48.900001525878906,26.91594123840332,41.34000015258789,532.6317749023438
2024-06-21,11.199999809265137,48.10342025756836,48.18000030517578,27.203710556030273,41.18000030517578,531.9176635742188
2024-06-24,11.15999984741211,48.122901916503906,49.18000030517578,27.32840919494629,41.810001373291016,530.1885986328125
2024-06-25,11.130000114440918,47.54815673828125,48.52000045776367,27.34759521484375,40.81999969482422,532.2304077148438
2024-06-26,11.119999885559082,46.93444061279297,48.06999969482422,27.290042877197266,40.68000030517578,532.8945922851562
2024-06-27,11.279999732971191,47.34357452392578,48.20000076293945,27.30922508239746,40.7599983215332,533.734619140625
2024-06-28,11.329999923706055,46.21356964111328,48.65999984741211,27.44352149963379,40.400001525878906,531.6343383789062
2024-07-01,11.039999961853027,45.70701599121094,48.33000183105469,26.963905334472656,40.09000015258789,532.7284545898438
2024-07-02,11.050000190734863,45.50244140625,48.20000076293945,27.13656234741211,39.72999954223633,536.3136596679688
2024-07-03,11.119999885559082,46.16486358642578,48.5099983215332,27.41474151611328,40.290000915527344,538.70703125
2024-07-05,11.039999961853027,44.83028030395508,47.0,25.84160804748535,38.33000183105469,541.8134155273438
2024-07-08,10.930000305175781,45.15174865722656,46.81999969482422,26.234891891479492,38.16999816894531,542.4386596679688
2024-07-09,10.979999542236328,45.67778778076172,47.20000076293945,26.349998474121094,37.38999938964844,542.9661865234375
2024-07-10,11.149999618530273,45.648563385009766,47.150001525878906,26.50347328186035,37.06999969482422,548.3389282226562
2024-07-11,10.729999542236328,43.82691192626953,45.63999938964844,25.870384216308594,37.90999984741211,543.6107788085938
2024-07-12,10.680000305175781,42.49232482910156,44.720001220703125,26.40755271911621,38.40999984741211,547.0396728515625
2024-07-15,10.630000114440918,41.88835525512695,44.31999969482422,26.58021354675293,38.45000076293945,548.5440673828125
2024-07-16,11.1899995803833,44.83028030395508,47.06999969482422,27.539438247680664,40.5,551.7969970703125
2024-07-17,11.010000228881836,44.577003479003906,46.939998626708984,27.165340423583984,40.029998779296875,544.0601806640625
2024-07-18,10.619999885559082,43.75871658325195,46.38999938964844,26.29244613647461,37.25,539.879150390625
2024-07-19,10.579999923706055,44.26527404785156,47.93000030517578,26.07182502746582,37.93000030517578,536.2941284179688
2024-07-22,10.6899995803833,42.69689178466797,48.189998626708984,26.532251358032227,38.72999954223633,541.8233032226562
2024-07-23,10.479999542236328,42.482582092285156,48.220001220703125,26.07182502746582,38.060001373291016,540.9733276367188
2024-07-24,10.170000076293945,41.82990264892578,46.02000045776367,25.52506446838379,37.84000015258789,528.7135009765625
2024-07-25,10.600000381469727,42.34620666503906,46.720001220703125,26.93512725830078,38.68000030517578,525.9586791992188
2024-07-26,10.619999885559082,42.9891471862793,47.369998931884766,26.119781494140625,39.459999084472656,531.8492431640625
2024-07-29,10.430000305175781,42.06370162963867,46.7599983215332,25.237293243408203,38.77000045776367,532.161865234375
2024-07-30,10.760000228881836,42.25920867919922,46.61000061035156,25.937532424926758,38.529998779296875,529.4656982421875
2024-07-31,10.640000343322754,42.053924560546875,45.41999816894531,25.84160804748535,37.529998779296875,538.072021484375
2024-08-01,10.140000343322754,40.56806182861328,42.380001068115234,25.28525733947754,36.34000015258789,530.452392578125
2024-08-02,9.630000114440918,38.9355583190918,40.189998626708984,24.028667449951172,34.529998779296875,520.5762329101562
2024-08-05,9.279999732971191,37.07822799682617,37.880001068115234,22.73370933532715,32.91999816894531,505.41510009765625
2024-08-06,9.3100004196167,37.361724853515625,38.79999923706055,23.347614288330078,33.599998474121094,510.07476806640625
2024-08-07,9.260000228881836,36.48192596435547,38.7599983215332,23.328428268432617,33.5,506.66552734375
2024-08-08,9.890000343322754,38.72050094604492,41.18000030517578,24.191734313964844,34.560001373291016,518.3782348632812
2024-08-09,9.859999656677246,38.41746139526367,41.459999084472656,24.29724884033203,34.68000030517578,520.6641235351562
2024-08-12,9.609999656677246,38.18285369873047,40.41999816894531,24.3452091217041,34.59000015258789,520.937744140625
2024-08-13,9.8100004196167,38.612972259521484,40.91999816894531,24.38357925415039,35.4900016784668,529.5046997070312
2024-08-14,9.739999771118164,37.82115936279297,40.2400016784668,24.3452091217041,34.77000045776367,531.1753540039062
2024-08-15,10.09000015258789,39.27770233154297,42.65999984741211,25.457918167114258,35.29999923706055,540.2797241210938
2024-08-16,10.050000190734863,39.248374938964844,42.06999969482422,25.256479263305664,34.779998779296875,541.4910888671875
2024-08-19,10.3100004196167,39.56119155883789,42.349998474121094,25.64017105102539,34.959999084472656,546.6683959960938
2024-08-20,10.289999961853027,39.21904754638672,41.7599983215332,25.438732147216797,34.970001220703125,545.7794799804688
2024-08-21,10.399999618530273,39.27770233154297,41.9900016784668,25.496286392211914,34.9900016784668,547.6551513671875
2024-08-22,10.140000343322754,39.23859405517578,41.439998626708984,25.832015991210938,34.529998779296875,543.3568725585938
2024-08-23,10.390000343322754,40.45075225830078,43.31999969482422,27.031049728393555,35.720001220703125,549.1302490234375
2024-08-26,10.210000038146973,40.05973434448242,42.779998779296875,27.050233840942383,35.279998779296875,547.8212280273438
2024-08-27,10.170000076293945,39.893550872802734,42.13999938964844,27.923131942749023,35.779998779296875,548.5733642578125
2024-08-28,10.149999618530273,39.52208709716797,41.33000183105469,27.510665893554688,35.75,545.3887939453125
2024-08-29,10.390000343322754,40.62671661376953,42.63999938964844,27.568218231201172,35.79999923706055,545.4375610351562
2024-08-30,10.619999885559082,41.535831451416016,44.040000915527344,27.740880966186523,36.11000061035156,550.6444091796875
2024-09-03,10.600000381469727,41.418521881103516,43.869998931884766,28.37397003173828,35.900001525878906,539.3126220703125
2024-09-04,10.630000114440918,41.418521881103516,44.16999816894531,28.480131149291992,36.119998931884766,538.208740234375
2024-09-05,10.800000190734863,41.22300720214844,45.119998931884766,28.769662857055664,37.81999969482422,536.8997192382812
2024-09-06,10.800000190734863,41.086151123046875,46.0099983215332,28.663501739501953,37.59000015258789,527.8637084960938
2024-09-09,11.220000267028809,42.6991081237793,48.75,28.69245147705078,39.79999923706055,533.773681640625
2024-09-10,10.989999771118164,42.425392150878906,48.41999816894531,28.229206085205078,39.79999923706055,536.0986328125
2024-09-11,10.770000457763672,43.28562927246094,48.470001220703125,27.804561614990234,39.4900016784668,541.5985107421875
2024-09-12,10.880000114440918,43.275856018066406,49.650001525878906,27.862468719482422,39.95000076293945,546.1605224609375
2024-09-13,10.6899995803833,44.16542053222656,50.220001220703125,27.67909812927246,41.63999938964844,549.0130004882812
2024-09-16,10.8100004196167,44.302276611328125,51.34000015258789,27.54398536682129,41.34000015258789,549.8238525390625
2024-09-17,11.170000076293945,45.631736755371094,52.63999938964844,27.44747543334961,40.97999954223633,550.0484619140625
2024-09-18,11.029999732971191,45.8663444519043,52.959999084472656,27.89141845703125,39.7599983215332,548.4171752929688
2024-09-19,11.109999656677246,46.071632385253906,52.59000015258789,27.930023193359375,39.560001373291016,557.7755126953125
2024-09-20,11.010000228881836,45.885894775390625,52.16999816894531,28.02653694152832,40.02000045776367,556.811279296875
2024-09-23,10.979999542236328,46.100955963134766,52.36000061035156,28.5959415435791,41.689998626708984,558.2026977539062
2024-09-24,11.039999961853027,46.726585388183594,53.630001068115234,28.711755752563477,41.619998931884766,559.7999267578125
2024-09-25,11.0,47.65525817871094,54.11000061035156,27.39921760559082,42.45000076293945,558.565185546875
2024-09-26,11.789999961853027,50.64653015136719,58.849998474121094,28.885475158691406,44.45000076293945,560.77978515625
2024-09-27,11.5600004196167,50.382591247558594,57.9900016784668,28.499431610107422,45.0,559.9664916992188
2024-09-30,11.239999771118164,49.649444580078125,57.060001373291016,28.5959415435791,45.209999084472656,562.21044921875
2024-10-01,10.899999618530273,48.838077545166016,56.130001068115234,28.837221145629883,45.11000061035156,557.1738891601562
2024-10-02,10.739999771118164,47.313114166259766,55.7400016784668,28.53803825378418,44.16999816894531,557.4090576171875
2024-10-03,10.819999694824219,46.394222259521484,55.619998931884766,29.44523048400879,42.68000030517578,556.3900756835938
2024-10-04,11.510000228881836,48.173343658447266,59.220001220703125,30.159408569335938,42.47999954223633,561.4461059570312
2024-10-07,11.529999732971191,48.35908126831055,59.18000030517578,29.956737518310547,42.540000915527344,556.3704223632812
2024-10-08,11.920000076293945,49.48324966430664,60.0099983215332,29.59964942932129,42.7400016784668,561.63232421875
2024-10-09,11.930000305175781,49.83517837524414,59.43000030517578,29.570693969726562,42.79999923706055,565.5223999023438
2024-10-10,11.760000228881836,49.305747985839844,60.2599983215332,29.300466537475586,42.959999084472656,564.5327758789062
2024-10-11,11.789999961853027,50.32538604736328,61.79999923706055,29.551393508911133,44.630001068115234,567.9132690429688
2024-10-14,11.869999885559082,52.13917541503906,63.529998779296875,29.31011962890625,44.689998626708984,572.5579223632812
2024-10-15,12.029999732971191,51.69798278808594,64.05000305175781,29.425928115844727,45.400001525878906,568.1092529296875
2024-10-16,12.890000343322754,55.20792770385742,72.0199966430664,29.831274032592773,46.38999938964844,570.5785522460938
2024-10-17,12.8100004196167,54.178466796875,73.33000183105469,29.039892196655273,45.650001525878906,570.6275024414062
2024-10-18,13.09000015258789,54.70790481567383,74.1500015258789,29.89883041381836,44.939998626708984,572.8223876953125
2024-10-21,12.970000267028809,54.02159881591797,74.0,29.377676010131836,46.040000915527344,571.8817749023438
2024-10-22,12.960000038146973,53.727474212646484,74.48999786376953,29.425928115844727,45.97999954223633,571.5780029296875
2024-10-23,12.829999923706055,53.58041000366211,73.44999694824219,29.657554626464844,45.83000183105469,566.3552856445312
2024-10-24,12.779999732971191,53.69805908203125,74.51000213623047,28.007232666015625,45.61000061035156,567.5802001953125
2024-10-25,13.149999618530273,53.06077194213867,74.63999938964844,28.402921676635742,45.540000915527344,567.384033203125
2024-10-28,13.600000381469727,54.29612350463867,76.08999633789062,29.24256134033203,47.099998474121094,569.13818359375
2024-10-29,13.819999694824219,56.21776580810547,76.93000030517578,29.947086334228516,46.93000030517578,570.0592651367188
2024-10-30,13.9399995803833,57.31583786010742,80.41999816894531,30.371728897094727,47.27000045776367,568.3346557617188
2024-10-31,13.399999618530273,56.10011291503906,78.26000213623047,29.51279067993164,47.90999984741211,557.1934814453125
2024-11-01,13.539999961853027,57.24720764160156,80.45999908447266,29.541744232177734,49.22999954223633,559.545166015625
2024-11-04,12.989999771118164,55.77656555175781,77.25,28.86617088317871,47.22999954223633,558.3399658203125
2024-11-05,13.1899995803833,57.149166107177734,80.02999877929688,29.561044692993164,48.560001373291016,565.09130859375
2024-11-06,14.0,61.10029220581055,87.58000183105469,30.294519424438477,51.619998931884766,579.142578125
2024-11-07,13.619999885559082,59.247283935546875,85.43000030517578,30.169057846069336,50.9900016784668,583.62060546875
2024-11-08,13.8100004196167,59.85514450073242,87.51000213623047,30.67091178894043,51.0,586.1486206054688
2024-11-11,14.15999984741211,62.31602096557617,89.43000030517578,31.510549545288086,51.849998474121094,586.7072143554688
2024-11-12,13.90999984741211,62.79644012451172,89.12999725341797,30.912185668945312,51.45000076293945,584.8846435546875
2024-11-13,14.010000228881836,63.19841384887695,89.77999877929688,31.249971389770508,51.66999816894531,585.1688232421875
2024-11-14,14.260000228881836,63.58077621459961,91.16000366210938,31.288572311401367,52.880001068115234,581.4060668945312
2024-11-15,14.390000343322754,62.81604766845703,91.16999816894531,31.46229362487793,53.959999084472656,573.9590454101562
2024-11-18,14.289999961853027,62.00229263305664,90.37999725341797,31.201719284057617,52.83000183105469,576.310791015625
2024-11-19,14.329999923706055,63.48273468017578,94.26000213623047,31.23067283630371,53.08000183105469,578.4175415039062
2024-11-20,14.460000038146973,62.39445495605469,94.62999725341797,30.661258697509766,53.13999938964844,578.6134033203125
2024-11-21,14.199999809265137,62.1003303527832,94.4000015258789,30.68056297302246,52.29999923706055,581.7196655273438
2024-11-22,14.380000114440918,62.1003303527832,95.23999786376953,30.854280471801758,52.41999816894531,583.522705078125
2024-11-25,14.920000076293945,63.22781753540039,96.83000183105469,31.2982234954834,53.439998626708984,585.5020141601562
2024-11-26,14.640000343322754,62.88467025756836,96.51000213623047,30.84463119506836,52.93000030517578,588.5592041015625
2024-11-27,14.640000343322754,62.37484359741211,96.3499984741211,31.23067283630371,52.68000030517578,586.7758178710938
2024-11-29,14.520000457763672,62.57093811035156,96.83000183105469,31.23067283630371,52.599998474121094,590.4208984375
2024-12-02,14.609999656677246,62.16896057128906,97.44000244140625,31.848329544067383,53.15999984741211,591.4791870117188
2024-12-03,14.470000267028809,61.34539794921875,95.79000091552734,31.829030990600586,52.54999923706055,591.75341796875
2024-12-04,14.880000114440918,63.00232696533203,99.25,32.95820236206055,54.40999984741211,595.4280395507812
2024-12-05,17.3799991607666,64.48277282714844,102.44000244140625,33.62411880493164,55.880001068115234,594.4481811523438
2024-12-06,17.399999618530273,63.26704788208008,100.27999877929688,32.98715591430664,54.34000015258789,595.5750122070312
2024-12-09,17.15999984741211,61.04146957397461,96.0199966430664,32.716922760009766,54.15999984741211,592.5079956054688
2024-12-10,17.489999771118164,61.54148864746094,96.52999877929688,32.27297592163086,61.290000915527344,590.6658935546875
2024-12-11,17.579999923706055,62.237586975097656,98.95999908447266,32.4080924987793,64.08999633789062,595.2319946289062
2024-12-12,17.239999771118164,60.423797607421875,95.97000122070312,32.07030487060547,63.41999816894531,592.1651611328125
2024-12-13,16.920000076293945,60.315948486328125,95.11000061035156,31.86763572692871,62.56999969482422,592.0475463867188
2024-12-16,16.520000457763672,59.85514450073242,95.4800033569336,31.549150466918945,63.400001525878906,594.5755004882812
2024-12-17,16.719999313354492,59.619850158691406,94.98999786376953,31.66497230529785,63.20000076293945,592.1257934570312
2024-12-18,16.469999313354492,57.727622985839844,91.47000122070312,31.336828231811523,62.439998626708984,574.478515625
2024-12-19,16.639999389648438,59.198265075683594,95.55999755859375,31.636011123657227,64.97000122070312,574.3019409179688
2024-12-20,16.8799991607666,59.73750305175781,97.4000015258789,32.11856460571289,66.0199966430664,581.1998901367188
2024-12-23,17.25,60.315948486328125,99.4800033569336,32.678321838378906,67.47000122070312,584.6803588867188
2024-12-24,17.350000381469727,61.33559799194336,101.16000366210938,33.151222229003906,67.5999984741211,591.1790771484375
2024-12-26,17.350000381469727,61.17872619628906,100.87000274658203,33.170623779296875,67.0199966430664,591.2184448242188
2024-12-27,17.350000381469727,60.061038970947266,99.6500015258789,33.02510070800781,65.83000183105469,584.9949340820312
2024-12-30,17.6200008392334,59.53160858154297,98.20999908447266,32.55941390991211,64.87000274658203,578.3192749023438
2024-12-31,17.43000030517578,59.315914154052734,97.0999984741211,32.617618560791016,64.75,576.2152709960938
2025-01-02,17.0,57.91389846801758,95.43000030517578,32.37507629394531,64.30000305175781,574.7994995117188
2025-01-03,16.969999313354492,57.845272064208984,95.66999816894531,32.607913970947266,63.97999954223633,581.9864501953125
2025-01-06,17.520000457763672,58.86492156982422,98.56999969482422,32.82136154174805,64.4000015258789,585.3390502929688
2025-01-07,17.690000534057617,59.98260498046875,101.20999908447266,31.899686813354492,65.5199966430664,578.7223510742188
2025-01-08,17.600000381469727,60.2179069519043,103.72000122070312,31.899686813354492,66.29000091552734,579.56787109375
2025-01-10,18.3799991607666,65.63966369628906,107.11000061035156,32.13252639770508,68.18000030517578,570.7193603515625
2025-01-13,17.600000381469727,63.825889587402344,104.70999908447266,31.686243057250977,66.47000122070312,571.6043090820312
2025-01-14,18.209999084472656,64.99259185791016,107.66999816894531,32.142234802246094,67.44000244140625,572.3906860351562
2025-01-15,18.06999969482422,64.21806335449219,104.95999908447266,31.82206916809082,66.66000366210938,582.8025512695312
2025-01-16,18.290000915527344,64.88473510742188,106.11000061035156,31.20115089416504,67.41999816894531,581.6817016601562
2025-01-17,18.270000457763672,64.53179168701172,107.37999725341797,31.14293670654297,66.33999633789062,587.5216674804688
2025-01-21,18.639999389648438,67.0024642944336,110.5199966430664,32.278053283691406,68.87999725341797,592.8995971679688
2025-01-22,18.65999984741211,66.45343017578125,107.97000122070312,30.910093307495117,67.4000015258789,596.232666015625
2025-01-23,17.030000686645508,66.12989044189453,103.0,30.978008270263672,68.8499984741211,599.4869384765625
2025-01-24,16.959999084472656,65.86517333984375,105.0,31.210847854614258,69.94999694824219,597.7367553710938
2025-01-27,17.200000762939453,66.44361877441406,106.73999786376953,31.60862922668457,70.45999908447266,589.2816162109375
2025-01-28,17.149999618530273,66.32598114013672,106.33999633789062,30.900394439697266,71.41000366210938,594.344970703125
2025-01-29,17.329999923706055,67.09070587158203,108.26000213623047,30.706357955932617,72.19999694824219,591.6804809570312
2025-01-30,16.899999618530273,67.22796630859375,109.4000015258789,30.32798194885254,74.43000030517578,594.8561401367188
2025-01-31,16.920000076293945,65.95340728759766,105.83999633789062,29.794382095336914,73.25,591.6903686523438
2025-02-03,16.700000762939453,65.17887878417969,104.83000183105469,29.571237564086914,73.48999786376953,587.70849609375
2025-02-04,16.84000015258789,67.70836639404297,108.66999816894531,29.871994018554688,75.55000305175781,591.651123046875
2025-02-05,16.959999084472656,67.70836639404297,107.81999969482422,29.96901512145996,74.91000366210938,594.0498046875
2025-02-06,17.059999465942383,66.59068298339844,109.1500015258789,30.163049697875977,74.41000366210938,596.1146240234375
2025-02-07,17.170000076293945,66.80638122558594,109.0,30.07573699951172,75.91999816894531,590.6580200195312
2025-02-10,16.6200008392334,64.89456939697266,106.08000183105469,29.231672286987305,75.05999755859375,594.6693725585938
2025-02-11,16.40999984741211,63.48273468017578,103.30999755859375,28.882408142089844,72.8499984741211,595.12158203125
2025-02-12,16.260000228881836,65.03179931640625,104.18000030517578,28.9891300201416,73.77999877929688,593.2044067382812
2025-02-13,15.739999771118164,62.80624008178711,100.88999938964844,29.03763771057129,72.54000091552734,599.4672241210938
2025-02-14,15.970000267028809,64.1102066040039,104.26000213623047,29.3772029876709,75.73999786376953,599.4376831054688
2025-02-18,16.079999923706055,63.080753326416016,103.25,29.10555076599121,75.33999633789062,601.197509765625
2025-02-19,16.0,63.767059326171875,106.51000213623047,29.29958724975586,76.5999984741211,602.6133422851562
2025-02-20,15.859999656677246,62.50231170654297,102.48999786376953,29.697364807128906,75.36000061035156,600.1062622070312
2025-02-21,15.229999542236328,58.8256950378418,95.88999938964844,28.92121696472168,70.18000030517578,589.8419799804688
2025-02-24,15.3100004196167,60.28654098510742,97.7699966430664,29.36750030517578,72.31999969482422,587.1580200195312
2025-02-25,15.130000114440918,60.58067321777344,96.58000183105469,29.348094940185547,71.4000015258789,584.2378540039062
2025-02-26,15.180000305175781,60.492427825927734,97.4000015258789,29.774978637695312,72.16000366210938,584.5328979492188
2025-02-27,14.529999732971191,58.72335433959961,92.16999816894531,29.72646713256836,71.06999969482422,575.20263671875
2025-02-28,14.350000381469727,59.08699035644531,93.80999755859375,30.13394546508789,72.27999877929688,584.1788940429688
2025-03-03,13.869999885559082,57.44569396972656,91.66999816894531,29.697364807128906,69.9000015258789,573.9441528320312
2025-03-04,13.350000381469727,53.75029373168945,86.20999908447266,28.571949005126953,65.30000305175781,567.1504516601562
2025-03-05,14.09000015258789,55.794559478759766,91.2699966430664,29.057039260864258,66.30000305175781,573.2461547851562
2025-03-06,13.25,54.015655517578125,86.2699966430664,28.649560928344727,62.20000076293945,563.0702514648438
2025-03-07,13.029999732971191,52.36452102661133,82.87999725341797,28.329404830932617,60.63999938964844,566.2261962890625
2025-03-10,12.5,49.465213775634766,77.62000274658203,27.339813232421875,55.470001220703125,551.14453125
2025-03-11,11.460000038146973,45.8779296875,76.05999755859375,29.619749069213867,53.63999938964844,546.5628662109375
2025-03-12,10.930000305175781,44.52164077758789,72.45999908447266,29.375764846801758,53.34000015258789,549.4631958007812
2025-03-13,10.670000076293945,43.16535186767578,69.9000015258789,30.25411033630371,52.599998474121094,542.1386108398438
2025-03-14,10.869999885559082,45.94672775268555,73.66999816894531,30.966543197631836,53.939998626708984,553.3369750976562
2025-03-17,11.319999694824219,46.084320068359375,73.91999816894531,31.35692024230957,55.150001525878906,557.6039428710938
2025-03-18,11.069999694824219,45.130985260009766,71.33999633789062,31.610660552978516,52.34000015258789,551.5770874023438
2025-03-19,11.479999542236328,46.929542541503906,74.43000030517578,32.79154968261719,54.119998931884766,557.5842895507812
2025-03-20,11.260000228881836,46.143287658691406,74.04000091552734,33.32831954956055,52.849998474121094,555.9718017578125
2025-03-21,11.390000343322754,45.96638107299805,74.87000274658203,33.99195861816406,52.83000183105469,556.1552734375
2025-03-24,11.829999923706055,48.04012680053711,80.22000122070312,34.001712799072266,54.13999938964844,566.1151123046875
2025-03-25,11.510000228881836,47.8337287902832,78.9000015258789,33.8358039855957,53.83000183105469,567.4760131835938
2025-03-26,11.4399995803833,47.24404525756836,77.87000274658203,33.56254196166992,53.810001373291016,560.7012939453125
2025-03-27,11.140000343322754,45.35703659057617,73.52999877929688,33.113609313964844,52.5,559.2122802734375
2025-03-28,10.699999809265137,43.086727142333984,70.2300033569336,32.78179168701172,50.33000183105469,547.95068359375
2025-03-31,10.550000190734863,42.85084533691406,69.05000305175781,32.77203369140625,49.220001220703125,551.62890625
2025-04-01,10.300000190734863,41.69112777709961,68.19999694824219,30.829912185668945,49.040000915527344,553.18701171875
2025-04-02,10.59000015258789,42.62479782104492,71.37000274658203,31.093416213989258,51.13999938964844,556.6878051757812
2025-04-03,9.510000228881836,38.04487228393555,60.22999954223633,28.165603637695312,45.939998626708984,529.2537841796875
2025-04-04,9.460000038146973,36.609954833984375,57.66999816894531,25.247541427612305,44.45000076293945,498.2696838378906
2025-04-07,9.710000038146973,36.64927291870117,58.77000045776367,25.33537483215332,43.869998931884766,497.38214111328125
2025-04-08,9.069999694824219,35.26349639892578,56.150001525878906,24.154489517211914,41.0099983215332,489.591796875
2025-04-09,11.119999885559082,43.509334564208984,70.83000183105469,27.86305809020996,50.27000045776367,541.0084228515625
2025-04-10,9.510000228881836,38.68370056152344,62.75,25.16946792602539,44.5099983215332,517.3019409179688
2025-04-11,9.670000076293945,40.177589416503906,65.5999984741211,25.559843063354492,45.7599983215332,526.5320434570312
2025-04-14,9.579999923706055,39.60755157470703,65.69000244140625,24.94500160217285,45.0099983215332,531.64013671875
2025-04-15,9.850000381469727,40.12844467163086,67.0,25.18898582458496,45.83000183105469,530.151123046875
2025-04-16,9.420000076293945,39.8925666809082,66.98999786376953,24.261844635009766,44.650001525878906,518.366943359375
2025-04-17,9.460000038146973,40.14809799194336,66.30000305175781,24.144729614257812,45.18000030517578,519.1065063476562
2025-04-21,9.069999694824219,38.791812896728516,65.30000305175781,23.46157455444336,43.68000030517578,506.7503356933594
2025-04-22,9.3100004196167,39.6468620300293,66.97000122070312,24.154489517211914,44.939998626708984,519.9349365234375
2025-04-23,9.319999694824219,40.688655853271484,68.02999877929688,24.905963897705078,46.11000061035156,527.9915161132812
2025-04-24,9.609999656677246,41.29800033569336,69.05000305175781,25.823345184326172,41.5099983215332,539.105224609375
2025-04-25,9.75,40.865562438964844,68.19999694824219,25.852622985839844,41.90999984741211,543.0003662109375
2025-04-28,9.850000381469727,41.23902893066406,68.83999633789062,26.008773803710938,43.02000045776367,543.2073974609375
2025-04-29,9.899999618530273,41.356964111328125,68.93000030517578,26.604097366333008,43.70000076293945,546.6292114257812
2025-04-30,9.949999809265137,40.91469955444336,68.81999969482422,27.287250518798828,44.27000045776367,546.8462524414062
2025-05-01,10.029999732971191,40.78693389892578,69.16000366210938,27.892335891723633,44.400001525878906,550.7217407226562
2025-05-02,10.520000457763672,43.4405403137207,74.06999969482422,29.13178062438965,46.9900016784668,558.8966674804688
2025-05-05,10.65999984741211,44.72803497314453,74.86000061035156,29.356246948242188,48.650001525878906,555.6917724609375
2025-05-06,10.430000305175781,44.040061950683594,73.5199966430664,29.122018814086914,49.939998626708984,551.047119140625
2025-05-07,10.5600004196167,44.52164077758789,75.3499984741211,29.551433563232422,50.15999984741211,553.3645629882812
2025-05-08,11.029999732971191,47.70596694946289,79.41000366210938,30.322423934936523,52.77000045776367,557.2202758789062
2025-05-09,11.109999656677246,47.50940704345703,77.2699966430664,30.429777145385742,52.029998779296875,556.5103149414062
2025-05-12,11.670000076293945,50.261287689208984,78.62000274658203,30.517614364624023,53.529998779296875,574.9015502929688
2025-05-13,12.300000190734863,52.23271560668945,82.5999984741211,30.537132263183594,54.880001068115234,578.6981201171875
2025-05-14,11.84000015258789,49.857154846191406,78.98999786376953,30.62496566772461,54.15999984741211,579.437744140625
2025-05-15,11.760000228881836,49.561439514160156,76.54000091552734,31.08365821838379,52.97999954223633,582.267822265625
2025-05-16,11.859999656677246,50.19229507446289,77.93000030517578,31.883926391601562,53.650001525878906,585.9559326171875
2025-05-19,11.859999656677246,50.45843505859375,78.62000274658203,31.805856704711914,53.59000015258789,586.5969848632812
2025-05-20,11.649999618530273,49.26573181152344,76.33000183105469,31.718017578125,52.380001068115234,584.6246948242188
2025-05-21,11.239999771118164,47.580169677734375,73.33000183105469,30.99582290649414,49.77000045776367,574.7733154296875
2025-05-22,11.399999618530273,47.806880950927734,76.0,30.459054946899414,50.11000061035156,575.0001220703125
2025-05-23,11.1899995803833,47.23516845703125,74.6500015258789,30.205312728881836,50.709999084472656,571.0753784179688
2025-05-27,11.640000343322754,48.69401931762695,78.18000030517578,31.874168395996094,52.47999954223633,582.9483032226562
2025-05-28,11.430000305175781,47.905452728271484,77.5,32.0986328125,51.619998931884766,579.5757446289062
2025-05-29,11.399999618530273,47.806880950927734,78.56999969482422,32.898902893066406,52.029998779296875,581.8635864257812
2025-05-30,11.40999984741211,47.698455810546875,79.44000244140625,32.57684326171875,50.93000030517578,581.2127685546875
2025-06-02,11.380000114440918,47.806880950927734,81.2300033569336,32.31333923339844,50.900001525878906,584.4867553710938
2025-06-03,11.470000267028809,48.132164001464844,81.08000183105469,31.815610885620117,50.75,587.81982421875
2025-06-04,11.420000076293945,48.28002166748047,81.62000274658203,31.49355125427246,51.11000061035156,587.6619262695312
2025-06-05,11.270000457763672,48.14202117919922,80.3499984741211,31.67897605895996,50.709999084472656,584.8218994140625
2025-06-06,11.779999732971191,50.22187042236328,84.2300033569336,32.674434661865234,52.5,590.8274536132812
2025-06-09,11.760000228881836,50.46829605102539,83.47000122070312,32.762271881103516,51.72999954223633,591.3599853515625
2025-06-10,11.84000015258789,50.941436767578125,83.19999694824219,33.533267974853516,51.58000183105469,594.7128295898438
2025-06-11,11.0600004196167,48.46730041503906,78.62999725341797,32.684200286865234,49.150001525878906,593.0166625976562
2025-06-12,10.899999618530273,48.18144989013672,77.43000030517578,31.79609489440918,49.63999938964844,595.3734741210938
2025-06-13,10.369999885559082,46.36774444580078,74.0,30.966543197631836,47.459999084472656,588.7171020507812
2025-06-16,10.899999618530273,48.7531623840332,78.5199966430664,31.425235748291016,48.790000915527344,594.3182983398438
2025-06-17,10.5600004196167,46.643741607666016,73.66999816894531,30.683521270751953,46.70000076293945,589.2398681640625
2025-06-18,10.579999923706055,46.88031768798828,74.30000305175781,30.58536720275879,46.869998931884766,589.1510009765625
2025-06-20,10.619999885559082,46.525455474853516,74.2699966430664,30.81112289428711,46.97999954223633,587.7673950195312
2025-06-23,10.899999618530273,47.560455322265625,76.97000122070312,31.292089462280273,47.72999954223633,593.5730590820312
2025-06-24,11.369999885559082,48.85173797607422,79.0199966430664,31.272457122802734,49.560001373291016,600.13037109375
2025-06-25,11.0600004196167,47.61959457397461,76.7300033569336,30.762046813964844,48.65999984741211,600.4666748046875
2025-06-26,11.130000114440918,48.270164489746094,77.55000305175781,30.9387264251709,49.0099983215332,605.1646118164062
2025-06-27,11.279999732971191,48.88130187988281,79.18000030517578,31.566926956176758,49.369998931884766,608.1712646484375
2025-06-30,11.220000267028809,48.47715759277344,79.62999725341797,31.84176254272461,49.47999954223633,611.0790405273438
2025-07-01,11.520000457763672,48.29973220825195,80.05000305175781,32.79387283325195,50.209999084472656,610.8812866210938
2025-07-02,11.630000114440918,49.41358947753906,81.01000213623047,33.363182067871094,50.880001068115234,613.6505737304688
2025-07-03,11.6899995803833,50.13315200805664,82.36000061035156,33.45151901245117,51.04999923706055,618.4869995117188
2025-07-07,11.59000015258789,49.28544235229492,81.11000061035156,33.18649673461914,50.56999969482422,613.8780517578125
2025-07-08,11.579999923706055,49.79800796508789,81.20999908447266,33.35335922241211,50.060001373291016,613.5418090820312
2025-07-09,11.479999542236328,49.975440979003906,80.18000030517578,33.90303421020508,49.72999954223633,617.2210083007812
2025-07-10,12.9399995803833,55.96854782104492,91.66999816894531,36.66121292114258,54.18000030517578,618.9617309570312
2025-07-11,12.220000267028809,55.84040832519531,87.69000244140625,36.445274353027344,52.540000915527344,616.7858276367188
2025-07-14,12.380000114440918,57.279544830322266,88.94000244140625,37.0047607421875,52.93000030517578,617.9627685546875
2025-07-15,12.170000076293945,54.913841247558594,86.37999725341797,36.445274353027344,51.63999938964844,615.322021484375
2025-07-16,12.270000457763672,54.76598358154297,88.47000122070312,36.72010803222656,51.650001525878906,617.3792114257812
2025-07-17,12.449999809265137,55.53483963012695,91.22000122070312,35.79744338989258,53.119998931884766,621.1573486328125
2025-07-18,12.510000228881836,55.485557556152344,92.25,35.83670425415039,53.150001525878906,620.7025146484375
2025-07-21,12.319999694824219,55.2391242980957,92.3499984741211,36.18025207519531,52.61000061035156,621.8794555664062
2025-07-22,12.5,54.874412536621094,90.77999877929688,36.48453140258789,53.060001373291016,621.9683837890625
2025-07-23,12.680000305175781,55.17998123168945,90.43000030517578,36.74955368041992,53.880001068115234,627.259765625
2025-07-24,11.460000038146973,53.92813491821289,89.7300033569336,32.646636962890625,50.83000183105469,627.4674072265625
2025-07-25,11.5,54.075992584228516,91.11000061035156,32.597564697265625,52.15999984741211,630.1181030273438
2025-07-28,11.579999923706055,54.815269470214844,92.43000030517578,31.920286178588867,54.33000183105469,629.9598999023438
2025-07-29,11.420000076293945,53.721134185791016,90.6500015258789,30.526473999023438,54.150001525878906,628.2982788085938
2025-07-30,11.510000228881836,52.83399200439453,90.23999786376953,30.143665313720703,53.33000183105469,627.5070190429688
2025-07-31,11.489999771118164,52.63418197631836,88.30999755859375,30.359609603881836,52.959999084472656,625.1531982421875
2025-08-01,11.029999732971191,50.596473693847656,84.56999969482422,29.250444412231445,51.369998931884766,614.9066162109375
2025-08-04,11.270000457763672,51.95164489746094,87.01000213623047,29.20136833190918,52.58000183105469,624.2530517578125
2025-08-05,11.640000343322754,52.297855377197266,87.66000366210938,29.368234634399414,53.18000030517578,621.0880737304688
2025-08-06,11.739999771118164,53.534332275390625,88.87000274658203,29.1621036529541,54.0,625.845458984375
2025-08-07,11.729999542236328,53.04963684082031,87.9800033569336,29.014873504638672,53.25,625.3212280273438
2025-08-08,11.619999885559082,53.05952453613281,89.29000091552734,29.07376480102539,52.279998779296875,630.197265625
2025-08-11,11.579999923706055,52.921043395996094,89.33000183105469,28.524093627929688,51.13999938964844,628.9509887695312
2025-08-12,12.979999542236328,57.80758285522461,98.47000122070312,30.153480529785156,56.220001220703125,635.6468505859375
2025-08-13,13.109999656677246,58.776973724365234,99.79000091552734,30.398868560791016,57.75,637.8228149414062
2025-08-14,12.819999694824219,58.32195281982422,99.13999938964844,30.133848190307617,56.869998931884766,637.882080078125
2025-08-15,13.170000076293945,59.58810806274414,100.93000030517578,30.919095993041992,57.36000061035156,636.388671875
2025-08-18,13.170000076293945,60.42890548706055,102.37000274658203,30.732601165771484,57.400001525878906,636.2501831054688
2025-08-19,13.220000267028809,59.84529113769531,102.19000244140625,31.007436752319336,57.119998931884766,632.7984008789062
2025-08-20,12.800000190734863,58.41097640991211,99.83999633789062,30.604997634887695,55.93000030517578,631.1170043945312
2025-08-21,12.569999694824219,57.21407699584961,97.19000244140625,30.497026443481445,54.91999816894531,628.5850830078125
2025-08-22,13.550000190734863,61.02241516113281,102.9800033569336,32.165672302246094,59.5,638.2381591796875
2025-08-25,13.0,59.75626754760742,102.33999633789062,31.920286178588867,60.0099983215332,635.42919921875
2025-08-26,13.149999618530273,60.488258361816406,104.12999725341797,32.7840576171875,60.31999969482422,638.0897827148438
2025-08-27,13.130000114440918,60.59706115722656,104.20999908447266,32.57793045043945,61.84000015258789,639.543701171875
2025-08-28,13.25,61.299381256103516,105.08000183105469,32.371803283691406,63.18000030517578,641.8085327148438
2025-08-29,13.369999885559082,61.11143493652344,105.0,32.29328155517578,62.779998779296875,637.9810180664062
2025-09-02,13.390000343322754,60.468475341796875,104.68000030517578,31.655263900756836,62.59000015258789,633.2533569335938
2025-09-03,13.4399995803833,60.606956481933594,106.16000366210938,31.911903381347656,62.5,636.6853637695312
2025-09-04,12.859999656677246,59.894752502441406,106.05000305175781,30.717552185058594,62.810001373291016,642.00634765625
2025-09-05,13.079999923706055,60.5179328918457,106.58999633789062,30.98405647277832,63.150001525878906,640.14697265625
2025-09-08,12.949999809265137,61.091651916503906,107.7699966430664,31.29991912841797,63.689998626708984,641.719482421875
2025-09-09,12.760000228881836,60.02334213256836,105.6500015258789,30.589229583740234,62.290000915527344,643.2030639648438
2025-09-10,12.819999694824219,60.72565460205078,107.51000213623047,30.70768165588379,62.650001525878906,645.0625
2025-09-11,12.949999809265137,59.78594207763672,109.36000061035156,31.309789657592773,63.86000061035156,650.4231567382812
2025-09-12,12.90999984741211,59.22210693359375,106.58000183105469,31.250566482543945,63.369998931884766,650.20556640625
2025-09-15,12.529999732971191,57.78779983520508,104.55000305175781,31.023540496826172,59.130001068115234,653.6671142578125
2025-09-16,12.40999984741211,57.23386001586914,104.19999694824219,31.16172981262207,57.599998474121094,652.76708984375
2025-09-17,12.479999542236328,58.1834716796875,105.51000213623047,31.70461654663086,58.4900016784668,651.9561767578125
2025-09-18,12.579999923706055,58.826438903808594,105.37999725341797,31.852678298950195,57.400001525878906,655.00244140625
2025-09-19,12.449999809265137,59.11329650878906,106.30999755859375,32.09944534301758,57.25,658.2465209960938
2025-09-22,12.329999923706055,58.25271224975586,104.18000030517578,31.88228988647461,54.779998779296875,661.3607177734375
2025-09-23,12.1899995803833,58.11423110961914,104.12999725341797,32.908843994140625,54.13999938964844,657.7605590820312
2025-09-24,11.9399995803833,57.085479736328125,101.38999938964844,32.63246536254883,52.900001525878906,655.6677856445312
2025-09-25,11.390000343322754,56.125980377197266,99.1500015258789,31.51707649230957,51.290000915527344,652.6429443359375
2025-09-26,11.3100004196167,56.58100509643555,97.91000366210938,32.10931396484375,50.880001068115234,656.3819580078125
2025-09-29,11.380000114440918,57.03602600097656,98.63999938964844,32.336341857910156,50.439998626708984,658.2266845703125
2025-09-30,11.239999771118164,56.13587188720703,96.5,31.497333526611328,49.779998779296875,660.7061157226562
2025-10-01,11.270000457763672,55.50279998779297,93.1500015258789,31.862550735473633,48.5,662.9574584960938
2025-10-02,11.430000305175781,56.462303161621094,94.83000183105469,31.89216423034668,48.97999954223633,663.7210693359375
2025-10-03,11.579999923706055,56.64035415649414,95.33000183105469,32.09944534301758,49.189998626708984,663.7112426757812
2025-10-06,11.829999923706055,57.6295280456543,97.06999969482422,32.15867233276367,48.459999084472656,666.0914916992188
2025-10-07,11.65999984741211,56.01716995239258,96.6500015258789,31.97112464904785,49.0,663.6219482421875
2025-10-08,11.8100004196167,56.50186538696289,98.08999633789062,32.03035354614258,49.13999938964844,667.5791625976562
2025-10-09,11.619999885559082,58.92535400390625,101.33999633789062,31.270307540893555,49.150001525878906,665.6452026367188
2025-10-10,11.520000457763672,56.85797119140625,96.66999816894531,30.885353088378906,47.220001220703125,647.6542358398438
2025-10-13,11.739999771118164,58.08455276489258,99.25,31.487462997436523,48.27000045776367,657.5919189453125
2025-10-14,12.1899995803833,60.606956481933594,103.1500015258789,32.98780822753906,49.41999816894531,656.78857421875
2025-10-15,12.5,61.03230667114258,104.05000305175781,33.125999450683594,48.84000015258789,659.7044067382812
2025-10-16,11.890000343322754,59.928977966308594,98.19000244140625,32.85948944091797,47.779998779296875,655.2117309570312
2025-10-17,11.859999656677246,59.17490005493164,99.13999938964844,33.086517333984375,47.310001373291016,658.9308471679688
2025-10-20,12.170000076293945,61.26844787597656,101.29000091552734,33.984745025634766,48.5,665.7840576171875
2025-10-21,12.350000381469727,61.83400344848633,100.11000061035156,34.231510162353516,49.0099983215332,665.7741088867188
2025-10-22,12.09000015258789,59.53209686279297,96.2699966430664,33.32340621948242,47.68000030517578,662.3128051757812
2025-10-23,12.770000457763672,58.31168746948242,95.68000030517578,31.240697860717773,46.630001068115234,666.2402954101562
2025-10-24,13.779999732971191,60.47468566894531,99.30999755859375,31.783584594726562,43.77000045776367,671.6851806640625
2025-10-27,13.40999984741211,59.97858428955078,98.80000305175781,31.832935333251953,44.779998779296875,679.6094970703125
2025-10-28,12.710000038146973,57.408782958984375,94.94000244140625,30.687938690185547,43.0,681.4144897460938
2025-10-29,12.970000267028809,58.301761627197266,95.93000030517578,30.263500213623047,41.77000045776367,681.7418823242188
2025-10-30,12.779999732971191,56.67455291748047,93.37999725341797,29.700870513916016,40.70000076293945,674.2440185546875
2025-10-31,13.130000114440918,56.93252944946289,94.04000091552734,29.90815544128418,41.72999954223633,676.4556274414062
2025-11-03,13.34000015258789,58.043792724609375,96.11000061035156,30.036474227905273,41.06999969482422,677.7251586914062
2025-11-04,12.649999618530273,55.21601867675781,90.7699966430664,29.28630256652832,40.41999816894531,669.6917114257812
2025-11-05,13.420000076293945,58.08348083496094,96.6500015258789,31.211084365844727,41.86000061035156,672.012451171875
2025-11-06,13.149999618530273,57.35917663574219,95.72000122070312,31.102508544921875,41.130001068115234,664.8021850585938
2025-11-07,13.649999618530273,58.42082977294922,97.43000030517578,32.03035354614258,42.93000030517578,665.4567260742188
2025-11-10,13.3100004196167,58.10332489013672,96.13999938964844,32.23763656616211,42.36000061035156,675.8407592773438
2025-11-11,12.989999771118164,57.28972244262695,94.94999694824219,31.5762996673584,42.040000915527344,677.3878784179688
2025-11-12,13.460000038146973,60.00835037231445,99.97000122070312,32.908843994140625,43.41999816894531,677.7647705078125
2025-11-13,13.069999694824219,59.44279861450195,97.16999816894531,32.61272048950195,42.34000015258789,666.5180053710938
2025-11-14,12.760000228881836,57.95449447631836,95.02999877929688,32.39556121826172,41.66999816894531,666.4088745117188
2025-11-17,12.34000015258789,55.325157165527344,89.94999694824219,31.438112258911133,39.11000061035156,660.2002563476562
2025-11-18,12.359999656677246,56.684478759765625,91.91999816894531,31.546688079833984,39.04999923706055,654.6561889648438
2025-11-19,12.329999923706055,56.4265022277832,91.33000183105469,31.507204055786133,38.619998931884766,657.185302734375
2025-11-20,12.239999771118164,55.53352355957031,90.05000305175781,30.757034301757812,37.81999969482422,647.1683349609375
2025-11-21,12.869999885559082,58.11324691772461,92.19999694824219,32.375823974609375,39.529998779296875,653.6148681640625
2025-11-24,13.100000381469727,60.196868896484375,95.62000274658203,32.84961700439453,40.27000045776367,663.2351684570312
2025-11-25,13.460000038146973,61.66532897949219,98.91000366210938,33.915653228759766,41.2599983215332,669.4734497070312
2025-11-26,13.930000305175781,63.76879119873047,101.58999633789062,34.606597900390625,42.5099983215332,674.09521484375
2025-11-28,14.050000190734863,63.60011672973633,101.95999908447266,34.35982894897461,42.86000061035156,677.7747192382812
2025-12-01,13.960000038146973,63.64973449707031,101.12000274658203,34.32034683227539,42.52000045776367,674.6802978515625
2025-12-02,14.239999771118164,64.63201141357422,104.37999725341797,34.9718132019043,42.65999984741211,675.9300537109375
2025-12-03,14.5600004196167,66.96368408203125,108.4800033569336,35.21858215332031,45.369998931884766,678.2706298828125
2025-12-04,14.34000015258789,66.71563720703125,104.7300033569336,35.346900939941406,47.31999969482422,678.7665405273438
2025-12-05,14.8100004196167,66.57672882080078,104.94999694824219,37.36051559448242,49.650001525878906,680.0557861328125
2025-12-08,14.859999656677246,66.69579315185547,104.5,37.45922088623047,49.189998626708984,678.0127563476562
2025-12-09,15.029999732971191,66.88431549072266,105.69999694824219,37.65664291381836,49.540000915527344,677.4276123046875
2025-12-10,15.140000343322754,69.38465881347656,107.73999786376953,39.31491470336914,51.75,681.92041015625
2025-12-11,14.960000038146973,70.0097427368164,108.38999938964844,40.2131462097168,52.54999923706055,683.5072631835938
2025-12-12,14.960000038146973,69.26559448242188,106.83999633789062,40.63758087158203,51.400001525878906,676.1581420898438
2025-12-15,15.329999923706055,70.71420288085938,107.69999694824219,41.18046951293945,51.88999938964844,675.1365356445312
2025-12-16,15.989999771118164,70.58522033691406,112.4800033569336,41.62464904785156,52.41999816894531,673.2918701171875
2025-12-17,15.510000228881836,69.17630004882812,110.2699966430664,40.45003890991211,51.2400016784668,665.8832397460938
2025-12-18,15.609999656677246,69.60294342041016,112.8499984741211,40.20327377319336,51.869998931884766,670.9114990234375
2025-12-19,15.779999732971191,70.5058364868164,113.98999786376953,40.726417541503906,52.0,676.9923095703125
2025-12-22,16.260000228881836,71.49803924560547,116.0199966430664,41.69374465942383,53.47999954223633,681.2098388671875
2025-12-23,15.600000381469727,69.95021057128906,113.52999877929688,41.02254104614258,51.18000030517578,684.3233032226562
2025-12-24,15.680000305175781,70.40663146972656,114.80999755859375,40.943572998046875,51.380001068115234,686.7305297851562
2025-12-26,15.4399995803833,70.2974853515625,114.04000091552734,40.923744201660156,51.4900016784668,686.660888671875
2025-12-29,15.140000343322754,68.9877700805664,111.44999694824219,40.7651252746582,50.290000915527344,684.2138671875
2025-12-30,15.329999923706055,68.79926300048828,111.5199966430664,40.91383361816406,50.130001068115234,683.3782958984375
2025-12-31,15.329999923706055,68.8587875366211,111.81999969482422,40.97331619262695,50.29999923706055,678.3152465820312
