date,AAL,DAL,UAL,LUV,ALK,SPY
2015-01-02,,,,,,
2015-01-05,-0.0005565226327045592,-0.016673317745703797,-0.0028639557205281108,-0.024595801021604857,-0.014254884555975122,-0.01805962305847919
2015-01-06,-0.015589890904314063,-0.023573078549963822,-0.023733932858792328,-0.028338161436535447,-0.01177073536752593,-0.009419195117432722
2015-01-07,-0.0005658027712038827,-0.005294387567952308,0.014710388995148094,0.008403321525613627,0.015313887953543937,0.012461249556599663
2015-01-08,0.012261797673958741,0.02597382930861314,0.0169388162830586,0.026470551799468778,0.01726164496415672,0.017745265923322373
2015-01-09,-0.03056280084716645,-0.02718384753094305,-0.01950784909460468,-0.026026496239762942,-0.015980097721490782,-0.008013918400934239
2015-01-12,-0.0469049673129065,-0.017491517321671757,0.008876673761279985,-0.013238731391679748,0.0147329513731016,-0.00783338084564189
2015-01-13,0.016538884075799176,0.011940898619180684,0.007433335964425192,0.005714402009973085,0.013198854661910842,-0.0028129002899863753
2015-01-14,-0.01964281577541027,-0.027891216634445937,-0.03553682397548297,-0.025692214824800552,0.0021169347236336122,-0.006036941621750724
2015-01-15,0.0,-0.005738019927203797,-0.0034348354445096207,-0.01369111768205411,-0.0011371826873511903,-0.009160810258253438
2015-01-16,0.008095532053101762,0.017536102120091712,0.03007987018435565,0.014909649822776538,0.01431584523169871,0.013114570286474336
2015-01-20,0.0590243636297505,0.07264390314733715,0.034676787517823104,0.033181775992164875,0.03608645996396209,0.0021323948291875894
2015-01-21,0.017440622431246222,0.0002032339921531623,0.017345293640294468,0.025496206739304084,0.005882251881674794,0.005047981698689252
2015-01-22,0.035774319089498796,0.0309073410950087,0.04522463942815147,0.08415032552085377,0.04555270673582168,0.014871220123912066
2015-01-23,0.001798795096257244,-0.002761749863973595,0.010505974214880975,0.009481640532785773,0.010450250569087105,-0.005482867830636229
2015-01-26,-0.004309587922223024,-0.008108811273294436,0.007113601686941529,0.013543175427018328,0.026074135300874657,0.0023417046669076402
2015-01-27,-0.049594196561759674,-0.019342379580815194,-0.02472153799136767,-0.011206698702261653,-0.01050524098136818,-0.013190195136626892
2015-01-28,-0.03946851544147134,-0.014639962361141956,-0.014345492547526928,-0.001743837970652029,-0.014347132557881559,-0.012824727509164413
2015-01-29,0.03200304268225618,0.03611204104662358,0.038999608127024965,0.02598254866245675,0.03449774485543733,0.00924342476890061
2015-01-30,-0.060490023694664496,-0.057757052185591906,-0.05657549438020848,-0.03851889340858772,-0.04502588220044079,-0.012574761473882257
2015-02-02,-0.007335073634971545,-0.016909809523349972,0.0001440753415054008,-0.01438702871146702,-0.008103889921260321,0.012384059785806034
2015-02-03,-0.025041095138758296,-0.01075041848090208,-0.020322803236279774,-0.028744847998212086,-0.03178823437247835,0.014461074332789314
2015-02-04,0.04126312566848345,0.020647671825204883,0.05487708784096568,0.03213877588933434,0.023319695115187056,-0.0038079226976812652
2015-02-05,-0.011142459212420963,-0.017461720355732457,-0.029288682894045515,-0.003807884738183054,0.0017994121478273062,0.010095235612227471
2015-02-06,-0.013521862051735667,-0.013653980034264657,-0.02902294091022839,-0.00742069945598911,-0.013469165159026852,-0.002765097555434415
2015-02-09,-0.03364497523331422,-0.023291328186103688,-0.04453983507954418,-0.01993709965440349,-0.03655951736864749,-0.004476253693439514
2015-02-10,0.03266718154879822,0.019572210102929644,0.047390391405546684,0.012020638694823171,0.02928700144595542,0.010653446662443056
2015-02-11,-0.009573247687025388,-0.007502100843999715,-0.007540951168827137,-0.0063955024072209765,-0.013155901010814097,0.0005804187196738475
2015-02-12,0.006093310250821826,-0.0037795503096508254,0.003277615946161383,0.0,-0.027282759849998506,0.00961643526470235
2015-02-13,0.010651830713648502,-0.006918165352637229,-0.01648341314703139,-0.0045978204275766155,-0.0030279359489050472,0.004117038413254059
2015-02-17,-0.007852654333170839,0.005842759730639857,-0.019628612197884143,-0.01639734404666593,-0.0052749488648152765,0.0015725402662944976
2015-02-18,0.027077502823040334,0.013431658276028768,0.02756816428637321,0.02254092888949133,0.02571118739233147,9.539295126104186e-05
2015-02-19,0.00953143707915216,0.014358327688743122,-0.009442519054046583,0.004821757649874137,-0.013943291576646755,-0.0007140162658918481
2015-02-20,0.024909841147208178,0.03310101903019236,0.02905138303418342,0.023309146900517552,0.022314384928178166,0.006000544208399017
2015-02-23,0.005684059919947249,-0.005269585012329325,0.012204001993671554,-0.0020099848285407562,0.0,-0.00014166811759885878
2015-02-24,0.0040927716840901684,0.017800185280669956,0.029779244055965437,0.014768535377688519,0.004521334868565319,0.0028404983680931917
2015-02-25,-0.03474400832593427,-0.024776148977840973,-0.031033953550342885,-0.027122190228697884,-0.015365652131814178,-0.0008498143298720784
2015-02-26,-0.007641222560060057,-0.019641377251004233,-0.018488924549744712,-0.0009067996244415122,0.008512165401391103,-0.0011811851829868214
2015-02-27,-0.029381963819909318,-0.030487697819264747,-0.03322453166130923,-0.01905622070947388,-0.0051578649916731445,-0.0034061718337484725
2015-03-02,0.008559660992296658,0.019542011900478107,0.02500762880923979,0.022664100165300294,0.028122332797829053,0.006313519497303632
2015-03-03,0.009521641576418327,0.008591812037205715,0.03277956176372521,-0.004528968281456436,0.011002812256325267,-0.0041042961785604515
2015-03-04,0.003691008190953804,-0.013761630778946432,-0.004782635232676635,0.001137517017717915,-0.005895157511917493,-0.0042153599540804
2015-03-05,-0.011236113686431737,-0.016832721307898924,-0.010921800203850474,0.0020448482420454273,-0.017181003846921006,0.0010942397630193668
2015-03-06,-0.008264361957353694,-0.013741643751752686,-0.018404005207578567,-0.018140717995674294,-0.014078054735715662,-0.014064829701367243
2015-03-09,-0.001666595934694537,0.018044951138891596,-0.00779955988222325,0.002309711581499174,0.003923008198684519,0.00414467844244637
2015-03-10,-0.02462454294380867,-0.02580233581958369,-0.02328043658358603,-0.010599347704684514,0.002969518314759778,-0.016222056155569597
2015-03-11,0.01390658055465055,0.013818439649607273,0.02104938240990628,0.020959655429733992,0.01418110226830227,-0.0023413209808674784
2015-03-12,0.02722124645306301,0.029759252123673585,0.02683032606206681,0.025775553422249242,0.03119253179875181,0.012713905289097438
2015-03-13,0.011092916245383,0.0037502710215320256,-0.002509568560766562,-0.010229302493899306,-0.006705491947819664,-0.006132154950104218
2015-03-16,0.020316650842369333,0.014505702858151004,0.005179790967912323,0.022242617191616576,0.013651508743093732,0.013360234974425067
2015-03-17,0.06909607632783699,0.010615079421582907,0.017226121915301595,0.015603984613006938,0.018203388167566947,-0.0029721420687274236
2015-03-18,0.008195296372392802,-0.018006424163285017,-0.01432910574966395,-0.01017063521695205,-0.012064340570450582,0.012021453194741571
2015-03-19,0.019582582650345515,0.03165257152214562,0.029221702031693164,0.013336182200938573,0.005590831010219732,-0.004561853432783036
2015-03-20,0.010327827701755332,0.003385260376793875,-0.009131108904088414,0.0002158287024198735,0.004828033554784561,0.008826923660239627
2015-03-23,-0.0243903616544886,-0.017713856275306417,-0.026493828923590756,-0.0198448227071506,-0.017326633143919024,-0.0019485031583529322
2015-03-24,-0.008639543352561452,-0.011807560812432838,0.000295764574558266,-0.011443733707127146,-0.00755649003345793,-0.005618893128584435
2015-03-25,-0.03560198143416837,-0.032804680266006025,-0.030607715198740504,-0.02671405965208118,-0.03553309105920022,-0.01465375023910942
2015-03-26,-0.014227857547606027,-0.009658705718670335,-0.008999334348103405,-0.012351070659016417,0.0001547734972919823,-0.002381516748645507
2015-03-27,0.02711137818817355,0.017918176163314925,0.042788959936343796,0.02454851396469704,0.015168030391677911,0.0022896352790902075
2015-03-30,0.018609963000273178,0.01515129621659872,0.006494500980166018,0.007685015665298556,0.009300138087713794,0.012199880237690364
2015-03-31,-0.016032768296494915,-0.013169468752915359,-0.013785047774620196,-0.006280799813219717,-0.000302379620178983,-0.008739503486555278
2015-04-01,-0.044335111120584525,-0.03781124036723105,-0.04817840689620123,-0.019187309028603106,-0.032940439340345296,-0.003536137072261636
2015-04-02,-0.024979954254437664,-0.02334738891347965,-0.0332760661932493,-0.013578988174954842,-0.01453122112218086,0.003597322339071285
2015-04-06,-0.022366885881619725,-0.011597551100328896,-0.028442180120409555,-0.04129713698848758,-0.01062296811632435,0.006732873523570326
2015-04-07,-0.012063342597592674,-0.0028736518641120368,-0.009148357399069273,0.006084102366428201,0.005769155914442825,-0.002646095851621122
2015-04-08,0.026105342189429948,0.03962561276734333,0.016451226242350847,0.03652637078883969,0.0326639591278044,0.0033771934922304236
2015-04-09,-0.018465161315744605,-0.0034651351270102992,0.010074328951902078,-0.0007000683414554176,-0.010183302002976014,0.004423394863595442
2015-04-10,-0.002299548144668595,0.0020862697953130116,-0.0017985711351536926,0.0,-0.0032738211397715933,0.005456913623884452
2015-04-13,0.0012571440404731682,-0.0037010447033372085,-0.0006552156597416925,-0.001401625654068206,-0.009540069841434184,-0.004522558066433979
2015-04-14,-0.007742318320269503,0.00023216186545016448,-0.01245694709788192,-0.006079726074988079,-0.012632087600091824,0.0019131314648777042
2015-04-15,0.006959154567743209,0.02599833130433793,0.012282185534718604,-0.014824138558752642,-0.008156349588587464,0.004486848424849255
2015-04-16,0.010261786889156577,0.017873179741885625,0.019839302363880096,0.009075813613003358,0.023863403254243076,-0.00028517295525620767
2015-04-17,-0.0010364611265859525,-0.005112428230047206,-0.011414776137682825,-0.010887235768614945,-0.008346470380224735,-0.011503450152094863
2015-04-20,0.032579262860504166,0.021671289264178828,0.014799151448564363,0.01866460530484826,0.006828525266540764,0.009136994245060093
2015-04-21,0.03215451453036944,0.010933741673021746,0.020833320597298366,0.01080559837812789,0.02413269093197945,-0.0011914314389266378
2015-04-22,0.0007787048856338075,0.006489160058302357,0.005023483144338092,-0.004183041803317189,-0.009548979868970187,0.004913815848295533
2015-04-23,0.0009728973133698027,-0.0021491702311954297,-0.019056505310485528,0.009568006856486067,0.03156601160836403,0.00251653445736566
2015-04-24,0.024489653118824117,0.011845895116721517,0.01130571804296543,0.005316927503904667,0.029544902561875253,0.002320352931934222
2015-04-27,-0.015936189686263758,-0.011281346647041612,-0.02409067579487123,-0.02759274622969876,-0.013177444088573576,-0.00415787752304464
2015-04-28,-0.013109760773570622,-0.005382272874518201,-0.009035194860067763,-0.009458364213850712,-0.013798130658653096,0.003178960383188878
2015-04-29,-0.045125875057327236,-0.02532476832070807,-0.02523606778360743,-0.022439317975532558,-0.0170001940934279,-0.004114516550176361
2015-04-30,-0.010045105320961478,-0.0086606010088498,-0.002171325467466123,-0.009523998766119868,-0.019589890630329898,-0.010020355826520166
2015-05-01,0.022778929038106854,0.022849229636033863,0.027787074000207967,0.0502957034149516,0.019356944772853657,0.010841493412210745
2015-05-04,-0.00890859357424878,-0.008103214914698342,-0.007817644055453044,-0.018075197167440438,-0.011791591192228612,0.002847280460529067
2015-05-05,-0.03963245511685687,-0.030691197256035307,-0.027741278356939958,-0.031078006619442045,-0.02417485329550806,-0.011451994351892703
2015-05-06,0.0008508973060092906,0.005706289864553238,0.003545485161162487,0.008635518321126856,0.004287783104051313,-0.004116741064452478
2015-05-07,0.04272055646506279,0.02950553789577337,0.05181699027951714,0.029843405014628788,0.0271977472179743,0.00398940155263916
2015-05-08,-0.00040767101504857184,0.01785701374739901,-0.0012796198091638011,0.02684065566071281,0.020166555594176794,0.01316627326510611
2015-05-11,0.012439036993817432,0.013861667457500948,0.008167875519656365,-0.0048573025820594085,0.0009053647789754038,-0.004772794307686734
2015-05-12,-0.016112898669428888,-0.01516745528279384,-0.01731533184078382,-0.017899030018263984,-0.017337609223784134,-0.0029913641028972426
2015-05-13,-0.007369623074281351,0.014750253332641572,-0.010184304266072197,-0.023194903992587168,-0.0072108367185476085,0.00019058114022696415
2015-05-14,0.006805642840604698,0.013253920113980522,0.008492576541748509,0.020595702273487504,0.021943949227004378,0.010427600628202471
2015-05-15,-0.00307256325036942,-0.008439026815822537,-0.002429174508160381,-0.005460522448556215,0.005595134263348456,0.0010838058554114571
2015-05-18,0.006780472581687569,0.00787251541642009,0.01055197308408995,0.005968015326915488,0.016240766897272163,0.0031068764996464715
2015-05-19,-0.023469537888876624,-0.02448809625791659,-0.023132508059582113,-0.029188264886766846,-0.00578827408772975,-0.0003286339030402763
2015-05-20,-0.10010435253038341,-0.0560489548307902,-0.10310804663980133,-0.09093140779478925,-0.04523055392962305,-0.0007041880238137788
2015-05-21,-0.013702042362856881,0.0029805575062040734,-0.007517415484593171,0.0010752496942734169,0.011413342980548746,0.0029128158628166645
2015-05-22,0.0032966897054778066,-0.01302852450368297,-0.008128624288267883,-0.009938123258394493,-0.004482896704852357,-0.0023890712073290077
2015-05-26,-0.024642235564854897,-0.03080145454604377,-0.03296704233631986,-0.023331394564356067,-0.03152177811466872,-0.010751483048780264
2015-05-27,0.016361874821995137,0.016248924695061673,0.03428356426751189,0.02750009805556264,0.01651438436467001,0.009491953381301155
2015-05-28,-0.006391869287863061,-0.006583760810655703,-0.003910597420653805,-0.004866079300647308,0.005362711485716654,-0.0011282586910676962
2015-05-29,0.00953029967492558,0.01585786737304784,0.020564562340702253,0.006519871155856061,0.01411969291692805,-0.006212908116217664
2015-06-01,0.04271906880515641,0.03331809512088202,0.03150762439815802,0.02366466471192452,0.0224320828938962,0.002036620140816181
2015-06-02,-0.009053933431684813,-0.0257047195191763,-0.006393191290567368,-0.0007925494841487524,-0.00559839084380187,-0.000992596770144516
2015-06-03,-0.014846665480916621,0.0006943237088725684,-0.001429880785769,-0.0026439653302625654,0.0021304132966462053,0.002649235618040535
2015-06-04,-0.022258661367764554,-0.0074007786280091414,-0.02326828820321747,-0.0106047035311021,-0.005314332932972343,-0.008446354639806475
2015-06-05,-0.010670895495281996,-0.00046570449597904684,-0.008796033441829998,-0.0040196064171744705,0.0022893508566439458,-0.0017130428701821465
2015-06-08,-0.04458291910112189,-0.050116781062570115,-0.04363099655562952,-0.028517462305393537,-0.047669664732970185,-0.0061500255911342006
2015-06-09,0.01179126752504489,-0.0007366680520103364,0.016431515490819892,-0.04209334816109589,-0.030065475898764182,-0.0001436114305171099
2015-06-10,0.002479685094608053,0.008349976514482993,-0.003043051664841756,-0.004047539776755982,0.001813629129594041,0.011993276819823873
2015-06-11,-0.01014125356426554,-0.006331924653334209,0.001526170046722397,0.007256956526644265,0.017445820831725856,0.003223411800142184
2015-06-12,0.01724137240053869,0.008333277958917584,0.007047598702566882,0.0086456445807932,0.02717567857361569,-0.007655141734960957
2015-06-15,-0.015720826983341984,-0.010695060412885593,-0.011726857280317748,-0.02314310946873599,-0.013228317250269517,-0.004285099539045101
2015-06-16,-0.014724181398136249,-0.0031941796953313117,-0.019521539861505732,-0.008189343749410605,-0.006064666213387859,0.005451960594191618
2015-06-17,0.01013157838610157,0.0056692172647379024,0.001756786129066601,-0.00206432075139229,-0.004014248351138616,0.0016164590519782696
2015-06-18,0.0025076657192413254,0.013480312037333464,0.013445023983088111,0.0005911268225928801,0.031597842889002914,0.010399379051873492
2015-06-19,0.03951962341402604,0.01547778340959205,0.023841601970469695,0.010631944786886338,0.010314246806538474,-0.004438823373429712
2015-06-22,0.035370763292377205,0.02238590542522001,0.029107966893155757,0.0166569556821885,0.02428447461431249,0.005123017977617161
2015-06-23,-0.0069717174725402176,0.003960164285855328,0.007846721006612212,-0.006036188547418497,0.004530111036000983,0.0007080908142449438
2015-06-24,-0.011467731287919225,-0.010208492937736624,-0.013941706756213645,-0.006651510610714673,-0.004810277251728556,-0.00726293692568214
2015-06-25,0.0,-0.001406858004822209,0.008813800042335673,0.004076073301179539,-0.011631435921210076,-0.0030403432130069463
2015-06-26,-0.01893952590147574,-0.005868883748062603,-0.00837275384002334,-0.0049291595807781086,-0.010392850839125223,-0.00019055188797678646
2015-06-29,-0.040781680894912076,-0.029043203623957403,-0.030653417455531073,-0.033216906981462624,-0.013745232842234723,-0.020970808341709946
2015-06-30,0.004779753471081172,-0.0009727123712807151,0.003787103636458955,-0.0027125584546138226,0.00892596069499385,0.0020938004049861902
2015-07-01,-0.02854259860538233,-0.0197176951723117,-0.024900957114122768,-0.014203616756939708,-0.0020178944041322477,0.008015228863714752
2015-07-02,0.005927728219861761,-0.006704912404071672,-0.003675732864322656,-0.0033722947059685593,0.011042084646523564,-0.0009155262939944953
2015-07-06,0.017935020403399893,0.012000147363134595,0.045631038332448526,0.01599519506330549,0.01768972434754601,-0.0028461174672547163
2015-07-07,0.023659597143663058,0.017292299369509934,0.008542301062292257,0.011504803079113834,0.01934667688059899,0.006289086563208368
2015-07-08,-0.033439561720158495,-0.02452629574801579,-0.027435125037569286,-0.031427764648387035,-0.019572661176530226,-0.016777700961045916
2015-07-09,0.009157617324226264,0.00945990621518944,0.008330152011570391,0.004944426447605732,0.006352072943602405,0.0018090530501653213
2015-07-10,0.03882042102262795,0.0471021435740282,0.04224558901441644,0.04028310918553202,0.060264365993064395,0.012591556544548466
2015-07-13,0.029361715832323165,0.021431835354763118,0.01585301918076021,0.0029556087475133275,0.024096508762302626,0.011037654163735144
2015-07-14,-0.00848651748511653,0.006686935913923442,-0.011704200293594313,-0.002062784412760088,0.018961737324357353,0.004337634178571692
2015-07-15,-0.012363213156056596,0.0075581400589535,-0.004127032910919315,0.0017719480482505379,0.0013587046827603366,-0.0003321896938668356
2015-07-16,-0.0036111345454812316,0.010911605656142243,-0.00936937761736345,0.019162501582669966,0.013157536513525026,0.008024386515742332
2015-07-17,0.0002418020999002124,0.010569140626651707,0.007457254471185282,0.005496022189092065,0.0010713031768003756,0.0008478438774164321
2015-07-20,-0.020531454422170192,-0.018914321488391894,-0.0007221685497043051,-0.012945928663656736,-0.008425709405865622,0.0005176639694162155
2015-07-21,0.008631365569069516,0.012701432141865254,0.011201495278665874,0.011658435298076197,0.01092483505862707,-0.003951322407694691
2015-07-22,0.012958358336709885,0.012765910354714194,0.019653358051280545,0.011812331592766956,0.011741243391345746,-0.0017945610875059748
2015-07-23,0.02848177221550552,-0.0013269231271328952,-0.007008963168352422,0.03872424429562904,-0.026902070814391,-0.005630088394890098
2015-07-24,-0.06993658929748547,-0.023472197275331563,-0.0031762219215519805,-0.04056989624777119,0.004200807500041925,-0.010371925747554855
2015-07-27,0.012868951215534219,-0.003854701883553635,0.005664713848755332,0.002571380786196009,-0.014574614763787075,-0.005817126718457577
2015-07-28,0.02566012306574117,0.022308311063743425,0.028340023881978427,0.02764325457636363,0.017803296566877735,0.012282823827242773
2015-07-29,-0.01068747745340115,-0.016254987062240045,-0.02071206988013674,-0.01497542561263765,0.006189209040443178,0.006879073578573092
2015-07-30,-0.011293783580426986,-0.0033948041749588542,-0.006467382237473007,0.022241632262543387,0.0050816789503482784,0.00023722664340009025
2015-07-31,-0.0042212775889042264,0.00704036375907946,-0.00791697328873009,-0.0030295243934328475,0.007850019724083612,-0.001517734172110874
2015-08-03,0.0401492964593837,0.03134850865465899,0.03422593236505822,0.03673958867648763,0.029966828215526986,-0.0033731646782874103
2015-08-04,0.024694449697023613,0.013558051395865967,0.010802487507062697,0.010658513452329155,-0.0032042951842135015,-0.001954136247787952
2015-08-05,0.0051473960088472825,0.0018394033076427618,-0.014249366271696151,-0.0010547710443882252,0.016201587910458448,0.0032953206010419844
2015-08-06,-0.015865719411430446,-0.005615714281678397,-0.01032528450380843,-0.002111311089574963,-0.016196399365945857,-0.008187807023160909
2015-08-07,-0.01635812477113885,0.006733370607839628,-0.01338891784975238,-0.006083063185528981,0.003087206928945818,-0.0019197686896136323
2015-08-10,0.004579149783986436,-0.0006471884880971945,0.007225939994423891,0.005588284812208633,0.008205973802603905,0.012599265520299552
2015-08-11,0.024472052157443303,0.01683930398371869,0.012598379471255639,0.015083727881569642,0.01691459251976024,-0.009023173814648122
2015-08-12,-0.004215646458301414,-0.01061557976759886,-0.007948835198944626,0.008341765133260237,-0.017758719474526896,0.0011978069879237108
2015-08-13,0.003527973862567313,0.018240189851418398,0.016373430224827956,0.007497325230625185,0.009549343590203874,-0.001244379595959022
2015-08-14,0.0049215556750985545,0.0037934786973345958,0.0030848382156447585,0.01000747596608953,0.006448192920292417,0.0036425362345915424
2015-08-17,0.02495353595965022,0.0075581021205179955,0.018281218471555727,0.027693159422892855,0.0239950381182763,0.005586555073645139
2015-08-18,-0.007281104480763689,-0.013127596307606848,-0.018288593632450834,-0.004582010319587715,0.0,-0.002896430701887387
2015-08-19,-0.0022917471612867724,-0.005912037520788727,-0.00478548602510942,0.006469212463112939,-0.0063796554159933905,-0.00790517210122188
2015-08-20,-0.0356079489182175,-0.02909948271105456,-0.028164166280971514,-0.03436324300460447,-0.02444745403583448,-0.020881876205243954
2015-08-21,-0.05312051710767485,-0.046160317670770445,-0.02650644983133832,-0.029442186533355952,-0.03632435945921386,-0.030102125096042043
2015-08-24,-0.053584964372162314,-0.03325731904221996,-0.05009980602447961,-0.01846434899886873,-0.03992662681982484,-0.042106867028506856
2015-08-25,-0.003189758914114438,-0.018505157331852096,-0.00439524840217187,-0.018543543622250414,0.019835958583712676,-0.011767753230854106
2015-08-26,0.03599991124539992,0.0563210274429542,0.035508682207299636,0.023822500255770596,0.02374245231701977,0.03839360180259099
2015-08-27,0.004633310305961924,0.0036614493325073383,-0.010936054573574494,-0.002139518740438384,-0.0010483795966600429,0.02473534715451131
2015-08-28,-0.010504858850824306,0.0018237477887828035,0.07046473535466524,-0.005628743196709252,-0.005640194644223939,4.987114783272517e-05
2015-08-31,0.009321704189789726,-0.003641153257772922,-0.0026260103989237393,-0.010781332001142174,-0.012531189934890996,-0.008078906732012059
2015-09-01,0.005643911323423678,-0.00022836016092175893,0.0028084929609228926,-0.009264500709869394,-0.0008011777423319044,-0.029847877448675675
2015-09-02,0.05892822664556552,0.0507197876891039,0.0028006274185317093,0.03740394115447998,0.053876783800977046,0.018981303953386153
2015-09-03,-0.014935861747751078,-0.020221876459987964,-0.000698218098937109,-0.007688360935951377,-0.00964112162792663,0.0007162960824091957
2015-09-04,-0.007092343595211159,0.007545334271400028,-0.009781683376262285,-0.005343659428765135,0.006532653146211542,-0.015136366184589134
2015-09-08,0.004926253986687001,0.02621142814886812,0.014464627177427358,0.023637136477461684,0.03385102018063857,0.025130693824272576
2015-09-09,0.004901908876558281,-0.012449041433355124,0.00278212227580954,0.004985697794105182,0.006523663030936655,-0.013372026193230746
2015-09-10,0.005122116778642605,0.010432958045663687,-0.013351771588594241,0.0015667393149034758,-0.005870118654843104,0.005441655190712602
2015-09-11,0.022809899064027084,0.009248961169443737,-0.0012302230746406018,0.004691961496175789,0.007135032048721568,0.0045444495591422385
2015-09-14,0.003321483163666983,-0.0006396049558929917,0.01090971162957044,0.008562957611234268,-0.013802578007684918,-0.003710295719452694
2015-09-15,0.008276265885198475,0.0,-0.0029591293539589225,0.0007714359502979384,-0.012385195470595689,0.012499425766662187
2015-09-16,0.009849941570766907,0.004265305319743451,0.011696962254209131,0.006169850277616629,-0.007650107686625662,0.00866661133550961
2015-09-17,0.02159774783424706,0.008494379517343775,0.06229509167945091,0.008942210516034166,0.007077113829722759,-0.0022478969450745456
2015-09-18,-0.01136614335556041,-0.01726633896618268,-0.02030539265943443,-0.0005065455786747997,-0.011920957413733002,-0.016341689947359073
2015-09-21,-0.005978459333690789,0.012427417279942343,0.0023213295715565074,-0.0022800063473830123,0.04254491395431903,0.00516774707280554
2015-09-22,-0.04718977914752509,-0.016719822438222676,-0.03655912417833351,-0.0289489027008637,-0.041905136785684305,-0.012980051485001365
2015-09-23,0.0012141899196209671,0.0027982819536058745,-0.0012019833019230042,0.008891629909609122,0.018054509577883238,-0.0015980818510857864
2015-09-24,-0.024005830200738543,-0.014595473065633358,-0.031631363173618365,-0.010627599559454692,-0.013613018740630478,-0.0036162045689144273
2015-09-25,-0.0002482706281038416,0.002831615015840949,-0.016154866545871283,-0.0020957978095642593,0.02177767117304419,-0.00025880630452912445
2015-09-28,-0.028827222467052938,-0.029973873753065483,-0.030674792573248122,-0.016802505582495297,-0.03209410109105715,-0.025097587304596436
2015-09-29,0.0025588775742193537,-0.013882571558472168,-0.023454990833933098,0.006141377609770071,0.003456454979451573,0.0005852093588176732
2015-09-30,-0.00893311041057776,0.01884635139357438,0.011246667229975582,0.009554311944483196,0.01365143730447893,0.01865874094172204
2015-10-01,0.009528638818424584,0.012034999777964517,-0.0009424927008409023,0.00972676101273895,0.009817760744637916,0.0026089189703535354
2015-10-02,-0.014540789564454926,-0.011891880992855985,-0.023396258084279142,-0.000781239067956907,-0.012090247035747348,0.014937681165463124
2015-10-05,0.04038300290256336,0.046579337918567054,0.030332371723982954,0.023970932305442894,0.02081742955736199,0.01779491543432954
2015-10-06,-0.05125634032843551,-0.03982143457326892,-0.047815544050345715,-0.03307890959363702,-0.07885303743332017,-0.003426102706572509
2015-10-07,0.03094700612664192,0.01996043362304656,0.015754294426725712,0.018684330233973645,0.019321060665393297,0.008190270852240555
2015-10-08,0.010938241766628831,-0.000652728395211577,0.013183335911963967,0.0012913769988882606,-0.0027642397001444996,0.009026737729643575
2015-10-09,0.06743844517138986,0.027197704386439092,0.06601609019795762,0.030443587842514885,0.0021119304579659826,0.0005961335473068097
2015-10-12,0.03347493957970027,0.027324558300721336,0.03751570969187856,0.03204845903422693,0.02726527906370846,0.0009438583776542053
2015-10-13,-0.009808539484636447,-0.015876180856239652,-0.008650519145325664,-0.009704351000824563,-0.05218596377526041,-0.006301814922697768
2015-10-14,0.008984170895717014,0.01801791267938757,0.003664905536976626,0.000490359987729283,-0.0063581984321055,-0.004794112646372417
2015-10-15,0.01506856046138183,0.0069974471368901,0.004347070201641712,0.009794220854623115,0.03444533095701918,0.015354435808123679
2015-10-16,-0.016869251848658062,0.0038832392411844996,-0.030990255416312174,-0.016488566049697728,-0.001974181254271401,0.004546498290238121
2015-10-19,0.016929722291345595,0.023411866115399027,0.013936015048867878,0.02095603227838949,0.013714928431827644,0.0004917435012155025
2015-10-20,0.007649278144654659,-0.002386885935213967,-0.017621145374449365,-0.0007239087724220106,-0.004943634154929932,-0.0012782628087922854
2015-10-21,-0.010716740881816511,-0.014157617703894787,-0.021524677362142697,-0.008216492817364252,-0.023009415203951056,-0.006203717623009641
2015-10-22,0.037914646588623535,0.027710078149417283,0.027497708908874152,0.07407396845886183,0.016592968478872816,0.016893637706071774
2015-10-23,-0.006958047046255023,0.003739643577127749,0.06476362386308576,0.026088799166936294,0.04106885967734897,0.010962020115575788
2015-10-26,0.017517045534175102,0.0062742918178757545,0.02245308555187253,0.011938853886509948,0.0008849949066509488,-0.0024577015791725776
2015-10-27,-0.0002152978923102289,-0.008768285563011458,-0.0013110755564491594,-0.0065544230091574285,-0.01528555639437812,-0.0019322340673588734
2015-10-28,-0.012914369790429814,-0.014350301496981133,-0.022809311141651745,-0.0013195905770766458,-0.03540704517738602,0.011374557106542449
2015-10-29,0.0,0.007179657616463331,0.011754840838080316,0.009028751117259093,0.007713439580348647,-0.0005743999058932525
2015-10-30,0.007850069456711184,0.006732705272137984,0.0009958734156185756,0.010257473142396778,0.0063353931613303605,-0.004309777742864673
2015-11-02,0.005408964262320959,-0.0027535080706507786,0.00480844129044411,0.009721285203362795,0.01154091597822604,0.011831124240946123
2015-11-03,0.002803521175077206,0.005917120581175661,0.0039604238367974,0.004707153809188069,0.0071305220601398656,0.0028991600129324446
2015-11-04,-0.018709712310810422,-0.004030316240003828,-0.00904009263118244,-0.006814573902683252,-0.00347548253936103,-0.0030328977246104616
2015-11-05,-0.0006575931583017169,-0.0023685930433716695,0.0001658371434960504,0.0006436621719667635,0.008396431156082684,-0.0009984620603025185
2015-11-06,-0.005701548632418785,0.013058879607928064,0.019734700770524638,0.0038564239694354185,0.00025646468518369936,-0.0005236421756518173
2015-11-09,-0.015218475157352307,-0.011132792345255105,-0.02179216321370092,-0.010245401134192034,-0.009861929177318651,-0.009331417853851054
2015-11-10,-0.0035833658231009258,-0.006517962294435464,-0.0014962618504534841,0.0019406409340352315,0.016298397403795795,0.002306943844095466
2015-11-11,-0.002247814833819306,-0.006361799738864304,-0.006993039860790917,0.005596536096062588,-0.012727674740593775,-0.003931590877445101
2015-11-12,-0.011038324209891703,0.0,-0.0065392252454672395,-0.0006423743879282462,-0.011473570794709897,-0.013959932405884778
2015-11-13,-0.010250791825590189,-0.019807755269268146,-0.0075949495854760185,-0.01713403201329544,-0.006798873945942585,-0.011228213138726573
2015-11-16,-0.01426914882123509,-0.021637208937363872,-0.012244854002515959,-0.0032684529121382866,0.011716608940837592,0.015206848740734635
2015-11-17,-0.012374514580321572,-0.003338548889808668,-0.012052354353838335,0.004153546761823668,0.008978608286190237,-0.0007296278216297747
2015-11-18,-0.013002720900598952,-0.000418466183526478,0.005751098121550724,0.008273770421721283,0.0070928340200651085,0.015866371400603096
2015-11-19,0.01317401899270032,0.01591620397096416,0.013689151413275535,0.012092373653288302,0.014598528577360659,-0.0008625078112434181
2015-11-20,-0.002364002389764752,0.005153766324525577,0.005299168774205443,0.00960080063854285,0.03319456702568879,0.0036442031311056944
2015-11-23,0.0023696041396135126,-0.0004102372384113817,-0.0042509776256107745,0.003170047666129383,-0.017712832840702686,-0.0011466499328728341
2015-11-24,-0.025295420086272724,-0.030775602350517794,-0.030054680583276094,-0.026121656415378114,-0.010073991133541571,0.0013392068704500826
2015-11-25,0.0019401078943579453,-0.007832482378111294,-0.010211232819506644,-0.007570800457353255,0.0001261490760746664,-0.00014323864044529788
2015-11-27,0.009198803422139967,0.0057610645003567384,0.010672331218309239,-0.0013079870726097065,0.0018840169795759643,0.001146856122484996
2015-11-30,-0.010314109200814325,-0.014425369344637229,-0.019183388920137157,0.0013097001434663191,-0.00037623965379740554,-0.004151928542484362
2015-12-01,0.04847294811442593,0.02604363659031117,0.02260904623326887,0.025283120863768493,0.01806102281737676,0.009535733766159016
2015-12-02,0.012944857204074012,0.013845467581798054,0.01614315040971337,0.009991349528794435,0.006529540388869215,-0.010205038429852098
2015-12-03,-0.012551147140706487,-0.002276019761854653,-0.020203732896359128,-0.004630499716267278,-0.014075776265285778,-0.014002741752848102
2015-12-04,0.03928823803997461,0.03235179720733705,0.03877329720060785,0.04482980019275429,0.05412776167641398,0.01950273092426369
2015-12-07,0.018012045192951742,0.04017658917988576,0.026806953984873427,0.003440804184792645,0.01672364593186315,-0.006058478317175875
2015-12-08,-0.026867746862797692,-0.029161759400284426,-0.030898858521817396,-0.0901929983871268,-0.00822433075704343,-0.006719524056287618
2015-12-09,-0.020201924265005222,-0.015118507633213984,-0.013469750979951178,-0.011989435482879118,-0.02464351684814614,-0.007779719941343299
2015-12-10,0.010080057195861025,0.035750578762766105,0.028862740258017494,0.01685378888575606,0.010178038106928744,0.002581209088664993
2015-12-11,-0.04536180738872875,-0.03900154775920894,-0.041995633315373815,-0.04044175314802867,-0.018847602819110465,-0.01938108414324058
2015-12-14,-0.007602627745228685,0.018263056022864932,0.004734358469979272,0.008060725259942725,-0.0074907920198701294,0.005052302423139032
2015-12-15,0.019870538131141036,0.01933043796334588,0.010471244272378444,0.010280847337599264,-0.00024346217678483661,0.010497904080335685
2015-12-16,0.014084691808817329,0.018963603232540205,0.01675297720972102,0.013116395778551615,0.0075490649539258214,0.01463188557558226
2015-12-17,-0.017129869702662726,-0.0209133383949206,-0.026329187450028102,-0.02879478705268257,-0.01957704840847485,-0.015238067064579197
2015-12-18,-0.03226548539951202,-0.020967889412212393,-0.006978393719618725,-0.017696718987000315,-0.014544657949743689,-0.017815107886942405
2015-12-21,0.031881145547489886,0.03002372708456269,0.01985244385920848,0.014739844971539018,0.031895086522988114,0.008249303516819184
2015-12-22,0.011792513003076932,0.005635832313243272,-0.0008613133112433946,0.003919952420108119,-0.009454542108686681,0.009074345825464292
2015-12-23,0.009090860029358439,-0.00019326730649904533,0.006034456450363601,-0.0022966461709674757,0.005384047951901172,0.01238323153683929
2015-12-24,0.01201231660797375,0.010050329811378322,0.02450728950421488,0.010589289840002403,-0.00048686513584672575,-0.001650129643630649
2015-12-28,-0.01323919209785096,-0.005932068985774364,-0.012880569981382095,-0.0018224471543560883,0.00365316669237159,-0.0022852951159010315
2015-12-29,0.0062457992219460134,0.004234926284927498,0.004914436939096101,0.011866645570407952,0.004246831594536982,0.010671910159729459
2015-12-30,-0.016091977227762788,-0.019168222585269845,-0.030185513297758204,-0.02232701308558338,-0.01606875770322247,-0.007087973832241912
2015-12-31,-0.010514247278382904,-0.009380453437022429,-0.003651523049932437,-0.006690112159788764,-0.011419384291616819,-0.010003281839334743
2016-01-04,-0.034002260074879054,-0.040047429610719165,-0.029493868223578024,-0.02554562766667745,-0.026207957297735507,-0.013979286664155377
2016-01-05,-0.009533167327567371,-0.0018494148270968847,-0.009890293670634653,0.011915939446217383,-0.016709110889821632,0.0016911735112690174
2016-01-06,0.017522420095561708,0.0074119031838164595,0.0025426695633239405,0.009185409065968875,0.014398625554606248,-0.012614073615458521
2016-01-07,-0.018918351364295982,-0.039444133046252494,-0.04655796484245123,-0.021003559981912723,-0.053836492241424616,-0.023991853571850297
2016-01-08,-0.001977815349887946,-0.008297799642070891,-0.014060453419126206,0.006197501088163193,-0.04879029025027215,-0.01097637731234058
2016-01-11,0.017587427166893432,0.002789263002768383,-0.005203323587194664,-0.004027166584760322,0.004120575243933722,0.000990125527810859
2016-01-12,0.022395381542865245,0.004706982807552995,-0.0147229433796785,0.015223496958018501,0.005235711512809438,0.00806786754165767
2016-01-13,-0.04523791533786592,-0.04301546833752323,-0.055053071243783336,-0.05342068349684448,-0.04757883075805214,-0.024940281811717036
2016-01-14,0.011221688827834697,0.00890061738453607,-0.004785674899379977,0.0017327639797630745,0.016109930689067298,0.016416782852687772
2016-01-15,-0.04414322847322749,-0.018526841290137486,-0.04516001629560773,-0.017296704556488907,-0.00029085514111815147,-0.021465999789895718
2016-01-19,0.0025800131575315355,0.032809013095090656,-0.010729097512920838,-0.004275004078143185,-0.024443561947840253,0.0013307792599657198
2016-01-20,0.005146747638437477,-0.005874753669272925,-0.0013280516353635363,-0.00757556300599338,0.0016406009605489658,-0.012814669182313443
2016-01-21,0.01868937773679069,0.018166117875522136,0.004654319683982111,0.005088743282267494,0.08114940219893496,0.005601871684186355
2016-01-22,0.009298697249405352,0.005159234448240069,0.030664004709926473,-0.012657721621064932,0.0034433511800029404,0.020515580315792592
2016-01-25,-0.03187256460823562,-0.017536341619875495,-0.005993206050475486,-0.020512988392926035,-0.042135904738716645,-0.015116717945872882
2016-01-26,0.019547250636569924,0.003700212636096989,0.017011217460996875,0.004450138934427361,0.022066305675170872,0.01364307841000989
2016-01-27,0.0012613686564892923,-0.030145462601023243,0.010163022377484454,-0.028147098749174537,-0.018365495217128602,-0.010883388164217855
2016-01-28,-0.03905256447017191,-0.033989312296576535,-0.03353591500364994,-0.029498560850490962,-0.020708332046938116,0.005209390602893604
2016-01-29,0.022286497684021578,0.025231762327817098,0.04706133463937001,0.039513888635594574,0.02668825378947859,0.02437748206576784
2016-02-01,0.010002508279883138,0.02077203864552546,0.012013294236109306,0.018341317080763586,-0.0015626496152328917,-0.00036148199583285745
2016-02-02,-0.05967532224651717,-0.03539005012287133,-0.04932459716141557,-0.04802956026752281,-0.03314831487844183,-0.018022220535714006
2016-02-03,0.012962677298972602,0.00435649120679793,0.024111924940555918,0.010145453811858163,-0.010153303303476524,0.0059949743334271055
2016-02-04,0.01866150722532134,0.005479526583676231,0.01765819125450374,0.019272638886457694,0.024379758399166285,0.0015679146309652836
2016-02-05,-0.03820974874958771,-0.04609465524638379,-0.03201816240334909,-0.04953398209093396,-0.06312592653081361,-0.019049832208029027
2016-02-08,-0.030013501345246718,-0.029516600493521894,-0.02518139756308746,-0.027178239316035135,-0.023234237445442285,-0.013461104932483536
2016-02-09,0.018002678784090564,0.029678589583572945,0.017513118032310926,0.015264921382432739,0.04075477129356897,5.3882160885532215e-05
2016-02-10,0.02569767828138314,0.030729026880310872,0.02646298524849655,0.008227048262820613,0.018436636441714116,-0.0008627513755316008
2016-02-11,-0.01697164282602681,-0.0131729759330238,-0.015300766217660855,-0.005627599825569152,0.0014962649543170947,-0.01300822729639084
2016-02-12,0.03644807212855006,0.009984474682632305,0.029161322801910528,0.02546709160192795,0.022408162052834246,0.02061657099504255
2016-02-16,0.02088839464043346,0.0369856799408963,0.010754921906398707,0.02317846668173784,0.01694908306821108,0.01687855618819789
2016-02-17,0.018906791253348487,0.03409578413370595,0.035604700562650304,0.038565291552740355,0.031177863048620136,0.01633498701870173
2016-02-18,0.005084284224885938,0.007809162681924997,0.02627935191301667,0.012724299465065148,0.0076635312025052915,-0.004095808205673235
2016-02-19,0.005563777194795838,0.005596290275614146,0.03619563184101593,0.007948673417808694,0.004094580718767782,-0.00046885448466005286
2016-02-22,0.027162947951199667,0.0449485218650556,0.03102939414923811,0.03841221947555984,0.0006911801750937308,0.014479373122017414
2016-02-23,-0.011263455112033638,0.0026628361131364464,-0.0007208670808684925,0.006369701603261113,0.004835146518008759,-0.012629574964011292
2016-02-24,0.0069341182851978544,-0.0002042078144822712,0.014607710504038751,0.006816009874506923,0.01182285436951358,0.004576028477081495
2016-02-25,0.01721601640446746,0.005312613373543051,0.010664811708476662,0.029738671039763576,0.01779905746834265,0.012111464104132219
2016-02-26,-0.011847181674367269,-0.02723572637120475,-0.004924354138081011,-0.009861581586484425,-0.004538951746398068,-0.0023015231334776454
2016-02-29,0.003180813507470237,0.007939886408469432,0.012018318636838332,-0.005216667184946622,-0.008984928890393817,-0.00784230228642202
2016-03-01,0.02024387885209089,0.013681381029179818,0.019909242713285202,0.014925400851073078,0.042895981493722646,0.023506966642756755
2016-03-02,-0.0057375024125146945,-0.007157063857501256,-0.008219235349178677,-0.013176777692955888,0.002465460147949017,0.004492170905313619
2016-03-03,0.0069729177155699595,0.00494315028957204,0.007251415692685059,0.002145863064022979,0.012813608441335944,0.003919551645857
2016-03-04,-0.005969524163307982,-0.0024598620995283094,-0.005827907982492664,-0.012609861798159594,-0.007411841782808404,0.003253495319567312
2016-03-07,0.012010459893350811,-0.005752852156010291,-0.00672412740773165,-0.0004816713485704671,-0.006051427290008848,0.0007986355649105548
2016-03-08,-0.032281001339214854,-0.04484392062154052,-0.022044791604037495,0.002651562650366923,-0.01036268657717565,-0.010917706114133785
2016-03-09,0.021584475222466315,0.011250698350415922,0.019524289512636184,0.017552464862505612,0.012041961817272462,0.004939364970849125
2016-03-10,-0.000480095992436258,0.00556257870906518,-0.0031337101232464804,-0.001417933789739867,-0.012027947138860462,0.0008023873178686358
2016-03-11,0.02017763764613001,0.014680839446891136,0.01938527144409874,0.025319937918968805,0.05733710725051555,0.016137195733658904
2016-03-14,0.0028256147200045323,0.00419351619279329,0.01045058457279402,0.011308374548280709,-0.012132823907310075,-0.0012825566581543546
2016-03-15,-0.011270238591519322,-0.0027144569429687904,-0.015768062265069993,-0.004564358919882383,0.0025060622146659828,-0.0016293871001878957
2016-03-16,0.004749365761760771,0.021147600543951484,0.01240312196668314,0.012150710646817053,0.006751107835637926,0.005787005330157635
2016-03-17,-0.004963172320496145,-0.003075666424759982,0.0011910786843454257,-0.012457798989426339,0.005588179666472959,0.006343935249705224
2016-03-18,0.0318288449385955,0.02941177257259109,0.02668252363617918,0.020642020707219322,0.012965847871444947,0.003929969903428532
2016-03-21,0.0006904236932443464,0.0013984709404373241,0.012911749400216,0.011011350555644839,0.00280407095309565,0.0014188963514936148
2016-03-22,-0.01633281359864769,-0.014564972160885592,-0.011439728124730597,-0.008446149674245507,-0.0027962301254226274,-0.0005377216298173559
2016-03-23,-0.01964450382052496,-0.009718513130331563,-0.012398743249944166,-0.004035146946286594,-0.01109343536367946,-0.006599084325114912
2016-03-24,-0.03387400398297602,-0.021877053940055236,-0.03180451075487267,-0.008327506519371086,-0.006533647662301578,-0.00044287324964054076
2016-03-28,0.010123247267219693,0.007524861709248265,0.0012102298519978127,-0.005674052046592548,0.011167734279421415,0.0005906706483229662
2016-03-29,0.010755305036109775,0.019295112792097724,0.012951131099571578,0.018945176139254727,0.010553475461162254,0.00925006075540824
2016-03-30,0.0007257056833114284,0.004070691707901197,0.019774971879126024,0.007616500983261387,-0.00024284568429377984,0.00438775795953239
2016-03-31,-0.008941602661902914,-0.013176705301710001,0.0006686879928352596,-0.004001570930901366,-0.0037655715323311467,-0.0024269651136875625
2016-04-01,-0.036332656553408005,-0.03430592216600148,-0.052455719305579795,-0.005357185218357818,-0.00012176108010797382,0.006811912229550465
2016-04-04,-0.0037956430840393462,0.0029784586649301836,-0.01533855302994025,-0.01009894474195605,-0.037678367878101415,-0.0032377168692044878
2016-04-05,-0.011176112166187302,0.00021181976344597508,-0.004834317823509182,-0.010881681098038554,0.00963014506302362,-0.009988192129978257
2016-04-06,-0.0007703064404387394,0.0008480187832575758,-0.00791656039781563,0.0009165105977972932,-0.0005020695540153275,0.010921427486755064
2016-04-07,-0.013881731024678268,-0.029660835607402958,-0.03590858839595923,-0.0004576378329770314,-0.0170767722478119,-0.011965981211069954
2016-04-08,0.003649422937462621,0.010698736121882213,-0.0015048535851588385,0.019472764911116602,0.010219611338290635,0.002696686908593371
2016-04-11,0.0059740197969022635,0.005616936925531002,0.011868825012914419,-0.0029210082215974653,-0.00758704064358362,-0.0023474436769808094
2016-04-12,0.011877085649008023,0.0017184485800776361,0.006702673924558589,0.006310035621561516,0.009811178077657967,0.009312842690555323
2016-04-13,0.01913771880407178,0.030238416838566984,0.027926801271556334,0.026652128749006243,0.033060103026885335,0.010101178806062538
2016-04-14,0.03079595811397251,0.009366666753891417,0.020690854143496917,0.018978903334539998,-0.00012228532600178088,4.813265637126918e-05
2016-04-15,-0.00631517531474346,-0.02041622889147321,0.0029966857926027046,0.007065041612140721,0.006352385066352495,-0.0011056127680442174
2016-04-18,0.0002444387508206969,-0.020000063880765584,0.0014059404958195465,0.0012755663155346042,-0.001699500257324682,0.0070267478843624165
2016-04-19,0.010263918635018632,0.00687416680293329,0.018778513573540545,0.0006368330748884876,-0.0014592229637717669,0.003154055893336727
2016-04-20,-0.0019351696966446452,-0.005760329453406876,0.009474577851663613,-0.0016973546219020141,-0.006332072997705329,0.0009529098020431004
2016-04-21,-0.030295653741132078,-0.03497867778847308,-0.09965870827056333,0.014452549543596982,-0.02720574229286976,-0.005378626306828838
2016-04-22,-0.04498890256755794,-0.007783012206845408,-0.038286518334515796,-0.01005637835334805,-0.032376072224151065,0.0
2016-04-25,-0.03166707315967798,-0.015464003657447378,-0.02700044740367913,-0.008465584180533337,-0.030725187755940242,-0.0017224922765738393
2016-04-26,-0.002162052476924581,-0.0077393306065645096,-0.004658690443839264,-0.014301142752494833,-0.0013432928593722915,0.0014861090622959594
2016-04-27,-0.005688075689479599,0.002293875857630301,-0.004070019646389866,-0.0132089375400688,-0.01035617338531103,0.0020579178425621514
2016-04-28,-0.020157975423032992,-0.018997272837222634,-0.0179811458543383,-0.0331358816211208,-0.021337168710028775,-0.009075653034250286
2016-04-29,-0.035584953107532735,-0.02776505689001263,-0.04681647806299105,0.012482953723157886,-0.021941627110479756,-0.005398900638007742
2016-05-02,-0.0046257008294221524,0.01199920149572864,0.018554866811610227,-0.013450005607195337,0.0014196150560423781,0.007948832429330421
2016-05-03,0.004356668276874309,0.017784980573728904,0.010072893747109513,-0.01976807409896386,-0.001701146435412415,-0.008703480690962273
2016-05-04,-0.03961846816303605,-0.03471580964958376,-0.033524332595943895,-0.03430717743569267,-0.018605461280045366,-0.005578107302294022
2016-05-05,-0.01204431542161466,0.00772410999156059,-0.012294128824883122,-0.0031204469069818774,0.0005789422284172563,-0.00019516292810795033
2016-05-06,0.006704990055602655,0.006946112882510791,0.015781263791605493,0.004815834760122151,-0.009111845601384227,0.003659008935761765
2016-05-09,-0.00272462962066089,0.0118123417317888,0.0002187816491527883,0.011023592212083377,0.004233147405024118,0.0008265361247841163
2016-05-10,0.02519732880526382,0.012971712413803349,0.028221416350138417,0.01564327956947964,0.007703146489887569,0.01243363021089916
2016-05-11,-0.02694698055540734,-0.015134130857375694,-0.02553193112637131,-0.01726953080694149,-0.024952716121381058,-0.009354808057772668
2016-05-12,-0.046561282774674306,-0.02907767260536409,-0.04410481422299073,-0.021135110263472034,-0.030029883060706863,0.00029080654563240493
2016-05-13,0.005745321734913045,0.012904570418224681,0.001370520213887838,0.00824833115404111,0.010523047284954679,-0.008714424692976674
2016-05-16,0.019358851155680146,0.0336542081886082,0.017107664174032422,0.016120957702392413,0.0007546025732902972,0.009865388591258073
2016-05-17,0.016189257920102174,0.01558117136123216,0.010316193830422371,-0.0007100688810803835,-0.013119849565156994,-0.009333612106317668
2016-05-18,-0.0009189603228406673,0.004351024531467074,0.0048834899984224744,0.0165878613664161,0.014975245993547492,0.00029306095131587107
2016-05-19,-0.014106018716488644,-0.01732801092328773,-0.02783304889528404,-0.017016777104187253,-0.015507576544152357,-0.0034651730033734562
2016-05-20,-0.0043546233920565,0.0,0.010906688826178401,0.0004748381862103024,0.0014592692730170942,0.006317251970702209
2016-05-23,-0.008747276144747684,-0.0034803366891908993,-0.00651833905566479,0.00047369124362384163,0.0019934829600323223,-0.001362511472558614
2016-05-24,0.01323673055588781,0.015832307278911717,0.017873323572196398,0.013977510421441908,0.023415969938026526,0.012962352799749777
2016-05-25,0.0006218950390073363,-0.0029797306417780334,0.00311178894032893,-0.006308034441742882,0.000598119763124183,0.006783152390942959
2016-05-26,-0.02051595078743229,-0.017011624272197934,-0.01395969539562758,-0.017399366187640375,-0.01150794743019734,0.00028668540733423065
2016-05-27,0.004443007791372411,0.008419389048630155,0.015280905734287309,0.012921490313766881,0.010281190778163696,0.004299220666261316
2016-05-31,0.008215052587498661,0.007885044628877624,-0.001992035236387135,0.003543487015753133,-0.006285600226222043,-0.0019024804274820895
2016-06-01,0.001253455741966114,0.0011506018861797696,0.003548455242196935,0.0014125934177824373,-0.006626381567058415,0.002048895289583186
2016-06-02,-0.00876370285593886,-0.02436218362910758,-0.0017679962664018944,-0.008697994123613717,-0.0003031547514419364,0.0030441515005728004
2016-06-03,-0.027155124467123426,-0.020730594490387055,-0.01926054830976054,-0.011382388676825284,-0.013042151971522364,-0.0029873588558102515
2016-06-06,0.014605722472269766,-0.00697624043244649,0.005191863345313852,0.004328031772474317,0.0019975278823827214,0.005088529050830681
2016-06-07,0.03518859308419531,0.019864385256321615,0.02874472555766716,0.031122857484822353,0.017175307948370078,0.0015612413423522487
2016-06-08,0.004635478608873145,-0.005938137575167146,-0.0026195752670725714,0.009983570351945081,0.0009042676360724311,0.0032595880494530327
2016-06-09,0.027376425809088056,0.013142189111444935,0.022105540962744863,0.01586212226142325,0.01671957035298499,-0.0013655981690504637
2016-06-10,-0.007784858409095818,-0.008490464227106975,-0.013276208174642923,-0.01267219790994023,-0.00859267021699972,-0.009477251344944815
2016-06-13,-0.040434407524156835,-0.034966583843590304,-0.04383681374774451,-0.033692637436733563,-0.03930061810498242,-0.007711910388578436
2016-06-14,-0.04528300285273401,-0.035987417679470335,-0.044711783007281736,-0.05407982849149473,-0.04308599355571752,-0.0019671918731212212
2016-06-15,0.004282022799800389,-0.005625276612650332,0.019006871802336178,0.0015047534712588906,-0.005851808468657738,-0.0013937614569000667
2016-06-16,-0.044276906368881375,-0.02237074649557491,-0.024714329066872875,-0.0040059275296590036,-0.012916889438187473,0.0029843491549832457
2016-06-17,0.006863582108358468,-0.00026297845258660413,0.01888589687422826,-0.0010055098821328823,-0.008116518191375488,-0.0037238302668969325
2016-06-20,0.012610592889910066,0.0021048357339177315,0.018301328332756217,0.007045653649300876,-0.006680086528102591,0.006440183525453946
2016-06-21,0.010434370058901798,0.015227099115842968,0.03364053071754092,0.012493661039848947,0.016476068520794307,0.00283829027936644
2016-06-22,-0.00433058559793853,-0.003103143312548462,0.0051270516965453705,-0.006416720636581608,-0.012901073269710794,-0.0016309665354508063
2016-06-23,0.014720821451823296,-0.006225605571392401,0.00177418532017537,-0.0166420560949756,-0.009048339276001238,0.013022219808149549
2016-06-24,-0.10814381728196354,-0.0817021697504906,-0.09098952761259904,-0.03233075536694108,-0.04480874906847243,-0.035908781411696955
2016-06-27,-0.06580411327893654,-0.05173391809292194,-0.08061376674585619,-0.04045973365012723,-0.01469296123046182,-0.017910126778638014
2016-06-28,0.05935896434008914,0.03926848418564721,0.031788099680515325,0.018226580944452175,0.01886452146473938,0.01803625667216746
2016-06-29,0.03474043317298259,0.04528421600075827,0.04159175610148336,0.03900586686759833,0.01728098718312232,0.017027597944413442
2016-06-30,0.02202156393521726,0.005242961812008895,0.011584945137751212,0.008228392241972582,0.010400296529084585,0.013645608064504433
2016-07-01,0.03602973848011759,0.00933281525872065,0.008040887158766274,0.009946378740375295,0.0077199854637692855,0.002100374684541828
2016-07-05,-0.013637899394972619,-0.03127561353505126,-0.026105826546808153,-0.009848422599208262,-0.001872571759970798,-0.007193395562259397
2016-07-06,-0.020048478136130088,-0.0011227896519212521,-0.024323641597601586,-0.002040254635033767,-0.0015350990928382213,0.005997918752620013
2016-07-07,0.03703699295838936,0.02220360406978128,0.019842247571806082,0.018400052338709783,0.015886682710064104,-0.0006199509900376432
2016-07-08,0.021768714647002252,0.027495173054834954,0.03467197267043942,0.017315096867077218,0.00655774640288409,0.014890361929383866
2016-07-11,0.03728379901799328,0.020069332418212626,0.022420451191876856,0.012333513776241922,0.005011808234786752,0.0035268947203224155
2016-07-12,0.1123233215463304,0.05482715872642907,0.08842254217147394,0.04385970531474981,0.051363122478607526,0.007263366018816164
2016-07-13,-0.006058793106370586,-0.01616540299012026,-0.006499116942206062,-0.010270868064103267,-0.0012650275810435208,-0.00013958959159998674
2016-07-14,0.04150933047950489,0.03589503748029488,0.043392887860545404,0.01816059448311913,0.026753353708943273,0.005583279649822082
2016-07-15,0.00027867750872268005,-0.02440213524482482,-0.008777391480429442,-0.00023201198315936367,0.002775043887716544,-0.0013419231889465477
2016-07-18,0.003900951165833666,0.003001248484785668,0.005903410868549397,0.0004636323693880673,-0.012299984306942569,0.002687535730339752
2016-07-19,-0.0005552549148873931,0.010723245277830529,0.002934382568328342,-0.010653113276387738,-0.005759671558120183,-0.0010165578660313868
2016-07-20,-0.0024992636580409844,-0.007895115022178878,0.009404404959026946,-0.01615183707448986,-0.00594944681037568,0.004162922817434023
2016-07-21,-0.02672590137535935,-0.0420294460150481,-0.03395443924541652,-0.11206253107629893,0.01921553822013311,-0.0037770676854589347
2016-07-22,0.04004586623151507,0.011422986568918825,0.019502782905872262,0.013665921807064052,-0.0016999387670406652,0.004485158845441317
2016-07-25,-0.015401882675518452,0.0,-0.01429473007227633,-0.012424684039806344,0.012383886414754075,-0.002716020654554563
2016-07-26,0.02094996023380502,0.0017964336167981543,0.017914270921772113,0.024625350170753624,0.01727841295040866,0.00046137196312034945
2016-07-27,-0.009576001687244262,-0.012554478314508954,-0.0060758625247989695,-0.020898445592121506,0.02014140840010681,-0.0010610793786384187
2016-07-28,0.0038673255890326885,0.02127663868169094,-0.0008431092324602263,-0.00026688977624722554,0.008692895176330095,0.0011547844711190525
2016-07-29,-0.023114671226939443,-0.0154981828512889,-0.010759538392673296,-0.012276526534557242,-0.018112750739028183,0.0016146516727209015
2016-08-01,0.0028166043916442174,0.018838783659680836,0.010023485323543913,0.0008104879941226439,0.006396750233895743,-0.0008290017961980478
2016-08-02,-0.05870782485928938,-0.07826730962799233,-0.06249997986329592,-0.040496468680285114,-0.04079823710962638,-0.006407552157197127
2016-08-03,0.002095223948381353,0.0024732957086834872,0.011261260874249501,0.009566489945778356,0.003236307186438525,0.00292280681867485
2016-08-04,0.0029869694653916756,0.0016445983324708813,0.022271714165168488,0.015050222963930437,0.0,0.0010640427625703275
2016-08-05,0.025610328987082376,0.030924680098894708,0.05468405747477023,0.039263728323528424,0.017357974833784207,0.00817881684120425
2016-08-08,-0.002613326702149976,-0.006105506230876245,0.001652588954903056,-0.010567479826802062,-0.005586673648412366,-0.000595659705644791
2016-08-09,0.006986977244049619,-0.007745557484523546,-0.014023515810224318,0.00026698846448725,-0.013209866508781865,0.0005960147276020678
2016-08-10,-0.011853019718039093,-0.012639668605600507,-0.01443217782026085,-0.012546719138906703,-0.0023079111099691962,-0.0024749229727023536
2016-08-11,0.02282038046819701,0.0060305014219279585,0.0031833940848713382,0.0067584162707188256,0.019586630766375013,0.004640800142950763
2016-08-12,-0.0011442527055157692,-0.009536704021792075,-0.003596403257801417,-0.019334005031486745,-0.011042333484711286,-0.0008691617811646957
2016-08-15,0.02720486694497315,0.015681188803541746,0.01932059186609325,0.009857884224470315,0.011318675347983698,0.0028837913036747764
2016-08-16,0.024533273019147872,0.0005415773203760743,-0.0004165099722037713,-0.007069320569743298,0.002353883880549912,-0.005157648787182723
2016-08-17,-0.004081838800320203,0.015430263334226701,0.003959129403286354,0.00903591061255793,0.020454719056517856,0.001881077875374837
2016-08-18,0.0019126076287827587,-0.011730275158308046,-0.012038228048586785,-0.00027106656060393863,0.0051964360414598065,0.0022441466139693222
2016-08-19,-0.004908483297979327,-0.008092877808476562,-0.01071425079583721,-0.013300679856860453,-0.009305579994884239,-0.0014623821088962652
2016-08-22,-0.013428393002667849,-0.004351229994971173,-0.0029730173963642414,-0.0019259299724389,-0.0031310970044574615,-4.5574256119174095e-05
2016-08-23,0.011111306546473854,0.0021851229700957653,0.01150161675723771,0.011301131096414174,0.007328901276195454,0.0020133099287387157
2016-08-24,0.006867897991361671,0.002180358618395717,0.0023162095549928985,-0.0008176828484696141,0.008463133799363032,-0.0051146629035392355
2016-08-25,0.0019099981405377164,-0.008158673108587533,-0.0014705818711795438,0.0008183520008648859,0.006183824405212812,-0.0006885746439089235
2016-08-26,-0.013344391238603981,-0.010419531392683923,-0.013885963904118448,-0.01144697414587581,-0.015657122226588216,-0.001883406374403651
2016-08-29,-0.001655995364086893,0.012745848296959572,0.0017068878360964046,0.004962314847885896,-0.003419135855760924,0.004924200486212449
2016-08-30,0.02432945946995746,0.016689502961977576,0.08604900638715995,0.020027411193969336,0.007607713528365423,-0.0016485884699546371
2016-08-31,-0.020242980713244374,-0.011033351226921173,-0.011374814904146713,-0.008068141764482895,-0.00029629617116089246,-0.002843942419081591
2016-09-01,-0.0016525840514191037,0.0019048158046623964,0.009521911201929356,-0.007864085737391169,-0.003998136118284701,4.5899849659525316e-05
2016-09-02,0.008002167488029066,0.009505505060631636,0.003930060234587751,0.008199060054746576,0.014124057402947754,0.004507949414919166
2016-09-06,0.011770860722387422,-0.009416001213446323,0.0009786501646353862,0.0016266162467284406,0.011582003456025003,0.0030223011915953
2016-09-07,0.048431048441542,0.05649103240806985,0.04966759768951978,0.04681981418919512,0.029420311803398436,-9.118996193979712e-05
2016-09-08,0.015483529785202732,0.010025927026522385,0.012667665821719742,0.002068380798083469,0.004083079964954051,-0.002282901476087118
2016-09-09,-0.021854923329300724,-0.03919594780231794,-0.03513612630549523,-0.03663548284505391,-0.03449264649074568,-0.02393484873215279
2016-09-12,-0.003897210620055769,0.018277995555007198,0.01525260677642959,0.012854720342264647,0.013505869000717485,0.014347272668479905
2016-09-13,-0.025299834193025394,-0.02367325885609206,-0.030234753246038748,-0.01798010824590901,-0.021063569586489583,-0.014375439314395888
2016-09-14,-0.0262243568345909,-0.010924462407421287,-0.01239348174308319,-0.008077409442619699,-0.0244436742553491,-0.0003751015252392298
2016-09-15,0.000549535162637671,0.00457958974822037,0.01392155067593448,0.00407153430738405,0.0024006657291881783,0.009992874178532452
2016-09-16,-0.025267668373496477,-0.013944758667333357,-0.013730402186099666,-0.010813823753670904,-0.016614350819374346,-0.0038656555513433277
2016-09-19,-0.0014090676334621577,0.02175696805097216,-0.0007843316770067554,0.0030066783358113636,-0.00015210260449660673,0.00018769692201270338
2016-09-20,-0.008182359880451129,0.0015970804870002464,-0.012755057355950616,0.0032694883087422966,-0.0028924985319431773,4.651872098748733e-05
2016-09-21,-0.013656134063176673,0.011161166230871489,-0.0015901774770604726,0.0024443878419371234,0.018320489473900636,0.011245565581622818
2016-09-22,0.01672919591988209,0.011826944567451259,0.016125848709393598,0.01137897842702107,-0.00989492708173001,0.006301321805932902
2016-09-23,0.00851050882745108,0.007272149708083875,-0.001763325841957597,-0.002410992745260687,-0.004088527598101299,-0.005479110297008094
2016-09-26,-0.01743979126309403,-0.019081485953307498,-0.029440627625879956,-0.009935621879212375,-0.01778933540861738,-0.008102289851833921
2016-09-27,0.03063255448337343,0.030756750607729977,0.01941353022570902,0.04529426590258967,0.021517225420135233,0.00620819602671796
2016-09-28,-0.0044445665915462396,0.0005097283479980064,0.004959333480593742,-0.012195071629735543,0.003182340947491147,0.004963346835759941
2016-09-29,-0.0005580787250981656,-0.005097534603284326,0.009474921904502276,0.0021017485179319895,-0.013444244554489893,-0.009047219992210587
2016-09-30,0.0220549825566545,0.008454863555884984,0.02600707561455118,0.01939690646792247,0.00842134060264077,0.007545999037271045
2016-10-03,0.029773196134838642,0.01575205731832141,0.014865613896519525,0.021856684832402662,0.018676105142378496,-0.0024040408651514467
2016-10-04,-0.0018566968473944234,0.004251877810589333,0.009014075910541264,-0.014595065744041236,0.024146569027040155,-0.0050976976109478045
2016-10-05,0.006377854458755827,0.004234411035519692,0.0016750447302189553,-0.0015321060679698295,-0.005821669215019809,0.004425348897950876
2016-10-06,0.007921611142131413,-0.00942450394472849,0.002972869719794824,0.0017903647443577864,0.011418757892155629,0.0006953910361591209
2016-10-07,-0.011527437281067643,-0.024787432618988747,-0.021489437889018026,-0.017870772833949777,-0.014184459916699033,-0.0034294398066779808
2016-10-10,0.030744726434355885,0.02105270938851911,0.026126487620000027,0.03379236405214758,0.026428141541598116,0.005208649758481565
2016-10-11,-0.017741990632909488,-0.020869960782449293,-0.012546130915200071,0.0005028687728652059,-0.008296518151009069,-0.01262948791248264
2016-10-12,-0.021466064702263643,0.008474295706802693,-0.011958134980837754,0.005528992292140877,0.015866079342388595,0.0013120056491986443
2016-10-13,0.04975903631040479,0.01884415800571415,0.015317653975656764,0.03424122833261478,0.03592220256705381,-0.003275924862893631
2016-10-14,-0.015035627683321673,0.0007500025508464514,-0.009126427198785092,-0.0014499103193230667,-0.008909024608995009,0.0005167670231684962
2016-10-17,-0.0018110603391199298,-0.01723283783473417,-0.003195525962492174,-0.0019360208156564696,-0.005116729909998452,-0.0034724931492231548
2016-10-18,0.019958321429688786,0.0027953328632401853,0.012257241954391151,0.010669498998480575,0.0023630453962819598,0.006262734580850582
2016-10-19,0.03252899006001919,0.036492858376550696,0.03278685379149504,0.01367556763773492,0.018721101692089404,0.0026670265068857724
2016-10-20,-0.0009845698769930245,0.013691685647874374,0.020382415153431088,0.0009466007318479353,0.024911743584599577,-0.00186675201784392
2016-10-21,-0.016999398613769645,-0.0069945660584028735,-0.017146919320062737,0.0033102234273771902,-0.009696012402442777,0.00046741499176294887
2016-10-24,-0.001754223611238781,0.004857744998030933,-0.010071898812270663,-0.0023567166424309782,-0.01274120565686443,0.004252663662081879
2016-10-25,-0.0035152088075565135,-0.0038675129844167877,-0.007449125010760005,-0.008976983343690237,-0.01643811315986954,-0.0033505829286070155
2016-10-26,-0.009322069473498007,0.004610483296773937,-0.011898252117338526,-0.08462425116110373,-0.017541451952032383,-0.002007854157569655
2016-10-27,0.01500503402027431,0.0016909730417937752,0.008151141727311684,0.02187467260521636,-0.00014060582891950446,-0.0026666535470102337
2016-10-28,0.0037584486260073824,-0.003134692290642338,0.012679207361679046,-0.0015290921836663696,0.00928014361919649,-0.002955384125940985
2016-10-31,0.01347983113065676,0.010401098196304526,0.02032297077627665,0.022205133155763113,0.00612983842871917,4.721230223458939e-05
2016-11-01,-0.019704391241496366,0.00263389696382732,-0.004090335125533251,-0.009238302332225112,-0.010938970225328859,-0.007245362658475529
2016-11-02,-0.002261480571233876,0.0011935397812390391,0.002499989100865019,-0.0017639786780092592,-0.006579692849530749,-0.006018742941242494
2016-11-03,-0.005806391365787089,-0.00023838239405615802,-0.003562535894439889,0.0022719958123573747,-0.018320365343631906,-0.004576911444751475
2016-11-04,0.009141630617335306,0.022900827525605516,0.023060438812943174,0.017128552596706426,0.008613677041053203,-0.0011021093656161662
2016-11-07,0.044036203485569914,0.031016667224532446,0.02271534592798896,0.029469919319489835,0.03287748309413563,0.02205727702892868
2016-11-08,0.005061377142529189,0.011884615930433995,0.01332654382815468,0.008659905565712833,0.0019293091339089852,0.004504024263398687
2016-11-09,0.017026464732544433,0.016169025313932606,0.0138256563115422,0.010493718642544003,0.0064639738916483225,0.010601811528844651
2016-11-10,-0.002593725019165549,0.015469628823249648,-0.0031598609351597418,0.02997415454482555,0.02832460368510903,0.0024954066231939187
2016-11-11,0.014893651372406946,0.00935800576527468,0.00517186153475957,0.004582940768258048,0.0034682491645656732,-0.002304734170481826
2016-11-14,0.010947900323697635,0.023501278086452526,0.04464728011135244,0.03444329213856134,0.03456056899441551,0.000785584511854287
2016-11-15,0.031336399242497315,0.0037919941363850906,0.0495710041302857,0.01984598082825828,0.005267762356506944,0.00780244385945128
2016-11-16,-0.006925675482004623,-0.005666324316701221,-0.008477105348014047,-0.008648626947762583,-0.0060072564502759995,-0.001877943702678908
2016-11-17,0.03104616462904186,0.02384984063632789,0.036030543669489434,0.01832024559108958,0.013887139931424208,0.005140582303186703
2016-11-18,0.009382505112585315,0.008039432396127033,0.006336579742237447,0.007924941721465517,0.00786302309144471,-0.0022372890460410355
2016-11-21,-0.0038911933621612604,-0.005930598232192219,0.010250357868761162,0.006374733343398109,-0.00868238276381994,0.007550947626838056
2016-11-22,0.0,0.005965980063007192,0.007392406899874748,-0.0054897972593033195,0.03490733508192645,0.0019535574702522762
2016-11-23,0.005642378586872221,0.00633936671413915,0.005467586380114575,0.005732360446357054,0.017539347947165718,0.0005440388236706006
2016-11-25,0.01035831926954578,0.0006098552115414435,0.0030051387053022793,0.0016890282575379167,-0.0025312575064118104,0.0037151868802638432
2016-11-28,-0.006834609136594505,-0.01523170189931955,-0.011984539617339474,0.0014751246518827088,-0.0038669705603485705,-0.0046947015824352345
2016-11-29,0.00838690891062388,0.002062006088894508,0.0067870212375902295,-0.005892078802246403,0.004246084129642336,0.0019503097044277773
2016-11-30,-0.009596903613051988,-0.008437752516126884,-0.011044237793734979,-0.013336321263242912,-0.006161111591781232,-0.002399053965119413
2016-12-01,-0.01485790381575014,-0.008509554027029576,-0.006961504695922938,0.009869139656569992,0.007171639953233999,-0.0036756148575456393
2016-12-02,0.007650147519453032,0.011304269884104379,0.011683882110423927,0.017845955373651856,0.02377519771014236,0.0005010030613787908
2016-12-05,-0.008242693363295084,-0.010142846138249006,-0.014580547939683441,-0.017533061146861373,-0.020158226339518248,0.006008863930249131
2016-12-06,0.015529211936637033,0.033667676945944525,0.03970112803489445,0.01511587676130377,0.02021186072253034,0.0031674613210834757
2016-12-07,0.04781391541405666,0.03378484678086391,0.02057205945273033,0.045511813035177484,0.03384418326860339,0.013080447101186277
2016-12-08,-0.01233306580531901,0.004892763924433607,0.0042799607522796546,-0.005015219626973488,0.01003780188153569,0.0024489148117288195
2016-12-09,0.03309058671038034,0.008373912703755204,0.03340665901209938,0.003831111164915413,0.013777688967623769,0.006040518161293695
2016-12-12,-0.04129727497883051,-0.034955753272418955,-0.025675141042814542,-0.008435557917741088,-0.033864440202986956,-0.0011477994621937881
2016-12-13,0.005253153227434693,-0.00620362380107653,-0.009421010815635844,0.0036458461834636413,0.0016141518044232583,0.006673898909877574
2016-12-14,0.0016720364426874301,0.0032218241981702977,0.005375594393431049,-0.005449206366380688,-0.005640613765183988,-0.00825429746991857
2016-12-15,0.007930048377883692,0.013649122312950679,0.02536329054289821,0.026582950396264682,0.04329711217841159,0.004117311662186651
2016-12-16,-0.013871606218116228,-0.006732454414711486,-0.004947222115960881,-0.013045811161120469,-0.015423679942331958,-0.001955601266056539
2016-12-19,0.019945285580658556,0.005183233411197197,0.0008063046152200215,0.00841156152264877,0.01803204003943315,0.0021772966531061755
2016-12-20,0.013174325253211716,0.006743136330839006,0.021079479377843713,0.010724909279860917,0.013616764898446654,0.0038575563912284228
2016-12-21,0.005079186595483787,0.0031524275267791335,-0.004339274395953607,-0.004716019075448941,-0.0048055347727232745,-0.002782576845852036
2016-12-22,-0.01576725963926262,-0.02199554659023162,-0.02020600573998077,-0.007897219041831827,-0.02216876562005954,-0.0017275409280517184
2016-12-23,-0.004312930180247032,0.0018074608803639869,0.008087322474412462,0.003979827392868174,0.014927195891432543,0.0014641740801093484
2016-12-27,0.0026816486573679743,0.009420713205528841,-0.0016045292835009661,0.0007931842940327449,0.0012163960052355982,0.002480919341428578
2016-12-28,-0.01933779883417086,-0.016878731296852578,-0.015267167772913592,-0.0063380666942801644,-0.02043297581769299,-0.008264352789884688
2016-12-29,-0.008810346142567926,-0.0040393098554045714,-0.003399972856662048,0.0005979944999894293,-0.0018039901482342913,-0.00022282776487647649
2016-12-30,-0.011851906435949688,-0.002433692822423561,-0.005458536197354813,-0.007171389082096913,0.002259269393132479,-0.003654968681851445
2017-01-03,-0.008352949442394064,0.005895461218359266,-0.002332576500438055,0.0028089176962418083,-0.008227456312115411,0.007650021124991024
2017-01-04,0.008639275892483811,0.024656602253384285,0.004263479060611752,0.026410498603336663,0.013409150637523792,0.005948993612126197
2017-01-05,-0.01734467334326739,-0.019132004044646322,-0.028622246425275333,-0.0161791390879078,-0.015922705036002682,-0.0007942117944518268
2017-01-06,0.006973032189412587,-0.0010055961931333401,0.0062033334204587565,-0.010699238972416869,-0.008887727130778789,0.0035776547042367657
2017-01-09,0.018827261081963753,0.00020139056786105947,-0.0012610895869619165,0.007410056301275114,0.005633198217736446,-0.0033008455536182035
2017-01-10,0.02973646165252175,0.024954575728654227,0.033389519129786605,0.020676019362978693,0.051789227306726415,0.0
2017-01-11,0.0033003340640629375,0.01001371186801392,0.018734688905912122,0.0066225160030422,0.019564911725716172,0.0028257337929515902
2017-01-12,-0.011101814735636206,-0.01069209930530457,-0.013859287084738603,-0.012964524577249947,-0.005756555738297808,-0.0025096618783405633
2017-01-13,-0.009355729547226743,0.00668111161674223,0.004324320200327358,0.0027447430191887,0.011365921027162829,0.002295634625763654
2017-01-17,-0.018887426108826322,-0.017567912383873674,-0.007804115089293795,-0.017790988958927723,-0.009648033265327705,-0.0035234764593142787
2017-01-18,0.01903722480798198,-0.000595944112476765,0.0035259308891057994,0.0027868101345163154,-0.005138678065048752,0.002209822475688794
2017-01-19,-0.007976572268140858,-0.011928285548871043,0.00027022490630268514,-0.006153121872710776,0.01388137163425296,-0.0037045065466312366
2017-01-20,0.01565817553859139,0.016096325606714812,0.016482049122295006,0.020371389084811398,0.005200854510436725,0.0036741230721422102
2017-01-23,-0.022083286798254442,-0.03425731116699071,-0.033094071430968874,-0.022509607170488444,-0.017316362871879765,-0.002602341427414112
2017-01-24,0.012782352428173382,0.013737745369976073,0.005910657115818285,-0.005806693912633221,-0.002256117793464796,0.0064120022075877525
2017-01-25,0.007782683721781147,0.015170090545726378,0.005602569431607973,-0.0038268200654256734,0.005599705406612365,0.008655291632833961
2017-01-26,0.03506591611443377,0.014146362084006547,0.024323970710753873,0.09017393591389311,0.026986489276277226,-0.0010451312059923668
2017-01-27,-0.053236637963047895,-0.023575603670149103,-0.012735461918965907,-0.022626174983993885,-0.008029017963743335,-0.0015697619211160196
2017-01-30,-0.04366323529523053,-0.04084534498673498,-0.036280529624749036,-0.006641157434219114,-0.010196614296907547,-0.006201939111976751
2017-01-31,-0.01447669997567258,-0.009020269112247625,-0.017428889831629935,-0.0007644780141498053,-0.003610965413003653,-8.77570983189857e-05
2017-02-01,-0.0045198010266971345,0.0004232230855607533,0.014332370068609324,0.008029265725748358,-0.002025075554091482,0.0003952920375676072
2017-02-02,-0.0009081720157018136,0.002539440892175726,0.009233296050913387,0.0024656932787856523,0.00961219734600638,0.0006593381785997554
2017-02-03,0.004317424381387935,0.009075567920414196,0.012752955041989145,0.00037818594886251944,-0.004654552151832636,0.006892739884330146
2017-02-06,0.024886577965357315,0.009412209523812942,0.006022480921291651,0.003592827678748023,0.010947196975064744,-0.0017881081076069893
2017-02-07,-0.0028696355005195517,-0.002279592624858884,-0.030068014754729977,-0.0005653172569335396,-0.010723563283006943,4.396235491155309e-05
2017-02-08,-0.0024352419226918443,-0.0010380613615527112,0.005751101521245028,-0.0022623054960673183,0.032943813856323834,0.0013103766022819485
2017-02-09,0.029804205692218533,0.02557147144810412,0.01785225192708717,0.0302342783964904,0.012448411141263716,0.005932687589796037
2017-02-10,0.003239801914650453,-0.0014190426417761692,-0.005206972668306942,0.0034850680398941236,-0.01077112114338552,0.003946321301506073
2017-02-13,0.020667162222689273,0.01624045311338307,0.01707986074147838,0.018643675690134254,0.006882346557529617,0.005442240702759005
2017-02-14,-0.017717636084395694,-0.003995186226126379,-0.0013542589257927728,-0.007536375676390983,-0.017547464095560406,0.003995397684303015
2017-02-15,0.020828908799327195,0.026273797374267494,0.027257963038510358,0.03579817480859937,0.006853585549194241,0.0052204990813802254
2017-02-16,-0.011989847173195067,-0.00664480182542504,-0.0010561297829001504,-0.0165820687567233,0.0003104605611656819,-0.0008510954761831169
2017-02-17,-0.0012775021671163067,0.00786941449176326,0.00383244248109893,0.017394175977081705,-0.0009308414444971769,0.0015760641169273448
2017-02-21,-0.002131557913914617,-0.00039042774047548523,-0.007240592798739343,0.009420856574015257,0.00010349525690034334,0.0059552445804695875
2017-02-22,-0.010468089052257823,-0.0015095307925236945,0.00026517228610689614,0.0008638735053168034,0.0066245192681941845,-0.0008880021853904241
2017-02-23,-0.004749567339874972,-0.008835639701318287,-0.011533908830202333,-0.011223995162217948,-0.01398460877266161,0.0006772422748562157
2017-02-24,0.003904577888805827,-0.00039626138565729274,0.0069743064577261205,0.022354130644317127,0.011680082922991497,0.0012687356775442638
2017-02-27,0.0008642808430172622,-0.00039624960263162645,0.0026637845413512995,-0.0018791193196076028,0.00855580478589002,0.0015632153557056938
2017-02-28,0.0008637045774897434,-0.010111115503428914,-0.01580768412198108,-0.010782116725177926,-0.00020444992586099442,-0.002699261362944294
2017-03-01,0.01574635098744981,0.022030782442546082,0.017546269618223365,0.01868524193867338,0.024739362002340615,0.01399733007395354
2017-03-02,-0.029093207957408662,-0.020967945276618383,-0.027987805112534292,-0.02224891338797652,-0.03870702332207743,-0.006297657519398481
2017-03-03,0.024059397555765916,0.0034024691737042367,0.031522892973169236,0.022407648249993972,0.026774498127278834,0.0006298676705285278
2017-03-06,-0.03225120407176052,-0.025533635308523928,-0.032411655866347644,-0.022086330977189927,-0.02334754353450852,-0.0029781344599505433
2017-03-07,-0.010373030971397301,-0.024769535666381737,-0.006836204596287754,-0.010964085936592483,-0.0156263692111116,-0.0029866575390293804
2017-03-08,0.0011148919326957607,0.0006299602438206708,0.011013257963653267,-0.002639582741607027,0.0008407593744796937,-0.0018565151255293122
2017-03-09,-0.034751119945984676,-0.00881094160877638,-0.012254922330605433,-0.005645524484536257,-0.004411490470512258,0.001268092033071433
2017-03-10,0.01315479326097746,0.01396856066197305,-0.0027571626014951667,-0.008516935835710449,0.019307757404024573,0.003504418412866306
2017-03-13,-0.03485226259367413,-0.01168871729311216,-0.0344207629226172,-0.024874603721402377,-0.0003105374333770561,0.0005046761939393463
2017-03-14,-0.027377773712198294,-0.02259773437786816,-0.04724402998499566,-0.029546684057823014,-0.021536585020355048,-0.0038267495756003633
2017-03-15,0.021354035642819458,0.01966296737844586,0.024342525062359233,0.026664311072509772,0.009100610939202225,0.008653808181211087
2017-03-16,0.0009504123569328282,0.004662046121546304,-0.008948226884791799,-0.002578851133649529,-0.012793663152779744,-0.001967201736541746
2017-03-17,-0.009731915837294602,-0.01898348037662856,-0.011397227218645223,-0.01791337563199924,-0.008285470364171377,-0.0017561321227146376
2017-03-20,-0.00047923182424092214,0.007310354948360853,0.010480565034390432,0.005076964397163319,0.015638255808710477,-0.0010969456412748269
2017-03-21,-0.03069555463722773,-0.028388532221389262,-0.03274557941064993,-0.029373107757948103,-0.02858039050694905,-0.012839744425609645
2017-03-22,-0.0017317447394026297,0.0048330837249366265,0.025582080272264607,0.011179830815392755,0.008793693381101697,0.0023533352741920144
2017-03-23,0.02627015616937456,0.003935465445868314,0.008215131842097101,-0.0017157110390686459,0.01216118205400174,-0.0010671247926049565
2017-03-24,0.007727487477943384,0.001741981503728507,0.006370374891492947,0.0045828746861413805,0.006911136808971374,-0.0007263235484572528
2017-03-27,0.00023984165353874154,0.0021737135064308077,0.006477291909753324,0.005132050964868906,0.003167835620635273,-0.0010262675146877065
2017-03-28,0.020603695506788755,0.009327646439067694,0.03466425364895831,0.024773169480276636,0.014000279158563611,0.00727696359192298
2017-03-29,-0.015023620553307082,-0.012464830781658387,-0.012581275325486918,-0.013102064138637015,-0.021073631023256878,0.0009346584736795727
2017-03-30,0.013822830871229819,0.006963933323300919,0.013314249470174788,0.006544615475019722,-0.006786709974146654,0.0031842489444071642
2017-03-31,-0.005641780807204677,-0.00669975229516695,-0.0019779512865629734,-0.0013006032868071449,-0.015374849856163553,-0.0023276889712967597
2017-04-03,0.0035460728746747883,0.007832883407897562,0.010050949753783511,0.004464540638047465,0.0016266883991511438,-0.0017390632766681735
2017-04-04,-0.03651345988220045,-0.026122535479048192,-0.022284462114842585,-0.01722242823750375,-0.023276072932495673,0.0006370731280185282
2017-04-05,0.010024393837690937,-0.0006651971190722028,0.004300392964114774,0.005276109513439042,-0.0018844666363625473,-0.002972663453411073
2017-04-06,0.009924807355856435,0.003993083318116986,0.002283809130532166,0.0005623362628000006,-0.006884879945658784,0.0028114777725312123
2017-04-07,0.0021573929109000023,-0.0019886010095409024,0.009398974953595651,0.021731100877054654,-0.0029072498848125017,-0.001019305357224054
2017-04-10,0.012197966575353991,-0.004427593829457899,0.00902933711129017,-0.0058674300872884055,-0.0014579994921513073,0.0005948951976333383
2017-04-11,0.03804349495326864,0.007115693255695499,-0.011325469751294781,0.015492532443483809,-0.0022461974611768243,-0.001189607765277323
2017-04-12,0.0006829533603913696,-0.005299392686004656,-0.011030954453344899,0.008172842929579538,-0.0020261834734831563,-0.004381925846802859
2017-04-13,-0.013876344814387154,-0.022641251408085705,-0.01229802097237953,-0.02161787932426429,-0.026280004430204285,-0.006494923122779661
2017-04-17,0.020299880635437084,0.007267510777165365,0.024612667666908505,0.0075492326089954265,0.006718228251910263,0.008859892194414298
2017-04-18,-0.009495604983260186,0.001353192842468598,-0.04267340379141149,-0.005482261130302257,-0.004372333424770947,-0.002984195227348385
2017-04-19,0.013467124990121482,0.015086523859790146,0.022730640819591752,0.004226451243534157,0.007627673151791692,-0.0018385124916181494
2017-04-20,0.01846836632909743,0.01885529217272497,0.007360400194715178,0.023787645190861628,0.013533533150624555,0.008138907528470574
2017-04-21,-0.001547923973597709,-0.00870857026242311,-0.003438473963763178,-0.0057193358686282725,0.008373831755153605,-0.0031868054514906374
2017-04-24,0.02857137373550378,0.028113065751960598,0.020701588440874552,0.015459280228325323,0.017618698944736666,0.0109980462022774
2017-04-25,0.0036607291738937064,-0.001708861514135962,-0.00042251801826587165,0.010621271951432032,0.008160515339699526,0.005818532973335788
2017-04-26,-0.004505454248914242,-0.007703997566755549,0.005072574385789119,-0.002627261543316717,-0.03467501021869057,-0.0006286957414349814
2017-04-27,-0.05215524120297588,-0.01358634580883078,-0.008832256647135273,-0.0208992342584452,-0.037620422098132655,0.0008388129985748005
2017-04-28,-0.03092293603863605,-0.00655886068415068,-0.0069306631530443585,0.00843018601013057,0.0018838414084620947,-0.0021791598906811815
2017-05-01,-0.0126702702143201,-0.000880238440729042,0.0008545443580132428,0.001067258860537157,-0.007874062193151565,0.002520043340477285
2017-05-02,0.04253806156308659,0.053524318537404136,0.05222720896062505,0.036424990503884924,0.024520325789522568,0.00037696760458660883
2017-05-03,0.0011395429204639207,0.010035582661856779,0.003651563891688525,-0.002914343806542319,0.0012718042641945981,-0.0012145604802796806
2017-05-04,-0.00022770297738461398,0.006830811693110617,0.009432752813268497,0.0030948297350417153,-0.013510385766107635,0.0011742403058041528
2017-05-05,0.013664393244606776,0.0012336670938311034,0.005206239094681875,0.001028622809387869,-0.0022239925299625263,0.0039368830747943395
2017-05-08,0.009660820853851337,-0.003696178646972359,-0.004249663769658407,-0.01575344343791152,-0.02006102212776284,-0.00016670556463171948
2017-05-09,0.04761911439743116,0.021434545654912318,0.04761269051735906,0.013917784750607565,0.008140612661590163,-0.0009180272550520785
2017-05-10,0.004672895632473084,0.008272650324020026,0.0,0.0015442287462661408,-0.012112413440531822,0.0017956699825147915
2017-05-11,-0.016067632784266372,-0.005603171614939839,-0.015149616743135419,-0.004796819011056441,0.0055296666494102364,-0.002042516348368273
2017-05-12,-0.013135275342968433,-0.014087417458849338,-0.012280208644608881,-0.014977006246794766,-0.0007175890016009046,-0.001670978921846089
2017-05-15,0.018546949511949018,0.0106143225389006,0.01806042647923989,0.014155896009067748,0.015312714813905837,0.005523467409615623
2017-05-16,0.0055697158341927455,0.0,0.01632596256741925,0.0041359549184825095,-0.0016494793833676802,-0.0009155822316698758
2017-05-17,-0.043033764558258025,-0.031780371511928585,-0.036427995729237383,-0.021108790696710678,-0.029977487481394394,-0.017744079562798443
2017-05-18,-0.006010535893514413,-0.0016758118621882367,-0.002625320916789242,0.004383008859919935,0.010341915547326774,0.004028457753337378
2017-05-19,0.01276593085161859,0.011330339852327231,0.026322715341358105,0.013091272109098329,0.022117483006686145,0.006504181957044164
2017-05-22,0.02189285406041641,0.006016369306340197,0.012054305867481574,0.015162012635367095,0.008395442670182662,0.005077420182541648
2017-05-23,0.009738164302486974,0.002062299686411029,0.0013938242892008734,0.012220003222043418,0.005862991309743215,0.00221292077921853
2017-05-24,0.0023576361035970717,0.00576243275277033,-0.0011387617269481565,-0.001006057739702526,-0.01445544360806672,0.0023327528092653704
2017-05-25,0.02672638619062484,0.03130788978514221,0.03128960152410043,0.022490723363499,0.024130480455238246,0.004779368741756773
2017-05-26,0.014993869529844606,0.007936409717088422,-0.0019654054159420342,-0.004103854103179372,0.0004619929513234311,-0.00020658812523277614
2017-05-30,-0.01600358039973071,-0.03425209086504277,-0.024615384615384595,-0.019614424202254566,-0.009351339789432589,-0.0008692215996130015
2017-05-31,0.009382996383004327,0.001427131287083716,0.005299661437795811,0.010255794528227336,0.014450673621554166,-0.00024815808188483057
2017-06-01,0.013220467152130322,0.014654468916923236,0.016442892156346423,0.0034947615627529682,0.013555624761922846,0.007952090459815153
2017-06-02,0.009581944213180371,0.026880789177275544,0.012966107419571715,0.0009951882195162742,0.012240624714882964,0.0033284796327985866
2017-06-05,0.0044427064292926755,0.003907214554220939,-0.004388645808957703,0.012534168490593967,-0.00011199029513775383,-0.0007370558228927404
2017-06-06,0.0,-0.003113325391011057,-0.0052650950755045445,-0.014592467344538007,-0.0011200283836870772,-0.003196963354805793
2017-06-07,0.022517168134684074,0.020300518975830295,0.005169938569473453,-0.0023298423140655222,0.027915094909477967,0.0018501666753107937
2017-06-08,0.01120713544835894,0.010904802740248298,-0.01396040862011294,-0.013341940408522102,-0.012542386360217539,0.0004927852146479061
2017-06-09,-0.02255484242920336,0.003217401059115721,-0.02098851071123642,0.005070855989697698,-0.006737444563990391,-0.001518154055511367
2017-06-12,-0.015715170883787266,-0.014336820593076949,-0.01395405871584987,-0.007904345917171818,-0.009896448658618495,-0.00020533272199796393
2017-06-13,-0.0006063169119127076,-0.007272839781675922,-0.003216261278827015,0.0037294311802609226,-0.001460107398245869,0.004889850768644344
2017-06-14,-0.001213369510279949,0.000771067354033983,0.0010324496411240336,0.005404360044840795,0.0029243941373857663,-0.0012674456839394388
2017-06-15,-0.0056690842844077105,-0.006742499349560727,-0.0028365294949490583,0.009743283069607589,-0.008523087814045982,-0.0019242758449423691
2017-06-16,-0.006516052676481143,0.008533890035930414,-0.007240723882985134,0.002994342905359826,0.003732754008646033,0.00021834584172042426
2017-06-19,0.017831695475193587,0.00980755106525355,0.024094796868112667,0.010449266883783892,0.0228756007468649,0.008325213779542429
2017-06-20,-0.03282346353460741,-0.01428304194313823,-0.017169000652132338,-0.009684529517640539,-0.015203148063877236,-0.006744020083806923
2017-06-21,0.008328339553770103,0.009853356336903873,0.004011355635228142,0.011602605605743666,0.016109192437025355,-0.00024708085171798455
2017-06-22,0.011149915309856429,0.010330805939888776,-0.0018043484502662244,0.008028999470520715,0.0020916747455539397,-0.00045258766618760937
2017-06-23,-0.006942809128490213,0.00208305413048282,-0.008521575967987527,0.006502051736940961,0.006702003396374057,0.001194192571685626
2017-06-26,0.0030842497811540692,-0.0009447506485288359,0.003125379097645098,-0.0027455549734780593,-0.008294267217076712,0.0006581238142182588
2017-06-27,-0.005739816472838943,-0.0005675629886974232,-0.013371398099693343,-0.003886561664691146,-0.02145938785306878,-0.008056317513630784
2017-06-28,0.015463881183686468,0.018925146984084984,0.009210486161081333,0.008128676796705925,-0.005735377291527066,0.008950575992269894
2017-06-29,0.007512724043398311,0.0005571011761620337,-0.016427569191250324,-0.0032251985518025883,0.0078045341182875205,-0.00878897596179673
2017-06-30,0.014107134186530645,-0.0024132072807057092,-0.0025185900749913337,0.005338782463399472,0.00740751335825629,0.0018644698932595016
2017-07-03,0.0013910969482879842,0.005954602521576868,-0.0022591118796719822,-0.001126403018776645,0.005124648437506929,0.0016958909007107614
2017-07-05,0.01726526318154087,0.004994683984752557,0.0194459116790906,0.017560712420747304,0.011749090718579547,0.0023117471446012505
2017-07-06,0.01541166053570886,0.000736310428726572,0.015286100796321866,0.0031666782457775433,0.0013147032745284282,-0.009144376549759525
2017-07-07,0.018828050155074383,0.0200475112398264,0.015828122139038392,0.013888834566555097,0.027242818691258774,0.006484908518072263
2017-07-10,-0.006977140448581665,-0.011720187794145631,-0.008614140918991153,-0.017278990056493027,-0.010118295197969918,0.0010740113544558394
2017-07-11,-0.019939306813321123,-0.009669592515705872,-0.017122462697516383,-0.020909087340492682,-0.014740649601216682,-0.0007428377546727649
2017-07-12,0.042433747531996246,0.022107473564593638,0.046931886327176375,0.0043680507537220414,0.03341708819364775,0.007514799114717086
2017-07-13,0.0001857796660467148,-0.017664074599884394,-0.0044703913548812535,-0.0009664411201494305,-0.009405090119327997,0.0016801717643220027
2017-07-14,0.007619422705800849,0.011559784137016749,-0.003991514308755106,-0.0014512707230278643,-0.011841135540228698,0.004664367320883933
2017-07-17,-0.006455182656297853,-0.008887915367465804,-0.0008766399018392823,0.0033910129567176206,-0.005937569444492863,-0.0001224005259791161
2017-07-18,-0.013365468007707881,-0.012445327849636034,-0.011030299158720114,-0.009172669290493984,-0.014444272655322998,0.0005298475040249606
2017-07-19,-0.010159966675735266,-0.0031505414840822255,-0.05906214920136488,-0.002598847097299406,-0.00528917122451944,0.005413660367941109
2017-07-20,-0.005132050854780301,-0.01784720227704839,-0.029094774984751992,-0.01644684614381653,-0.012961019010662156,0.00044554014527831143
2017-07-21,-0.008215567232708887,-0.010789293142916545,-0.007075501155311303,-0.001986715287252472,-0.009539801013040305,-0.0008902571550066796
2017-07-24,-0.012136314321674724,-0.013968549248383866,-0.01592845318582392,-0.007796821080109262,-0.0140512195808562,-0.0002431365828109433
2017-07-25,-0.013065510813209169,-0.007568457839535636,-0.013488526822743374,-0.016552636267481935,0.0013793150758332207,0.0024308190353601322
2017-07-26,0.007903387151499519,-0.00019572593954464423,0.010938319949866493,0.01190090076674677,0.006771543022539017,4.023328207791721e-05
2017-07-27,-0.01979989829254758,-0.020535662123010612,-0.03060936206246523,-0.049563258590539894,0.0029638820721962222,-0.0009290888904767147
2017-07-28,0.009800078277369728,0.004991972632816255,-0.0030841400465136948,-0.00017673713342336583,-0.0188679400966143,-0.0011734139150469947
2017-07-31,-0.0009905730143778824,-0.019272753208064874,-0.002946331118658385,-0.0185643053886706,-0.012627438924394663,-0.000566846947982147
2017-08-01,0.012292089960746821,0.014384004347608892,0.0026595789651913115,0.003783122332860378,0.0032852697566663203,0.002228761402152557
2017-08-02,-0.011946695297496923,-0.001198350122466274,-0.006189186047269812,-0.00035917314722178073,0.001520383304874473,0.0004851241375452009
2017-08-03,0.0019819377227487944,0.011197878884293244,0.011120996038688213,0.007360939156422219,-0.007589999502702782,-0.0019397684822211048
2017-08-04,0.004945665556597589,0.0007910569949516333,0.010558750475508472,0.008376572644327007,0.010353991522668249,0.0018221162154836712
2017-08-07,-0.00433060932980045,0.0027661756594483666,-0.007546136189611974,-0.021385715399026006,0.0015141034523700192,0.001859108011344146
2017-08-08,-0.011467015536096858,-0.008670095186274485,-0.008773190224825589,-0.010113937283063423,-0.009883677797356105,-0.002460611621353914
2017-08-09,-0.012000066973608114,-0.012720806095798842,-0.01076859930778351,-0.002189182027956038,-0.00951268315126319,-4.054332025371643e-05
2017-08-10,-0.015212943254356404,-0.012683789500588682,-0.027139871176314778,-0.012433675760523677,-0.006521189634381308,-0.014115257048681662
2017-08-11,-0.004119389252957184,0.008972156524966746,0.009656727520562569,0.0024068011276145995,0.00811558760781872,0.0014766993295973752
2017-08-14,0.009513916071577144,0.011923927794931233,0.012752334945578925,0.010713133783206708,0.007339812051538885,0.009913162648475193
2017-08-15,-0.0059412485638487,-0.0029957481917336493,0.0037475641347772815,0.008771831194428037,-0.013867491803173038,-0.00012170035549463609
2017-08-16,-0.0022672747117058467,0.004206870524877004,-0.0005973852460314788,0.0019924363120491506,-0.0011920699519452072,0.0017444653784088882
2017-08-17,-0.04916345341804329,-0.051865101069580866,-0.03317395818061053,-0.03905230550555805,-0.04522115945778227,-0.015590944975042431
2017-08-18,-0.010428030365649987,0.0,0.0007728447313191111,0.00037637975093018916,-0.015930926237528453,-0.001563030606713256
2017-08-21,0.0035126113347354604,0.012387415133962687,0.0015443779787041034,0.006958637751134145,-0.005990824571661113,0.0007830280886100827
2017-08-22,-0.006562910310610848,-0.01380464216276256,-0.0023130536531741352,0.0002809069239646522,-0.011156716071849981,0.010456611865783616
2017-08-23,-0.03171113371140355,-0.020572817496739337,-0.028902553406353837,-0.032004423679835026,-0.02853068474226972,-0.0035856141101823225
2017-08-24,-0.023879927032465997,-0.021004857176374236,-0.021486586813230013,-0.01952839175400134,-0.01855575393786013,-0.002330382009066101
2017-08-25,0.05428694803844736,0.032515122890092174,0.030579067698653484,0.03884858305094774,0.02733954961640994,0.0023358253744951707
2017-08-28,-0.006629800251294893,0.005784061696658016,-0.0033143794578553987,-0.017653717300524785,-0.01615250709048044,4.1134523171448834e-05
2017-08-29,-0.008676270938262065,-0.007028933582602814,-0.00411721504272522,-0.005604087891142195,0.0009421025431901597,0.0011449714790834342
2017-08-30,-0.005386021220854964,0.004504867039685001,-0.01383366100060679,0.0011659836931265932,-0.0033613461719838034,0.004737557172345586
2017-08-31,0.009476467559896395,0.007687288476008192,-0.0009674519969066209,0.012034300694191646,0.007149701897019023,0.006015842997323828
2017-09-01,0.012740326048333417,0.006992827692648307,0.007585558871012088,0.0009588990475268844,0.006563156686997473,0.0014144347825963965
2017-09-05,-0.030677549369599322,-0.03535309490289129,-0.021303889549147192,-0.020118896080480453,-0.027944166415203475,-0.007182042647818854
2017-09-06,0.008879833822281302,0.03381260730460389,-0.012602236698787128,0.010363803373137248,0.008624291328561018,0.0034139713538350325
2017-09-07,-0.010606998673405976,-0.00569722811464024,-0.029007126585220755,0.010450954982710092,-0.007057474739344594,-0.00012223394154264877
2017-09-08,-0.005474745622060073,0.00700357515342187,-0.003414147434072423,0.01264092222201274,0.01558232095367762,-0.0011740586586985735
2017-09-11,0.05183496864987314,0.02887231710380167,0.03562860531521017,0.013807563259973232,0.0173616976910842,0.010665883278204502
2017-09-12,0.009376431830927734,0.004506436600779873,0.012901134730491037,0.006529937395818752,0.009657597834391574,0.0033704664907943105
2017-09-13,0.015338026340630417,-0.0012234910277324484,0.006858232485858817,0.013160351377794699,-0.0014414269473977948,0.00047996807327632673
2017-09-14,-0.01723402944886321,-0.01449554038988965,-0.00664936504097835,-0.005671333131767042,0.01679582844211991,-0.00031987199505945085
2017-09-15,-0.0041133186247531706,-0.0004143359541421976,-0.023673481843909494,0.006807821186636698,-0.02851977967324304,0.0013460965516620682
2017-09-18,-0.015000100192241184,-0.006010536394282839,-0.028260846961041808,-0.011513135985393497,-0.0293570358680596,0.00212695299314003
2017-09-19,-0.020525225117131507,-0.001250954631951573,-0.009808977608626646,-0.010168572553262867,-0.011358952488328522,0.0010012308311377893
2017-09-20,0.023434028220918224,0.0029227554838850978,0.00903719933072411,0.013261291811157871,0.01052036284662039,0.0003599903219841938
2017-09-21,0.019154482798047878,0.002497830425019165,0.008095029192025871,0.007004471219939745,-0.0012328854583362192,-0.002679359438038764
2017-09-22,0.01663431453995079,0.006436789537965115,0.004613026881852278,0.005491705909671962,0.025236466156298043,0.0002006232068512137
2017-09-25,0.013599527775999709,-0.003094698020358777,0.01088434350259404,0.003458879784526969,0.0005353598171606855,-0.0020444894977939
2017-09-26,-0.002515611767227921,0.0037251658879293714,0.004037713391853215,0.0108853070086401,0.0022729873371343245,0.0006024202500225506
2017-09-27,-0.015342696084100993,-0.01608221485042116,0.02077744399176873,0.002871496569542664,0.0018675448554879015,0.003894226679019175
2017-09-28,0.013660822916244486,0.0123635215465141,0.003939620579127778,0.0051898236311280765,0.010253045487924828,0.0011997935346268473
2017-09-29,0.0,-0.0018627939588089504,-0.004578135709539577,-0.003382901462000487,0.00527202521031267,0.003514958233397758
2017-10-02,0.005053470531842574,-0.0031109170175869227,-0.007391602415314891,0.00017886822331014685,0.009964695069984542,0.004338689534130191
2017-10-03,0.05824445020247748,0.0661537073142795,0.061393332214742635,0.04500780438589591,0.040503815661503184,0.0021403793637906343
2017-10-04,0.0043555089962883375,0.006048779990229125,0.005145023919472358,-0.0022216076588711386,0.008608852161065883,0.0011861838085391874
2017-10-05,-0.0033510286823004165,0.0023273853799086197,-0.0023266871884397577,-0.001541662790726539,-0.01348347488046242,0.00592527235447271
2017-10-06,0.014636072205419293,0.006385203667301109,0.014458960037131652,0.0025732590499913943,0.01015661038167237,-0.0011388346526783888
2017-10-09,-0.01364528065984738,-0.005191229146689125,-0.00842916554418105,-0.013346850793556353,-0.0018618134432007993,-0.0016510330185313116
2017-10-10,0.04802375529245717,0.018554311523429234,0.046677038870293064,0.006069997142687189,0.0033578150697342046,0.0026381104005417377
2017-10-11,-0.0037713073093627036,0.0070207934297348285,-0.004725335042173429,0.00930875473094539,0.010411343225724679,0.001571195391526059
2017-10-12,-0.003407225983032669,0.0007538010591185973,-0.011275995831226515,0.0044406155939329395,-0.013738883536307589,-0.0014902255752411442
2017-10-13,0.0009496502117993799,0.016004599573048672,0.013955586940179954,0.005271345721085119,0.006965234893399064,0.0012174777833973138
2017-10-16,-0.008159451796066364,-0.00630104180599711,-0.009175710365283973,-0.004059569969521726,-0.006052535640123757,0.0013334446136032962
2017-10-17,-0.0038262918002811563,-0.01603879275675435,0.008364528954664552,-0.0025477633226911323,0.0006213318751040475,0.0007051823270975976
2017-10-18,-0.000768137444851047,0.0018953754357584618,0.007109994257894714,0.0017028231401043925,-0.0011175432331949064,0.0009784903758300878
2017-10-19,-0.009994367788181191,-0.011161479969798327,-0.12075304224781558,-0.003399494637012279,-0.019893004253373703,0.000273673958809173
2017-10-20,0.008153775933015917,0.01913143294432751,0.002007406307000359,0.012621478797974595,0.010909503850554003,0.00516061413500557
2017-10-23,-0.01829382651240341,-0.018584648317094055,-0.013355643261748207,-0.010274736569195086,-0.011921155263313943,-0.0038894716826444187
2017-10-24,0.019027045925245734,0.017215078202521328,0.013705607346939264,0.0006808250220933232,0.008254881495857624,0.0017570725598186065
2017-10-25,-0.017901638839253553,-0.01767581797668294,0.00016688902618366974,-0.027891137180007908,-0.13188068635348038,-0.004950109080529397
2017-10-26,-0.04723640103640436,-0.02507681178320842,0.0005007108630001866,-0.03586425250889358,-0.05136376689777089,0.0012925947575492813
2017-10-27,-0.0216005811733061,-0.0072647096049009985,0.00500415735183779,-0.01814559933925719,0.01835432614071575,0.008176184316556423
2017-10-30,-0.006517930308264641,-0.004548884245929918,-0.02008297235639267,0.011458195143424943,-0.0018024361492364749,-0.0037251133186358976
2017-10-31,-0.009100593825223768,-0.005960742911225836,-0.009485117964212919,-0.01589615286090018,-0.006470089724719852,0.0015581608367636335
2017-11-01,0.02178542974454012,0.006396330835562791,0.0027359755243594464,0.002413646851262108,-0.0037862321662580634,0.0013219686197707414
2017-11-02,-0.010033409442275154,-0.0001989446222238067,-0.006309668071894259,0.0,-0.032380448494554015,0.0003885564000096764
2017-11-03,0.0019001706037320432,0.0011920628079922224,0.023682873816270433,0.002778204563588682,0.0,0.0033385780846257873
2017-11-06,0.0012645983069361488,0.003373015873015861,0.004526347630507077,0.00701893925496111,0.00455608617451686,0.0015478439518601395
2017-11-07,-0.022100620685214012,-0.013051132769396845,-0.020193576793194223,-0.011922296900822027,-0.027212911425606,-0.0006955511855077923
2017-11-08,-0.0019371487466829374,0.0030053250145940513,0.003576887885324398,0.0025989148873573065,-0.0019292954276660668,0.001700984417885909
2017-11-09,-0.012939418698516114,-0.017379229241941685,-0.008995227355187208,-0.01018339872708307,0.0048323354851369515,-0.003627517596187624
2017-11-10,0.0032844806191134612,-0.0060986296809862894,0.002226426947664617,0.0005613409286588933,0.0006411999604780672,-0.00031039166529023277
2017-11-13,-0.0017459427757858803,-0.0006137948274808069,-0.012132588498270591,-0.004487251720094565,-0.01121429177872435,0.0009303134067746299
2017-11-14,0.0015303718705241831,0.000818838214394324,-0.010551817952963893,0.009389831838125362,-0.0006480565821423978,-0.0023226074336962776
2017-11-15,0.030124343558640687,0.008793455274603179,0.005069946008029458,0.016372113281259537,0.04474705104265042,-0.005005248115372507
2017-11-16,0.010383688391481183,0.029066897004438097,0.0206992275520268,0.01171531675722104,0.022191274055095356,0.008500673032963313
2017-11-17,-0.006082310038319272,-0.012487635151705478,-0.008179951256646278,-0.01013218094627999,0.008045896242792283,-0.0029384238092037274
2017-11-20,0.006330378358414324,-0.0006025654233411393,0.009621951052453337,-0.001096563674555684,0.0,0.0017060565277731143
2017-11-21,0.020130109887368297,0.01767443700004878,0.016167474303540263,0.014272614797193883,0.001361785132392379,0.006543083284699103
2017-11-22,0.00020554753075474608,-0.005131350653154287,-0.0003349599408866144,-0.006133710112523949,-0.009215760577310217,-0.0008846090787164584
2017-11-24,-0.0020550528964985437,-0.0059508096984284276,-0.004355810479393485,0.0009075511833256389,-0.002744860225593948,0.002309619637752558
2017-11-27,-0.0028832405647679638,-0.010377388306830326,-0.00572101885986831,-0.009793345732269865,-0.0006114575575187908,-0.0004990788378830269
2017-11-28,0.016522400330373666,0.019963791601300684,0.018615645139288706,0.028754681533903703,0.02952849674220137,0.010144858166467152
2017-11-29,0.0006094218817602748,0.030051312857338974,0.03156673150405731,0.04824639622376603,0.027047085693308492,-0.0006088865941740185
2017-11-30,0.025177619261769202,0.015738635870161444,0.01980994587233975,0.030400639981466693,0.0008683546762380256,0.008755301162556739
2017-12-01,-0.02951085010162524,-0.01625046691738885,-0.011844598920004445,-0.012361779860788014,-0.03267319152489312,-0.0020755935029954653
2017-12-04,0.018979778971280226,0.01632704272735519,0.00031964931854266965,0.03521350900249676,0.02047515099722208,-0.0012100553099252398
2017-12-05,-0.009212950116247565,-0.009827902818504097,-0.006231017553884999,-0.004997708198327788,-0.0026361449791870717,-0.0035966005709190396
2017-12-06,0.002829965961292924,-0.0017179800099486053,-0.00016080604674895138,-0.0077116437270048355,-0.00396449271114796,0.00019010380902595436
2017-12-07,0.025599625355942512,0.021223869314568544,0.021546875416916134,0.031086510193919725,0.02270371005030003,0.0031529732218933404
2017-12-08,0.0027516952710564535,0.0009360926349677445,0.00031481911141151286,0.00491888786381578,0.005333706341832611,0.005452827688488426
2017-12-11,0.00548798159646724,0.017022159701990836,0.010857570967626406,-0.0001577887806736289,-0.0002867602560379101,0.003013241457849425
2017-12-12,-0.016179307131034992,-0.013794542090079354,-0.013698587837504772,0.0017370926178199575,0.001147255307274886,0.0017648200638584743
2017-12-13,-0.0075292951324408275,0.0001866728552351038,-0.00520836218238252,-0.004571879797165668,-0.011174840695458377,-0.00011276312213714945
2017-12-14,0.002395817079342555,0.030206843201177058,0.0015865824330494327,0.011244799333365973,0.005360870720193089,-0.004085995703253631
2017-12-15,0.016928783913633172,0.015384589717985397,0.00997936389606946,0.01331254434355622,0.02075226559284693,0.008327437959160244
2017-12-18,0.008421446703455127,-0.0005346644653736465,0.012547039807408122,0.015456072895603246,0.0385430108753424,0.006341420912367335
2017-12-19,-0.000971051417989699,-0.005707209546882197,-0.0020135882641566516,0.003348460999047509,-0.005029788654701162,-0.0038403292966207037
2017-12-20,0.009331306815121065,0.008430449934128337,0.022815477475405688,0.0025786302167603026,0.007924376811806466,-0.0005242836898460279
2017-12-21,0.016756509828723898,-0.0033796264174715818,0.020940777260468613,-0.0009077109861608257,0.012471337145866235,0.002059636577604218
2017-12-22,-0.0037886277703057525,0.0,-0.00044587960524911097,-0.0009085356739734207,-0.005489095655666354,-0.0002611881377584391
2017-12-26,0.0049439245492410855,0.007139012508638576,0.0014869661579344218,0.00015166778461472852,0.007538642529570483,-0.0011964775285732143
2017-12-27,-0.008514568298612635,-0.005493349354952604,-0.003414932928728076,-0.00030328956997227596,-0.006280072149108196,0.0004864500123173965
2017-12-28,0.0011449504763543228,0.0040982550947663565,0.0062574218080868604,-0.0013644431883804709,0.0026892919133760795,0.0020575972483878324
2017-12-29,-0.008196703577174058,-0.006210994934708891,-0.002072836656066057,-0.006376165956366808,-0.014214632617286282,-0.0037706366472635144
2018-01-02,0.01845091119441644,0.013214058135212037,0.022848677754644386,0.012834229673557518,0.02040510738172796,0.007157340010417013
2018-01-03,-0.01226640061250761,-0.018505503210716978,-0.006527481312742722,-0.020817439741253163,-0.004665733022384044,0.0063253467843631395
2018-01-04,0.006304782868075787,0.0,0.01124257988724886,-0.0032354624722923386,-0.010849419583535025,0.004214875969327014
2018-01-05,-0.0003796442327069771,0.005027969022817658,0.001443812749592599,-0.005873218279814907,-0.0014892978852489858,0.006663893244092334
2018-01-08,-0.009876580286669268,-0.02304808731462149,-0.012254879853536793,-0.004975227041361663,-0.01342573397303004,0.0018286143500902963
2018-01-09,-0.0009591298083655442,-0.009327023726615091,-0.0004378744469635265,-0.025312459952110067,-0.02006870633419089,0.0022633531650109173
2018-01-10,0.03264209688582875,0.03119793222431766,0.06717287162129426,0.009297942023401395,0.010660754236552217,-0.001529995334739298
2018-01-11,0.049088909096135724,0.047619179770937325,0.046113779867961835,0.029860168403860632,0.03830672044941785,0.0072960349637500865
2018-01-12,0.036334707851764625,0.02238557041192135,0.02550692812920463,0.008019709816619258,-0.01724381289914456,0.006519108765788761
2018-01-16,-0.00838040451146993,-0.008022847671846911,-0.011607189341813928,0.0016829400116531446,-0.030468040546583697,-0.003418149375053914
2018-01-17,0.0031045510959928357,0.006234345219030546,-0.011743399894198592,0.009164368048142357,-0.006453217372489384,0.009531929869083688
2018-01-18,0.0030948753937487528,-0.004521207912632996,-0.0036562911021416067,-0.015286637163247074,-0.01454395820127019,-0.0016811526347972894
2018-01-19,-0.004799464163484313,0.009419794634945688,0.00262119187736487,-0.0001535930273866004,-0.013039162993893072,0.004549589007114108
2018-01-22,0.0006889346710619026,0.0019996608235648416,0.00483663721022265,-0.00245963165755414,-0.004790736971688858,0.00813099745437973
2018-01-23,0.003270119378488756,-0.0033261169335480067,0.014309853451514254,0.005702025272158462,0.013420778581834547,0.0021224297664503844
2018-01-24,-0.060044468431428966,-0.052227601898372056,-0.11440295022820668,-0.04673619422346331,-0.06880662425234596,-0.00038781763036987993
2018-01-25,-0.031757759337735725,-0.03503523698105304,-0.04301232569789892,-0.03247068203941339,-0.040500920544322194,0.0004230147262769268
2018-01-26,0.00037699859979323236,0.008210022844689302,0.00726385766099491,0.010466770038857431,0.03979369706089586,0.011578168589418514
2018-01-29,-0.007348702245511762,0.009048376412337467,-0.01171873208994978,-0.007563352951947988,0.014564567672516127,-0.006629898120393718
2018-01-30,-0.00170848324785966,0.0064562216282184615,0.018698743991474753,-0.008780637561947469,-0.019547870139153156,-0.010257177661562977
2018-01-31,0.03289599026441814,0.011582307668359881,0.012087711278490065,0.016212671479153506,0.02383180239726035,0.0004969504723095763
2018-02-01,-0.008100128280911889,-0.006165412756962918,-0.009879064759070522,-0.008059394364714034,-0.025102657062521683,-0.001135340210853708
2018-02-02,-0.0330363683711794,-0.03190341718574241,-0.021891305842139164,-0.02652958529254057,0.007490509998332229,-0.021770174808661946
2018-02-05,-0.04307691729831653,-0.03844737995347969,-0.03471374495589341,-0.02929649996963979,-0.028190620229949892,-0.041822205886296704
2018-02-06,0.028536992416476004,0.011043179118340518,0.008675066621820937,0.020179155290062978,0.007172232195343575,0.019702491281876622
2018-02-07,0.004298498258061834,0.014124313399788146,0.02204847272229027,-0.004300072459319626,0.016458467245896946,-0.00542494334715149
2018-02-08,-0.05447472177410373,-0.04865364707841202,-0.03044678182196381,-0.039039374024945284,-0.002958232595357879,-0.03750908428816846
2018-02-09,-0.004938222386227653,-0.015030478791202229,-0.006154322174877103,-0.002337088591119918,0.01061840339215303,0.015021688549514467
2018-02-12,0.03577328408891822,0.03151033597009256,0.018418543281096378,0.023603613934028767,0.01993222702907005,0.01468425736053991
2018-02-13,0.015572010684135718,0.002305468962621182,0.024321758238830204,0.006161071005113428,0.013331085743861992,0.0024873976133874542
2018-02-14,0.003931602298987924,0.000575182043269562,-0.0003043629223020705,0.009972008566743407,-0.0019433593855109343,0.01349616172210788
2018-02-15,0.011748463031485246,0.01436767309271647,0.016138817808595718,0.007794717418926345,-0.008837694395306572,0.012760178860031557
2018-02-16,-0.0017416358085825534,-0.0018884500933187276,-0.003296392384551705,0.0015469736874815787,-0.013363772483231728,0.0002929606371544491
2018-02-20,0.002714291372665878,-0.0071900206841424286,0.0010523105585802384,-0.009267067502719661,-0.008927174366804347,-0.006261042867342637
2018-02-21,0.020494903974109357,0.013150271062392749,0.0061571359762349065,0.00519638002767886,0.004659200999356683,-0.004974122013349347
2018-02-22,0.0037892513686244023,-0.005770491348479512,-0.004477657488922593,-0.012234920023789786,-0.008038491330916275,0.0012959909110721313
2018-02-23,0.007738796485091903,0.017316505988806075,0.013043520035797451,0.01168883900598039,0.012622804675683552,0.015939352388161465
2018-02-26,0.03015540772101355,0.02300792731120116,0.025011135844887455,0.026038755640429567,0.018005596925213307,0.01161208724566598
2018-02-27,-0.013454494213718693,-0.019564694963131735,-0.020213708961850485,-0.017142819964606315,-0.01904774283038002,-0.012486750871094854
2018-02-28,-0.00018422998525513545,0.005221867609721764,-0.001031531007878339,-0.010943848362623743,-0.006010149534213416,-0.010129684715550313
2018-03-01,-0.014193651239860827,-0.01020391759579331,-0.003687859516501857,0.002939148044229567,0.0023257818858692936,-0.014540731451385902
2018-03-02,-0.005609408110151093,-0.0016871470193202676,-0.00044416314613904273,-0.0034478260018264706,-0.019644405035275203,0.005154675320121926
2018-03-05,0.00018797137458204105,0.009951412646790558,-0.004443831169675061,0.009860109380816828,0.003786645585296844,0.011558501555292588
2018-03-06,0.007144066824447792,0.0009294130138421952,0.004612372605512727,-8.598454784802811e-05,0.010688554264469685,0.0025345662875737585
2018-03-07,0.01008049667447164,-0.005757845671135575,0.0042950374695720495,-0.011673770475555845,-0.0046656602822374715,-0.00036624285468156437
2018-03-08,0.012566913444774563,0.020736130290695653,0.03037907774894477,0.013896080128440902,0.012500102619419806,0.004838980477838595
2018-03-09,0.023361739065338005,0.026537348582833964,0.024044657780666334,0.022785669014583787,0.0,0.017402614647068493
2018-03-12,0.007669089172433807,0.0012480159042560501,0.0062892652557493545,0.0010049916100194345,0.015123390529929281,-0.0012555625409444993
2018-03-13,-0.004778799632790376,0.007656488477140622,0.008333312140570648,0.009538118983802413,0.045758564629683196,-0.00646249707322355
2018-03-14,-0.016894860591383343,-0.0077751300075468155,-0.025619843656258134,-0.011768613044698895,-0.04535555253639756,-0.005131431656681729
2018-03-15,-0.0019899146096266085,0.0033837887067664774,-0.008481742892847755,0.005367337674062611,0.003806918532561543,-0.0010902696417578461
2018-03-16,0.004168955748771186,0.00621231677070444,0.010550297550740328,0.016016120296287628,0.008950322473788352,0.0010846968625575215
2018-03-19,-0.01407938750874338,-0.012877001408594269,-0.01058126451837349,-0.004926083308606,-0.021199839443848956,-0.013530003673189905
2018-03-20,0.01281574950804254,0.009649629858192732,0.004990818725557178,0.0014851689398931445,0.0013824976084033658,0.001700630747636822
2018-03-21,-0.022234140210145692,-0.009734430279100703,-0.007661760638582926,-0.04794859683686503,-0.015032977886580978,-0.0019193216590784878
2018-03-22,-0.032908060813496065,-0.022877583470553575,-0.021304052633002835,-0.013499543804770364,-0.02164765448357031,-0.02499711452096598
2018-03-23,-0.024852028144149885,-0.014084599338479054,-0.015485721049706691,-0.00491243952448317,-0.01496340062886603,-0.02131491805931851
2018-03-26,0.016663469457849134,0.02152145777361736,0.01617456562037889,0.015338594356966606,0.004524830703186433,0.027359169086187185
2018-03-27,-0.01851126642558254,-0.014529650760437995,-0.004380885470961937,-0.01562756141197119,-0.010778621490352469,-0.01701154472126576
2018-03-28,-0.0009825705205206425,-0.006081868220200182,-0.003960056348751739,-0.007761824451443022,0.001300989964161614,-0.0029549280144008927
2018-03-29,0.021829019140290562,0.016317401994862424,0.0229715428430195,0.01831120882066517,0.00633436024849221,0.012777520710053336
2018-04-02,-0.041955394370242094,-0.05218022661484856,-0.038865762634132106,-0.0513265183540742,-0.06794709808023935,-0.021584663379075053
2018-04-03,0.03394943826573016,0.03407148454812381,0.0362439107384791,0.02999627688885398,0.0408657468003526,0.012817184572339269
2018-04-04,0.011074434220401663,0.0026058403579254374,0.0115622979351786,0.006968012700389048,0.018466267272415182,0.01069923851423149
2018-04-05,0.001921566978983602,0.006498442446631891,0.010001494484958018,0.008871443826616643,0.014537718610140526,0.007891894639955321
2018-04-06,-0.03548144717913915,-0.021398154130644498,-0.029141393646092806,-0.02761152712760684,-0.021574787133120554,-0.022285840565341664
2018-04-09,-0.009345772614137271,-0.009236492851249056,-0.0016028065678829195,-0.007958130715295053,-0.015797111587421697,0.004928258403191554
2018-04-10,-0.04737050590765046,-0.0038053648566831466,-0.013572684628405995,-0.013126889134066122,0.0006686335464902715,0.01590046827534053
2018-04-11,-0.04340496379846848,-0.01699761654982257,-0.04024254680694184,-0.011638495667383508,-0.013199598436175575,-0.005242249691097545
2018-04-12,0.02577090377002933,0.029337313629979933,0.01896093225622475,0.026915702139402642,0.0204876846835802,0.008227010272293223
2018-04-13,-0.015031223443799813,-0.0011325674795247265,0.006656618026678496,0.0023663965660940534,0.06105852869955308,-0.002933004717024068
2018-04-16,0.011554739750311072,0.02607709215071452,0.01157193616579466,-0.0032686121810610036,0.01970289798513236,0.008221880901587042
2018-04-17,-0.014008849032276505,0.004604186844906488,0.00044568088523200267,-0.0112952243987674,-0.0033735954339478846,0.010698114407391657
2018-04-18,0.04393430657931496,0.01209891797487428,0.04811413230417694,0.02856069917074655,0.015079115671311039,0.0007404793746990102
2018-04-19,-0.018425469130724403,-0.0025355903168140514,-0.004958890125263404,-0.018272944566554705,-0.00682132726236917,-0.005547533282190487
2018-04-20,-0.002133070822050942,0.00599226050114976,0.021643123599770497,-0.0005471946051445187,-0.001984119872430745,-0.008479390166353906
2018-04-23,-0.002137547034927967,-0.014260164441739165,-0.019790915246624574,0.003833931929049017,0.05688950458420505,-0.00015025328132001192
2018-04-24,-0.021208117852240527,-0.014648848259516734,-0.019621851939198298,-0.02000720049518656,-0.05570829106341202,-0.013467288828645785
2018-04-25,-0.009630160721549874,0.015610283733678898,-0.006381360862742325,-0.0009280096458168519,0.01731536567008507,0.002471862567864358
2018-04-26,-0.06364662880900296,-0.027813468450394008,-0.027587203776321845,-0.009845850205390305,-0.00738065786084674,0.010165725844474505
2018-04-27,0.024309743424453023,0.006964160459601132,0.018612996287112216,0.0043151858511727426,0.001820831970296588,0.0009386132381064005
2018-04-30,-0.01082937771581638,-0.023925091305774804,-0.004715586382936232,-0.013076687128240505,-0.01650999733876979,-0.007690463269621084
2018-05-01,0.01001625775387116,0.009957665264336946,0.012437019936396121,0.002081973560840167,0.007854602557527457,0.0017768419035462113
2018-05-02,-0.025830299524951084,-0.007205147012012469,-0.006727100072377756,-0.013789004109751368,-0.031326346808955075,-0.006717470774680434
2018-05-03,-0.0030776284828278877,-0.010886156878725628,-0.00588930413225186,0.0005744207395725898,-0.007414550354153504,-0.0022035448776757116
2018-05-04,0.017810526741532495,0.010619879887493466,0.01184838701913593,0.010337050311658658,-0.0019071330521207575,0.01294658165604079
2018-05-07,-0.0074836539443942085,-0.00840678572605369,-0.011709646594427858,-0.014778233602688928,-0.01831201057211762,0.0033829249233270353
2018-05-08,0.013195188195782803,0.009055966137207383,0.0029621532520804905,0.0063460229029237425,-0.00032456474782638356,0.0
2018-05-09,-0.034883956997854515,-0.014320879788004226,-0.028352010253040794,-0.014714281716293076,-0.02012005367293812,0.009665943036992752
2018-05-10,0.013012315980573508,0.014517971861120138,0.0033433674940037683,0.007369945373141951,0.0028150761266845237,0.009350636703672421
2018-05-11,0.013320550242709617,0.016135226534943703,0.013632256462306591,0.010011654382979795,-0.0004953797312067243,0.003051325735036192
2018-05-14,-0.0032863842893211537,-0.015312094668968101,-0.004184082291664004,-0.004956126438716235,-0.00793000406258837,0.00047636220683866526
2018-05-15,0.01719266796910679,0.005375524299847001,0.02085833436943818,-0.009578603416071418,-0.021648614499542695,-0.006886777184870407
2018-05-16,0.020143476305529262,0.021195137201031944,0.025135956418582905,0.025338357526350386,0.005957508678435364,0.004204909199082563
2018-05-17,-0.009759335359665777,-0.007105436384384323,-0.0035847434421829583,-0.010186738997505107,-0.00846031460702612,-0.0008445951316676803
2018-05-18,-0.0057300711227693535,-0.0028248616210082567,-0.01539789505997513,-0.005336232223143944,-0.006655198253301631,-0.0025002233876566526
2018-05-21,0.020746833168628243,0.019452536622444283,0.024115778574045788,0.0005749662352725338,0.000863705542259785,0.007518322069918648
2018-05-22,-0.03161697925872298,-0.008522003700782821,-0.0011417415641946649,-0.02623555240802411,0.004142222618179314,-0.0027802918445194447
2018-05-23,-0.0018657233590690936,-0.002241876447646396,-0.006429446520602511,-0.010422522418887414,0.004125067350086553,0.0027514655897882268
2018-05-24,0.017757229328434487,0.01872653018556547,0.013373602141672158,0.01768694421707373,0.024820293418827744,-0.0020486908263994685
2018-05-25,0.030991784337885298,0.027022190081071873,0.017170413842949817,0.032220265399534265,0.033405721951669465,-0.0023826926667234183
2018-05-29,-0.02939223188192497,-0.029353939527896,-0.03013397953282948,-0.02591758487792628,-0.021011827154405305,-0.011500969264996552
2018-05-30,-0.00665290702586574,0.0014751689690060132,0.0040277103310149,-0.003107322881111818,-0.00478791918473942,0.013344511460583464
2018-05-31,0.005542788322333347,-0.004787199040592993,-0.003008692044203287,-0.004870558267118352,0.008792380436037472,-0.006125643318919849
2018-06-01,0.010564930931244776,0.006845319454881427,-0.004885707081227486,-0.00234950987056759,0.0008221667080678952,0.009817784184841472
2018-06-04,0.019545463241739114,0.014149177758200793,0.010541564721062713,0.013540331445322629,0.015773998961135405,0.004751386920559986
2018-06-05,-0.015158254564990425,-0.009422111118347787,-0.009431317954402219,-0.011458709508486042,-0.009382086630622566,0.000727792275477146
2018-06-06,0.00022626480038634433,-0.009145642412486832,0.015002898443535306,-0.0029469563650756925,0.012573434235212622,0.008360472234500316
2018-06-07,-0.007920298725442865,-0.013106990091475756,-0.01165434462352144,-0.0021673442952991895,0.002580275815014854,-0.00010871230524067688
2018-06-08,-0.016651475731291776,0.011784493396997942,0.006471051802096062,-0.0031597204377362687,0.002573571454222323,0.002956771924560009
2018-06-11,0.024356248395366986,0.014790410299963197,0.030861604915514818,0.009904974149018475,0.008663626581537631,0.0013297798691278562
2018-06-12,-0.016983636777299194,-0.006194423072773625,0.003326373647871028,-0.00019623292549419968,-0.009384503338853767,0.0012927766956647435
2018-06-13,-0.011287674735413367,0.0018333343455261275,0.0015195553429896425,0.007455325830517223,-0.010276104034779965,-0.003190777313547888
2018-06-14,0.003727968700172335,0.004574796902598877,0.007172367490571041,0.011489788484581709,0.013951942019291064,0.002517630543166005
2018-06-15,-0.007195931544928813,0.005099778287235068,0.011914582122411588,0.0046211589096447625,0.008639934556045725,-0.0012759014737988572
2018-06-18,-0.007715809769574533,-0.006886455474327202,0.008120158060322735,0.0036408152805080807,-0.004282962760069897,-0.002056624811958563
2018-06-19,-0.021913344070595198,-0.01861303606239839,-0.020002656819704923,-0.012602367621565858,-0.004779282113168581,-0.0038330772443895267
2018-06-20,0.012527167200676814,0.0011155187547216006,0.014657530066085167,0.005608043069823099,0.011685614001825773,0.0017062804269003529
2018-06-21,-0.012847857129610785,-0.00204303118080007,0.004725239308264184,0.022115259179711133,0.013449343501520605,-0.006269185673448141
2018-06-22,-0.003374493861145189,-0.018797571398138646,-0.019887070195557355,-0.023329951084787748,-0.01779863821147376,0.001823216499041047
2018-06-25,-0.04038683460199677,-0.026745263362950467,-0.022072944289313612,-0.01213637762474351,-0.01859800353012586,-0.013612792583706845
2018-06-26,-0.014869165545281837,-0.004677439479800594,-0.004346070097159482,-0.0021452735405315115,-0.017978576995194895,0.002214182418054822
2018-06-27,-0.021233044356476882,-0.023105370410929083,-0.020416741999152888,-0.015634141004246982,-0.010226112872515514,-0.008284221240752454
2018-06-28,-0.0015680573456315905,-0.0018039536574905313,-0.0018685820610638837,0.006551337122538303,0.005332607727700056,0.00571752040127449
2018-06-29,-0.006282692173690929,-0.005220904506633928,0.004176280318711756,0.0035506988716891286,0.0009944496246896417,0.001439417753769101
2018-07-02,0.01053749347938826,0.0076703751570792456,0.01706575010358713,0.01297141878089847,0.013081693082613421,0.002137822088426944
2018-07-03,-0.015902114264030764,-0.022836379829259568,-0.010716222877297343,-0.00038811948759687187,0.008009023172476981,-0.0035308391671918793
2018-07-05,0.0063577917947073015,0.009840073131158533,0.010832304264065673,0.006599443164539087,0.007621364520415064,0.008157714931349425
2018-07-06,0.0026322414337514033,0.006496182439879261,0.0005640287163015678,0.01696878225506837,0.003218469503499577,0.008458273629487145
2018-07-09,0.032029364744401434,0.01875746289350788,0.011696756507375783,0.009859656817280404,0.018447257704406805,0.00900443883167057
2018-07-10,-0.004833409803911448,0.0017818107076386092,-0.006825433312726892,-0.004881497917554878,-0.009450353456923466,0.0035985943980947344
2018-07-11,-0.08077713349834104,-0.015019793964682226,-0.033941173839545646,-0.008868076640763056,-0.042932032873053694,-0.007314433835051148
2018-07-12,0.01028916945673286,0.017857310517989777,0.03135893943436807,0.004568852324178252,0.011131305924858559,0.009065604951021156
2018-07-13,0.02174528696570066,0.0007884724173425894,0.014921136612233044,0.00606396347940974,0.009365911480051503,0.0007878989771872291
2018-07-16,0.0043101484241547805,-0.001969668829240323,0.0022191909222688544,-0.00018827447006153353,-0.0003255474732889452,-0.0008942257929065445
2018-07-17,0.002682582283123125,0.00927574627234673,0.004982017709781683,0.0026376942573924644,0.00635056533626166,0.004045046832010346
2018-07-18,0.02648464610750989,0.032459795014720294,0.08785454436957107,0.01277703338446945,0.022491822125128458,0.0021037199823104036
2018-07-19,-0.006254653155207457,0.003787960783464772,0.02012653592266611,-0.002226361718103975,0.009495346825882267,-0.003771461893708472
2018-07-20,-0.006556798982817691,-0.01905663577928196,0.0039708070326378575,-0.006508050829019507,-0.04953751109936744,-0.0011430587479016596
2018-07-23,0.004223981734488902,0.004808541679045986,0.008404309047135738,0.002433101779451219,0.015009097778149405,0.0018598502802653627
2018-07-24,-0.015510109576115427,-0.010719622655838146,-0.018997370902484767,-0.03080642881461093,-0.04111149033767736,0.005031562204575346
2018-07-25,0.019759706221114337,0.006428852800345108,0.0064967096091765875,0.007320158070544869,0.0016945580142444516,0.008522613741896778
2018-07-26,0.047918301777793326,0.044909094064875976,0.008440917648752322,0.08433760486106512,0.09558454562507168,-0.002359121999078173
2018-07-27,-0.008245910349437446,0.008892133167123228,-0.015140272770583163,0.029629474278774603,-0.01714029090633029,-0.006776046970179084
2018-07-30,-0.018140502733064556,-0.012302483410947751,0.0007498757279320589,-0.008222055518228744,-0.01995274791068191,-0.005223784669349474
2018-07-31,0.01462673957485161,0.0117119382842652,0.004121416664324196,0.004490741914884966,0.00721383805006881,0.004929309584540187
2018-08-01,-0.03540726919867909,-0.015251456567726529,-0.004726428801001714,-0.028198377833102195,-0.027852888412918664,-0.0016705538029817557
2018-08-02,-0.005506080138934943,0.00597115297384887,0.010372430215874084,0.003008001245877745,0.008513254358036404,0.0054478654457865705
2018-08-03,0.01291858295584647,0.00649220897538183,0.006060579752841688,0.012700522983349005,0.019480616707334475,0.004284535538868761
2018-08-06,0.0023485793696682578,0.002948673419125525,0.00602416419013041,0.006619093597626247,0.00509550751571286,0.0036673739417307782
2018-08-07,-0.0039051949141487574,0.005145290963229909,0.005987997712393778,0.005191138706968523,0.011723756586617062,0.0033024959504401874
2018-08-08,0.003136383881764404,0.009689217468067168,0.005709441477715016,0.01256679604870592,0.004541188411526953,-0.00042068642675852086
2018-08-09,-0.01198543408345476,0.0019919023624526133,-0.00048316119199176555,0.0028900931483260006,-0.006235498455132937,-0.0013659498202258646
2018-08-10,-0.017405037664291134,-0.011384347406770634,-0.012447115157666166,0.0,-0.008156824738547508,-0.006699800210882789
2018-08-13,-0.012614023888538606,-0.008956322179204279,-0.006240848367746521,-0.002542805190605346,-0.021192449422591797,-0.0037435514774085688
2018-08-14,0.008154309999442111,0.009959256002931127,0.0028322048950444323,0.004248764606746613,0.013895585185700554,0.006380565048486497
2018-08-15,0.009436414219189393,0.008583030459989871,0.0052799642962333415,0.020984931054883527,0.015777005337709316,-0.007467710601810729
2018-08-16,0.019230978870539372,0.003983432364946804,0.00036641966887107635,-0.013426065662002551,0.00894241451712885,0.008091663150874728
2018-08-17,-0.009696104913672343,0.0036068330218415046,0.00134310877047783,0.002688239701396977,0.010729398428587222,0.0035201925552184044
2018-08-20,0.058216612922304734,0.0318058835411521,0.03914155591826929,0.032674347234898926,0.03339519161858395,0.002140098781416855
2018-08-21,0.00850209988813111,0.0031347432443138423,0.0051631358261392535,-0.007646199508019147,-0.0037403009590369907,0.0023454737147434734
2018-08-22,-0.028267060213015394,-0.011979155211668369,-0.013191744507388359,-0.006393343472030133,-0.025379202400205414,-0.0005941749905534754
2018-08-23,-0.009185770130000437,0.0005271633300736323,0.0024843142967616583,0.006599525161211872,-0.00308166110601249,-0.0013276914176788557
2018-08-24,-0.0002576704509053007,0.004215084602552821,0.004720339107418425,-0.0003276468116804043,0.0020092046436601674,0.00601855570583254
2018-08-27,0.018032067912761907,0.009968303042051874,0.009396324377412224,-0.0013116396409015296,0.013111293213249553,0.007895210076175552
2018-08-28,0.029605149594054803,0.018008775158569357,0.010239669867567747,0.006895204041327929,0.018727137581069808,0.00048316212123156177
2018-08-29,-0.004669272892433907,-0.00459275006494253,0.0033402547402292537,-0.0017935495805897483,0.00687500596063062,0.005380934751351152
2018-08-30,-0.0024692073707092144,-0.0013669061259224957,-0.0021811782811957947,-0.006533767162014814,-0.0026716575338942006,-0.004048394844259451
2018-08-31,0.001980197829277497,0.000684599702019284,0.00575241613590638,0.007891974607162178,0.004464768847758149,3.455153004505718e-05
2018-09-04,0.00716401892954166,0.006839906794401163,0.010066402439311783,0.011256261061969752,0.005630422937153545,-0.0017220552487184904
2018-09-05,-0.026980644591700687,-0.02836297997664039,-0.0012457599835764555,-0.009517747704005486,0.0075142595774133625,-0.0026915469690139693
2018-09-06,-0.029997538607220098,-0.013459023257606284,-0.012019561839705761,-0.006026127195540409,-0.01959636734527881,-0.003010246608985523
2018-09-07,-0.0012992626568254506,0.007441453176350921,0.006312441972861738,0.014255367089724746,-0.002386562205851428,-0.0019433339304142372
2018-09-10,0.02602138510927765,0.012311052755960672,0.004676049626914036,0.00985459088228402,0.018989163100757933,0.0017385815288850637
2018-09-11,0.019020862074030642,0.012334832485646263,0.011692660364527319,0.007518718301338989,0.012032536828540108,0.003297470113069245
2018-09-12,-0.022896915846450483,-0.015102028514069832,-0.014811486244874938,-0.0255635508996086,-0.01754379953115559,0.00024207187769897942
2018-09-13,0.005603692468787003,0.007492570963664402,0.020273333911475788,0.016131700115014747,0.009740003808803577,0.005914661820996203
2018-09-14,0.006585686487099673,0.0019024631933055591,0.008372404383452547,0.0011226149170926458,0.007161739667498779,0.00017220575423215756
2018-09-17,0.014594840395464992,0.000517739279932039,-0.0018819679563747416,0.010731849460010157,0.005369093756788068,-0.005294800329042393
2018-09-18,0.011656612350058992,-0.00224303824668326,-0.0005546034796671817,-0.0007924544582837978,-0.0005772075345369387,0.005426387340724759
2018-09-19,0.019857749436640093,0.0012107402898422492,-0.008434159705722588,0.0009516058071852296,0.00635477031030196,0.0010656521841130306
2018-09-20,0.006971329696483508,0.0039722196806482035,-0.0025740988412626953,-0.009665517064031626,0.0010044274401797004,0.00810366230096804
2018-09-21,0.04082102107625074,0.02546024947546277,0.009201073491390543,0.020319899176119094,0.004731229480385846,-0.0009134282523828308
2018-09-24,-0.037155855173793495,-0.03690677021445399,-0.02334896649445528,-0.0268151844671195,-0.03981153406741056,-0.0033223719658178608
2018-09-25,-0.027870309670107396,-0.005399530587739676,0.000910767695696979,-0.006606315361358028,-0.01694159023071573,-0.0009275688628798129
2018-09-26,0.005635837104210228,0.007180471779102859,0.011942710118580058,0.007137096387703323,0.014663633909226093,-0.0029922897938547965
2018-09-27,0.011208410186195339,0.008520120264361886,-0.007081093336726796,0.00998533968944293,0.027711638395161664,0.002794123025929407
2018-09-28,-0.00409623362497058,-0.0029312134950135738,0.008150342433218993,-0.004145960031243789,-0.0017398383231768122,0.00010352120839107748
2018-10-01,-0.04161630297592511,-0.0212690006317926,-0.016281124949371506,-0.012009794429578724,-0.015974140440090268,0.0034739160049528373
2018-10-02,-0.028023188626527085,-0.03374556017240382,-0.010272817253839439,-0.008427655565583447,-0.02213733411183605,-0.0005826861525823901
2018-10-03,0.007792131479825493,-0.006765348683646422,0.007842236332090469,0.00817241027461657,0.0064899318964368735,0.0005486610058784702
2018-10-04,-0.02268041237113405,-0.013991312238464615,-0.015447974408396736,-0.0016209863258361823,0.0019491323703044738,-0.007815837563069694
2018-10-05,-0.03902948461128275,-0.016056940006816234,-0.022082769707828076,-0.008606862528519388,-0.011074529537050237,-0.005596801712430155
2018-10-08,-0.014818906228565853,-0.010625973883056417,-0.005467067837051198,-0.007043455139101318,-0.011652656162056796,0.0
2018-10-09,-0.0654596217903437,-0.02454915577961836,-0.026888145217428217,-0.01864082139568002,-0.041341078766900186,-0.0014593969864402645
2018-10-10,-0.05782411326778092,-0.022611144137835493,-0.030701215653085256,-0.03630836386422864,-0.038013206568329405,-0.03166301965707918
2018-10-11,-0.010756120091469978,0.03560629898978229,0.015076681069367881,-0.005233193736835728,-0.0069731707803583065,-0.02202646077664827
2018-10-12,-0.011512631736686374,0.011072341620924409,0.0007488461874312069,0.006137375794111666,0.02942647254366304,0.013888558824769692
2018-10-15,0.02814630914750338,-0.004034461436341008,0.014467398706656809,0.005228192680544863,0.004710126012808624,-0.005617359294634139
2018-10-16,0.04719940047479132,0.024498340562709053,0.026801086837033417,0.021844715786799362,0.032331035571844025,0.02186590297536606
2018-10-17,0.008714044507069696,0.02240630139666111,0.05950672198830498,0.004411364205840984,0.009865314019018356,0.00017847945295823564
2018-10-18,-0.0449807052855834,-0.02154690143942184,-0.015821014348245455,-0.020945956447856462,-0.03287337788760425,-0.01444110326745085
2018-10-19,-0.0006237393663016677,0.004893591556503152,0.0039040530667382445,0.0029330805122844694,0.0033670822584499494,-0.0005427525312261539
2018-10-22,0.0037452572378815496,0.01592086415068006,0.01349651493831594,-0.004472687699095923,0.015340398853139758,-0.004488710498108617
2018-10-23,0.0068407653897579745,-0.014564984539903403,-0.02573071621252787,-0.006739429044136935,-0.008655924520596048,-0.005090816261790088
2018-10-24,-0.06300173105918738,-0.03629582341164794,-0.047955511431012066,-0.05027824783718615,-0.0298460618152796,-0.03029844148270766
2018-10-25,0.06690824896860748,0.042710243418818905,0.041489182764605115,-0.08573003876042418,0.03190966978754428,0.01794078173745217
2018-10-26,0.002780397083789188,-0.00800608654332513,-0.01133179016348207,-0.006611804942493915,-0.025214099092270237,-0.017587612023628574
2018-10-29,0.004312790666553434,0.0026277294276284557,0.004253818055476977,-0.03368300686089287,-0.007646068781938076,-0.0055401672796866475
2018-10-30,0.0631904002459116,0.03182330690444446,0.010118844946084726,0.025881875964899992,0.03672148254384511,0.014818307185310964
2018-10-31,0.012117685888721974,-0.007075526431628121,-0.003960353452925336,-0.0010172010457289993,-0.0287794452447957,0.010680728492843405
2018-11-01,0.03677312959478529,0.023935874600180096,0.02958716777092585,0.037678114072436486,0.03695868133249447,0.010642154841257634
2018-11-02,-0.0010997539928337963,0.0014273969946423382,0.007269415981293603,0.01707541231752585,0.002983240270453491,-0.005923023836493568
2018-11-05,-0.014076835144593347,-0.001247265422963162,0.008908445115118457,-0.007718974841165904,0.00031306205645953433,0.00551648164286811
2018-11-06,-0.015397544445169165,-0.0041293788884917415,0.0019000577470202895,0.00855693941560487,0.010954544140417966,0.006328198815389374
2018-11-07,0.05118002013910439,0.023796918110208676,0.02811249765305046,0.01966857807452005,0.024613084242534722,0.021409074060493305
2018-11-08,-0.002975386922452583,-0.0010567942520987028,0.004340211377930281,-0.00302600056926583,-0.007251867329950312,-0.0018151095137441953
2018-11-09,-0.01736294638584812,-0.001409949245717912,-0.0022687887857788525,-0.00436251306692359,0.003956763934665597,-0.009767975638564463
2018-11-12,0.017669745224838662,0.0008825617147441012,-0.012452642608339226,-0.011430830305233619,-0.0031831605546274178,-0.01868553095274006
2018-11-13,0.024959222284035798,0.002116366873257114,0.015350894437786478,0.016188076929114947,0.02767634555769205,-0.0018708734158348062
2018-11-14,0.008734887962533966,-0.006863846142115104,-0.008747273995043492,-0.0047410216237621094,-0.005474992877356755,-0.006836697995883267
2018-11-15,-0.0076094439250169454,-0.005847965076777761,0.0020699688365959368,0.014291059228956682,0.007439420206275527,0.01043647203623621
2018-11-16,-0.028292040454977574,-0.003565003425842206,0.0030441266479446227,-0.01221107546241329,0.004135185341610947,0.0026006284867885476
2018-11-19,-0.025306278903428292,0.005187712751574702,-0.001842681491474707,-0.0036136125368657623,-0.005467584686035365,-0.016914422113507133
2018-11-20,-0.006420811167960561,-0.01388139034313396,-0.0034748583727823856,-0.015651782857102337,-0.004160602446752537,-0.018506113396772772
2018-11-21,0.020230371806873704,0.010106532905300503,0.011877563551894399,0.013186065958648463,0.022381253947828306,0.0034076638398732317
2018-11-23,0.045166721202179794,0.02126129239376251,0.02132237469873921,0.008229720327482815,0.012989197620750792,-0.006679022327130357
2018-11-26,0.003952477926337794,-0.00787247241127187,-0.03258115201609413,0.0015183036918255954,-0.007347751391965307,0.016144487496382087
2018-11-27,0.004986897629771336,0.028213608538875334,0.01776563763943284,0.0005687207279625461,0.02685034165651179,0.0033645422057348995
2018-11-28,0.016975692188045288,0.00960389261630179,0.0117798900821382,0.005493522755447566,0.05639597004453112,0.023025241529133655
2018-11-29,-0.013353902506935245,-0.00016996712788530655,0.006244668892122052,0.002825823977335551,-0.02408362572577938,-0.0021852754150579745
2018-11-30,0.04528888066932035,0.03143051443865508,0.017145232551280865,0.0259254014126018,0.00438724075322261,0.006095651838489369
2018-12-03,-0.012699201432716523,-0.009718206090683523,-0.002481880779148238,-0.004394784102878524,-0.005733020722357374,0.013241250880700273
2018-12-04,-0.07465323011047542,-0.052894350333610896,-0.04685876721922966,-0.026010231316691446,-0.038577659912179985,-0.03240246140177239
2018-12-06,0.006813830386304787,0.02002124675022987,0.011855517826261597,0.01515169871282418,-0.0059974451656158445,-0.0015172668779751541
2018-12-07,-0.09122895864392566,-0.034607529366426415,-0.051596210742200777,-0.04179113524371447,-0.06708797894238372,-0.023235789072658997
2018-12-10,0.008042826097499622,0.004458820624631432,0.0036268806828632094,-0.004283358306957918,-0.022482390891687132,0.0018969379833027045
2018-12-11,0.007683344574532791,-0.007634997174669311,-0.004630193653067716,-0.0011733111782865624,-0.016540624159301465,0.0002273289112804111
2018-12-12,0.007331247287386322,0.0067990296127256045,0.016904899864845335,-0.003523903587474231,-0.0065674173207499464,0.005035239989570783
2018-12-13,-0.055021871365540154,-0.04833829264912304,-0.023987436822133668,-0.01100190625737918,-0.010964198082769827,-0.00033898167062451634
2018-12-14,-0.0015401629095166403,-0.0007470293238205361,0.002972045002960444,-0.0049662104574740296,0.015650477692757958,-0.0184645705129598
2018-12-17,-0.011416245335052477,-0.020930701353762515,-0.017437871171053,-0.01397479103430288,-0.016211848939028495,-0.019618341919616977
2018-12-18,0.046816428763493345,0.010689119640714173,0.018443382254617502,0.004251668655118612,0.022352816781269436,-0.0010966048986029708
2018-12-19,-0.03339292758160428,-0.01926344441319816,-0.016287018855031254,-0.016532162406978634,-0.010054411838774757,-0.014975653087588858
2018-12-20,-0.016347935402904468,-0.01964197081343355,-0.022693053399841623,-0.035055285291845095,-0.021763631208571277,-0.01627802362339348
2018-12-21,-0.034807198690272045,-0.028677827023066538,-0.03483002385801315,-0.023794577953309415,-0.022083006815033723,-0.020489701008207906
2018-12-24,-0.03443795281507667,-0.03013164414875169,-0.02884495444838553,-0.033732194160117746,-0.029659619161042206,-0.026422734268925607
2018-12-26,0.08647374629179239,0.05108428711782431,0.059150659033286646,0.05225220579983558,0.05574851565747996,0.050524744200576954
2018-12-27,-0.007742257292523869,0.0017854520684363884,-0.009069237572235656,0.0017123583813862808,-0.0008224690310065785,0.0076774228325711125
2018-12-28,-0.006554458518101103,-0.006336689887706526,0.0015654775046329839,-0.0008548055339890892,-0.0070793916064534335,-0.0012901167485867004
2018-12-31,0.008796876292050948,-0.0055799010502868285,0.006733259592608398,-0.0059879479643515365,0.008953660644190009,0.00875883191340221
2019-01-02,0.011522906288229162,0.0038075928729437436,0.005374381108333326,0.014199856056601012,0.011010785736587314,0.0010403284770794663
2019-01-03,-0.07450748157540732,-0.08943891179253194,-0.04965550356405468,-0.03245650942900169,-0.055266670757935565,-0.023862735630563292
2019-01-04,0.06586836347092628,0.047796633165968716,0.03350000381469731,0.049331276721642725,0.03234700494330034,0.033495670251107335
2019-01-07,0.028401806678831854,0.0012552150954241448,0.006652189764486227,0.00020901227149128232,0.001999967852058804,0.007884820832887218
2019-01-08,-0.016084805573895022,-0.00794126711755394,-0.010212736624199747,-0.0068939416250582974,0.008815799615699005,0.00939512657689301
2019-01-09,0.03084508443383327,0.02106584189575611,0.01675169857759662,0.03239393592544659,0.02522656207225804,0.004673668888534932
2019-01-10,-0.04129256073576537,0.0053638847724855054,-0.028533898384592304,-0.001833750841912507,0.019620563269330482,0.003527757835299905
2019-01-11,-0.0074906455401511085,-0.0034883438083742613,-0.01597644104555984,-0.00959406665155349,0.011671839454219679,0.00038610018258711243
2019-01-14,-0.002830245373667828,-0.0166804119927928,-0.001998201989817039,0.004946500084479943,0.0034300234507591565,-0.0061009922238084435
2019-01-15,0.01229898227585724,0.001675279176102551,0.016143076298524628,0.01743234348840539,-0.0012430287504765491,0.011460816592542278
2019-01-16,0.023052811580548394,-0.0068992786838062425,0.06354684551772105,0.0034267666476761605,0.009645431907932434,0.002419680407998559
2019-01-17,0.022533649503134967,0.01515789984553062,0.00440015343599276,0.016271517033726646,-0.007396116030270239,0.007587128253623288
2019-01-18,0.011614019615086235,-0.0022812154049852706,-0.013258030368931473,0.019371462511354798,0.006830168933652292,0.01330986859234784
2019-01-22,-0.03620838610532595,-0.020993758192224043,-0.026288118895548163,-0.019972647542142785,-0.013875999772483993,-0.013510351784708052
2019-01-23,-0.033292651464482126,0.0042463012677462775,-0.005519547692414695,0.009497257223156419,-0.003908711889170302,0.0020923066460845074
2019-01-24,0.06350718156189972,0.004651258851434248,0.013875501496007692,0.06252461145858379,0.03249094584936718,0.0005313738851169258
2019-01-25,0.039215474013624574,0.0035774246963327094,0.0013090635719330557,0.014204013063767063,-0.03496499161965927,0.008461223673796647
2019-01-28,0.04545472679157969,0.0067100622307061375,0.005467067837051198,0.009821807327057952,0.016540624159301354,-0.007600021794477385
2019-01-29,-0.007656514301692896,0.0043741436331257155,0.012647750757956988,0.015309738390447913,0.0004648925898842471,-0.0013269306456116237
2019-01-30,0.0013778294960833382,0.04251357523213106,0.021010891680050214,0.01986854344008382,0.0015490635783448337,0.015830745697059667
2019-01-31,-0.01568526010096294,-0.016710055857654615,-0.002286550529844722,-0.012697696712877682,-0.010980619087864407,0.008782491953286842
2019-02-01,0.009505206075633321,0.009913134179243333,0.002520926196467377,0.006518694573579786,0.00641125812488208,0.00048169897750649504
2019-02-04,0.01855434731617822,0.008413403573579892,0.012915817926661965,0.020304696410380574,0.0018645431257147127,0.007035116020423171
2019-02-05,0.006815706024051682,0.003973080294270348,0.009478631368277979,-0.007033898458045251,0.0040321729914514215,0.004192108186997778
2019-02-06,-0.004603313694970801,-0.00039563869000247553,0.003241682522861611,-0.004664703869175391,0.0012357932524611481,-0.0013183990966258996
2019-02-07,-0.016050077579739308,-0.0021775213037296126,-0.021058489021152482,-0.0022567920169725975,0.006325086473452757,-0.00953297240721307
2019-02-08,-0.004700038166768117,0.0011903824621579684,0.0035283127298000316,0.00295780289548242,0.0006132851359974545,0.0012215277823379722
2019-02-11,0.016388805725569,0.0027739597003229033,0.0111149299907638,0.010927634206905568,0.015780671230529952,0.0005545223558969248
2019-02-12,-0.022957015092525568,-0.014226602866238114,-0.013236122097353475,-0.009951804319645485,0.005882494859025922,0.012859452694220508
2019-02-13,0.01286703462269334,0.010422921382153838,0.006934188949493825,0.005199287039942213,0.0001496707478694237,0.003247165614158387
2019-02-14,-0.002761498691154718,0.0013883876370499593,-0.004854372276892782,0.0,-0.0019489552182309078,-0.002218350605090458
2019-02-15,-0.029354914098779883,0.011886267792721839,0.0018150428808316743,-0.0051723942774103415,0.0015101242280650684,0.010896907172915027
2019-02-19,0.01198300706031774,0.014486916827819663,0.010531087429356267,-0.0005198120070374346,-0.026538040005640418,0.0017311533751709351
2019-02-20,-0.011558942256949534,-0.011192404337822759,-0.008292221890224383,-0.05652850758402961,-0.018897086237595784,0.0020155235585188613
2019-02-21,-0.0022820149742347473,0.0046835229780035625,0.003841766529837587,-0.0018380449154630218,-0.007578206397975906,-0.003555666704814664
2019-02-22,0.01457990412093424,0.0007771468025388195,0.006641197564227319,-0.012704655049274316,-0.007317806157052464,0.006199568024783497
2019-02-25,0.011552536662858603,-0.0021350974332577932,0.0016773065567150525,0.006340594141776679,0.005608935698420137,0.001361242896584569
2019-02-26,0.009749242580465278,-0.005640951639274805,-0.0005581943596307815,-0.005003501007875388,0.003027913860573994,-0.0007155467824560002
2019-02-27,-0.015448222731340278,-0.013497549116614604,-0.021557023695861766,0.0029800436076030667,-0.015252612211681393,-0.00042947672233717427
2019-02-28,-0.0016810831461341325,-0.009984109944111252,0.0023972498645041806,0.04066853987289343,-0.004517630702220443,-0.001862517074498693
2019-03-01,-0.027785773596251007,-0.012504991926954978,-0.010135513203431756,-0.03033543311958986,-0.006320821012719358,0.006244008680993618
2019-03-04,-0.026558690934868623,-0.003472316354110161,-0.030027619251424054,-0.009385454404363114,-0.029522148783503233,-0.0036375994070159123
2019-03-05,-0.014531527011819478,0.019061498187950887,0.008777197421335092,-0.0052172078892464,-0.028907528876231603,-0.0013602202871901836
2019-03-06,-0.014143884222527325,-0.0002012373854161087,-0.008465622514616022,-0.006180566956443312,-0.03374864208246753,-0.006056857026776941
2019-03-07,-0.016483460074564915,-0.0024138649029333825,-0.020396077117950773,-0.011873470583606882,0.0021492233548658923,-0.008365359037952658
2019-03-08,-0.009621349714966199,0.0,-0.0025420540239814438,-0.01258842508318525,-0.005898106991903407,-0.0020000543321113673
2019-03-11,0.004387324110880719,0.03085276251785607,-0.00024277029236041692,-0.0030902945671796855,-0.0035958443190967637,0.01450150287601959
2019-03-12,-0.03525743880466492,-0.008802677947696513,-0.03071132390929887,-0.023445028473980445,-0.023998477207547664,0.0037706696750507973
2019-03-13,0.02975422712331688,0.006907330296733294,0.017031942847091308,0.004166320132396484,0.03586609918499306,0.006619121577223108
2019-03-14,0.009108099745266163,-0.0015680036558376464,0.0034478362572769594,0.01086765837793946,-0.009637610128827911,-0.0006396200159959342
2019-03-15,-0.021786475860390286,0.004907656924900028,0.0024543451083540724,0.004104674447351853,0.004865663631905326,0.0049404202402651975
2019-03-18,-0.001590984902678727,-0.008790482427479929,-0.0117517328410075,-0.005645277749462219,0.0008967039816565325,0.00362594652574022
2019-03-19,0.006692353530118433,0.004335504151951497,0.00755596377545098,-0.006656146312168376,0.005375403743999474,0.0002482388395679269
2019-03-20,-0.019943162714398,-0.021389275397434737,-0.018563985429300267,-0.020497021788944303,-0.016396267219176974,-0.003010238889378347
2019-03-21,0.015826912687858075,0.008622298557393826,0.014656121033560732,0.02092594126296543,0.0005435365959050031,0.01129458278020512
2019-03-22,-0.027980886395028493,-0.010735466832019314,-0.016913614155333767,-0.027986004930194208,-0.017566144680871476,-0.019246361273310142
2019-03-25,-0.01177633635980524,-0.014670366023776471,-0.018962634169513604,-0.012773854896889647,-0.011981617638072928,-0.0007518966629811441
2019-03-26,0.0,0.001223837098117686,-0.008064578349494034,0.0012324793732916284,0.005783592365367074,0.007453966905407006
2019-03-27,0.024164325268918097,0.01792623700750906,0.013421098776589258,0.022153877509531572,0.020033431371393018,-0.005228930236469309
2019-03-28,-0.0012928826917149028,0.007004091121579847,0.0008913752185448764,0.012442458282702296,0.003273293752636519,0.0037904805916937345
2019-03-29,0.027831680269152725,0.02643100594005121,0.015012726820399225,0.028939475029140294,0.01721950618490009,0.006305610426405206
2019-04-01,0.018576853043190678,0.010261305239724017,0.013662622010067293,0.009632002133906692,0.02138270349971494,0.0118589963637028
2019-04-02,0.019783726791732237,0.060367853834875085,0.02349442107029831,0.005723954972119971,0.014305686970499387,0.0004896853560669712
2019-04-03,0.02182459956790228,0.030182710192135476,0.017276795495624553,0.0034148903516033613,-0.0060199105257209284,0.0015740411597571224
2019-04-04,0.006526288411282444,0.003859573314161313,0.005225682391374997,0.005483198052237848,0.0005190826651291225,0.002653035426851469
2019-04-05,0.003831546839062172,0.008912996243227944,0.0031900315974477955,0.0013162803116089083,0.012452464872686697,0.004840127942587813
2019-04-08,-0.005284829400186264,-0.00034649106432027565,-0.0038864894219989843,-0.024601066816063444,-0.0035872260457380234,0.0007622159345030965
2019-04-09,-0.016824054021364776,-0.013169254774044736,-0.0039016531557169998,-0.00096261178971635,-0.008400595416862666,-0.005124103290744753
2019-04-10,0.021314815362859285,0.015978774698556908,0.003204707929571615,0.014068272209718513,0.01625181230277728,0.0034103750159442114
2019-04-11,0.023221639075861722,0.009159981462844247,0.01455280887111221,0.007221658244747742,0.015821668671226474,-0.0002770959029863018
2019-04-12,-0.003447273299107545,-0.005822726240731213,-0.003032094883154146,0.0024527661227888853,0.015407843875681504,0.006765630207299811
2019-04-15,-0.02709721894558703,-0.010335963024663664,-0.011346370861405886,-0.01581030820691276,-0.00940130043207299,-0.0006545637149065753
2019-04-16,0.008296382568730998,0.01148823840369717,0.0076905058175038565,0.009371029505294226,0.015151501377875576,0.0006549924491974224
2019-04-17,0.01028509188217619,0.005506766247985073,0.047786776826634014,-0.00037928226852612656,0.0067246344329146,-0.0024467713398950153
2019-04-18,-0.0002910063083600978,-0.004449865446728096,-0.010757497842370567,-0.010992861523123731,0.0047246351783751805,0.001969094336292887
2019-04-22,-0.025894503126304036,-0.007220159171183349,-0.008155881634107742,-0.00900738049395855,-0.022215021557096648,0.0008619303515773336
2019-04-23,0.014635579824189726,0.008484967929042186,0.004682545380783054,0.020885900106523803,0.009784401302284529,0.008991692694398923
2019-04-24,0.000588695789032645,-0.0066964338607803375,0.0006820229369239872,0.0026516909159437496,-0.0014780943509421496,-0.0022191351936449166
2019-04-25,-0.0170638394958188,-0.01970607666828139,-0.013290902932745152,0.007935143951914192,-0.026809158969611113,-0.0006162219319452156
2019-04-26,-0.010475955531601189,0.007053389026560053,0.012433822512844639,-0.006935423946202168,0.024505633849881914,0.004656844531077287
2019-04-29,0.02147623460489423,0.010856268971871197,0.01899019925611234,0.01604387850017641,-0.0013197278403902502,0.0015678132477905393
2019-04-30,0.012140824219740054,0.0097002732765461,-0.008369601549956474,0.007430744673935452,0.02246457007395186,0.0005106140220296762
2019-05-01,-0.007899300823317912,-0.01311704452586504,-0.010353344166398104,-0.006085141378102565,0.002746414499546379,-0.00751668121023763
2019-05-02,0.0011795889052292896,0.008394542436084729,0.0042073585048398865,-0.009832827454009041,0.004349857686544389,-0.0021589501280075973
2019-05-03,0.024742181407136687,0.002428005633975161,0.002151539425422122,0.004684174556239373,0.002245708596507301,0.009787560594868072
2019-05-06,-0.001149751748296013,-0.0012110972527148434,-0.008022588525114727,-0.0026109578849033976,-0.004641517633079406,-0.004115149328806189
2019-05-07,-0.02135635528230262,-0.009700246748401753,-0.02403463479151613,-0.02374709827165733,-0.01768768204011728,-0.01669935272783618
2019-05-08,-0.0047184186908855175,-0.012593909852469776,-0.012138199250969373,0.003830533605771791,-0.006547744405852929,-0.001389216555941375
2019-05-09,0.0059259846402954786,0.002480049322240774,-0.0061436276797752765,0.0009539791522410468,-0.006426076028608785,-0.003026106756198521
2019-05-10,0.001178214844984815,0.00052987486839573,0.007964790145855494,0.005337383640645621,0.016086278283747424,0.005023788380275285
2019-05-13,-0.05442782635834531,-0.032144062177443256,-0.03207926867948674,-0.032233455510157216,-0.018606133480136955,-0.025130369235477623
2019-05-14,0.006222956865191698,0.00821179336776301,0.016814880693913237,0.011951501804990716,0.02078824941774382,0.009043775158632306
2019-05-15,-0.005565976373713366,-0.003619878441604718,-0.013181528032929046,0.006969700588421723,0.0017921095714319435,0.005857277349665679
2019-05-16,0.004975053415871011,0.0059944621401233356,0.0027929977072904677,0.011151864232085362,0.018702180393613377,0.009261476731985852
2019-05-17,-0.017945483666174322,-0.008847993413982902,-0.013078249056765578,-0.006655476071426136,-0.003991014862334108,-0.006465014746769082
2019-05-20,-0.02457472876257949,-0.011113151270430444,0.0029447590646567434,-0.004402697729640859,-0.001450683511464157,-0.006612241153834186
2019-05-21,0.010981958593294872,0.010132819837822549,0.015047753720076606,0.026149073704615278,0.010815117940992991,0.00901551124379174
2019-05-22,-0.044089460213444176,-0.014043543018836369,-0.013137326157025231,-0.014989893186417191,-0.030980452312944107,-0.0030713770044442645
2019-05-23,-0.014037442671236189,-0.0011097938373230143,-0.011846526915559985,-0.030625978781497754,0.011206293439261827,-0.01221859797726943
2019-05-24,-0.011186387701912048,0.002222203128134481,-0.0014831632820482277,0.003728697757701127,-0.012548927557983869,0.0022685779621585134
2019-05-28,-0.015084072330179388,-0.0044346263317577295,-0.011016207198450312,-0.02189664202871977,-0.00891233846238526,-0.009300895732559877
2019-05-29,-0.011138159126545033,-0.012435047002187782,-0.008135187903198893,-0.009394300200786465,-0.012989170105463965,-0.0067105351133771585
2019-05-30,-0.008447745218017721,-0.003382869746321182,0.002776040639786981,-0.0034300182388514733,-0.008267245444947613,0.0027311654520660866
2019-05-31,-0.03336881989838436,-0.028851614972674522,-0.022901719729055192,-0.036242198573878226,-0.00986730252167034,-0.013475304120956322
2019-06-03,-0.0011016307447558882,0.011650621890615387,0.0009014770566473373,0.003991370248513038,0.014948454707334413,-0.0025427240066064893
2019-06-04,0.07058821695420447,0.04241840996148416,0.036026703273100535,0.02814555712568012,0.03030301438769345,0.021706349981927442
2019-06-05,0.04258237139715737,0.011600085551810357,0.016517658799098056,0.025944965152977062,0.012323357394377732,0.0086625658842443
2019-06-06,0.0006587680104996885,-0.00455048969684646,0.013561400501461485,-0.004779114627335268,-0.010712469549967407,0.006502314037107437
2019-06-07,0.01777483633949628,0.006948194589286194,0.003736711210400312,0.007803218487859587,-0.006890925012389526,0.010006878122472251
2019-06-10,-0.005174632873152674,-0.006173834905523923,-0.007205458127889308,-0.0013897886097250511,0.001817267520294319,0.004589103117617066
2019-06-11,-0.00585175043417252,0.002740740527773511,0.0012096102133296593,0.005566558829686263,0.001978836812567941,-0.00024212337972739917
2019-06-12,0.01700455626735886,0.010386318314234089,0.01232335766376269,0.004547336171231153,0.003291696842469216,-0.001765342318991614
2019-06-13,0.06398718003063442,0.019296751946625168,0.03962286261544823,0.030899538020261907,0.019685064665939,0.004125906270216362
2019-06-14,-0.012390426277586908,-0.00937737978745068,0.00011482190518186108,-0.010691341268072918,0.015443960042223592,-0.0011048536620151816
2019-06-17,-0.003672006573305797,-0.005715473682086691,-0.004017517131326698,-0.012350087715364055,-0.009505623762400606,0.0003803162672033622
2019-06-18,-0.001228513300014944,0.00646691440923175,0.007260630485028896,0.010159906885216285,0.006717756233937777,0.010470860057735898
2019-06-19,0.021217654222443594,0.005889687268558541,0.014416500162844903,-0.003675148115624527,-0.001271037052618551,0.0022578578692526996
2019-06-20,-0.03191800654152743,-0.006919849214106821,-0.017144193657534723,0.00019427475384148352,-0.034043835607987294,0.009553823076431822
2019-06-21,-0.018040492386965035,0.00035733123379899645,-0.004819809179333112,-0.005240748427523978,0.022397821785390626,-0.0014536929402848564
2019-06-24,0.007918957910267421,0.0014288864356313269,-0.001960310961166445,-0.0005852916120029361,0.00547684980719354,-0.0012242685458174751
2019-06-25,-0.017599045891053433,-0.0026752403690303295,-0.017215545241206054,-0.004295223382872582,-0.0076898775562694865,-0.0098079954362571
2019-06-26,0.00639795411469124,0.008225966567846799,0.0031742802752250387,-0.005882262300639263,-0.0004842792681704067,-0.000997396307401699
2019-06-27,0.02193267601388471,0.0078041909840214085,0.012891110400993444,0.0007889369097813237,0.019382936616560764,0.0035462701211499414
2019-06-28,0.01430801186317443,-0.0012319855837094051,0.01295849522882575,0.0007880678324896362,0.012676254702931544,0.005145580612163636
2019-07-01,0.00827954245075535,0.01832597768443267,0.01027977001842384,0.014966684131653363,-0.003129394671807062,0.009078438897957897
2019-07-02,-0.02098552019329858,0.012978088331568216,0.0047485111682437076,-0.002133993926324962,-0.009731620037749966,0.002604325940748664
2019-07-03,0.01646481492957408,0.01042010197209886,0.02025425190427943,0.008943790526690476,0.011887771967997063,0.00799507420055523
2019-07-05,-0.00794622999982797,-0.007607610434358425,-0.00088234071545501,-0.00019252982661599471,0.003602813803047278,-0.0011378614313503066
2019-07-08,0.010166429715187997,0.01141390563698197,0.0008831199281242874,0.003854963766402264,0.009520839069565579,-0.005494660432159626
2019-07-09,-0.013113677578292848,-0.006905819783649014,-0.013345087778849019,-0.007488412500533781,-0.015306131320103833,0.001246343243726411
2019-07-10,0.017923239448280004,0.00865009767431335,0.0005589431284320767,0.003288743477281031,-0.011775842036638617,0.004778431039159425
2019-07-11,0.002732238199025794,0.01160228573475508,-0.00033514443727999943,-0.00038568538953620557,0.005878661894778592,0.0023440656958679806
2019-07-12,0.022706533984118815,0.02476737807799889,0.019557442270305758,0.012924599046904905,0.014689566269628473,0.0044769500592805045
2019-07-15,-0.005032357143533672,0.0008110557507405858,0.000986477415094722,-0.004761109846714517,-0.013698592097362239,0.00033288349280113927
2019-07-16,0.018149279709385846,0.023662680676256764,0.028471293066248737,0.019517719232600816,0.03235490371798688,-0.003225793762955953
2019-07-17,-0.028053820945597385,-0.014407827402219131,0.009156735808326655,-0.018393258158985848,-0.0249198671202866,-0.006805188526396
2019-07-18,0.014431892856025197,0.006586322079763507,0.0052753746195364215,0.0026766843449852473,0.009093821536176883,0.003661181497586874
2019-07-19,-0.01956137121877355,-0.027928428428041663,-0.01521827211187221,-0.008009174477200065,-0.013517713426861477,-0.005555042802095067
2019-07-22,-0.005441349290553954,0.0062387922318243305,0.0,0.012687668328865476,-0.009765340952575974,0.0024568806135274457
2019-07-23,0.02522777096986184,0.02936852081485597,0.011723312934616592,0.0273347142062752,0.035470013454228067,0.007149823614386985
2019-07-24,0.025496787659602838,0.007545505880607539,0.001896137202118675,0.01108676769382222,0.007219615317622274,0.004699402703268962
2019-07-25,-0.08441756284084678,-0.014724424577144735,-0.012406690123050512,0.0034718572469223385,-0.026078941391889376,-0.00477699132409215
2019-07-26,-0.013577439427423066,-0.0011249761321847629,-0.006068345501674677,-0.030231109800392564,0.016598722886478345,0.0066998115769534294
2019-07-29,-0.01600521694656243,0.004826212681627862,0.0008569176363717457,-0.006948338321551839,-0.014633263138829844,-0.001821104261576445
2019-07-30,-0.0009758427506275646,0.002721694727838786,0.0052439838502444935,-0.006240621913660038,0.0006253161059301959,-0.0024547688599777517
2019-07-31,-0.0065126005987173885,-0.025387237641772975,-0.021505340535542428,-0.019410168431828856,-0.010154748838783978,-0.010940340822239047
2019-08-01,-0.021960009114364576,-0.011795495014104707,-0.015449959109568145,-0.01106157522600415,-0.0034722583505637505,-0.00870787586217081
2019-08-02,-0.01306967277730986,-0.0031498910846817774,-0.011713974843822528,-0.006671710204847359,0.0020590079848898935,-0.0075293118003353365
2019-08-05,-0.031239369261037098,-0.03841682569227056,-0.04293865541967257,-0.03279349415074895,-0.027659259788646806,-0.03007301590345124
2019-08-06,-0.002462195100943143,0.01677633341946927,-0.0015188370017539254,0.015318648952245661,0.015442181064589056,0.014022860820328553
2019-08-07,0.009520460175327372,0.007654398757959591,0.011935458499744644,0.0044257803894001135,0.010244859676281193,0.0005906169533724803
2019-08-08,0.01571774828083239,0.01333551959132584,0.013297801247045937,0.011215701731267957,0.022500395111384464,0.019620171894964455
2019-08-09,-0.010316305045610985,-0.008329252428825429,-0.007417481648489099,-0.0007921355379670869,-0.009297982741769961,-0.00681154573809295
2019-08-12,-0.039610861081303295,-0.014614307603446841,-0.026098001665344706,-0.00792871226553804,-0.02846868448346418,-0.012173262772630422
2019-08-13,-0.004703322475859695,0.003068380644312141,-0.0017707652874523472,-0.0025974069359951946,-0.015134403503091254,0.015551671079528484
2019-08-14,-0.05125412002782259,-0.027362255313825967,-0.030865665630406713,-0.023237495373618966,-0.031714887749702325,-0.02956769667990622
2019-08-15,-0.026436765369457715,-0.0020968401975768325,-0.004026775032933472,-0.011279595167335343,-0.0035455165309249415,0.002641604992904778
2019-08-16,0.014954775513215113,0.016284412170521234,0.016172502455343185,0.03277346437193063,0.022704182907641313,0.01475522485144487
2019-08-19,0.012020112783088788,0.002584436590129524,0.011454026046277432,0.017071632939532844,0.009664972712078779,0.012048013723555906
2019-08-20,-0.010344763642239796,-0.00876430927672267,0.0016688448047088578,-0.00871970861665139,-0.007922077963397833,-0.0076627519655501075
2019-08-21,0.02284156389249259,0.0057211493619204745,0.014994670409788302,0.011395380576999514,-0.0049907964351564305,0.008135202282484544
2019-08-22,0.004163608023147303,-0.0008620395355075638,0.0031656306737974926,0.011860031701399487,-0.001337597486683384,-0.0003075447985633195
2019-08-23,-0.04183952753610576,-0.030365628108170895,-0.035413731483826316,-0.012307111717716479,-0.03013560813878624,-0.025687601831130835
2019-08-26,-0.009047912919778689,0.0014232991350637825,0.012722683476171559,0.00257137685932185,0.007767978658357766,0.011058497930477085
2019-08-27,-0.029376757200830328,-0.0024874649106180202,-0.01962191138693037,-0.003945653872694854,-0.006337806743882846,-0.003923601958608747
2019-08-28,0.03599185852989928,0.009618769668670257,0.006223999165738681,0.013269945754056156,0.012584057101604706,0.007041453652570695
2019-08-29,0.03908407348818521,0.021171589488894638,0.027168048224067487,0.022282996126905097,0.020769509776006556,0.01277326167683368
2019-08-30,-0.0003799611676329473,-0.00034547946218799197,-0.004487009940463915,0.00038251473613537534,-0.00400262529214479,-0.0004446499735970555
2019-09-03,0.0076016738661892624,-0.009851507505273749,-0.0137587008220309,-0.0179663824630516,0.011888793376435558,-0.0058471651442756345
2019-09-04,0.018483572978808427,-0.0010472521631502696,0.009140133761680547,0.01401329155365616,0.02217441105311657,0.011350523366837173
2019-09-05,0.025555610802522333,0.016774441385492,0.02300074593671786,0.008061326005543101,0.026226289930399993,0.012855193799233833
2019-09-06,0.0036114126382449374,-0.0036089669653276424,0.005358885525303059,-0.007235273805677456,-0.004732617539958461,0.0007719655523139579
2019-09-09,0.023389746801823375,0.002242296797816179,0.011935095514181482,0.01802840668936101,0.026628644922617628,0.0005035111967734984
2019-09-10,0.023909948322690777,0.009120555734042801,0.0026336393303185712,0.005651914687523574,0.0033965579641128674,-0.00023440025498400185
2019-09-11,0.021977972693146608,0.00238749192957588,0.009365003628232005,0.024915431668351085,0.012925164418067459,0.00711097667601468
2019-09-12,0.006048414160417792,0.011228306512020891,0.011314777450520008,0.004935142649627133,-0.0022786303525791363,0.003463290694650567
2019-09-13,0.00033402064051268887,0.00958937120360015,0.022040739329154402,0.014732719874682942,0.0028929194794882207,-0.000663343405577943
2019-09-16,-0.0727880172865778,-0.01566387246686085,-0.02835245080627291,0.00035851145922682903,-0.018369569721811363,-0.0030890134757188825
2019-09-17,0.03132878525580218,0.0050786755958551755,0.013744943570761059,-0.0014333826352477264,0.004021029370639306,0.0025325136352043476
2019-09-18,-0.0013966617189689057,-0.001010562082111699,0.0027783950952779968,0.0089716879120183,0.0001539350904660175,0.0005976640445153336
2019-09-19,-0.010489512602746331,-0.010453601560676096,-0.008977115791340973,-0.020451694930069153,-0.005390402317981713,-6.623025047602926e-05
2019-09-20,-0.010954086194205681,-0.0010223390683455902,-0.003690470116440858,-0.010711661660041782,0.0065036708185077785,-0.004724999399397745
2019-09-23,-0.01750623561177611,-0.010404178054138846,-0.009877621389503877,-0.000183532340943926,-0.0055385794758128215,-0.00023438812123710573
2019-09-24,-0.018181821991278047,-0.00034478400871040815,0.0010203374698933843,0.004588844965221828,0.00015478084017184202,-0.00784707361907333
2019-09-25,0.016296314000617595,0.0053448894475534026,0.009852718993424547,0.001644395497246709,0.0061871743694446035,0.005914710542612722
2019-09-26,-0.00911075396113803,0.00806034003869871,-0.008074478361421278,-0.004377881059675293,-0.007378978073947939,-0.0020829706466862774
2019-09-27,-0.006620110242166133,-0.008506311412580514,-0.0035047774933801845,-0.004397207490881794,-0.006039951309707026,-0.0053874249314139755
2019-09-30,-0.0014809474935246758,-0.011667952061690134,0.003063356867831324,-0.0060729022682628475,0.011374277528527044,0.004637794195832434
2019-10-01,-0.006303308385912532,-0.0102429284289548,-0.006447317052459822,-0.011849765746276164,0.0006161916197939821,-0.011894898804592269
2019-10-02,-0.05335814159614838,-0.046658478711034124,-0.047244923377737336,-0.02492034038467006,-0.034334050850864384,-0.017664517245280287
2019-10-03,-0.003941739652592702,-0.027966795607670902,-0.005018589868412304,0.004227483734736692,-0.006696479203238459,0.008192599913593668
2019-10-04,0.022160730506984416,0.018549867975210965,0.012249361277545612,0.010141649945902387,0.01942214842923473,0.01353241079112788
2019-10-07,0.0,-0.008362648807118012,0.006643700943306019,0.0047358296736157435,0.0070854829190420965,-0.004314748865248186
2019-10-08,0.016647230138604696,-0.0029984796864289676,-0.0018856338903016079,-0.00018870677511506617,-0.012195051379596533,-0.015524481464984863
2019-10-09,0.030845421392018624,0.013533852263754031,0.020899711796454445,0.008674531220999926,0.014719872132499479,0.009496207079302321
2019-10-10,0.004063561093967438,-0.015207691361745823,0.010178085389038749,0.0033650312098973956,0.012010516847396957,0.006763207348079003
2019-10-11,0.006622546037933885,-0.0028249472634483963,-0.002175347148821616,0.004658100932737774,0.018495842318912326,0.010366764672204543
2019-10-14,0.009502911404694059,0.0007553675805500593,-0.0020654079406106085,0.0020399658100247464,0.001967193678841239,-0.0011133079246880007
2019-10-15,0.023533709948533765,0.012266649800924734,0.01046333241281161,0.002406156838224094,0.016915885608284498,0.009900317005224313
2019-10-16,-0.007782210872376849,-0.008762162882060998,0.020710056346223027,-0.009047265098225954,-0.007426068291838228,-0.0016060162062760952
2019-10-17,-0.004278048503265075,0.0037615118972167405,-0.0026755615600300153,0.003540315028900398,0.0022445343632522263,0.00294908055457066
2019-10-18,0.010383082192581439,0.00861900409880434,0.007042222891407546,-0.007055418828927129,-0.0020903069713125166,-0.004377225387480088
2019-10-21,0.014174415774695692,0.013932816692956873,0.007659035069979669,-0.004674805343653832,0.03291449236957411,0.006778921153729689
2019-10-22,-0.012578672063680796,0.0012825074243085766,-0.011786733963563778,-0.0058237091827824106,0.00217268592140174,-0.00326654263389925
2019-10-23,0.0010616325218253397,-0.008055854826628406,0.002117962806212237,0.006046879430999796,-0.004046858051371838,0.002909646142516209
2019-10-24,0.0395898722531105,-0.00037145833373386505,-0.0010011564600390654,0.05728780138534817,-0.002176672830474735,0.001633757775271194
2019-10-25,0.049303002742589364,0.015058493322103406,0.0203763710143825,0.007994338447367744,0.04086665620738894,0.004095318017203864
2019-10-28,0.01620220672642847,0.010439543861024969,0.006001779304026789,0.01586179831500467,-0.020818752413393593,0.0056363462340358605
2019-10-29,-0.014030627243357019,0.003806509250551704,-0.012582749011712524,-0.007460240965248444,-0.004566197484987877,-0.00029640002644526486
2019-10-30,-0.02037509768395318,-0.0010835730894479534,0.007030642625845962,-0.0029713460804944303,0.008887555576238215,0.0030667412916665082
2019-10-31,-0.007593386684955017,-0.00433820271273444,-0.009054236365588442,-0.015953774311894597,-0.013498099255073615,-0.002662998447976239
2019-11-01,0.01663340433046745,0.01706588671441045,0.008916834221077696,0.002315912109766227,0.010370156144855924,0.00926369081085654
2019-11-04,0.012761890313091495,0.015351815123284318,0.008074171865240842,0.012797853337823906,0.0068424065643486465,0.004017801015819389
2019-11-05,0.010696856677870015,0.011075798377318202,0.00790132440476432,0.015794989623881595,0.010618767216848957,-0.0011059768613965737
2019-11-06,-0.007055824694754076,0.0012173246617950273,0.002362474063787312,-0.0003455659257316501,-0.00014000373343292516,0.00022792744587252223
2019-11-07,-0.0022609798350156085,0.0013891713742375522,0.004928291535409635,0.006567446371253727,-0.006165132460348333,0.0035167325807525796
2019-11-08,-0.004208451273693958,-0.0013872442542304242,-0.0038379594737637523,-0.0010299321851053866,0.003383581173443062,0.0024661865517832116
2019-11-11,-0.005526670521600385,-0.006425876501068406,0.0009631457142464939,0.0013748496302961044,0.010397780547110047,-0.0019099413328489412
2019-11-12,-0.03497877203215238,0.00017472599597301297,-0.008660296901158993,-0.007037395484482123,-0.014879852621217049,0.0021079236390231237
2019-11-13,-0.029132820194452735,-0.012583011644232145,-0.0032355807572058692,-0.004494398849493764,-0.004517209677380785,0.00032403256788615664
2019-11-14,0.0038381461900856007,0.0008850309820709334,0.0010820003906328868,0.0006946121487259038,-0.0015598061838305588,0.0014554972887390605
2019-11-15,0.0031282461825674623,0.005304997790786414,-0.00010802536963439024,0.002776375440200596,-0.0004261260031921399,0.007236368023424644
2019-11-18,-0.009009010204214962,0.004045826191306778,0.0028104475281827135,-0.00017312411694625496,0.0004283893513583603,0.000737656262325137
2019-11-19,0.02412589022819356,-0.00017540278502814477,0.005605306578393643,-0.003980453627682845,0.00014280831455404375,-0.00028865568078584314
2019-11-20,-0.036189820099602255,-0.02453127305354519,-0.017043669757543234,-0.012510838239189637,-0.023262495996408394,-0.003718768834909403
2019-11-21,-0.010626972887035735,-0.0064664997926345835,-0.007960695221735814,-0.004223114110566195,-0.006428936740006885,-0.001608661808599643
2019-11-22,0.026852830425604157,0.014464007579070959,0.00890400734005281,0.007421645564589241,0.011176471650195197,0.0022238099694307234
2019-11-25,0.010808868198090904,0.004277122109357601,0.00806273560265569,0.009647426828023553,0.00043630168375630163,0.007750159886065644
2019-11-26,0.002069715099509928,0.01969835060157421,0.0025940931892807217,0.0005211582506940982,0.009449006140024752,0.0022654777945383398
2019-11-27,-0.003442290544347193,-0.006787436234471533,0.003126357361456611,0.002778303944310778,-0.0038882624527433185,0.004457941195153747
2019-11-29,-0.0072539450798803085,0.004205594182857597,-0.0026867274777082617,-0.001904674667963957,-0.002313112685625507,-0.003709021360759457
2019-12-02,-0.022964507447698068,-0.009771609035374218,-0.012607820688187776,-0.015961279414199336,-0.013041633608590009,-0.008494567809680276
2019-12-03,-0.028133867637427867,-0.01991186293829328,-0.030121080318301408,-0.01392798468564238,-0.02202316285327921,-0.006706553391219061
2019-12-04,0.003297828011510129,0.007910794914299801,-0.007876725059104861,-0.0026819566420112073,0.004653933727605919,0.006170460436862424
2019-12-05,-0.005113146966494786,-0.0032107920888433394,-0.0035159075085807734,-0.004481898345787383,0.0055289710608130704,0.0017978084948855333
2019-12-06,0.017988235593423108,0.004652781457066935,0.008194869288656648,0.0073833719538827225,0.015306896763651157,0.009134221656724062
2019-12-09,-0.008654898105809883,-0.00605639178885875,-0.010950566726710798,-0.008401684461898484,-0.004830227769777928,-0.00314422802395542
2019-12-10,-0.01782464719970478,-0.0048385939644550735,-0.01255562682864686,-0.00687301454047573,-0.01103107298090178,-0.0011151950144222544
2019-12-11,-0.0051851803532361185,-0.008103556866822514,0.005895208579845157,-0.016572615202804508,-0.007436000484733252,0.0028386379259539574
2019-12-12,0.03201783026523741,0.029230003530678728,0.01666288937684368,0.009074227513193645,0.01423443072853714,0.00861914454008672
2019-12-13,-0.008658020616788109,0.0007056658729300835,-0.010059900275441236,-0.006239660281606829,-0.00413648109271203,0.0005991995678293893
2019-12-16,0.016011690363371134,0.02979018491078822,0.011988986074569441,0.0036934386854907686,0.0235868577945626,0.006870022295366818
2019-12-17,0.012894000195416533,0.004621798196373428,0.008236526904613406,-0.0031279428543142807,0.01536233643887086,0.000218820892361693
2019-12-18,-0.009900980715629837,-0.0018743323996024408,-0.00581920623219756,-0.010705065193450047,-0.014701699824150816,6.26419379456955e-05
2019-12-19,0.019642809038744158,0.009559492738097752,0.004277407682089507,0.008955195903575852,0.0024627431871366845,0.00409905270267763
2019-12-20,0.017162923589733037,-0.0028744835753408138,0.0006724675831972782,0.010170123638136852,0.002023054572911631,0.004384270390705103
2019-12-23,0.008953102938533686,0.007970197880030394,0.0017921557380944364,0.01134911322917187,-0.0007210133224805348,0.0015275928106057712
2019-12-24,-0.0040955034662352174,-0.0008412558961052863,-0.003242407285457438,-0.005610915695369867,-0.002886466428923762,3.126820069843106e-05
2019-12-26,0.016792307456124256,0.0028625844870473482,0.001233882315970991,-0.0007280206566226965,-0.0002894044864136802,0.005323453168787129
2019-12-27,-0.041456023289187294,-0.008059143142793213,-0.0099708645344877,-0.010564519684528428,-0.011292930576581539,-0.00024808753332672406
2019-12-30,-0.004922706884984196,-0.007108975690529484,-0.00463962486552294,-0.004418438761745747,-0.008932487771380115,-0.005513203025158342
2019-12-31,0.013427637133085035,-0.003068479122327994,0.0014779133102664765,-0.0018491482840046203,0.001034244805734108,0.0024293473670600196
2020-01-02,0.014295634326637163,0.009575838125698066,0.018730861556060407,0.01593189000692985,0.006199283990626636,0.009351821724553178
2020-01-03,-0.04950154925348049,-0.016598938090698456,-0.020503636970036987,-0.00893500708415551,-0.018336501293446106,-0.007571960106486086
2020-01-06,-0.011934899691120826,-0.006889530574180958,-0.002275364893797316,-0.004047809217791243,-0.004781884080901855,0.0038150737521389644
2020-01-07,-0.0036603388315028518,-0.000866950018488799,-0.01060433680202566,0.002955888621926528,-0.006306213623260115,-0.0028121291067673138
2020-01-08,0.02277738963133724,0.021523879149975,0.006108175973218222,0.001473397365871154,0.004835237199768638,0.005329937311148392
2020-01-09,0.003951194971736571,0.0018693043523654307,0.007445519745274298,-0.0012873545874998449,-0.001954855675508016,0.006780284702407657
2020-01-10,-0.022540297547325006,0.004748940189864381,-0.007276855166067464,-0.006629870244557856,-0.007232208576155474,-0.002877334907105955
2020-01-13,0.0025622231674304885,0.004220144217760957,-0.004810424701517713,0.0009267813486426579,-0.0003034596378304055,0.006876787591130196
2020-01-14,0.005111419809713524,0.03294668936759315,0.011048441606814174,0.009261154641097002,0.004706216998502155,-0.0015242828642674233
2020-01-15,0.0018161391539353033,0.002766491679802696,0.005008565157071265,0.009909976972519052,0.006195169400250222,0.0022599060681489647
2020-01-16,0.023567840985357913,0.004219367320281053,0.014157888628814952,0.004906517395673271,-0.0007507893312329594,0.00831850903199327
2020-01-17,0.006021908353607497,0.0024239953287255034,0.0017868665521434401,-0.005244201625633438,0.0012022116266063865,0.0031124606579366887
2020-01-21,-0.04225344517368301,-0.02724477346562948,-0.04358970084437075,-0.026722486532454903,-0.024467175014073805,-0.0019584655627058467
2020-01-22,0.004411700119818729,-0.011600990044357551,-0.028558160059341864,-0.0011204311065918793,0.00923222262926382,0.00012126740199858155
2020-01-23,0.054172748428435336,0.010563370649218529,0.018478533515691842,0.03590123184603011,0.024241586246435576,0.0011468484352390451
2020-01-24,-0.040277789687367616,-0.024224322977591917,-0.03510833911365452,0.020758035425965993,-0.006847261626428236,-0.008893386247951995
2020-01-27,-0.05535448072872329,-0.03366779050066948,-0.05213680333219162,-0.005305068998567308,-0.02068352459402867,-0.01602955868993239
2020-01-28,0.03025656735019422,0.01143754340028269,-0.007471263972441022,0.02399998523840896,0.0030609620770436496,0.010479469520969342
2020-01-29,-0.003717489050928613,-0.014439746663192254,-0.023880647558821577,-0.012326217040224519,0.020598062495075897,-0.0008262177417124317
2020-01-30,0.0343283579957232,0.00794355632071686,0.033772117357354636,-0.01863250010162132,-0.013155935684998066,0.0032452812472867354
2020-01-31,-0.031745983512287856,-0.02381778379656163,-0.03794208293559087,-0.01522489697537377,-0.021511929239023342,-0.0181576998830022
2020-02-03,0.011922472048838006,0.005382160141645276,0.0014705963350756246,0.004365323403491939,0.0009290584685561765,0.007428368596682056
2020-02-04,0.05062826556806388,0.03372594765932879,0.05313036354251577,0.008330159914018864,0.017323953975429296,0.015241248581891798
2020-02-05,0.02356665737256325,0.016571674763623978,0.03752058698660665,0.022808985890416578,0.008514589314293719,0.011548156183669223
2020-02-06,-0.027491447901100474,-0.012056373081979044,-0.016493567492831818,0.013520682415122831,-0.03482599150026955,0.0033648880858379027
2020-02-07,0.0028268525039849557,-0.004468981890975998,-0.012670765752377688,-0.007969287798354707,-0.0009371505684984127,-0.005329737604127249
2020-02-10,0.0144468557746662,-0.00362564158267098,-0.0001258446880726405,0.0027939480362209057,0.0073483487253407365,0.007465252004787981
2020-02-11,0.03647096921397619,0.016461638020347502,0.013338335753260377,0.008882044428370373,0.0018624929992769879,0.0017330162605821986
2020-02-12,0.02111257230378949,0.013808325643423824,0.020737590888609825,0.009494077757782549,0.015337002184836468,0.006443029237346076
2020-02-13,-0.012471255967506867,-0.005717132393827096,-0.014720184055901364,0.001026068515506795,0.014647477287858424,-0.0010672448601631856
2020-02-14,-0.029577912433871978,-0.00388982272301186,-0.017779909247977566,-0.009736914724320256,-0.00022683386991961818,0.00160218031610726
2020-02-18,-0.01952060230410324,-0.00305597632778698,0.008673724519693504,-0.006382670613488628,-0.009378350338193009,-0.0025768418831215723
2020-02-19,-0.010478492694881214,0.0033093760368483327,-0.010219338442859938,-0.008506799449871205,-0.00488623767387919,0.004781123911614893
2020-02-20,0.006353699458543138,-0.002221803447327919,0.006169799854712998,-0.0029767761589802877,0.002915489439077268,-0.004108249509883644
2020-02-21,-0.02420205291189781,-0.008735735702396608,-0.023776766847776076,-0.00720072289404361,0.0010709867529152817,-0.010298435640540227
2020-02-24,-0.08519047296487547,-0.0628997176154038,-0.03255993905873367,-0.042809050686700933,-0.03698612215123509,-0.03316506704766109
2020-02-25,-0.09155205712602665,-0.06158955261949706,-0.06492648001355439,-0.08223982663382645,-0.06665603967818023,-0.030302098895180096
2020-02-26,-0.03503466020280099,-0.025545155759565064,-0.05724813565251652,-0.015303928737946726,-0.024485672636971545,-0.003678451647170178
2020-02-27,-0.07664720418676285,-0.028231709581545084,-0.0238989383295376,-0.046421402989917815,-0.07686944273169827,-0.0449118661698098
2020-02-28,-0.07524277260710388,-0.042747252981564565,-0.05158611276371572,-0.00943591851205594,-0.04720543888251261,-0.004201334087309272
2020-03-02,-0.009973681591511796,0.02232826239004515,-0.005358042380859129,0.016453807179874103,-0.008521607470819426,0.04330666972844388
2020-03-03,-0.053552502449415784,-0.020780191773449808,-0.04848183949365026,-0.03335470639279081,-0.05316809738785877,-0.02863246710637124
2020-03-04,0.038095254377792376,0.05023795118085572,0.02024361445603362,0.038044691853300394,0.04897613990154914,0.04203286235405934
2020-03-05,-0.1343766691229913,-0.07195876471790852,-0.1325037986609624,-0.03579798077360319,-0.12537733375761506,-0.03324148100904145
2020-03-06,-0.004364129956549556,0.019551210120258622,0.009885604187338304,0.010607703700860283,0.0402669129513451,-0.016531404754309142
2020-03-09,-0.07639325276328168,-0.05164519466297479,-0.1021113215092847,-0.04614030811695402,-0.044680391476881076,-0.07809436457959562
2020-03-10,0.15254237288135597,0.044806918647806615,0.12355713434845494,0.04447470480660631,0.08312109902147147,0.05174465590376709
2020-03-11,-0.0435293983010685,-0.06157909356836966,-0.061263339736886024,-0.06738345059548523,-0.023086747424956977,-0.0487481367645306
2020-03-12,-0.17281675154133358,-0.20998353896582322,-0.248479900357077,-0.15109456539661537,-0.23238509309822775,-0.09567715008387978
2020-03-13,0.06394056673213822,0.13794139570152608,0.12297727436395989,0.14444147985042388,0.0818129641414127,0.08548627996851321
2020-03-16,0.11250870785930922,-0.06647560437495426,-0.14817479009087486,-0.09108514938301937,-0.14281954873991853,-0.10942395978235331
2020-03-17,-0.021356793401915652,-0.11365552126033751,-0.13532565489756776,0.01945602151663617,0.0,0.053992334029662414
2020-03-18,-0.2522464906560117,-0.25992426541656355,-0.3029018875910585,-0.08104562485213906,-0.22748232081828013,-0.05063285020347841
2020-03-19,-0.11673817177762447,-0.08429122254827637,-0.004677197289352342,-0.12204834427010891,-0.03780337792744437,0.0021246481646530757
2020-03-20,0.008746370546310889,-0.007438375332642022,0.1513157523239761,0.03499679430136138,-0.02564106002515998,-0.04309394941598088
2020-03-23,-0.012524095665476742,0.0407492916214891,0.0714285714285714,0.0560424729322655,0.01994911847865466,-0.025568300428111868
2020-03-24,0.3580487879311167,0.2101711133550943,0.2571428571428571,0.11651356534125301,0.20307944325106186,0.09060314162669547
2020-03-25,0.10560346688016553,0.15656365428727526,0.1090908628521543,0.04620279159665719,0.032168810449130225,0.014970286523251497
2020-03-26,0.017543827034838255,0.019292715640783165,-0.028688504940866943,0.04644659836260878,0.08880702119061756,0.05838987580369781
2020-03-27,-0.10344826956219888,-0.06782349860376546,-0.07623063692354481,-0.11763251977586331,-0.08064021864824467,-0.02978564390453231
2020-03-30,-0.1274928751222575,-0.02977977020779199,-0.08160780428512238,-0.035184479299332105,-0.051556775100742414,0.032475847397383184
2020-03-31,-0.004897993438097936,-0.004883368591806381,0.046087513152547555,0.01452978763766799,0.004941736322819024,-0.014905560842493504
2020-04-01,-0.12305168594212812,-0.16333675920158686,-0.18700474678933665,-0.10025228150304588,-0.074464312715678,-0.04500473210011624
2020-04-02,-0.0589335065945823,-0.0498533845721596,-0.08693955459653557,-0.01685413962269533,-0.06413664173022504,0.023075068495225226
2020-04-03,-0.06660040242020915,-0.008818247035680904,-0.022630259817205678,-0.03047610444696147,0.0012165728641988505,-0.014454030901570825
2020-04-06,0.011714552998442374,-0.00711750091087171,0.04936658358436907,0.005238789822623158,0.0801943904174931,0.06716628029131666
2020-04-07,0.0757895017925061,-0.0031362066268377786,0.019150669263371167,0.06742676569549011,0.08848896151482522,0.0010192856229078728
2020-04-08,0.1086105310836698,0.044044938272131295,0.12377454016768774,0.046689201643534295,0.003789138835726291,0.033568342551042685
2020-04-09,0.10414830654207119,0.04993536501350748,0.14503815841227063,0.0632652549388808,0.08476325574600252,0.015217407279220163
2020-04-13,-0.07593923196514996,-0.04674052410674889,-0.08222222706628224,-0.060597741004451366,-0.06643468335720382,-0.009130000224925494
2020-04-14,0.033736970198256166,0.0554840556420515,0.06883430583263395,0.015177926668007435,0.05218566574836858,0.029492650488030625
2020-04-15,0.028451896068172333,-0.0077424295251538044,0.031067993646368475,-0.056354232105762736,-0.031239914241180555,-0.021247917172700692
2020-04-16,-0.0992677193503313,-0.0644764098988081,-0.11456376195714801,-0.06520407216874191,-0.06050530915692842,0.004824264953870339
2020-04-17,0.04516711958300923,0.06540824889320063,0.03084015836470777,0.016623262092675173,0.059094128194209894,0.02701582024251903
2020-04-20,-0.04407945450816786,-0.025958020509299073,-0.0443603511541657,-0.004168068078202136,-0.023387930364250686,-0.01761840764096012
2020-04-21,-0.005424992526246064,-0.022842634926584227,0.0032385117766935423,-0.03058593328690673,-0.032158694540884936,-0.03036285069314182
2020-04-22,-0.06636359474875708,-0.027272693056114905,-0.07173601363713267,-0.01328470025723294,-0.026864623693408918,0.022194180658293705
2020-04-23,-0.0019474641550334404,0.0004450637757660303,-0.006182374520887324,0.014473491887828649,0.02433708897867759,-7.167249557249455e-05
2020-04-24,0.005853699474799967,-0.0031138846733146375,-0.006220834046796964,-0.026874882720667848,-0.006737607408412449,0.013938795053670905
2020-04-27,-0.028128026193020128,-0.011155943370272925,-0.021909212740342965,-0.00750073835602505,-0.005712240132262791,0.014418399656442649
2020-04-28,0.1237524665138503,0.09837558807688596,0.11360000610351562,0.019924558593181096,0.13393175910755528,-0.0045985623970268286
2020-04-29,0.12166961436155566,0.12243213150448273,0.12104881154504965,0.04311205657813599,0.07663078157506042,0.026178750262972228
2020-04-30,-0.04908946001118286,-0.05161052012448575,-0.05222682501062759,0.009040959714669894,-0.0435293983010685,-0.009310851463528724
2020-05-01,-0.11407159529143762,-0.0690852891010224,-0.10006758255940529,-0.064639931350016,-0.07410823534711108,-0.026473459223039897
2020-05-04,-0.0770677276352848,-0.06426209029855523,-0.051089427778948426,-0.05713312054511366,-0.0445034913791138,0.0027586359499769397
2020-05-05,-0.03156817470226325,-0.038103542030128,-0.0451306167584663,-0.04136433027596731,0.006951645895328706,0.009238977208730903
2020-05-06,-0.027339665891091824,-0.03270381976901349,-0.05016587685408003,-0.05639665671778238,-0.0393510326775508,-0.006778835871272926
2020-05-07,0.03135134722735433,0.03238086545446328,-0.006983843233424714,0.020858483815960005,0.015091630522649835,0.012066731833802358
2020-05-08,0.06289312199883734,0.04797045683462775,0.11736264071621738,0.06876233979844848,0.06194690265486735,0.016546411415384377
2020-05-11,-0.003944769279950466,-0.0312499130277476,-0.05704172929140494,-0.04080889466343762,-0.054666646321614554,0.00020543682584284184
2020-05-12,-0.04455452930131176,-0.044525210549142935,-0.05047972962596314,-0.03257953232712929,-0.05324401256644107,-0.019931927326486742
2020-05-13,-0.0559585474818155,-0.07703279499057658,-0.09007034814559367,-0.04912844661312543,-0.04953444710652377,-0.017686002229240216
2020-05-14,0.0043907753414358375,-0.0015458888214270328,-0.01979719292790827,0.03249999655351621,0.024294628556566167,0.011967532788351942
2020-05-15,-0.01202182090308268,-0.009803680660072978,-0.01871917118464017,-0.036723160070057936,-0.01951033820925785,0.004596970820716528
2020-05-18,0.0918141512398769,0.13913485178178586,0.21134533475644002,0.1348973929682724,0.13343738541861327,0.03045976884538848
2020-05-19,-0.023302892087450067,-0.004574380989666227,-0.018648937888173678,0.022148408865775515,-0.013425108429982235,-0.0102710460370955
2020-05-20,0.023858872826248323,0.04411749481978622,0.051942547566922403,0.052726642699354676,0.055826950104265194,0.016987616445302223
2020-05-21,0.002026388854668104,0.019366285380312265,0.03733441633370371,0.01543752652255237,0.0522141411683803,-0.006903893520193161
2020-05-22,-0.01921137790312577,-0.020293684824111313,-0.017027884344402833,-0.02466224059073463,-0.02575375913613398,0.001898986428410021
2020-05-26,0.14845366622401102,0.13045399102548538,0.16299217949502576,0.12642858641921317,0.1292713817652309,0.012320466879901515
2020-05-27,0.07540387549602401,0.02612099633710252,0.0389302499285229,0.03505538410746101,0.020268424890426795,0.014879173419565683
2020-05-28,-0.08347245727968766,-0.025076097375811734,-0.0586510626616531,-0.03297676867132637,-0.035814284663711615,-0.0018448691386421245
2020-05-29,-0.04371580712639678,-0.01753719918606278,-0.029421893114530695,-0.013824878351832437,-0.007835184705078269,0.004455798074423756
2020-06-01,0.05809520539783297,0.03808016188074115,0.050641873130574,0.047351915227067165,0.05615683125949844,0.004041963535049042
2020-06-02,0.009901045342107784,0.009171040894264904,0.015274975455672468,0.02558014874418091,0.002492388564570902,0.008280031986799274
2020-06-03,0.05614974148371821,0.07800051506428352,0.12504184879794944,0.05626448362720393,0.08563531515984901,0.013308055446557665
2020-06-04,0.41097036076894633,0.1373378797520015,0.16196126897797636,0.05079639889589882,0.0768447968547481,-0.002626548794847472
2020-06-05,0.11184216004960024,0.054972110077500025,0.08465476988398835,-0.0023518938024253977,0.009451831965108237,0.02562976283414997
2020-06-08,0.09252282405791434,0.08225983272873005,0.14807825517311546,0.06312221534851203,0.1760299682322879,0.012087427713959542
2020-06-09,-0.08665683284892056,-0.0757372327443111,-0.08317928427377097,-0.06356221989999955,-0.08240451962644213,-0.007456705855213852
2020-06-10,-0.08247972195277142,-0.07404138367183222,-0.11021501425213298,-0.02288899552038892,-0.10021689988728022,-0.005580149976452398
2020-06-11,-0.15511164937240163,-0.14032858589355313,-0.16112792873085446,-0.11604743920158289,-0.14199612957206142,-0.05764883037921431
2020-06-12,0.16411680374795323,0.11874994460635935,0.19027611676637313,0.0925980806981066,0.080921636857757,0.011975705792694136
2020-06-15,-0.002389427044540482,0.0009858617605185138,-0.016641448561558025,0.013103173148208969,-0.0181960161353657,0.009335675330407467
2020-06-16,0.019760473570659354,0.02757700711395783,0.031025617550580975,0.006329085832223136,0.011649420740701633,0.01924758788627212
2020-06-17,-0.0029360623836256483,-0.018530298350934782,-0.023874635820207324,-0.007109537773172692,-0.020936908040535385,-0.004154035052828076
2020-06-18,-0.02885746668598732,0.0022786502723060043,0.0022929975181629203,-0.012668970675035252,0.001069257302606319,0.00038521484137632456
2020-06-19,-0.02971496530742146,-0.04157186388394385,-0.06354855084654953,-0.036262027363062166,-0.030974628138326965,-0.005714720056008149
2020-06-22,-0.06749999523162842,-0.006777424076645833,-0.008143301732301267,-0.005499449869471595,0.004960052373511159,0.006414971007169923
2020-06-23,-0.06166220318964433,0.01125893915057219,-0.012588918252522063,0.011350586896256232,0.00987114335897532,0.004603651449218926
2020-06-24,-0.06857143129621235,-0.07759777246930788,-0.08342577559515829,-0.07194251325681045,-0.06625040239202118,-0.02550872763692047
2020-06-25,0.00996933395868238,0.024506057292562167,0.04898696543194436,0.022325389451016475,0.03169526524958255,0.010720463067337205
2020-06-26,-0.059984810727148785,-0.039271586829574656,-0.051888132266303066,-0.030633817503183836,-0.03325818264938474,-0.02375125758093133
2020-06-29,0.07592888301243383,0.06317341094622586,0.0723624540067429,0.09637041270973468,0.07609331394770136,0.014697391253640113
2020-06-30,-0.018768769198781787,-0.019573477515965942,-0.018712782502015246,-0.024543509084730797,-0.017610445097969274,0.012809412224663808
2020-07-01,-0.019892829478066476,-0.012477672149523555,-0.004622936856125137,-0.010824723525510227,-0.015443948828348208,0.0070050943405148836
2020-07-02,-0.02419987583622385,0.0007220637927167761,-0.008998588285214493,0.009168868501528982,0.022128876712727008,0.005506801621956381
2020-07-06,0.024000015258789142,0.025973972279127233,0.03134152647784316,0.005275483001090153,0.016168816811429565,0.01543735929890988
2020-07-07,-0.06953127578599338,-0.0502812408894433,-0.07554671731261564,-0.03760943237565706,-0.026429431190395314,-0.010313913906548233
2020-07-08,0.006717038180603874,0.0,-0.0006144534019190129,-0.0036350640507218923,0.004432128924515277,0.007648815803842135
2020-07-09,-0.0675562536617833,-0.05035180427719321,-0.07254837969760108,-0.0401339117388928,-0.050193044100153794,-0.005693302453954718
2020-07-10,0.06797846640985128,0.05614047062305616,0.08286370852931291,0.05226488984014899,0.03745647406986019,0.010210722375826098
2020-07-13,-0.02596310526272494,-0.009966847685355718,-0.027854239089871835,-0.017459414859363864,-0.023789490204619623,-0.008659024987901387
2020-07-14,-0.005159107396929152,-0.02647277903396572,-0.0006297373305899079,0.01868868276862856,0.017488549073158666,0.012959367933468968
2020-07-15,0.16162488633388783,0.09536572444848068,0.14587269042703888,0.07518817333533767,0.0921385316544081,0.009187131698014994
2020-07-16,-0.07366069955561183,-0.046853049497309396,-0.05169088008330447,-0.0430770060149851,-0.03818368437374542,-0.0032934485630198296
2020-07-17,-0.0433734915763746,-0.0077037540261369886,-0.0165266303793008,-0.0023387526434959227,-0.007510697115483023,0.0028987663120814133
2020-07-20,-0.03694370999332186,-0.030683885587220017,-0.046874894567250025,-0.03369473853667393,-0.030000016495988158,0.008082084910921328
2020-07-21,0.0,0.00800916892522352,0.02288889025235763,0.019405754228265515,0.008637541893645961,0.0021272421667850594
2020-07-22,-0.009590288386284174,-0.0068103917612591935,-0.042334430947980506,-0.00951807758771539,0.0027623887296563954,0.005692280194203203
2020-07-23,0.03609162090470952,0.020190374387907495,0.04925795586309745,-0.015315118221534862,0.010192808255131247,-0.011931873654952185
2020-07-24,-0.032285480005250444,-0.03061995787366023,-0.010532605445156107,-0.03446174069531549,-0.04390501434542626,-0.006440205516074715
2020-07-27,0.0,-0.017719464008116526,-0.013990355359690065,-0.0041061918279421405,-0.025955499479967337,0.007292439710578469
2020-07-28,0.03336260781271072,0.01725490275088415,0.03207899365409417,0.024104068450635507,0.024890144542950132,-0.0063424429098629664
2020-07-29,-0.03143592394589423,-0.008481072548116142,-0.026598906575028836,-0.015484582692574578,-0.006857190813337022,0.012298653097522871
2020-07-30,-0.01929818602773381,-0.030326444138704223,-0.025483571737274335,-0.02610901076941896,-0.002876826206839822,-0.003568039878548479
2020-07-31,-0.005366763683264164,0.0012027985170264266,-0.011342174320969733,-0.0022609199091998544,-0.006347409742402221,0.007902223234226069
2020-08-03,-0.003597118908694741,0.009211115665789249,0.01561509533369998,0.022337228473124693,-0.012775802678684056,0.006952234469187024
2020-08-04,0.035198587184855024,0.018650625653915842,0.013178539856732785,-0.005699859687299358,0.008823506972369,0.0038623277355567254
2020-08-05,0.09503052547619895,0.0311649111203689,0.04459580631403859,0.0420383655553227,0.042565571922670964,0.006210907607164584
2020-08-06,0.03821652278662713,0.023044881762680935,0.019863681966660218,0.009168741087280274,0.01845637243821363,0.006684847482802514
2020-08-07,-0.0007668887201756069,0.0036926858755019776,-0.002034874759280436,0.007873951150202618,0.005216981080692795,0.0007177184779254553
2020-08-10,0.07444361373042185,0.0794701909720934,0.09350419205538496,0.05138215894307452,0.0721114270864549,0.0029891577536200753
2020-08-11,-0.019285746983119467,0.010225007822546539,-0.018913134447447133,0.008573913450493631,-0.006878992554488428,-0.008254616132551074
2020-08-12,-0.013838280168824713,-0.01855588906826755,-0.011675272435452633,-0.0011333842424549045,-0.013340186348648642,0.013942104474424122
2020-08-13,-0.017725241639167555,-0.013406635193166316,-0.016208794721297548,-0.015319280442360639,-0.017420649633239527,-0.0018075645880754054
2020-08-14,0.002255618988042496,0.008710689121842252,0.010332279187253324,0.00547433862068214,-0.002910839049658942,2.9613287846341763e-05
2020-08-17,-0.05326331899554704,-0.03212431590486209,-0.04919841802882008,-0.031232357763579466,-0.03768582728614056,0.0031762016170344687
2020-08-18,-0.0015847467726398667,-0.013918665566062804,-0.012209359448039914,0.01035198776758417,-0.0019304936035434705,0.002160843907908827
2020-08-19,0.006349200101906982,0.0014477862580024592,0.013537348165672869,0.003220302610499104,-0.009394865031494226,-0.004163822285129126
2020-08-20,-0.014195607322052495,-0.001806973677228929,-0.011324024541220057,0.0055438989957550255,-0.002231464986397924,0.0031135685554044557
2020-08-21,-0.027200012207031277,-0.012672213991632986,-0.029662212750768746,0.006674196523256182,-0.009505176075951027,0.00354747318088533
2020-08-24,0.10526313725600911,0.09277607977658842,0.09927356805112608,0.06399569993208565,0.058989560671343755,0.010132830628941436
2020-08-25,-0.022321372502006498,0.010067237366470083,-0.03028630185472847,0.00406395567465756,0.005063929221506003,0.0034995701638016463
2020-08-26,-0.026636253601590165,-0.004983613238421003,-0.027541203494704458,-0.01834853375665746,-0.027048541037585583,0.01002567134248844
2020-08-27,0.038311162828742695,0.029048594595340038,0.05751828381614965,0.03490925328943972,0.0493322823940745,0.0021866906574965483
2020-08-28,0.023343405560998676,0.037962266430032754,0.030922111930923535,0.030810185508118204,0.057922066032112474,0.006459185643150622
2020-08-31,-0.03973509608461612,-0.035636116288432884,-0.03588645278821778,-0.031693006462195084,-0.04370240116136137,-0.0036224575543027937
2020-09-01,0.003831432184220329,-0.004538096115914936,0.0002777311537001115,0.008781103777811605,0.005134807677070752,0.00941849788050586
2020-09-02,0.00992359976954571,0.01400193444307285,0.024437687007305753,0.033236795421338616,0.033716465986640465,0.014463866836073924
2020-09-03,0.00982616167339212,0.002569066098848438,0.013824942929480777,-0.010977924522703852,-0.001976818103325395,-0.03441423483746453
2020-09-04,0.018712575331171655,0.017616990895926055,0.021657687848843254,0.01677862845606959,0.010646207270951002,-0.008164705652085602
2020-09-08,0.0014695413863481388,0.024236683240182355,-0.02433918679557634,0.028179686673979187,0.019108250493097723,-0.027322867428780206
2020-09-09,-0.04255318553457288,-0.023970559283496895,-0.03353004401636883,-0.0316049175958556,-0.022355777386730558,0.01974745990001514
2020-09-10,-0.003065131131678167,0.0009446395083170245,0.011657007989795298,-0.007139335086347343,0.005409422931105912,-0.01736391396687964
2020-09-11,-0.004611869220686127,-0.002831119703584961,-0.010425269140230009,0.0002570259149032861,-0.013695220517306206,0.0005093475498070266
2020-09-14,0.02393825669363392,0.035331172314625015,0.018575048220438983,0.02849801753337,0.029258528066068656,0.013171120808565417
2020-09-15,-0.009049764968910634,0.02102360903863576,0.001633030915970668,0.013729529902432258,0.016140737430360597,0.005052311920781261
2020-09-16,0.050228297577442405,0.031632549687123035,0.040760870410273764,0.036690199160032355,0.022285410618966717,-0.003968478182088786
2020-09-17,-0.012318845937993594,-0.017645300995904223,0.0013054631346354206,-0.04038005170609793,-0.022495302180738252,-0.008795424517040407
2020-09-18,-0.032281770386152764,-0.03298009548849612,-0.03598428444134627,-0.01410864204102813,-0.026334533100077162,-0.011512579975744175
2020-09-21,-0.07429867880313079,-0.09196092050033478,-0.0860156938105533,-0.05799654455266556,-0.08284603923077705,-0.011129483953820185
2020-09-22,0.010647019986467443,0.01341386951791601,0.008286438937863627,0.01599142420952271,0.006376240232692565,0.01018431480857851
2020-09-23,-0.03322527085432214,-0.021839936584620467,-0.029057759689969376,-0.01495303578935947,-0.026927149656873595,-0.023190900232742395
2020-09-24,-0.013411554343606635,-0.01860624088744478,-0.01027811770762077,-0.018375423394378032,-0.03147042398817379,0.0026653367603994838
2020-09-25,0.04418007509475963,0.02654262240768812,0.04459373884005946,0.006511105513457904,0.028011203883169467,0.0161670345985927
2020-09-28,0.038242495401761056,0.052384153466785044,0.050877129384601316,0.03072795871353806,0.02288828706064061,0.016609544426075873
2020-09-29,-0.039968669258129585,-0.023292887772442872,-0.03978854646124197,-0.0164750912272581,-0.023175352300595753,-0.005446091183657131
2020-09-30,0.003265303008410436,-0.0009801935572414378,0.00695455491567043,-0.00292473703813223,-0.0010907309197508708,0.007581789643172909
2020-10-01,0.023596416822877053,0.01700453758469611,0.012374109501461339,0.01146670001760186,0.007643974095884021,0.006419997267960387
2020-10-02,0.033386333771154186,0.020900399585991103,0.02359289394989883,0.021882455076951413,0.01652670313934812,-0.009494286045847788
2020-10-05,0.00923076042762161,0.007874039760546347,0.0052763801794635246,-0.006965951622680211,0.0013326022508137747,0.017733234267194753
2020-10-06,-0.04496952421754907,-0.02937510864192272,-0.03646407919901473,-0.023642394360037677,-0.03939312095443581,-0.014216203765814006
2020-10-07,0.043096566110219614,0.035093383631451536,0.04300458583905242,0.0268759663313618,0.025768919402708645,0.017406689622781135
2020-10-08,0.006886010305228396,0.016485328605169602,0.017042301090753886,0.010365385825195306,0.04349002135179392,0.008862553990115485
2020-10-09,0.0030395108143479455,0.0039778979601572395,0.00324321437526387,0.018979295005963515,0.001553133754460978,0.008929865845591411
2020-10-12,-0.021212101289172614,-0.005181288484682578,-0.019935287851905015,-0.013591860685535972,-0.007236980853847386,0.016087840268274922
2020-10-13,-0.05417955148077125,-0.026654332751750553,-0.030786220827344724,-0.0015310512775540408,-0.010674299636575846,-0.006526323459185579
2020-10-14,0.011456578280621965,-0.0003148428957585603,0.009926327438439353,0.0030666922867323976,0.014473664133172193,-0.006283185465302377
2020-10-15,-0.010517808903877102,-0.01322414429646912,-0.038191535721463055,-0.0114649102999268,-0.013488987498182947,-0.0012358956539029187
2020-10-16,0.01880625547992354,0.004147917223745967,-0.0026277416813982324,0.022680384239564866,0.03470943300536766,-0.000604180251065789
2020-10-19,0.008025712773962246,0.0009534073638914897,0.039227170918427534,0.004284305714214343,0.005845066476555472,-0.01520363993227869
2020-10-20,0.019108261393313564,0.015237980530975692,0.01577468657157799,0.007779106785637424,0.008842810963350711,0.004005893853125775
2020-10-21,-0.003906264842953311,-0.015009269573431516,-0.01442042257238585,-0.007967968297842076,-0.0060105603965068255,-0.00189301841083922
2020-10-22,0.0313725191004135,0.07047616179941052,0.04783344735921835,0.05245962631817602,0.022675776190963726,0.005485373028767837
2020-10-23,-0.041825038252131796,0.008303575991040146,0.020676600654173427,0.020510434042929182,0.024143866433906647,0.0033950606641894865
2020-10-26,-0.06349207670750456,-0.06088225109805112,-0.07024462738354609,-0.039495301409374184,-0.07192681947846657,-0.01847978699916375
2020-10-27,-0.0483051389224628,-0.03820858317093501,-0.03310701693805451,-0.028467253471238352,-0.028771398591745934,-0.003447472697823195
2020-10-28,-0.02493319184191456,-0.034516399526838715,-0.04594673043474373,-0.044828222662258166,-0.04697096554291069,-0.0341789468219279
2020-10-29,0.019178086009580042,0.037436679397987005,0.029754640064573623,0.03749322269886224,0.0299635878537301,0.010163364982576972
2020-10-30,0.010752678064499088,-0.0039011411968616905,0.008638692825846395,-0.0010106900065334212,0.030179462947029112,-0.01042460093793407
2020-11-02,-0.007978737120429402,-0.01370746896088415,-0.002362723851523807,-0.028585744102014088,0.010029059758154935,0.01120841055321864
2020-11-03,0.00536196799523414,0.022501723123185213,0.007104845682051719,0.0117186889965748,0.007577760963117797,0.017655732262926715
2020-11-04,-0.021333312988281228,-0.015210473743379693,-0.019988250911989636,0.002059267165323675,-0.019709598266687056,0.022349217213100347
2020-11-05,0.05358766033811513,0.05093642905960993,0.06028789179166161,0.054456735632095965,0.03650796550181479,0.01950301955057765
2020-11-06,-0.012068994717137738,-0.01751079390603094,-0.018953272924065345,-0.025335051050432655,-0.02348141849098051,-0.0002286235345970722
2020-11-09,0.1518324402553417,0.17027344962355517,0.19146480193823567,0.09697572242289532,0.1999477747382281,0.01256595284810258
2020-11-10,-0.062121189899461804,0.007343103645444993,-0.030735732505892344,0.020961498703481407,-0.008494868023189994,-0.0014666433815890834
2020-11-11,-0.0274636631215609,-0.05453561911671734,-0.038451958673254905,-0.03548298224734103,-0.025922677796777704,0.007428545165082845
2020-11-12,-0.02491695944230643,-0.01827554756675487,-0.043105684751066464,-0.030078753011765103,-0.043527295862292315,-0.009700963609310054
2020-11-13,0.042589438649740075,0.060500734020442204,0.05807335937472513,0.04675562276636325,0.05305352530288432,0.013844656258535704
2020-11-16,0.044934656946044926,0.04223803463077891,0.0515516346500513,0.03874193108138768,0.055978504445625576,0.01248236204002251
2020-11-17,-0.0070367594101893305,-0.010526408842537083,-0.009756134777534342,0.0017553022468050905,0.006361306998117211,-0.005378567079742935
2020-11-18,0.0031496033428162207,0.008244583711061182,0.011083763050540263,-0.001314192564128347,0.005478342630552913,-0.012034619300183902
2020-11-19,0.003924661823637932,0.0,-0.002679673870791488,0.010526377845276436,0.016135801300642294,0.004210175254126591
2020-11-20,-0.02032839950408938,-0.020575101654249917,-0.025402958859690572,-0.011718852022982618,-0.015879571687158922,-0.006847930643553268
2020-11-23,0.0822027700395862,0.044707737368359535,0.025814504759575696,0.027887549628915043,0.041911147293355544,0.005994589589134458
2020-11-24,0.09292029765609233,0.06367631544226904,0.09846075615072158,0.030762752491584777,0.053298424097346864,0.016113737336654
2020-11-25,0.008097158436581653,0.0007270910524697083,0.015124562255843577,0.00041469234936331034,0.001909533909833172,-0.001541629587438531
2020-11-27,0.0026773736932059755,-0.005570250800549514,-0.007449609052032624,-0.01118725408732757,-0.017533866251933206,0.0027850425169262394
2020-11-30,-0.05674228663350922,-0.019727079711331363,-0.005518763889856171,-0.02912211582819413,-0.011251174101675754,-0.00442721037190652
2020-12-01,0.009908021386332067,-0.007205240817817371,0.005993350995254998,0.020069065924998908,-0.0005886323970099028,0.010937381061667306
2020-12-02,0.041345422563920264,0.027777769536162955,0.031112088634306367,0.0035963877410818412,0.006870873542482725,0.002103716496675734
2020-12-03,0.08277257902613422,0.04577558304552021,0.06805051008617236,0.008010109994839754,0.033534750932031177,-0.0002727497448651306
2020-12-04,0.019266591858454474,-0.013736923257129718,-0.013424126848200157,-0.0048096823267612665,-0.0013204998498516085,0.008617768944671811
2020-12-07,0.04939021248678377,-0.00023594560917261642,-0.0008123662502805828,0.006303784043275584,-0.036456372407272175,-0.0020548909143497385
2020-12-08,0.024404421768556617,0.0014167543000713767,-0.003252029368516429,-0.012737495395932497,-0.0007841031591093728,0.002926017455053387
2020-12-09,-0.02665906612181912,-0.007073936107014789,-0.020799356417644632,-0.032148868494959126,-0.011967835898418433,-0.008968846172879519
2020-12-10,0.048368294352358454,0.012111047324466107,0.033735920792205,0.022727449378720177,0.018467043167283315,-0.0003269582767408963
2020-12-11,-0.05225128104596921,-0.020647400494790635,-0.02578563245437504,-0.019658119507057537,-0.027490735469752225,-0.0011724486888321506
2020-12-14,-0.020527770661732503,-0.025155820218561553,-0.03391231118589755,-0.013513578075681654,-0.019045724590946778,-0.004477240618433687
2020-12-15,0.01856284142395559,0.028508053076519158,0.01583899495793717,0.02562940654485768,0.028612334296895803,0.013519192550401016
2020-12-16,-0.008818319606814784,-0.018398847464503154,-0.030762728879830892,-0.014864042664294641,-0.011523977944638442,0.0015693566700383244
2020-12-17,-0.003558800184987887,0.0007301807163602181,-0.00260867243227747,0.014432361278863048,0.00844217425015703,0.005592165244260983
2020-12-18,-0.017261846508836554,-0.01045953688793333,-0.024847414191554784,-0.007760361160001339,0.0035878076887632115,-0.00399304053105054
2020-12-21,-0.024833424695832162,-0.01327442999321704,-0.015198933385446534,-0.0049966306369444435,-0.0025818720428518738,-0.0035754985894482783
2020-12-22,-0.038509367984052245,-0.02989533943352818,-0.024738994975352924,-0.01048032032251145,0.00258855536157121,-0.0016853878375465703
2020-12-23,0.0264858406466848,0.033384714313899444,0.026530122347289575,0.031553484664075926,0.029592884282461762,0.0008987980109205207
2020-12-24,-0.014474543168106035,-0.012674057255951499,-0.019270058423415337,-0.010053616516155217,0.007908947650565157,0.003890250723028954
2020-12-28,0.02554276005286016,0.010571477085301817,0.015256585136841805,-0.003457237253945422,0.006315824517793001,0.008590797322576949
2020-12-29,-0.01245328866226092,-0.0029888679066063517,-0.004098280919460184,0.0006506770143681617,-0.01046030872203152,-0.001907925906595942
2020-12-30,0.018284991685414864,0.013240003949057222,0.020804751085780282,0.005633711686234832,0.016721175610102224,0.0014271545122590545
2020-12-31,-0.023529360355562856,-0.008629159899710692,-0.03135501630537396,0.004309463290517845,-0.0170132608680289,0.005080426988409936
2021-01-04,-0.040583406768874064,-0.036806654567191455,-0.03745662270253791,-0.03368384682015224,-0.05307689079871547,-0.013613849418794621
2021-01-05,0.01982816843791868,0.021172228115046376,0.042517425230606865,0.013321638551349269,0.01259136699330976,0.006887370640674462
2021-01-06,0.0058328030335619285,0.020985968185600834,0.003225792274798911,0.024320722648667914,0.033293217550973475,0.005978356305610388
2021-01-07,-0.009020640411947944,-0.003714486880529777,0.0018373453071953705,0.012406455072204503,-0.003882002351754954,0.01485781776400974
2021-01-08,-0.016254876341988078,-0.005220239795064807,-0.0075652917110964335,-0.007394945470709513,-0.006625100440563303,0.005697431188333768
2021-01-11,-0.008592208424165082,-0.0152423317545336,-0.013629016865561394,0.009791357910031273,-0.016280855704397967,-0.0067406354441531535
2021-01-12,0.02533334096272788,0.022583066104913785,0.03231852560791926,0.014544625233716468,0.03070781762659358,0.000211157664736783
2021-01-13,0.009752901002219927,0.0037220567484452793,0.007940073946968829,-0.002908623140864486,0.0030953734119356646,0.00269318864841539
2021-01-14,0.05859631788366593,0.02521652082787429,0.04186361912167014,0.017295125933157296,0.06885245515688965,-0.0035020912250240954
2021-01-15,-0.041362547632956104,-0.03592982313025783,-0.05184708313699471,-0.04424412387958221,-0.03193786902826401,-0.007292710034165317
2021-01-19,0.013324875323423191,0.00825416526340983,0.01959445482595279,0.0053580778141808505,0.019757642655097385,0.007851654692005328
2021-01-20,0.012523469375141483,0.03249822619923104,0.009608945367056476,0.027712631830725476,0.02010605569778834,0.013839106499232923
2021-01-21,-0.021026601792435873,-0.022825615691699275,-0.05732625354345522,-0.009126767175001826,-0.015230286111857061,0.0009114402185197434
2021-01-22,-0.0006317264011391766,-0.01647390491560441,-0.010565878406368356,-0.007955034023865104,-0.008915536243303324,-0.003539199735592913
2021-01-25,-0.024652300706177188,-0.027500022230104282,-0.041765504200874326,-0.03734961650430446,-0.02882319918560028,0.003943626282052026
2021-01-26,0.006480844187790824,0.010796935224789195,0.02154529244358372,0.004165062790068896,-0.020226836747835875,-0.0015609254263089234
2021-01-27,0.06632322927761769,-0.02034596042795178,-0.008242427941524633,-0.03623677821234106,-0.05749572162175931,-0.02444043478968294
2021-01-28,0.09299522736667587,0.04049854943876108,0.040087983274636585,0.010192286146906593,0.03725690382136637,0.008600180653565603
2021-01-29,-0.05138123124725946,-0.05289433586418313,-0.06016445603984932,-0.01479784375574933,-0.03631332947271204,-0.020019594527144302
2021-02-01,-0.019219564486879337,-0.0036879958047798533,-0.0012503888386865558,0.019344605984155105,0.021707915601994143,0.016645412813360405
2021-02-02,-0.014845605566195963,0.025912159228522524,0.022283506132885433,0.018530674529110724,0.015433964064618388,0.01414057146001979
2021-02-03,0.06088006145824454,0.025257678248017168,0.02963504849887988,0.02038580794494127,0.037110167267623284,0.0007861856660962285
2021-02-04,-0.011363679466167786,0.028909148367715742,0.00880111617095869,0.055424344847506024,0.03692422141042728,0.011365647290181746
2021-02-05,-0.012068913165320772,0.00537495752762962,-0.006366433830113483,0.01872591705643578,-0.005506593971756013,0.003936038229866989
2021-02-08,0.03374054134302851,0.050790019592025004,0.05244421254110265,0.043755972297464085,0.05352531394507709,0.007221714921633593
2021-02-09,-0.018570619876482786,-0.016882629272753746,-0.023224325022195735,-0.020290739698350824,-0.02347582532589998,-0.0006658061935882476
2021-02-10,-0.0017202228054363777,0.009174241988284537,0.010618630833638232,0.00195386916438256,0.029063489111996077,-0.00043557627322055037
2021-02-11,-0.02412407122199811,-0.004195864622450474,-0.0077661069453631715,0.002729872913479703,0.005753103431764384,0.001614912703971516
2021-02-12,0.016480323155830146,0.01334287417787694,0.011510129277319425,-0.001555462255166895,-0.0022533759145867416,0.004939804440137641
2021-02-16,0.03184708873665931,0.031416125238351356,0.04028221468099402,0.012076250757131923,0.04134810974001013,-0.000866100973629047
2021-02-17,0.009539847317916683,-0.005823318161951474,0.00809456910944717,0.009237769222681047,0.000834218433490852,0.00022955192887708087
2021-02-18,-0.01556424070082707,-0.00022533362463783568,-0.02430561419438204,-0.00934407185090369,-0.0015002525432533664,-0.004255954646928406
2021-02-19,0.054771387399651594,0.029067019849055686,0.068282912752204,0.01655458661260134,0.03973284128197774,-0.0017659490798668243
2021-02-22,0.09421842613108433,0.04532534587526249,0.034769977640774385,0.037492907658397634,0.02135520001803215,-0.007691600508998309
2021-02-23,0.010763175518901047,0.012568065535631057,0.018309855803678055,0.035225158826323266,0.045747461166370185,0.001214339085762406
2021-02-24,0.05614713726909404,0.026065174955319126,0.08595136181901886,0.045310351264286064,0.013980762960136506,0.011019186780809598
2021-02-25,-0.04399629229602475,-0.02721754314254876,-0.057860268525262715,-0.016528822428388934,-0.028020748334484424,-0.024095625465807013
2021-02-26,0.0038350873137729113,-0.006424958739285502,0.017381258151723866,-0.003086904861878681,-0.00823674398469465,-0.005152606200938936
2021-03-01,0.011461306828900009,0.002503192776427854,0.011959017928352855,-0.001204235528149744,-0.002922098151661112,0.02424011112754787
2021-03-02,0.012275742452104721,0.003537410513209105,-0.0018758635573485893,-0.004305812943638299,0.009100668228085862,-0.007803323547507679
2021-03-03,0.03404848526364157,0.002487895049210209,0.025559117341695803,0.00017291436975641616,0.008254370691555213,-0.013245595075674466
2021-03-04,-0.04194859278192864,-0.028748792427294112,-0.04617922799810248,-0.030093414839625132,-0.020315287393720793,-0.012374905861652352
2021-03-05,-0.03719392733953508,-0.01597092135153333,-0.0293947896584692,0.014978485904755479,0.004178220854078818,0.018396746854683954
2021-03-08,0.04987767786608277,0.03613946341829699,0.07007127639452215,0.06377385330723295,0.04777313150376794,-0.00497879503650589
2021-03-09,0.006055010352719048,-0.005430311090215634,-0.011653737552927534,-0.026754774606132736,-0.016178827896496495,0.01427746343586933
2021-03-10,0.006944426661166014,0.003779895959496571,0.009170837749781224,-0.007127114990480243,-0.007474958955932864,0.006224590864748469
2021-03-11,0.0183907870588631,0.0108786346585108,0.00259649868508971,-0.0006835947854250124,-0.01054371071964988,0.01013908167003974
2021-03-12,0.055079062831337344,0.03125006645313322,0.04125045293354512,0.04378303557768182,0.03546954049420914,0.0013466154177776968
2021-03-15,0.07702178743779586,0.023279079458020657,0.082607881249811,0.017532442802149495,0.05821827270364688,0.005963712464387649
2021-03-16,-0.027810916202528735,-0.03137867410267314,-0.018542784359740883,-0.02512076844259903,-0.019172059161616684,-0.0012611356721150546
2021-03-17,0.028197815832428308,0.02125936494041558,0.04413976473886794,0.02031703685223274,0.03682717465035279,0.003409888976883879
2021-03-18,-0.018282952593895563,-0.024980143925882548,-0.02610089748922062,-0.01343690125922703,-0.03565574752956646,-0.014549752399560023
2021-03-19,0.010931115063775643,-0.003659996851563818,-0.0008220854539859879,0.0018051113603316793,0.0026916341020444268,-0.0018503360240442746
2021-03-22,-0.045654762554948936,-0.02102046443961547,-0.040151367588105114,-0.026044304807199103,-0.03136481010158587,0.007984988195278042
2021-03-23,-0.06546367901539507,-0.04857201703726288,-0.06806105084998493,-0.030945111390632163,-0.04229862893454661,-0.007870833092044394
2021-03-24,-0.020655634592092076,-0.0006573132090946787,-0.00974979347582916,0.0013884507512340605,-0.0036552768775210964,-0.005083381553450339
2021-03-25,0.04401655274317573,0.03069499469583792,0.04124089412022158,0.03830155197833274,0.035616048551966095,0.005625522476518263
2021-03-26,0.007026782792951325,0.013826853989504562,0.013916192767374769,0.023034520750694787,0.00841327962840177,0.016114961416526796
2021-03-29,-0.0008722397513076796,-0.007133866720443804,-0.011085712613350118,-0.005384274304861325,-0.012002337507128868,-0.0005049748794851983
2021-03-30,0.05281540811349972,0.03338996613139855,0.03576509420367624,0.01558400834320417,0.03614818431712963,-0.002652871393304168
2021-03-31,-0.009121111652088842,-0.01267918844788829,-0.011510018544632405,-0.013729641419635508,-0.010437565505451163,0.004053171999842231
2021-04-01,-0.0016735986952777226,0.01139193164415353,0.004866158756374306,0.0039305492338037595,0.004045640557734043,0.010799018780478065
2021-04-05,0.015507079732606677,0.02908047946411174,0.02542375005987263,0.02724305367676272,0.023024874418010155,0.014353182356950489
2021-04-06,-0.0070160990303616,0.02786074832279084,0.003204564408418209,0.01794509703781033,0.03727671490210027,-0.0005906684065600798
2021-04-07,-0.005403124008818816,-0.02807371581781415,0.0015131162286574629,-0.009048196938503117,-0.018714365248117204,0.001157432801301983
2021-04-08,-0.01170082252714999,-0.007768787678014033,-0.002350166029304157,-0.0009447443694928781,0.004560555946256928,0.004746764179643703
2021-04-09,-0.0046511080244053815,-0.010841272941899738,-0.01682651850689809,-0.0006303382750237896,-0.0008254943729937292,0.007270101153696196
2021-04-12,-0.02676300100310003,-0.00913343866702665,-0.03884991350175626,-0.011983524699582082,-0.01831191314822156,0.0003646151359864014
2021-04-13,-0.015277188293358335,-0.0114708124928814,0.008903133927324003,0.009096802004447513,-0.015147290109801204,0.0029634475245050584
2021-04-14,-0.008421925142144349,-0.0018646391534259399,0.004588745538887995,-0.0031631552329549617,0.00498431313068548,-0.0034148990463228612
2021-04-15,-0.010728729077464916,-0.028025858031876738,-0.014054800822130287,-0.0014280678721998452,-0.016154164582376285,0.010742541582503762
2021-04-16,-0.004518684044885868,-0.003844397818910883,-0.004454739927978846,-0.008738233329005252,-0.0014402775987549798,0.0033420517978248743
2021-04-19,-0.021788535389194785,-0.010505980393785141,-0.015750801328828334,-0.0057702049647122555,-0.008077386026224542,-0.0049128062466501365
2021-04-20,-0.05475630810222254,-0.036836665688438575,-0.08528827601841626,-0.03514432892085684,-0.027192019899219155,-0.00732164515788758
2021-04-21,0.031418721810544836,0.028121753142544614,0.031013944273414973,0.03659160024080821,0.028849032304269828,0.009462049077141987
2021-04-22,-0.04474062464623041,-0.022975755793274266,-0.016004662963482796,-0.015635167166762276,-0.027168425059351464,-0.009132904359169247
2021-04-23,0.051818681182917326,0.025755649703762318,0.04076037391359999,0.007532171824969236,0.033602150997068314,0.010842351144827012
2021-04-26,0.04405496344323856,0.01768536995468284,0.01261529205885048,0.00715114339584777,0.003901232134555954,0.0020874975592408695
2021-04-27,-0.012704204855465528,-0.0057925363554426346,-0.005578267829489669,0.006938860662984769,-0.005757074072435087,-0.00021548464669929324
2021-04-28,-0.0027573283690845996,0.0021579181986708384,0.0013088948284103452,-0.010096274199035582,-0.0062246713054150415,-0.00028747940116724546
2021-04-29,-0.018433249392417195,-0.0012918948892328697,0.0026143677244265806,0.008094533351116429,-0.001165358037530817,0.006372906002285239
2021-04-30,0.01971831414731584,0.011642861251174308,0.013224118408092567,0.008190200478095377,0.00831266876711445,-0.0065704848504982705
2021-05-03,0.010589385674775187,-0.007459561927301572,0.001102896266743869,-0.010035097478392707,-0.006508489329109857,0.0021569180658451703
2021-05-04,-0.024145816319986912,-0.04101359063463983,-0.030481084746940446,-0.021399786376785412,-0.031008950460140516,-0.0061693454703430906
2021-05-05,0.0070027832864614226,0.012091444736504808,0.008901538399516351,0.00016435680863557955,0.005258505353872733,0.000312596947616095
2021-05-06,-0.0037088514064861355,-0.005973319325232929,-0.004129927141216294,-0.0023013650795571383,0.0019428672291581517,0.007985671995543342
2021-05-07,0.02373197926075643,0.026263023057516488,0.03166824371982524,0.015982755793806147,0.0128281712202718,0.007277735574487076
2021-05-10,0.0,-0.014747517774870378,-0.012790074343034585,-0.0050276629788283955,-0.011929383943821592,-0.009902233324297516
2021-05-11,-0.019545468417080936,-0.02003072710284093,-0.02461591794199791,-0.025590675125276796,-0.023103227112383773,-0.008924695734045307
2021-05-12,-0.03755213154392134,-0.033468150561627,-0.032068357057685626,-0.02626317190254257,-0.011748615527994444,-0.02124520136473429
2021-05-13,0.021676245213368084,0.021845215489747716,0.02783771868981111,0.029548417625062884,0.03689990957099765,0.012012355611946024
2021-05-14,0.056105638162369686,0.05321824871170655,0.05435816245531755,0.03954607588800907,0.03990459394946777,0.015355489122662824
2021-05-17,0.0424107490677621,0.009501144472524592,0.0233357623736139,-0.003210241758594856,0.026202776732705102,-0.0025445546742293157
2021-05-18,0.008993536661323187,-0.0004278324584084947,-0.003358646415661304,-0.00048310706975318585,-0.01925488054520308,-0.008615515559543319
2021-05-19,-0.025042451865959325,-0.012625740675840103,-0.01046470630383789,-0.02706627262927075,-0.013657690595656136,-0.002621963322573251
2021-05-20,-0.016107920894436134,-0.0158213522945736,-0.012547064912211359,-0.007782786811989961,-0.012981415002296659,0.010758049959826765
2021-05-21,-0.001327463988456623,-0.004404312147692879,0.003811927462171072,0.0028371372115616467,-0.005260859400059603,-0.0008188920873615224
2021-05-24,0.01860877633907365,0.021234255409855685,0.01518987638656144,0.009818641653855265,0.017335100785456747,0.010194605409243662
2021-05-25,0.009569348218562146,0.010829575548739534,0.01496259639687092,-0.002142317873161992,-0.014440433212996373,-0.002218960171802342
2021-05-26,0.029728589456051502,0.017570097098395188,0.018076496798379083,0.010900017465218292,0.02036629142342039,0.0019846106127872076
2021-05-27,0.022175761301459707,0.011791895623428195,0.019307063937050506,0.008495275271283464,0.01134406838672053,0.0005248355726266141
2021-05-28,-0.007777344727145308,-0.007700309795529714,-0.01319131709630128,-0.004373891184683787,-0.01746419638795893,0.001788692687064275
2021-06-01,0.017739286684652633,0.00041948759850929385,0.022622103330639298,-0.0017898388189513392,0.0049133523450797245,-0.0008805830768637835
2021-06-02,0.04661530664668856,0.001467383829697022,0.010390527327093224,-0.007823737939665176,-0.024446427311696106,0.0015724116074637973
2021-06-03,-0.03446938033182256,-0.03433094593410657,-0.04246145852407346,-0.04287839685835637,-0.035082508577446214,-0.003711079048236088
2021-06-04,-0.02527080065797027,-0.0032517410984915784,-0.01385759992038893,0.0049777022083263844,-0.00015279768362908008,0.009145673200806392
2021-06-07,-0.0020575818366401766,0.0021748996094395068,0.006499190758850748,-0.004611448193504564,0.0016806816727363838,-0.0009702073628320429
2021-06-08,-0.001237141717340573,0.020833261863088648,0.007504368427594388,0.010638422436765271,0.011287454556456966,0.0002130694107358444
2021-06-09,-0.015276587216117465,-0.011054395121407379,-0.008661008210024135,-0.00814966327448452,-0.010256414387265322,-0.001491866337899106
2021-06-10,-0.01635225537774343,-0.005159117605606722,-0.016949174007720447,-0.015748037627820177,-0.01097228269684325,0.0046483915342419024
2021-06-11,0.0029838706267972803,0.004753609376908052,0.0046214387484428965,0.0012175020213180954,0.008936853889339513,0.0016526739856772554
2021-06-14,-0.022949464503578265,-0.012903045409041192,-0.013800402918958787,-0.005037362111910526,-0.015730090957338683,0.0022389437867611495
2021-06-15,-0.008699384844799929,-0.008061084602643098,-0.008073210430370237,-0.0027931682217240406,-0.0018618327830778325,-0.0018342205421607582
2021-06-16,0.0017551121795462699,-0.00021977842654274937,0.005606756257200418,-0.007878183318020815,-0.006217962295872459,-0.005583387515941229
2021-06-17,-0.02628122573258107,-0.02086990962620594,-0.024460374693846543,-0.019410580883368223,-0.020178334261996,-0.0003316938262651892
2021-06-18,0.002699117162688891,0.008750481810292587,0.012536808064821159,-0.006838215084530419,0.01069607264002137,-0.013490381996013823
2021-06-21,0.0071780996339327885,0.018015877515555223,0.014020402101889928,0.020112300779645986,0.027009875733422284,0.014315987022295529
2021-06-22,-0.015144772429102282,-0.008739254989585943,-0.009337411933680317,-0.009769183059991082,-0.012457668416076872,0.005346238144189996
2021-06-23,0.004070563098300228,-0.002204141057013831,-0.0009062758513682656,-0.010044716875958204,-0.00669678105134508,-0.001205418146204229
2021-06-24,0.006756739341229334,-0.007952226578919697,-0.014150921524159865,-0.009603117984011367,-0.00360613901910245,0.005915686249815533
2021-06-25,-0.0058166025009565026,-0.010688137863585023,-0.008465202119635085,-0.002012504037606111,-0.0044059603880149956,0.0035523184661800933
2021-06-28,-0.0373537330942767,-0.029484569736500932,-0.025798057945306985,-0.0241979903672338,-0.028765602681466218,0.002015713163771915
2021-06-29,-0.014492729069099708,-0.005797974663636185,-0.006477426971151501,-0.005823967742935476,-0.0214808735302785,0.0005379749760285879
2021-06-30,0.006166943132689839,0.009097388938290374,0.0026845519760716474,0.003212498248428064,0.0029935190749768026,0.0008419136817081618
2021-07-01,0.014144326136666496,0.02242254759437956,0.015108068496758387,0.014503821253891713,0.01857069982393944,0.005536334080308736
2021-07-02,-0.0013947320467818658,-0.0018084754775103962,-0.005840266816073192,-0.0037134480493916655,-0.01172067747234673,0.007643788226337378
2021-07-06,-0.021880787866421003,-0.02061145376357909,-0.025203748711717378,-0.024226608697917484,-0.025037069357367714,-0.0018215626004801644
2021-07-07,-0.03331750382264076,-0.01618901540098816,-0.022161730561487958,-0.01871653846879917,-0.026524746262044485,0.0035340776632761806
2021-07-08,0.0019695182953805013,-0.011048280964589985,-0.012723646110453513,-0.0036978929335229616,0.0027768110096852983,-0.00814804833063687
2021-07-09,0.02653557730005862,0.02020423678556127,0.028997153264873177,0.032232745116463235,0.027691282842180698,0.01067479698760665
2021-07-12,-0.0023934532561701305,-0.0016307143716763894,-0.009393337701945725,0.0026494353963160133,0.004883750347148386,0.0035820355720468378
2021-07-13,-0.039347393897326444,-0.035472615740875235,-0.041880659356344,-0.026613725343100803,-0.034355610859184704,-0.0034090083941406
2021-07-14,0.02997004833918715,-0.01572708295423564,-0.007010312424492571,0.007950289797342025,-0.0012148506789625424,0.001492237359815629
2021-07-15,-0.0077595416221472036,0.016469949795375305,-0.009343869691968765,-0.003847517159153213,-0.011120754094403162,-0.0034154229425465976
2021-07-16,-0.03274673504036385,-0.031197150111817784,-0.03563195966383326,-0.036114274048387185,-0.04023899001348319,-0.00784406826557249
2021-07-19,-0.041435147258102156,-0.037443752046422696,-0.0554227196280318,-0.028250914806166483,-0.0327718259947668,-0.014767597113928388
2021-07-20,0.08381656352873779,0.05446047720010139,0.06580765463875449,0.06041240635122791,0.05016084836900214,0.014330329417555188
2021-07-21,0.04085603961125339,0.023364538667386192,0.03842829859724217,0.03305455618931186,0.03803173445856367,0.00809634625531963
2021-07-22,-0.011214942775529257,-0.013217940588838406,-0.003118455632848738,-0.03463196420296477,0.006771998413181324,0.002094072225466981
2021-07-23,0.0018904024487615967,-0.0158304046911405,-0.008759165317202666,-0.011503177430526756,0.004656786131344903,0.010288018015072842
2021-07-26,0.04150939288195499,0.031180163039093323,0.04060594055845956,0.02130171346093568,0.03965667593632638,0.0024548017741072847
2021-07-27,-0.02807974825071169,-0.017038447636977927,-0.01637682114005612,-0.012166685516494913,-0.020475588678135037,-0.0045575266971839
2021-07-28,0.007921718711393133,0.008300782569128584,0.010071898219959685,0.011925517807259034,0.005731627686059504,-0.00040988876923364614
2021-07-29,-0.02126671762923693,-0.0016950618715764199,-0.013227466814306976,-0.0040571555868349485,-0.013576959023846702,0.004147221643501231
2021-07-30,-0.03731700107134073,-0.0322578882702963,-0.03650237979986881,-0.019980591117291224,-0.013933724997203023,-0.004856418183554756
2021-08-02,-0.015701653974561913,-0.011278208521363742,-0.01391270352944407,-0.015439426623060304,-0.0227468502945265,-0.0020979466705307592
2021-08-03,-0.005483484842045194,0.008111405044217923,0.010201893288832142,0.018295380165817,0.008464107740882465,0.00813535793388609
2021-08-04,-0.025062655683143364,-0.03570530320789256,-0.027073530542413238,-0.034550942590162004,-0.03409681753920335,-0.004918934322182822
2021-08-05,0.07506421733692559,0.04276414196723555,0.04328628427583103,0.03169732387161739,0.041998544973407936,0.0063329205652522536
2021-08-06,0.005260670069549445,0.00825190139620191,0.008043972055809201,0.005351674060243505,0.005385641959654297,0.0016524835333715515
2021-08-09,-0.021883966784186693,-0.025545706001932844,-0.024569470709540964,-0.019913226896791758,-0.01745288301667347,-0.000813551667725565
2021-08-10,0.01848254270359817,0.029778752298513123,0.026480075824190097,0.028163572222400735,0.02831517047255283,0.001243956629899623
2021-08-11,0.01384904492753214,0.02076128420483836,0.011115746138939064,0.014282558437806792,0.0167607238203602,0.002484896008551507
2021-08-12,-0.03768248960481502,-0.018644149539020494,-0.020120253566199953,-0.016396567110619542,-0.01480237269675222,0.002996792482899524
2021-08-13,-0.028879106401110466,-0.015543924743733117,-0.015876375388484965,-0.011374734558570077,-0.016219920913255637,0.0018197719354151598
2021-08-16,-0.004032254188043427,0.0007515768206498574,-0.004086952775789077,-0.0059512245388206875,-0.004512293064089734,0.002354882041717854
2021-08-17,-0.02125506434357527,-0.02880025574802092,-0.021814218967087018,-0.027539378224914146,-0.036959534681423545,-0.006555240580046862
2021-08-18,-0.010341301001111525,-0.003352184402549141,-0.005519982224471254,-0.005951178103263177,-0.006336029655748421,-0.010944939912101881
2021-08-19,-0.021421100338898214,-0.018628885708641407,-0.024644773263512443,-0.020231257056077423,-0.016578609173453995,0.0015481417206535397
2021-08-20,-0.012279740942741424,0.005009155910967511,0.0022763139864880877,-0.002106930055290168,0.006854370785891906,0.007957231836766221
2021-08-23,0.03297300596494934,0.028594085593157015,0.034067682071009076,0.028505008083808292,0.014719467786898477,0.008796365681064788
2021-08-24,0.037676571970619355,0.033664932690192106,0.034922033718807866,0.04311238904353609,0.03572071353581818,0.0015874110941376252
2021-08-25,0.01613715058272236,0.018998357762133544,0.009974559239327219,0.0086595791613997,0.009453797717525969,0.0020985429591227067
2021-08-26,-0.012406948125700978,-0.012832959948924194,-0.01218747277148613,-0.019121831376846865,-0.008324653893627687,-0.005903198284007316
2021-08-27,0.016080386982834094,0.018395740233827285,0.014890465601629543,0.012134610381885347,0.018188193598753788,0.008940707540291415
2021-08-30,-0.035113704677711355,-0.038776427462268837,-0.03772792436808836,-0.03360857237821213,-0.025936140580043676,0.004397670810324827
2021-08-31,0.022039994881149605,0.013279813234183369,0.013069014944789181,0.012405656993046632,0.011109170839110893,-0.0014815899452894632
2021-09-01,-0.015045192395896745,-0.000989079761987588,-0.006880234495215354,-0.004620227225352158,-0.0019183922228608319,0.000531473883373268
2021-09-02,0.006110022554106864,0.010396255442463254,0.012340327165427212,0.001009113741057499,0.010658756163389072,0.003076791654958777
2021-09-03,-0.019736810988412956,-0.013963732827309783,-0.011548270321074972,-0.014919327268633986,-0.012621015565534521,-0.0002427340281333512
2021-09-07,0.008260187944237662,0.0024841256515919508,0.007572446232743113,-0.006754204808644415,0.0005252806684690192,-0.0035757371349998124
2021-09-08,-0.02048138821379686,-0.017347945194745917,-0.02233199317892476,-0.008448225610992788,-0.013125656423018328,-0.001218321207619888
2021-09-09,0.055933175594032436,0.03631780327978662,0.023061785194584017,0.02306737566251349,0.032097914397624105,-0.004279934231059435
2021-09-10,-0.061881185781604064,-0.042102796911366425,-0.048089342859866435,-0.027015894652947736,-0.03625430554453135,-0.007884685116578694
2021-09-13,0.018997292269612,0.020833343792393766,0.011276499735664025,0.017327621525222048,0.019076478729067148,0.002559442007043611
2021-09-14,-0.005178683802974704,-0.01841721356913517,-0.021632498157945323,-0.014364813158723622,-0.015045497072206482,-0.005396670252260871
2021-09-15,0.008849561915458715,0.005071089748208024,-0.00022790795023097665,0.008952848577667982,0.000710495844927328,0.008352776145393426
2021-09-16,0.02631580242347442,0.01463154155546631,0.01390790245925344,0.013619311478904716,0.012069582948777136,-0.0015854320180135328
2021-09-17,-0.008044235913621023,-0.0027346754608101875,0.0015740879897172544,-0.0008142738304127706,-0.0017538107333484598,-0.009740986850766742
2021-09-20,0.030410562361407933,0.016703804076066753,0.016389751397194896,0.01018743391958088,0.0007027567957507141,-0.01667419281006044
2021-09-21,-0.02803736827168224,-0.010298992826280995,-0.01811353405196603,-0.008672792481522196,-0.014922726260239827,-0.0009444724440884622
2021-09-22,0.038461549599123845,0.03047568260200273,0.027671530284018475,0.03051902563888964,0.023881663482653304,0.009754713916467983
2021-09-23,0.018518477207091433,0.02404412273359946,0.039185659009825624,0.032971099519498503,0.04090510779657053,0.012149913479319263
2021-09-24,0.023444965553191865,0.022070991586532918,0.027807028878872764,0.010129894480694013,0.016555212225709326,0.0016473633373637053
2021-09-27,0.003740061991061694,0.005742910516055799,0.005943859604131463,0.0020812718013729636,0.007567018877197684,-0.0028609691441324747
2021-09-28,-0.0018630186054002795,-0.007766016602454573,-0.008149990035774879,0.0016994497834141864,-0.0004897759885204023,-0.02015196641988448
2021-09-29,-0.019598696701488505,-0.0018415464040671958,0.0006162444352673102,-0.009613409377642657,-0.012577596249757628,0.0016832194502423015
2021-09-30,-0.023322216362690718,-0.017297010365026733,-0.02340380642733042,-0.02112679770439818,-0.03060384227410229,-0.012222353410422104
2021-10-01,0.05506818399407343,0.0650081604877688,0.07925163930942514,0.05677622583497843,0.061433487756969773,0.011884165713622163
2021-10-04,-0.012009248658799154,-0.009255022626136755,-0.0007791374251744365,0.01306328123721845,-0.0017684985370145512,-0.012895949528209827
2021-10-05,0.003740061991061694,-0.004893347801799619,-0.008187098931609627,-0.010715397670787774,-0.007891797024683567,0.010404889207535684
2021-10-06,-0.04331618200139775,-0.016092949647710242,-0.012971694841919068,-0.0003672621167266632,-0.008928559264357872,0.004156056022099008
2021-10-07,-0.018013671993251656,-0.00772358420632524,-0.013938684705783744,-0.0075298545230738645,-0.013267773443345732,0.008645770600593128
2021-10-08,-0.0049578770992301235,-0.006868260001894555,-0.0072698022419973585,-0.0022204181117789767,-0.007304157190346383,-0.0018237894412088673
2021-10-11,0.002989510057534117,-0.004380017289398075,0.00040684413803404595,-0.04172857488564674,-0.022408029593375622,-0.007239728256898337
2021-10-12,0.007948423319986242,0.008103789408899997,0.009963356257197242,0.009870322844577784,-0.000513150526285977,-0.002461615318620991
2021-10-13,-0.03351405985671474,-0.05764828194286842,-0.03603779276861785,-0.01782300874434528,-0.02378913883944156,0.003597500844806145
2021-10-14,0.0015297694218856517,0.00414340773686539,0.000626540907010309,0.0050731702278359325,0.008415139104699154,0.016820824336543527
2021-10-15,0.017311617268536805,-0.005096857559737544,0.0018785254200486268,-0.022325667138482275,0.0043463142908626295,0.00761565683955312
2021-10-18,-0.0070069766194182925,0.0004877594457957102,-0.017291704813639286,-0.011715607141299711,-0.006058547447550189,0.0029606646523518965
2021-10-19,-0.015624972961602923,-0.013655328262812572,-0.02013985552510844,-0.007836043957431982,-0.008359448929692426,0.0077149045136910566
2021-10-20,-0.000512044471594586,-0.0037082544150747188,-0.005841636751033441,0.0018226577921887088,0.0054443516116560176,0.003927772097636284
2021-10-21,0.018954862869258182,0.00248143654229116,0.016757354624131082,-0.016373741385777962,-0.018340598027258515,0.0026082220794552136
2021-10-22,-0.037204615074211134,-0.016336609498364574,0.00021400516421166138,-0.021167104312014295,-0.04252667895379281,-0.0010361546206755223
2021-10-25,0.004177541791104966,-0.0057875098701024585,-0.001711919904581194,-0.0031493749311318764,0.00241585671994593,0.005362561939256771
2021-10-26,0.00832032507648739,0.005061804427000771,0.003001058629564568,0.002316751102606096,0.006117942889440231,0.0009001626137081775
2021-10-27,-0.018566204968274436,-0.01611669473850985,-0.020730951094750427,-0.02143297003241007,-0.02874518813584881,-0.004430165010833376
2021-10-28,0.00840776887225192,0.002047523959681996,0.004146630902977622,0.014386953919670376,0.002845788815866168,0.009648741221792934
2021-10-29,0.0005211166546914558,-0.000511087406848687,0.002825496041246156,0.0008465916413127328,-0.001135099746466195,0.0020291209715579406
2021-11-01,0.029687482925753406,0.03296719833605111,0.04139574929948142,0.03912860999469725,0.036174240057023965,0.0017202644358200736
2021-11-02,0.003034874281898192,-0.000742201337292081,-0.001456809488775801,-0.004477889107215249,-0.0047522998699335295,0.004043139556906716
2021-11-03,0.04034287645680612,0.021044918186646555,0.02230095258509346,0.011245076975737733,0.027180891120274664,0.006105221027293828
2021-11-04,0.0,-0.006061902375743999,0.0018348655247253376,-0.007885242380058832,-0.0035759120659426546,0.004712531119332342
2021-11-05,0.05768301417678767,0.080507111704337,0.07264956734159544,0.06439782249080861,0.06495601940820506,0.0034694774376267112
2021-11-08,0.019706705370751143,0.008128631849099843,0.007588721928032394,-0.016465522135770017,-0.007919080338490647,0.0008538981750740859
2021-11-09,0.0004494484890713579,-0.002687814667801214,-0.005648639307341163,-0.00895460407654114,-0.0008491718096728107,-0.0033055812579199095
2021-11-10,-0.030997328255296108,-0.018414472784453295,-0.01969325674082123,-0.023963965178860902,-0.021927602845090988,-0.008044735360999478
2021-11-11,-0.011126554219458407,-0.005948370960991434,-0.008305974529140614,-0.012276001794807145,-0.012686818398004895,0.0003233572996366174
2021-11-12,-0.04875757205338105,-0.02830836952075788,-0.029411731925308326,-0.013447689166641186,-0.020418937147878347,0.007546892530944982
2021-11-15,0.00147850063791366,0.0037897069290810936,0.01304430438083104,0.014663573173045119,0.00035932870652488624,0.00034249423569043813
2021-11-16,-0.023622025071121988,-0.031618852340540515,-0.02535655291014627,-0.03114184404446807,-0.03197411240961423,0.003957980868529054
2021-11-17,0.0010080875811415702,-0.008040779753412886,-0.009349574742672728,-0.0042016397846752485,-0.00649468320811164,-0.0024292899150760716
2021-11-18,-0.02366572035542369,-0.01449287039738123,-0.02687733541605053,-0.021730120640874873,-0.01867762388681593,0.0033963284472786626
2021-11-19,-0.0056729606222500895,-0.010717635234751555,-0.02783048042021996,0.009920343634581386,0.0038066379797176975,-0.001788314034014249
2021-11-22,0.018153447181333604,0.0020154396557989784,0.008024266471202468,0.019004982365309342,0.006446722445340836,-0.0028150340616761582
2021-11-23,-0.008150782183011573,-0.006034455602689892,0.004733244898232236,-0.015507180760615968,-0.00659386354078062,0.0013260088324480446
2021-11-24,-0.0005136224568316194,0.004047494197691792,0.0006423721371902058,0.00021268719620448628,0.0034136223542273747,0.0026697783028721833
2021-11-26,-0.08787251618306002,-0.0833964454737991,-0.09565592262980804,-0.043200469361381444,-0.06539404827917206,-0.02230308160114325
2021-11-29,-0.0005633931764414957,-0.0038481668738271635,0.006625712378494519,-0.009341747780904908,0.0,0.012266549534412752
2021-11-30,-0.002818446319370782,-0.0011039260859162514,-0.0065821012686423375,-0.0031432487008831167,-0.017795774611489068,-0.019457609996626823
2021-12-01,-0.07970603758306916,-0.07375690170444471,-0.07572165346281279,-0.04166668219136738,-0.046942532296121,-0.0111072141521672
2021-12-02,0.07002452958024619,0.09275269495752791,0.06605217423575427,0.06556995427022483,0.06977747846949955,0.01531651326600536
2021-12-03,-0.04592418103081575,-0.018013074884508096,-0.024735801978732264,-0.02337910755993078,-0.01918418324227844,-0.008701574388303213
2021-12-06,0.0788206618407612,0.06003345486322975,0.08323075639781363,0.02890703580598175,0.04220710829609087,0.01184343976158364
2021-12-07,-0.0022309489596492593,-0.0026219685819692806,-0.013184855851883226,-0.007681967542291446,-0.005333869290020887,0.020684724908482277
2021-12-08,0.019005039921053513,0.022081957641505,0.042386550542629964,0.0013269074603485809,0.0214498880592775,0.002648135924299133
2021-12-09,-0.00493692566362236,-0.009773623911098261,-0.017900582835160606,-0.03666876242127448,-0.0001944805788667292,-0.0067515487593253765
2021-12-10,-0.00716643688757701,-0.00831176317941884,-0.008775864124668131,-0.03760582229857967,0.004861921604481623,0.009413335283801505
2021-12-13,-0.049416956043186744,-0.0343110423435371,-0.05244035411129544,-0.03550167929194514,-0.026514398692356833,-0.008858429682238711
2021-12-14,-0.01226641247236604,-0.009221591635654502,-0.00862483459211938,-0.005928632255302713,-0.0031809115276133504,-0.006879903229451978
2021-12-15,0.004730923975631907,0.0021897841016329522,0.002899925780263768,-0.003230923128675678,0.002592761661303067,0.015625108656965203
2021-12-16,-0.02766329132937706,-0.02212504876604371,-0.0349397774202278,-0.014460279651332342,-0.02088719370398151,-0.008818736266544502
2021-12-17,0.026029073441925954,0.021229298814614994,0.018227204897442784,0.0032887457913752804,0.016456674898517543,-0.010642823764258402
2021-12-20,0.02064887659983783,-0.005196969095886073,0.00784697656701927,-0.0075644312494361765,-0.013791697852179707,-0.010633534968722214
2021-12-21,0.047398938632102317,0.05911456963745754,0.06885649479614009,0.038363882699344876,0.05533035131320596,0.01775903520669231
2021-12-22,0.007726235273969317,0.01583567398799035,0.01456861791947306,0.006116846367854922,0.0023045694754766366,0.009998962673112288
2021-12-23,0.0,0.004344797927861022,0.006730967895774542,0.018239275836057223,0.01590346527868891,0.006221845642221835
2021-12-27,-0.004928814428246109,-0.007633630773856592,-0.006463051208677517,-0.002627164148321537,-0.007544351611191602,0.014152260355331459
2021-12-28,0.020363282205823063,0.016154029022410477,0.015477761291349479,0.012691677246283062,0.005321220062292298,-0.0008172669630465146
2021-12-29,-0.026429431190395314,-0.011859744142975526,-0.018555337841703823,-0.0030742079672595457,-0.014366769646663835,0.0012792738724787256
2021-12-30,0.0011080586487011157,-0.0030644288985384183,-0.006752177245103463,0.013283057825499212,-0.003835841298056475,-0.0027645620089172818
2021-12-31,-0.006087471621987306,0.0010245486762356926,-0.007931164295195137,0.0028087869831363577,0.0030804746176837927,-0.002520199261874967
2022-01-03,0.0439866901892183,0.030962064765982955,0.03905899832913118,0.02707768191232174,0.03781192472935779,0.00578995482308331
2022-01-04,0.014400024414062518,0.007446058962083502,0.016706931050586293,0.01500000375979993,0.025522490769448458,-0.0003349227169056057
2022-01-05,-0.017875927676390124,-0.007637454117051412,-0.010162188555743246,-0.015002157254649706,-0.012263305605403452,-0.01920219442783877
2022-01-06,-0.005888683541460327,-0.004220163971516366,-0.00021839934031897545,-0.002273409532337234,-0.00566005789118218,-0.0009393323559383493
2022-01-07,0.03823376432360304,0.03490368002743072,0.033646513002516754,0.03326490308478891,0.025706969324537976,-0.003953479812882854
2022-01-10,-0.025414924982734455,-0.021199713504776674,-0.015430131495376642,-0.0024254734169171233,-0.013605480270790227,-0.0012444239951500125
2022-01-11,0.012240528527396988,0.014767499090539538,0.006869894423466416,0.013041511567294384,0.016152508693148437,0.00910823186928722
2022-01-12,-0.027339665891091824,-0.015037418134351777,-0.007675918947527505,-0.013528143655511804,-0.015002681325350764,0.0027036566407159235
2022-01-13,0.04540541365339945,0.02117701830774199,0.03502357587780258,0.012829150578885784,0.02538527057927098,-0.013778613691053043
2022-01-14,-0.04395038132179063,-0.027972228564850266,-0.029686455155408686,0.0006550951554389339,-0.013439404629295382,0.0004088000298274608
2022-01-18,-0.03190914872316464,-0.01910185140976106,-0.024176316378606955,-0.008511654603374441,-0.014518755332473487,-0.017709476397728907
2022-01-19,-0.032960903081646786,-0.018209371641995875,-0.026529249468986826,-0.022011853474860787,-0.011094954809574897,-0.010383448381702687
2022-01-20,-0.031773498210827644,0.0005150247973393363,-0.03423424336771086,-0.002025722260464713,-0.01029975298133301,-0.011068126909007936
2022-01-21,-0.027446359519052277,-0.025231466336558372,-0.02868469010256003,-0.02187663492264258,-0.03326520850853987,-0.019630524054661036
2022-01-24,0.0067485040184209755,0.0013204710062668656,-0.006242548060146347,0.011528882951961528,-0.011918472249690892,0.004246725203696178
2022-01-25,0.003046876144147781,0.021366443698843884,0.009422551229753662,-0.00045600112374066804,0.0153695929450961,-0.012208981470912095
2022-01-26,-0.013365694142840279,0.0010328119635123478,-0.008377177700984673,-0.003192426607340315,0.0022993437390246285,-0.0025088096117560355
2022-01-27,-0.028325125900867,-0.010835528984894705,-0.012068549271469275,-0.0203616418032605,0.005543817496019843,-0.004937962454541811
2022-01-28,-0.008871951331907768,-0.0015650363680518309,-0.000488650320414119,0.0025689744230672495,-0.006653963579358102,0.024835349076203883
2022-01-31,0.05306898668874349,0.036833991159990864,0.048154515474234216,0.04262753144319942,0.04765553451611093,0.01801115922179153
2022-02-01,0.021857961466923648,0.020155989712206557,0.0251865202764765,0.009383397338132093,0.0012787667643012757,0.006756950132006612
2022-02-02,0.007724252011640731,0.0007412109790583266,0.0036396690342204163,-0.01969905472987943,-0.00839268176690977,0.009714026256226749
2022-02-03,-0.022995248272477342,-0.019496849211790956,-0.023572011015587035,-0.01919173837515664,-0.02042312468845464,-0.023504944637743885
2022-02-04,-0.007241939293592625,0.0030202657113649334,-0.006035332525056725,0.0050647124913802966,0.0046957173575956634,0.004702173754060457
2022-02-07,0.050455920073631866,0.027352735947967055,0.03783276374195266,0.02152954496196524,0.03495978450562598,-0.0032094059302881783
2022-02-08,0.05671293421844026,0.040791419311530186,0.05378045180472357,0.03295985807037427,0.04136562301805946,0.008227811934732765
2022-02-09,0.027382255954693235,0.029805141631324084,0.04484301499062737,0.0206208195021389,0.016305266293653364,0.014636279176952316
2022-02-10,-0.0026653061726620297,0.0004558151557414458,0.006335609469804604,-0.010421075556184212,0.0005120119340971119,-0.01796575872033035
2022-02-11,-0.05879201111420562,-0.03576307186571126,-0.046100738838040445,-0.02149139094650787,-0.030365042847667056,-0.01971869823040473
2022-02-14,-0.010221482052077402,-0.008504543141286458,-0.0008516268785982994,-0.0032946349227486182,0.002990819290797919,-0.0032692261528077804
2022-02-15,0.08089499843516434,0.060043000449439665,0.0756445602807514,0.04230935835531935,0.05086829698754003,0.0161269148273393
2022-02-16,-0.0010615954141022232,-0.001798350420993411,-0.0053486620485755365,0.002536990750366952,0.006676707175724994,0.0011208234766277858
2022-02-17,-0.03188099846966186,-0.024769219351206795,-0.036845220232103126,-0.02193158379887028,-0.02354504976468863,-0.021361421898649313
2022-02-18,-0.019209576691068264,-0.010851855856694348,-0.019230775298557656,-0.008624590144930666,-0.0016980552752166034,-0.006475182166444715
2022-02-22,-0.024622300693551202,-0.02217558438491407,-0.023402922268807913,-0.00782946983843924,-0.016329291878257268,-0.010731543721913206
2022-02-23,-0.04532420549027505,-0.04058239303463529,-0.05332472445976988,-0.03529157071359712,-0.03475708235497754,-0.017738885043692365
2022-02-24,0.0192307515962582,0.00348355821684998,0.004789119874060166,0.007498440037288834,0.006807615015993473,0.01504922220370597
2022-02-25,0.02948113366690941,0.030002411583518684,0.040626351453433296,0.018042317219554516,0.02437720486274797,0.02206414667983303
2022-02-28,-0.012027439603900736,-0.03899873324209635,-0.03162479817879604,-0.029685447971717682,-0.024839331470490555,-0.002558472518333188
2022-03-01,-0.05565212083899451,-0.05711400050251625,-0.05743249919195437,-0.04223727218270257,-0.06768791019547504,-0.015230429750158092
2022-03-02,0.004910983376913203,0.010626770743475067,0.013620064889051209,0.008820104917683702,0.0053496136507564795,0.018396173720176323
2022-03-03,-0.04031770111487265,-0.03890629642635257,-0.048326245298174086,-0.015359456109822589,-0.022805032065713715,-0.00497857942795521
2022-03-04,-0.07129216313427766,-0.055798803346979065,-0.09066138083351283,-0.023757960658175703,-0.0443407012930207,-0.008124492326235577
2022-03-07,-0.11994516666880195,-0.1277519881448591,-0.15009529988966375,-0.08579151134192953,-0.11090762781099095,-0.029479279841671202
2022-03-08,0.05218069068004705,0.03686481405233377,0.03333336186205149,0.05297112249225955,0.0682078195446445,-0.007581574185777651
2022-03-09,0.058475199738646566,0.04932732133634432,0.08250619444566376,0.038304338513831304,0.041997063982619265,0.026810770124440664
2022-03-10,-0.006993033575937835,-0.006410329100877132,0.008595966302124447,0.009099937790374213,0.010692997045904207,-0.004515583642942134
2022-03-11,-0.012676010839381857,-0.014746434562332378,-0.009375051815400326,-0.019253906462622705,-0.006714177432546653,-0.012715027898951847
2022-03-14,0.016405102334284383,0.0,0.0043017358896948465,-0.003479542642871647,0.015977033678260533,-0.007308278899315512
2022-03-15,0.09263155753152419,0.08699727905910648,0.09194749225051124,0.04887791422989074,0.04314522722137282,0.021990425574196726
2022-03-16,0.057803444840750506,0.059380267728277536,0.07714426827296283,0.025202103564421208,0.05701578764095627,0.022174040801117956
2022-03-17,0.004857311902932926,0.005957243072489682,0.005583868655125057,-0.007885029914389774,-0.006765385649581401,0.012511234230476065
2022-03-18,0.01208463880116617,0.014266415425362222,0.022452929654474207,0.010752932459747289,0.016016180721143414,0.010952866839305742
2022-03-21,-0.039402975964902054,-0.04219745264683017,-0.03541912760437549,-0.010638536990022929,-0.026272820879188585,-0.00029255085653323576
2022-03-22,0.029210646917172234,0.024660861684699054,0.03304779288238158,0.006545322082360583,0.014700354971269425,0.011701529720391068
2022-03-23,-0.021135289417704595,-0.020551775656189375,-0.015876823969893872,-0.0044126828012654995,-0.007518794362558645,-0.012878608248738654
2022-03-24,0.03146207635325271,0.028713345219939956,0.030098724698810697,0.024492754280320606,0.033628967678193566,0.015074204237490285
2022-03-25,0.01734455307636984,0.01744488519576537,0.009350199562709882,0.010473731392756092,0.026814444705470786,0.004883844598067455
2022-03-28,0.01704873628903969,0.011342847298923653,0.015748038452289448,0.0009011489042793919,-0.004352367792079814,0.007112993364053688
2022-03-29,0.04971102013167972,0.03077729624222214,0.04126761362074771,0.020486357325451898,0.020982703125630442,0.012370656148311232
2022-03-30,-0.006057302383030483,-0.004807822115981741,0.004160333895862678,0.005294491612021668,-0.006507982053217898,-0.0061746163658542574
2022-03-31,0.011080375146432564,0.006102166063966186,0.010902747347263153,0.0050470672991314025,0.0,-0.015391434391008096
2022-04-01,-0.0005479577469499342,-0.006570518518459356,-0.012510824491343553,0.0024016422479538058,-0.0010342623742410906,0.0028341437432346517
2022-04-04,-0.0005482581692610733,0.002289476351025277,-0.005460900101925237,0.000435738875573799,-0.013632457379233909,0.008566567207992648
2022-04-05,-0.021393274791086214,-0.009391059149981063,-0.018010097008767878,-0.015675895288848163,-0.005073493987080124,-0.012631171092341353
2022-04-06,-0.025784808738051557,-0.036894626185352664,-0.03668081912839927,-0.03273614721875895,-0.03217861879247219,-0.00999951539050925
2022-04-07,-0.024740990712923683,-0.01223738103203309,-0.015556029108257152,-0.030642601654311985,-0.02979650004304013,0.005039142602811575
2022-04-08,-0.021238973106047943,-0.01050345192336044,-0.01037741569744266,-0.027129116925594388,-0.020786527689772294,-0.002673947631607776
2022-04-11,0.022905313880140277,0.04001090731311674,0.010962800155133401,0.03346271519796984,0.010135757697787628,-0.017092309219392088
2022-04-12,0.00942839445409982,0.010730025008075295,0.007307906333620773,0.004692586939202492,0.011927320555758403,-0.003705193268031648
2022-04-13,0.10624645016569878,0.062144016405688784,0.05640065231056113,0.07543211274048267,0.052198332566944394,0.011453480085657608
2022-04-14,0.002638482060556502,0.03266697207622138,-0.00022149582783326238,0.015417882627909663,0.01546939733143482,-0.012451960568937381
2022-04-18,-0.024210478130139768,-0.005429454595257677,-0.025703519165915956,-0.010692885652476392,-0.0045526551120950165,0.00041122939864801644
2022-04-19,0.05663426025945695,0.02159980098262948,0.04503069109090796,0.023562505582096716,0.02497804787609592,0.016142904306802208
2022-04-20,-0.005615140862417545,0.01161695026498899,0.012404780965399764,-0.0004222251861254467,0.007207794159015624,-0.0007417837640025793
2022-04-21,0.03798766881455529,0.02733110565578012,0.09307820235919184,0.022184574266781665,0.0015334836376521555,-0.014953203485641775
2022-04-22,-0.001978190382642242,-0.02325064839884916,0.01199607922627588,-0.031624612730098756,-0.03793806717501613,-0.02743934933560388
2022-04-25,-0.009910840431858525,-0.009613022324160059,-0.003109208127840546,-0.008964887978183511,-0.0019451920749005147,0.005797447256245647
2022-04-26,-0.06056051612587887,-0.031661633406659284,-0.0475633267640726,-0.030368279534932707,-0.045712226774160425,-0.028960575283302648
2022-04-27,0.010655239782271675,0.028878314331103994,0.029062590077914674,0.020435274807539594,0.007983666919846533,0.002811547813718951
2022-04-28,0.024248867078105585,0.0282995136753037,0.030628499461329506,0.0208969458690762,0.023024497677665234,0.025259409930067145
2022-04-29,-0.033968082194846816,-0.029325533065687193,-0.0254727846892685,-0.0038379864094205685,-0.0207058247555304,-0.03695537277754013
2022-05-02,-0.01118811863078184,-0.008366194117341852,-0.006138641055267624,-0.004066732657385774,-0.02445298825670783,0.006019259999635818
2022-05-03,0.030711191337595034,0.015936259408041886,0.023709951663018813,0.015473755261720346,0.0,0.004583912130801782
2022-05-04,0.025614307368697187,0.0115340607053811,0.010120678220195023,0.017354436055885047,0.008292472961195063,0.030453207414602224
2022-05-05,-0.0550458653164998,-0.03922448503212306,-0.05780346650864954,-0.022259053548856267,-0.04411216094115067,-0.03554279115459269
2022-05-06,-0.03775624209129347,-0.026822037046348113,-0.028220879857946635,-0.018723469409305027,-0.017989796244141876,-0.005969022466599472
2022-05-09,-0.08520181865262921,-0.06707299852146276,-0.08859425597469328,-0.04965304100933132,-0.05874155100026801,-0.03201727736139004
2022-05-10,0.01531862773743109,0.01124191747606429,0.018702321240129827,0.017339799606671535,0.004231029426753574,0.0023105224226567245
2022-05-11,-0.03620998423933741,-0.020424006202257483,-0.021305499761235525,-0.03543405424893209,-0.03496945027859266,-0.015886109874241106
2022-05-12,-0.030056386216952058,-0.03219857176621321,-0.03890690813576503,-0.015810201425300985,-0.02619516976568137,-0.0010440522200639846
2022-05-13,0.07036799023201068,0.045268774999186245,0.04265061344008858,0.01559188163832781,0.03452142780670564,0.023907923212204807
2022-05-16,-0.0018094503488274016,-0.004174312768472799,0.006239899581864439,0.004419579526167894,-0.011917725537872292,-0.004057524578399585
2022-05-17,0.07673719131779477,0.06680650412968836,0.07877814040083231,0.0446964990689227,0.05307022071537948,0.020570374187241613
2022-05-18,-0.05218857020777046,-0.03462683953962875,-0.049819035379468524,-0.019507846706026455,-0.02998747632198684,-0.0403116835893057
2022-05-19,-0.008288892522651081,-0.0017806703170140104,-0.0094107545057317,-0.014922191131401918,0.0038642439545486518,-0.006124491248475361
2022-05-20,-0.029253717678696334,-0.01529070498204066,-0.01492874600949523,-0.021115075715076315,-0.014114625130518421,0.0004366073014123728
2022-05-23,0.030135286852444265,0.02277453210151159,0.02778413560666526,0.017115921587945504,0.007809124127274192,0.018710154876083962
2022-05-24,-0.07462686567164178,-0.058198567713411475,-0.07126896216111644,-0.03803592580078541,-0.04842875687339332,-0.007633998820287591
2022-05-25,0.04064510714623237,0.03707666969881296,0.03632432396718244,0.017253824209030766,0.02148836875396154,0.008834969236569679
2022-05-26,0.0688159124677108,0.057772281353490884,0.06940570419414782,0.06007061904976241,0.04362270211159047,0.019981304803630362
2022-05-27,0.05162409521254374,0.03428838353339114,0.05079227627715355,0.017777696491829253,0.02758326347546025,0.02454920698689489
2022-05-31,-0.014340779568034479,-0.012786836061018825,-0.016112348311411395,0.0013100851907548172,-0.0035102618742789415,-0.005611034169588636
2022-06-01,-0.032456625431861785,-0.051571322928785635,-0.04492965235478463,-0.03728740434880984,-0.03501862174651016,-0.008088388213819075
2022-06-02,0.009832166567015355,0.011380994707353098,0.006155171883174937,0.009512856609173559,0.017607895645216365,0.01904327429853825
2022-06-03,-0.07101946369635881,-0.03625915121041068,-0.029276821917981755,-0.016378694631734136,0.031441268150602,-0.016411389234858742
2022-06-06,0.00493217799585155,0.011935629879394671,0.007427369212036128,0.013230064597990143,-0.0006138010093806878,0.0030447090786343
2022-06-07,0.023926461058374926,0.018974351803042744,0.03775698178686526,0.010355651028786994,0.009826066979057968,0.009592276617497841
2022-06-08,-0.03235475723475367,-0.03824866094780832,-0.03982782041834543,-0.03364542133723569,-0.02473142459798361,-0.01087219935523065
2022-06-09,-0.042105223997729646,-0.03846135551978769,-0.04260084699967204,-0.030666287005084225,-0.04240284534705263,-0.023782962568891786
2022-06-10,-0.04912735719220529,-0.04435390469086831,-0.036065594567013526,-0.04519491440635859,-0.04493161946030522,-0.028995551828363886
2022-06-13,-0.09449356490265881,-0.08285893914172093,-0.10058307592313398,-0.0627801942085684,-0.06977272033691406,-0.03796812850789466
2022-06-14,-0.027777769822536436,-0.02576824821481216,-0.0008103397873022722,-0.010632647880786661,-0.008062590486053733,-0.0030132955587861554
2022-06-15,0.027799275340065988,0.01848318282370376,0.024330837262588112,0.0002684590008881216,0.014285759922488372,0.014256180389406348
2022-06-16,-0.08640124237033697,-0.07446810352310851,-0.08207972183819079,-0.06043494238123215,-0.06070908162877753,-0.03309589524199241
2022-06-17,0.06414471568740931,0.02298851188985873,0.043128236131304565,0.0185819240882219,0.04498443252433737,0.0021556152436672527
2022-06-21,0.007728005000968041,-0.006939867929954491,0.006063980929036594,-0.008700576815416583,0.0022266243608353165,0.025173682455234214
2022-06-22,0.004601259186520101,-0.001663990669815929,0.0060274307041952024,0.010475632325363637,-0.003455921882228763,-0.001813014996214224
2022-06-23,-0.00916036914038132,-0.01466653651349692,-0.024782130096963173,0.0070048697686837524,-0.011642244697575355,0.009802576900934223
2022-06-24,0.07087828264556606,0.05548047477436158,0.07539784542583083,0.049805311082820714,0.05062648034627881,0.03179387349826457
2022-06-27,-0.024460374693846543,-0.024359063675630455,-0.034017076491568043,-0.019613111112718795,-0.025047692817849243,-0.0038196044084903846
2022-06-28,-0.0044248095693196765,-0.003613552542278242,-0.00618278326664623,-0.009191628841068056,-0.0022021080239783553,-0.02043295539296175
2022-06-29,-0.03481483459472656,-0.02274990505969754,-0.03489318022540244,-0.01282419041966032,-0.007356528838663223,-0.0008144776403051779
2022-06-30,-0.02686104642886289,-0.02260457516862746,-0.007287055325298053,-0.0016585418046498601,-0.010622537303319968,-0.0081242441635907
2022-07-01,0.0354889430942249,0.01898524240834143,0.028797304079421604,0.01688857561375201,0.02796501755856129,0.010576450428062323
2022-07-05,0.057121096227190415,0.010162591694160783,0.014544528374533794,-0.005989843074578949,0.008987193661357251,0.0018888089652178142
2022-07-06,0.0007204775792062357,-0.009725053743875,-0.008385214039901556,-0.005477671882968438,-0.011314424899962927,0.0033772971693633025
2022-07-07,0.015118792869427411,0.012868150522799437,0.0008182973110131275,0.011291554558685801,-0.002434830164697921,0.014977037689773987
2022-07-08,-0.009219866022965872,-0.0063522994581466374,-0.005996113770517009,-0.0005446794860820559,-0.0019526929136204352,-0.000822340855815451
2022-07-11,-0.03865425565721026,-0.014468418223062218,-0.03016183855222676,0.003542233411240714,-0.013450702990222663,-0.011423760079087852
2022-07-12,0.09977662860301417,0.0614545035780345,0.08085950513765439,0.04642954637918262,0.03619234206619093,-0.008848880536049042
2022-07-13,-0.031144212856484943,-0.04470897589389322,-0.008370381863873289,0.0067461285817580485,-0.012918682425442918,-0.005251784980473184
2022-07-14,-0.004192901317769948,0.0023568404392941833,-0.0015827320900163588,-0.008763057420298592,-0.011391115490195558,-0.0024284870642866663
2022-07-15,0.015438615230091823,0.010749107443682071,0.024570682765328034,0.029121339038115757,0.01274823353989496,0.01910503976642164
2022-07-18,0.0048375738446750916,0.03489538345979515,0.014440469079900486,0.00934824262254863,0.005325524054523578,-0.008256759101887168
2022-07-19,0.042640982612496936,0.046884916930822085,0.0541433924721304,0.038548263619475165,0.03033956593465148,0.027018999046773073
2022-07-20,0.0032981656489528,0.007668735920552283,0.005063879389707315,0.00024092984366164139,0.014255681170836532,0.0063732809868830564
2022-07-21,-0.07429323547711086,-0.027092746071695872,-0.1017274867423712,-0.01469876124919689,-0.004838776308445536,0.010183315001806026
2022-07-22,-0.028409063970007975,-0.019086297203192326,-0.029647351398737642,-0.015896100796104706,-0.010187511940250138,-0.009278366827895068
2022-07-25,0.005116936642006742,0.0019137350609601533,0.0002752083960715357,0.009442813760345059,0.02315793399922339,0.001215118413338212
2022-07-26,-0.023272705078124956,-0.024514408701940993,-0.027517886510762368,-0.025110463129083938,-0.03063557615836976,-0.011830991326012397
2022-07-27,0.040208484704569836,0.028067911006572466,0.030560215384671796,0.029545342036294997,0.03278300329305539,0.025966264742702805
2022-07-28,-0.015032214325908289,0.006349200374877295,0.008786477913509172,-0.06426274062744153,0.005023918735015398,0.012542233716457796
2022-07-29,-0.003633734731334881,0.0031544465135402433,0.00027213720948360276,-0.0007865027243023626,0.007271154776775202,0.014578959081381182
2022-08-01,0.041575469966319556,0.01352205758029923,0.025578193924054027,0.004984200604852385,0.020527854947540725,-0.0029614765028821433
2022-08-02,-0.01540611466865327,-0.01272101357088773,-0.01220480502078547,-0.01801088516597904,-0.01635724250689008,-0.006597096957566828
2022-08-03,0.04054051762537281,0.04494024217107184,0.03760412417654324,0.03668245379486379,0.04044942105754035,0.015659344387390473
2022-08-04,0.0157210895719202,0.0024061555935450674,0.0,-0.005384361935507065,0.01339090587691616,-0.0006755011591726978
2022-08-05,-0.00807536260642916,-0.011701437038345697,-0.0209681944316481,0.0005156130202736975,-0.007885740543989495,-0.0016902053517106053
2022-08-08,0.01899597632247918,0.024590343898886813,0.02194610887763382,0.006956655732764494,0.005370569368365663,-0.0011610247322172418
2022-08-09,-0.02663119573993311,-0.016000114286530587,-0.02199229638449618,-0.01893558892118774,-0.022863241715117222,-0.003970984219430318
2022-08-10,0.030779740956744073,0.0216805328478733,0.023544957873328443,0.0245177160608423,0.019243408635997605,0.021004038940249048
2022-08-11,-0.005308555097949363,0.0008840500253508576,-0.0005169412890561054,-0.007891990443063324,-0.0081527797283667,0.0
2022-08-12,0.017344912131539214,0.015900939791415825,0.017326144695311463,0.012573534257723118,0.02401039630851498,0.016929228771486837
2022-08-15,0.005245896636462577,0.014492912998878005,0.013218110212169565,0.004561621402088267,0.02344741459175692,0.004120655780213589
2022-08-16,0.01108937228571416,0.009714061304161525,0.010787764641029929,0.005802091010540966,-0.004334346360491459,0.0019587116613835054
2022-08-17,-0.034838707216324316,-0.022636996626357764,-0.03301071732024008,-0.023325721850419145,-0.033167542146512075,-0.0070980250156345015
2022-08-18,-0.00802138270408359,-0.0014477385049929126,0.002566793921158439,0.001027466405279176,0.001072024822359685,0.002906426819987873
2022-08-19,-0.045148252655314636,-0.03595248639738935,-0.039938589821907566,-0.028219640242345245,-0.026558104524342152,-0.013438094957200719
2022-08-22,-0.03246295241144992,-0.026165218642927757,-0.030399983723958357,-0.01082366762218323,-0.027722818813633365,-0.020822484714314915
2022-08-23,0.008023315563178812,0.015132641595883012,0.015126491414413357,0.0,0.0070151930962869535,-0.0024193024539306274
2022-08-24,0.012301018816781362,0.013386126309745006,0.013004593449489787,0.008807102901116526,0.02044943477330574,0.003201158385081504
2022-08-25,0.03073626248825967,0.020414293992219834,0.023535733684950655,0.0198411291684939,0.017397069327943715,0.014117635705384046
2022-08-26,-0.04715674768224731,-0.03854078543666606,-0.0444212370683309,-0.026459230380121657,-0.028355007611642002,-0.03384915341814876
2022-08-29,-0.01673941383316413,-0.019889792127803507,-0.015039629249392283,-0.0026645094047407225,-0.005569169155695053,-0.006612095807118079
2022-08-30,-0.013323486463825085,-0.009678373796796702,-0.0022210391459738243,-0.006144667014427285,0.005152319564987851,-0.010978022206479032
2022-08-31,-0.02550638818708728,-0.020491875531106984,-0.025876470247960692,-0.013440839892398526,-0.02919539981675512,-0.0076088817771833295
2022-09-01,-0.0046188966127455044,0.0006436816990500471,0.004855812390542669,-0.0019073044407230677,0.0029843262010931237,0.0031378789740192925
2022-09-02,0.0046403298164166,-0.0048246661901109045,0.0036953117392699575,0.0030030976006720778,-0.0016021903644882762,-0.010544636484133618
2022-09-06,0.017705966124959005,0.008080051496309748,0.035967159681968175,0.0,0.00641913344453271,-0.0037728805832858425
2022-09-07,0.05068079143424464,0.03334400424927564,0.055221337942950255,0.02857908968505818,0.04988607176740034,0.017964810396025266
2022-09-08,0.005039574736790398,-0.00341292345798605,0.007253953499036125,-0.003440171936365699,-0.008678705240933837,0.006536220669297599
2022-09-09,0.016475611863025375,0.016812198450161464,0.009773591640397372,0.01885294149946737,0.01904142641128148,0.01553548181663933
2022-09-12,0.019732254751620326,0.015002845126212527,-0.0010187748991354884,0.01042470913459792,0.005584156225612702,0.01074747170827206
2022-09-13,-0.05459571162919141,-0.042534034452066605,-0.03646099593747398,-0.03301530388064633,-0.04015380351066222,-0.043482371874841164
2022-09-14,0.0255847529230675,0.028985832060973715,0.01693568071297591,0.014403967701858367,0.02269694011867318,0.0038158120496354364
2022-09-15,0.017106252983631,0.018983299215011407,0.012230060290679301,-0.0297134544878761,0.006527398673554341,-0.011353336917183432
2022-09-16,-0.03644011500229227,-0.03515628107924784,-0.036503905602623066,-0.058807548012320354,-0.04063980375336207,-0.007628852418214316
2022-09-19,0.03345454822887084,0.02584843017409999,0.032550726670321994,0.03311244082726095,0.03154568899250143,0.007754857554990391
2022-09-20,-0.016889498274023973,-0.005767980939124118,-0.01369515719755987,-0.022017730834897553,-0.009829553522087253,-0.011478491835328342
2022-09-21,-0.0529707022654099,-0.04854956067423499,-0.05370708240506028,-0.027643077789091253,-0.040591221669162625,-0.017443877980755085
2022-09-22,-0.03930457460933956,-0.03851094113793674,-0.04623472365252834,-0.03282544978575941,-0.03702001720429282,-0.008399613879604306
2022-09-23,-0.039339102950380234,-0.03137502168268158,-0.04005808527005339,-0.02878785163376485,-0.02626557451680278,-0.01675492254459665
2022-09-26,-0.028665059817873928,-0.03445902763185438,-0.03537950066800455,-0.021216746568092693,-0.048307931951336536,-0.009892733521499997
2022-09-27,0.03457005168255578,0.017130632763743936,0.029153674722434353,0.004144019800062626,0.006183917940665085,-0.0025525259912677623
2022-09-28,0.03911976563396258,0.034736718253451926,0.03320122683817739,0.02952382465394998,0.033290634121876606,0.0196759738216028
2022-09-29,-0.039215686274509776,-0.03560522612645112,-0.02977589552047455,-0.02436016561484622,-0.029987586870633964,-0.020888828970522466
2022-09-30,-0.01714286025689571,-0.013361547746195912,-0.011546674867126017,-0.025284530953647577,0.0002555476848862259,-0.015463457870274366
2022-10-03,-0.009966767935156495,0.007127718668065386,0.008607519351409909,0.012321715710554626,0.01941247233492005,0.02640103632887092
2022-10-04,0.0864093730183455,0.08811029739989062,0.07680586261160838,0.06310038858053058,0.06865451488205077,0.030986768382544883
2022-10-05,-0.006177600377168968,-0.007479597621488643,0.00254730634662792,-0.0060256048330444845,0.0002344272256857849,-0.002328114014728877
2022-10-06,-0.01087803765094375,0.003276342642353214,-0.01298698781063079,-0.013640551100479126,-0.0046882504372907086,-0.01031581573338547
2022-10-07,-0.04320496911533478,-0.04016965805415962,-0.03146448807001412,-0.02059012139607097,-0.022844970016981936,-0.02789400314886703
2022-10-10,-0.010673243939548605,0.0010208149294066438,0.01004135104722792,-0.00658915312145647,-0.007471712719932411,-0.007635397169242442
2022-10-11,0.017427388781988462,-0.01971442031396653,-0.007894750050890464,-0.007896452406234156,-0.010684765018170284,-0.006332986245563554
2022-10-12,0.0358890352503225,0.012829260064046277,0.008841710414449588,0.005730642614097281,0.011536509245022364,-0.0032983922914308073
2022-10-13,0.027559085568992447,0.040054678839949176,0.034180601790511744,0.026590683000052184,0.016743568472104897,0.02639110384142085
2022-10-14,0.00459766015827201,0.023041586156849148,0.0019773924239252505,0.01017582995529076,-0.0016706370471367693,-0.022788894297335882
2022-10-17,0.0068650003771777435,0.0016086547686486874,0.017761410536694555,-0.0012210397572666176,-0.007171958848328108,0.02569712768172061
2022-10-18,0.03787878842612158,0.033408400116491155,0.031855999293277204,0.018031849045041737,0.01950400667227581,0.011749486812714816
2022-10-19,0.021167880721932875,0.010879845054328596,0.049664388567009166,-0.005704172680164099,-0.011573020233842546,-0.0070862841158900736
2022-10-20,-0.03788418453482434,-0.011377850736452255,-0.0012787529159020705,-0.009359825637892949,-0.047072819064116644,-0.00838560140981326
2022-10-21,0.018573551210362194,0.013375095665907333,0.03559537559041104,0.008838733188230252,0.028334935384979776,0.024301784996037412
2022-10-24,0.02844641445934415,0.021178170813667574,0.03560837018563068,0.018731211328189667,0.03828343266956735,0.012236354799122662
2022-10-25,0.013475147180350255,0.01893619750833886,0.017191914700165123,0.02669031452961912,0.019492672162171765,0.015968746292286617
2022-10-26,-0.02029390921113916,0.0,-0.003521073158553323,-0.007221189339052914,-0.012669874199350728,-0.007534436103853626
2022-10-27,-0.002142838069370767,0.005604639087402941,0.012720869395102197,0.026767472842925244,0.009566025235032027,-0.005339818251631878
2022-10-28,0.002147439684879293,0.017013970602726358,0.016980681873338455,0.026636346206403205,0.026808408484866986,0.02379066697200849
2022-10-31,0.012857164655412978,-0.021343978135887398,-0.014638594962924523,0.0033121631901604776,0.0006751919669327755,-0.007223186064624576
2022-11-01,-0.004936575951481781,-0.008842014436688306,-0.009749349252344164,0.016231146785394834,0.0013495585813443345,-0.004375904382628915
2022-11-02,-0.03756199474607225,-0.046684416869751666,-0.036333784402359126,-0.011911136926461396,-0.021563321531935076,-0.025096141017944107
2022-11-03,0.01104562734705361,-0.0028072770152568483,-0.0038919933115209027,0.012602684903077144,0.006427887292688617,-0.010296936483921604
2022-11-04,0.027676629796815178,0.024710687980126433,0.04078139530724245,0.003246856062873782,0.023266433718373447,0.014393026553227495
2022-11-07,0.014883064724072748,0.018315243236148637,0.0037541025673843986,0.008630038543728125,0.004012490029575488,0.009565866713920679
2022-11-08,-0.0048882469494409,0.006894470811633857,-0.014025210173953084,0.001069552423494935,0.001776154856378831,0.005395067403111353
2022-11-09,-0.018947400544819026,-0.003870365805807574,0.004504471914042796,-0.006410347755649193,-0.019503485688163513,-0.020601967299194723
2022-11-10,0.06795427711348023,0.060669629775213174,0.046259215213124705,0.0435482056274179,0.06103067011311558,0.0549542341567808
2022-11-11,-0.0033489745286562345,-0.0014088738563479142,0.008572010776497718,-0.011849512133434215,0.006604204992767704,0.009678315820325745
2022-11-14,-0.013440847293478053,-0.021162812222263128,-0.015209132612394538,-0.015902054025194623,-0.020740731052620753,-0.008506546675460025
2022-11-15,-0.004768436447092905,0.006053801007565474,0.00022716639808706418,0.023576360206230218,0.012535076953086755,0.008528974624218977
2022-11-16,-0.0355920271258664,-0.022349627955379536,-0.01702997239801529,-0.016821942153240732,-0.024973280833543554,-0.0076289112693315175
2022-11-17,-0.009936149170093556,-0.0017582545883148004,-0.0009240220531618881,-0.009476259382526608,0.0043783003853612446,-0.003059667282162226
2022-11-18,0.0071684862248750925,0.01203741027028049,0.013179183695357644,0.012755854002892253,0.01743677459538051,0.004540435526897202
2022-11-21,-0.014234861676160282,-0.00696263811857778,-0.008900031774635164,-0.009446529336201381,-0.0081405541052042,-0.003636073358136205
2022-11-22,0.009386220735454254,0.0,0.0,0.011125852628165456,-0.0073434159436387425,0.01345686971362503
2022-11-23,0.031473572851579146,0.007595657790037569,0.0059866064864433355,0.012051406766752537,0.008268082586703418,0.006301630645245915
2022-11-25,0.005547844887849429,0.017686229866789915,0.01670861902453935,0.015273159567035233,0.012084621740333423,-0.0002237257135500048
2022-11-28,-0.0462069018133755,-0.03504258722815512,-0.03151728430642753,-0.01657306854217233,-0.023880654800491286,-0.0159569343196575
2022-11-29,0.022415070233321233,0.021847999790905792,0.01557410882882504,0.01763008780248443,0.018567110342579518,-0.0017176001087784165
2022-11-30,0.020509190580746406,0.021959228770427552,0.010986485633416532,0.01681539846427138,0.017370738581166556,0.031500789253753325
2022-12-01,-0.031185083397264113,0.0002827978145349963,-0.00633911684184163,0.004259615066757538,-0.0006323520270926641,-0.0007358944326130157
2022-12-02,-0.0007152557607251753,0.009327008614908205,0.0,-0.008233586536344206,-0.01497572425137672,-0.0011540415221983347
2022-12-05,0.010021430706687706,0.0022402891935235925,0.025974012428838344,-0.006289194970142242,0.00021409681734185781,-0.017988878679649933
2022-12-06,0.015591798184396044,0.003352867063525,0.019764588358319513,0.004556791531263427,-0.008777560596193612,-0.014414955844664346
2022-12-07,-0.05443124473998362,-0.04399881846617626,-0.04050515831492718,-0.04712705017135144,-0.04362852032504516,-0.0017012710644948026
2022-12-08,0.0036900509248001256,-0.023303213338001005,-0.028597414819743427,-0.008463419180220755,-0.004968324572509175,0.007833947901335181
2022-12-09,-0.005147106362872744,0.008052430197008187,0.00560751595198572,0.013870806109879563,0.011348161244114197,-0.007470019826297025
2022-12-12,0.04951959272114581,0.02869820720974592,0.027881058025408523,0.02446681529792083,0.02670553388766872,0.014417067903949476
2022-12-13,-0.05211266063787778,-0.03997688574515623,-0.06939429007788134,-0.0300461170340951,-0.01027325072575136,0.007569804908952982
2022-12-14,-0.00817233702566833,0.027861140880828916,-0.025989792140222234,0.009796116002009025,0.010159074902189369,-0.006393371581042917
2022-12-15,-0.031460678973232126,-0.030894969153293594,-0.038653349028450745,-0.022286151750820826,-0.04394407657349797,-0.02446171770119565
2022-12-16,-0.009280733389545825,-0.0042104157155573585,-0.0031128128212620787,-0.00026839867362260517,0.011205160841438744,-0.011806198330241435
2022-12-19,-0.025761191769753666,-0.005738364432453236,-0.011709621633254286,-0.024946366869913028,-0.02985073854331366,-0.008479598757734519
2022-12-20,0.004006425686607251,-0.0006076288118458395,0.015007891039870547,0.001100561362525232,0.003962661139831569,0.0013683689995596104
2022-12-21,0.03990423069876936,0.023404298895374653,0.011673171772902169,0.005770884836428181,0.0183422549599479,0.014952400657912257
2022-12-22,-0.0360705543351012,-0.022274970577005226,-0.018461569761618613,-0.031147618971748003,-0.022343810501567418,-0.014266225474321326
2022-12-23,0.011942644388450718,0.007290105152257809,0.002873579254423886,0.01776624258787396,0.010027991941808034,0.005752461247801266
2022-12-27,-0.014162101072819788,-0.007840575345381628,-0.004949169828854294,-0.05957323873483833,-0.024243893291708396,-0.003943762275027796
2022-12-28,-0.016759779937934316,-0.027659625967261015,-0.023821985058570028,-0.05156157408744433,-0.022716496038843847,-0.012427749631133134
2022-12-29,0.03084416589722494,0.023132467249450395,0.016894535745523243,0.03696802170340585,0.036561795741523184,0.018000357409195145
2022-12-30,0.001574839217641566,0.003971880661857385,-0.005801619636839228,0.008687989230615312,0.003036609419477143,-0.0026340865414707926
2023-01-03,0.0015722880243325132,-0.007608356220901502,-0.012997391738742037,-0.03177911568619585,-0.01816485338245233,-0.004209762563148978
2023-01-04,0.06671902643175032,0.05458440293969158,0.06745504428883109,0.03128825755509412,0.05075899898941283,0.007720117335458188
2023-01-05,0.02943337851648975,0.024426101026444824,0.038267885474570607,-0.0026769401003744475,-0.004288908125985591,-0.011413367149978204
2023-01-06,0.01358116777456031,0.022707781863411824,0.024248301631911495,0.04622755563460634,0.026524555718794085,0.022932197868833493
2023-01-09,0.030324354178223212,0.02053821162110636,0.02627833218624498,0.02034348426688415,0.009717368667585546,-0.0005670503062853438
2023-01-10,0.039698832124268835,0.03589910430923826,0.05536335894709765,0.016849474362399253,0.034558135918027144,0.007012701892282314
2023-01-11,0.009874955651631767,0.002362599400940857,0.04284151004311809,-0.006627836869399273,0.008456692015451406,0.012648084916318636
2023-01-12,0.09713166599068113,0.037192352169842735,0.07524628424812252,0.027800661852431796,0.035639428422405084,0.00364074281546789
2023-01-13,0.011289396014196651,-0.03535340380102381,0.00682265680357963,0.0005410027437442455,0.018016181420200894,0.0038794324712942974
2023-01-17,0.0035252329217778655,0.0015704617457554804,-0.00871250241326682,0.001351831162261119,0.00019881330982673973,-0.0018318270336247222
2023-01-18,-0.025761155504861688,0.003136514994586781,-0.04570312729920256,-0.019978491878801408,-0.0196818663774474,-0.015788063618273007
2023-01-19,-0.02163453823363004,-0.0007816512642959683,-0.010028687522426805,0.004132241241005419,0.001825190632353868,-0.007279645883796926
2023-01-20,0.0036854707255387087,0.017731322691771023,0.022534632554423784,0.01673524829076478,0.008501986963002306,0.018628784420941846
2023-01-23,-0.010403921340662925,0.0012811913854688939,-0.003639310725994105,-0.009983855963351385,0.005620208370373803,0.011998738451526547
2023-01-24,-0.00927641421289671,-0.007164803733423986,0.00040585345493293623,-0.00027250963203795386,-0.007385208446181624,-0.001073479876813055
2023-01-25,0.0149812586929019,0.014948613060383309,0.019878287168402897,0.005179991757421343,0.026543328111296782,0.00037498527612567223
2023-01-26,0.021525238409777936,-0.0040630119095443895,-0.016507518625859197,-0.03173332392947825,0.0052889414652068645,0.010990396019216142
2023-01-27,-0.010836863248734785,-0.012493698384821617,-0.014560186240537565,0.015126134875029118,-0.005845659369534295,0.002297716169955777
2023-01-30,-0.02860622387698608,-0.008520768505891008,-0.01067105402521018,-0.021246974822622056,-0.016856146660827687,-0.012547064077951586
2023-01-31,0.011278154829024833,0.01822930790977173,0.015556938689956556,0.008457638148576585,0.023524727048751304,0.014703405474681741
2023-02-01,0.03407689995093355,0.020204621598218786,0.025735338231043237,-0.003913949700466546,0.00973899490677721,0.010627809866357474
2023-02-02,0.022168898744475474,0.000250852646361599,0.04161688772970984,0.03339894917647612,0.03356484709385055,0.01455698154674745
2023-02-03,-0.002344607821269995,-0.008020121022885407,-0.02274904244246212,-0.012764965505650427,-0.002053016173803268,-0.010628971697529521
2023-02-06,-0.0058754629130525204,0.001515905676758189,-0.003912378073519629,-0.009078177984855218,-0.01945017564586593,-0.0061114496083855
2023-02-07,0.0023640075649142833,-0.0012612761889778668,-0.0033385344669747408,0.00471929105314306,-0.012016041664089872,0.013078767365717336
2023-02-08,0.00058963616873009,-0.0037890063413973385,0.0003940976899245996,-0.024592082741417776,-0.005984508941304423,-0.010934801833093033
2023-02-09,-0.018267500205402465,-0.010902722714660307,-0.018711852558082498,-0.01274836982487948,-0.014177574929831183,-0.008669279170701372
2023-02-10,-0.022809073484213127,-0.02153268044473744,-0.019269351472364415,-0.00803419536026373,-0.02324658253540446,0.0023337443342978936
2023-02-13,0.014127735413733467,0.011265064157916838,0.00675395031181214,0.014463562406092256,0.011698224988651251,0.01173901269991906
2023-02-14,0.016959459888782336,0.012953512168022652,0.0176865779807045,0.01254617732633001,0.008373245313401778,-0.0004601509081602062
2023-02-15,0.0005954926139377648,-0.0020459531880816506,-0.002996434713622209,0.005913679536434735,-0.006128931634412971,0.003247444588436732
2023-02-16,-0.024404753930443945,-0.0189646257862639,-0.0184331430927267,-0.008678703328485415,-0.022876497223132675,-0.01376895287543578
2023-02-17,-0.0018303099703482761,0.002089986061597493,0.013063877683632485,-0.001411801943824731,-0.0006107243474999802,-0.0024982167041566194
2023-02-21,-0.04095360666089021,-0.032846978905639146,-0.028813223340720118,-0.04524880691162181,-0.026685707256449365,-0.02006094338822695
2023-02-22,-0.008285478919268785,-0.002425858094172284,0.012033153675868435,-0.004739360175102791,-0.005441572377056225,-0.0013782368452914806
2023-02-23,0.019922844317636468,0.01405043741837142,0.03690043248877184,0.0011904056318516876,0.003998287560579072,0.005319389183182643
2023-02-24,-0.01953367789400351,-0.00452992092909188,-0.007315198362742303,-0.00208058005013545,-0.008593583216930822,-0.010682218574920355
2023-02-27,0.00449869491879773,0.01284787105584817,0.009759045755854734,-0.0008938776733368181,0.013107800039856787,0.0034059418951144504
2023-02-28,0.022392797519690255,0.013213887088164622,0.02485203752608678,0.0011927191930507508,-0.0018780538674758596,-0.003696183817197052
2023-03-01,0.003128982843649153,0.004433702779359505,0.008275602631876877,0.0020843585013301524,0.008153865246043557,-0.003835785159625571
2023-03-02,0.005614482141779842,-0.002336935578797439,0.0032449319645566632,0.008024002616688675,-0.004977222571362239,0.0077771121758765105
2023-03-03,0.014888322495247408,0.011192072755827676,0.009512937346574768,0.007664821160136892,0.00958730906338845,0.016037916364971094
2023-03-06,-0.014669912112735939,-0.010038535492590483,-0.011684936497082798,-0.012287703069867262,-0.011147752191147497,0.0006927414780084629
2023-03-07,0.014888322495247408,0.01586068671208163,0.029938972843995826,-0.006253800650224628,0.012734796998382869,-0.015328792059369878
2023-03-08,0.014058651201443118,0.016892629004782167,0.00462877259339467,0.015882670660600784,0.01443003065676729,0.0016323030113423176
2023-03-09,-0.0427968674874436,-0.031210506541820116,-0.039439724582504665,-0.024188838601697515,-0.03434258602216134,-0.01844971184626165
2023-03-10,-0.026448367334204637,-0.032216291741718917,-0.02206442315328061,-0.009371273548113845,-0.029882196337617684,-0.014429773664210166
2023-03-13,-0.03945664004994143,-0.04214772551493484,-0.0419854686756258,-0.05218185925903451,-0.0438177160504758,-0.0014251425514716365
2023-03-14,-0.012794648429417244,-0.005885496000574197,-0.05365559386311092,-0.017063701005156195,-0.04128864414518418,0.016529804483778943
2023-03-15,-0.05457027278728688,-0.0631519660930836,-0.06643583111118889,-0.026203834516547286,-0.04448644884256969,-0.006253985123076289
2023-03-16,0.018759035737535346,0.014444788942815423,0.010431172213865025,0.0252270954122511,0.002476435648241182,0.01754503192338719
2023-03-17,-0.009915038559308753,-0.02224854035572621,-0.01261755529101305,-0.014763715232775532,-0.029397199608842794,-0.011692681603456823
2023-03-20,-0.0014305797384994712,0.005461063625339158,0.0011616922861752421,0.0016649867340747804,-0.0005090470169922812,0.009615606462570536
2023-03-21,0.02936961649654357,0.022631270617592403,0.027152428981252807,0.031914825588079676,0.03284952636847538,0.013130663783769148
2023-03-22,-0.03827419590222669,-0.033047926595302535,-0.0325349905403951,-0.030927771165504492,-0.028599600792320823,-0.017046661424809928
2023-03-23,-0.013748160968082956,-0.01922511500891344,-0.027090141421750702,-0.01529256594691597,-0.02284267743715096,0.002703491648537115
2023-03-24,0.006603092577566194,-0.01711252507208072,-0.00720113389724808,0.0003374132658267026,-0.009610361867136819,0.006561991267768352
2023-03-27,0.01603493506360798,0.017094012816975424,0.014023162664370536,0.017550000120858833,0.022554434467894735,0.0018697594033481035
2023-03-28,0.0028694378089735295,0.010582012534405605,0.011206514928300715,0.015920363973151774,0.021031024865974413,-0.0022445277907262584
2023-03-29,0.026466441441256983,0.026177954394046354,0.024994137635105274,0.026444706656061134,0.02059783136240645,0.014534807321999521
2023-03-30,0.008362361140703545,0.02370938476366291,0.0055209997016338885,0.012086444644143324,0.008614286608910726,0.005855257143481785
2023-03-31,0.019350361285700668,0.023746641623694886,0.012354173572132865,0.022627360009713327,0.023914093537904524,0.01409471676126306
2023-04-03,-0.022372876183461288,-0.015177587930451208,-0.020339017533986592,-0.026121713341705544,0.0030982142743500862,0.003810404735610007
2023-04-04,-0.018030528953274283,-0.013666701908093382,-0.018685065446479743,0.0009466365602661675,-0.0028510081123719333,-0.005548032308860806
2023-04-05,-0.019067761793705174,-0.013561181849512383,-0.011988766461081934,-0.004413631370432047,-0.00047654174843836383,-0.0026183704967411847
2023-04-06,0.008639300402664807,0.006873985051069731,0.01498931921039115,0.00031673104531870777,0.0021454148021708974,0.0039010873761355924
2023-04-10,0.00999281851258127,0.008310969062113038,0.011017375114492411,0.018360049593393768,0.009276864442322008,0.0010264363698806456
2023-04-11,0.012014139991305628,0.017956963365123535,0.02759097141754352,0.0167859192439348,0.017676172392308676,0.00026833853658092544
2023-04-12,-0.09217875160299871,-0.024291316598319623,-0.06498197400600536,-0.014368591789796215,-0.027790661288985996,-0.004076146106173462
2023-04-13,-0.0038461685180664062,-0.010966557773376184,0.012789638309798068,-0.0009305507996256734,0.009528383283483821,0.013282857679382198
2023-04-14,-0.012355200754337936,0.011987161206397534,-0.007148035335529768,-0.016765070845163765,-0.01109016538125418,-0.0024427152664936447
2023-04-17,0.024237718572423406,0.02428179938188424,0.017038707232270855,0.020208465239176965,0.017418266401673765,0.0035881740111767257
2023-04-18,0.014503784339736425,0.022260867737166068,0.015573379678573529,-0.007737473361862146,-0.002110697792592875,0.0006523460839993334
2023-04-19,0.025583156776810334,0.01611978638983458,0.07504645616935979,0.012164568804859055,0.02585199315022013,-0.00016887151456868033
2023-04-20,-0.02274397777064252,-0.035903095135750185,-0.02982496335557483,-0.007395915462964031,-0.002061859093739793,-0.005457160194621946
2023-04-21,0.006006000415836432,-0.0089493141068695,-0.009801707121663394,-0.0018627715316211768,0.019513279323316812,0.0007768804575196686
2023-04-24,-0.005970143730110733,-0.006117053209740542,-0.011698547780391144,0.0003111155778459107,-0.008106296140249603,0.00104323843424603
2023-04-25,-0.03603600249501826,-0.029601339516644454,-0.03277939031881416,-0.027052337632812118,-0.035187270463253206,-0.015873908717415786
2023-04-26,-0.007788191610696438,-0.0108730046095743,-0.009178705317475888,-0.012464117626823867,-0.006117607565487182,-0.00423545281097204
2023-04-27,0.01098903813484653,0.017710114381693565,0.01733974782403669,-0.033009640971140675,0.017282185445756548,0.019907913731063376
2023-04-28,0.05900622842617298,0.029402993834827473,0.02264761532890125,0.013721649301676075,0.011403254592728507,0.008535088504447952
2023-05-01,0.018328445286468265,0.011949585562174958,0.013926954816826154,0.009904169305060329,0.0006903496232437689,-0.0010096506951057238
2023-05-02,-0.008639300402664807,-0.005472385833649618,0.0027020700809967657,-0.020595022160560084,-0.0027593180489907665,-0.011239278071068948
2023-05-03,0.0014523967628541357,-0.01158389228715262,-0.0011228214334421116,0.027703740930509868,0.002305794126843841,-0.006863899793703054
2023-05-04,-0.020304549220141244,-0.030764953550175944,-0.03507197368133297,-0.048717141481795956,-0.03174605542587361,-0.007083005726655656
2023-05-05,0.026646902337398526,0.025998028291107644,0.0440354912622809,0.012632281850658345,0.02542170802910837,0.018512606346502203
2023-05-08,0.03532802993230977,0.007660323953675885,0.023432251838456652,-0.002360156306110084,0.0069508627924272925,0.0002665287302792141
2023-05-09,0.007660209817652364,0.0,0.010902747347263153,0.0013516438603418113,0.010124308575134133,-0.004385497983194764
2023-05-10,-0.00898411278796829,-0.011696011176586474,-0.01811907121503209,-0.013162206576579738,-0.01799546442069344,0.0046726014453797315
2023-05-11,-0.018828483604649504,-0.017159714191841258,-0.009666050577421315,-0.009233942164428521,-0.0013918202839600102,-0.001744028036294254
2023-05-12,-0.0035536061226028037,0.00030110054569276734,0.0,-0.011736019554734911,-0.0076654592846853165,-0.0013103448116247307
2023-05-15,0.018544883503448295,0.014745679925017408,0.002661910537059997,0.014669678499862338,0.014513083196830534,0.0034500680249407445
2023-05-16,-0.005602235658404231,0.0029656549404688537,0.0033185333772078884,-0.01755579630720161,-0.01615137887574869,-0.006682569261043603
2023-05-17,0.05000000335800814,0.062389075882029355,0.05292175538326571,0.04695156747450513,0.06121014652230938,0.012138858327776614
2023-05-18,0.00938969448393756,-0.0011133407746705126,0.007958137552151578,0.0026773248310543174,-0.0028729517815521133,0.0096332720942236
2023-05-19,-0.015282424783770954,-0.008358812055452969,-0.012258469551099771,-0.01602126032111373,-0.013297838836983988,-0.001455078269423038
2023-05-22,-0.02968958093413243,-0.00365286906125617,-0.0027345617503505837,-0.00542744288378183,0.00898467446246154,0.0004060348043068984
2023-05-23,-0.021557748063255278,0.012690373433513535,0.009702575109747924,0.005457060769421096,-0.0020034804443256338,-0.011222692886000751
2023-05-24,-0.019189730628684898,-0.02729028379922993,-0.025276772748509813,-0.018317671792901113,-0.01784526029627853,-0.0072449207352369704
2023-05-25,0.0420289793978017,0.02347530769005357,0.017573932651216984,0.010366324992625131,0.02475585243714362,0.00865994623468791
2023-05-26,-0.002086212290156042,0.003916202594558937,-0.00463355566184076,0.014021847376292307,-0.00044327256731246933,0.012950662481563624
2023-05-30,0.018815295952048006,0.010866565786856963,0.015869657779024493,0.0050591842777074625,0.0024390380060586025,0.00038098796621532927
2023-05-31,0.010943902097437785,0.0013781957922545107,-0.011247596744611399,0.0023489309572783945,-0.0061932931866180985,-0.005545338537757072
2023-06-01,-0.005412714827564669,0.0013762989827874605,-0.0012639850800097996,-0.02544358081200504,-0.002003119340676318,0.009501040165452501
2023-06-02,0.011564631190457364,0.017317076827113365,0.02299093347597614,0.032978288019023694,0.028099873265956754,0.014461290582259645
2023-06-05,-0.004034933853674816,0.0024317571920395853,-0.004948488215810287,-0.0023278400744538574,0.003904562063637096,-0.0019164324591485205
2023-06-06,0.008102625398992869,0.014555574658757564,0.010982233991451595,0.012999938406050848,0.02549698220181562,0.002177536644827782
2023-06-07,0.015405193404891993,0.01567462334034131,0.012297570462437735,0.013162376944441334,0.018963370064062124,-0.0034575764058497604
2023-06-08,0.009234851235612185,0.02301867455512907,0.00971855736319216,-0.006495689755149248,0.005996710336378053,0.00604847741535286
2023-06-09,0.017647026191075277,0.00434661394075242,0.011028659491486348,0.000980810904915419,0.0,0.0017942614751011998
2023-06-12,0.028901783671135384,0.02342154679278785,0.01765178969986314,0.027432922353748834,0.019116141336215087,0.009071945513449808
2023-06-13,0.018102309606250477,0.03383085516184803,0.03663997667317509,0.031468497808964546,0.025010040701387126,0.006592739059900987
2023-06-14,0.01716742463604537,0.015158693148363156,0.0030080814352901886,0.034514797664014996,-0.00747739217625254,0.0011907892878186832
2023-06-15,0.0036166043032268558,0.016354840568007845,0.004311215810908875,0.011915292869257632,-0.0019825233315557966,0.01239787166669748
2023-06-16,-0.010210215026356328,-0.0020990489349826946,-0.001493128561416368,0.008242649907762356,0.0015891540745915922,-0.003406181383037832
2023-06-20,-0.009708728874782357,-0.007244598576368055,-0.014953256767486822,0.01174044467132096,-0.018048391123754448,-0.00518843654775647
2023-06-21,-0.0012255182682395782,0.007297465786616941,0.0028462563379529904,-0.003481291365875383,0.0014139267197477157,-0.005123620606878654
2023-06-22,0.0036810660183710375,0.003505373462104444,0.003784309720224144,-0.0020380451690826806,0.001815174154234489,0.0036097099690570733
2023-06-23,-0.006112492526831104,-0.0018628056522161929,-0.007540013514311328,-0.0102099081731164,-0.008455771782329258,-0.007559926034988784
2023-06-26,0.011070129313778043,0.00653281747474499,0.012725510912207527,0.002063033137454706,0.014416225065434718,-0.004085814610613303
2023-06-27,0.05535278697387658,0.06838210909917053,0.05082518942204195,0.03676484455023754,0.03943157039238998,0.010963382020643841
2023-06-28,0.01152731130798279,0.013451782416904923,0.0048188553211863105,0.006240986528140313,0.00982088038775486,0.0005043104234006002
2023-06-29,0.0028490681813586605,-0.008563384809981978,-0.04582589789200364,0.013532577225755071,-0.0032417653203127283,0.0039412783211327795
2023-06-30,0.01931819006923785,0.0265601939979494,0.021407254003159792,0.007232425673310505,0.01740960090764543,0.011800843307819608
2023-07-03,0.00891860884331419,0.008834681597327032,0.0034627746510824675,0.02292179045745213,0.00018800905370119914,0.0011505851648474508
2023-07-05,0.012154657940213198,0.011676335625245837,0.010352337097846886,0.004859835682686331,0.008648296879987694,-0.0014871679568303486
2023-07-06,-0.02401749680061005,-0.02452597360813924,-0.02175090555343251,-0.0032242941893357857,-0.016029833847007957,-0.007830787228407465
2023-07-07,0.02628642297335393,0.0116205881719329,0.01782435232158197,0.013207632886162113,0.018185244702094483,-0.0025246641262238745
2023-07-10,0.011989063148829748,0.012113415336340916,0.016970616569133234,0.02181418681347358,0.03348835789880078,0.0025310541879335346
2023-07-11,0.012385543673457011,0.004127274918802604,-0.0026629064619737575,0.020046917957804444,0.01422143881867588,0.006368686988768246
2023-07-12,-0.012234018700539528,-0.01459120038301931,-0.013883922660374526,-0.01607954359482977,-0.006212255469882466,0.008045825761190173
2023-07-13,-0.0064619781290686795,-0.005005011935180659,-0.0030686277790653582,-0.0391700127054605,-0.02946957450286125,0.007936863607577394
2023-07-14,-0.016802241759995784,-0.023524574248909413,-0.03422052155193467,-0.018358475531008667,-0.03643723843718161,-0.0006226042841037671
2023-07-17,0.0022051222091092892,0.00666812800064065,-0.00018744509757406824,-0.0024752497419165964,-0.003819724228572907,0.003472074355200361
2023-07-18,0.027502749813356875,0.03354694671457348,0.027376692937266744,0.01295830460338765,0.024156409609263463,0.007430435704876004
2023-07-19,-0.004282651092028522,0.003721395992717813,0.00018248441989654474,0.01660313633019217,0.018906817125606157,0.0022237159825646557
2023-07-20,-0.06236558191513586,0.0028835975053822516,0.03229927887602302,-0.00722881375515072,-0.006430249350702466,-0.006634355937343517
2023-07-21,-0.0011468152036242518,-0.0028753062793679396,0.018384318917054943,0.004584722393620844,0.0012943730113563756,0.0
2023-07-24,-0.03099890431471386,-0.022039184888808627,-0.026905037678163768,-0.0013423194344290845,-0.015143114897833043,0.004467201084995764
2023-07-25,-0.013625565975791343,-0.02190384578166904,-0.032821978371633254,-0.04489243946299837,-0.09656856082986298,0.0027299271233669486
2023-07-26,0.006606643415723479,-0.0002154447839306517,0.006455154301757027,0.020545881937748645,-0.006641753690272201,0.00015398931436561014
2023-07-27,-0.011336547223322668,-0.014645672822676592,-0.02400588932778136,-0.08935469159244502,-0.015043903291288241,-0.006629909174896698
2023-07-28,0.013277080552502651,-0.0006557375918664343,0.0170859909142016,0.020593641481557068,0.02078912929412402,0.009790263543038025
2023-07-31,-0.0023824248568296014,0.01181110784287509,0.0025845155820212184,0.013650005487545691,0.010598548369720184,0.0019040030027008825
2023-08-01,-0.031044803448577407,-0.018590627090526946,-0.019333511788018343,-0.021370239027662108,-0.015011300148108808,-0.00286178666466097
2023-08-02,-0.017251986498368677,-0.013215943218551796,-0.011077735095409325,-0.0017946751354257495,0.00041746643902729197,-0.013910596703656686
2023-08-03,0.001880861023820568,-0.013616099173681784,-0.009682899929051136,-0.033263440008188594,-0.023163540026460927,-0.002865940487663754
2023-08-04,-0.008760913245235646,0.009051939864590297,0.004026056079121654,0.014569055204083137,-0.0014954004009954946,-0.004522745349619273
2023-08-07,0.00946967279579014,0.014577226985443836,0.025014347909284362,0.007332729569774266,0.0010697311781138197,0.008728491776003544
2023-08-08,0.011882460086134916,0.012157409785310547,0.02198212180453374,0.02335469072570384,0.008762552669154822,-0.004348586054148562
2023-08-09,-0.025957977031656365,-0.016597535746829206,-0.0315348071999455,-0.003260388952903037,-0.01250000303074461,-0.006685311684030526
2023-08-10,0.0,-0.003775318662661231,-0.0033879221072292687,0.006244309990248276,0.0021454295818843505,0.00035894680416892477
2023-08-11,-0.006979734057996678,-0.015381272020875247,-0.013031207393092159,-0.00413692005958699,-0.01348741737884962,-0.0005830881422120848
2023-08-14,0.014696517668812747,0.0013583880057570497,0.0009568131145003544,-0.005044615829826515,0.0034722187728795095,0.005520036654766303
2023-08-15,-0.020780851469009765,-0.027356937257060787,-0.0185433224094389,-0.01222784828262291,-0.017949865936990328,-0.011648761418682319
2023-08-16,-0.007073994148058205,-0.00813571951037173,-0.012076332879666252,-0.006038633165619145,-0.018057689882836403,-0.007338228919069101
2023-08-17,-0.025259028513442194,-0.020857527262100217,-0.023462192680715255,-0.020959924395031027,-0.025342028801263683,-0.007619945182738563
2023-08-18,-0.0006644670269169151,-0.006941180679400305,-0.008681613482201755,-0.0024819515675237325,-0.015876636936136168,0.0004813736705591154
2023-08-21,0.007978715815388782,0.006025483238223606,0.010794350518635643,-0.007154140662939179,0.004208564490279398,0.0065063033964274375
2023-08-22,-0.02176780521289956,-0.0031145492553530385,-0.0040298359587975785,-0.013157780621094739,-0.0051222634876635365,-0.002708558695063923
2023-08-23,-0.0033715570459941224,0.014179249545370975,0.01942138536406479,0.0022221165312623636,-0.0018721745194111294,0.011137665855998735
2023-08-24,-0.0142083925535198,-0.007108910178622252,-0.019646713152628115,-0.011086335252464719,-0.01242678956699561,-0.013859072061154332
2023-08-25,0.0006863575217086471,-0.004773331240047751,-0.009311799290713463,0.0,-0.007122489189653081,0.00704958067799466
2023-08-28,0.010288039733552079,0.01702634415171489,0.0051082960158392865,-0.004164087991314291,0.004065088112939819,0.006341665290302778
2023-08-29,0.01154107817902461,0.03206784154831732,0.022158979122151257,0.023158528653548505,0.007382651731417278,0.014454686819769247
2023-08-30,-0.008724776113747668,-0.012337126059163817,-0.003579958423744034,-0.005658731580246434,-0.005200884396544203,0.004118658843377698
2023-08-31,-0.002708254183317771,-0.0080961975841497,-0.005788365462323863,-0.0009481459476752274,-0.0026140828318687026,-0.0014632204067307475
2023-09-01,-0.0033943814402153105,-0.0004663871532090136,-0.0018068691047286034,-0.0056962715957354915,-0.0045271011646415005,0.0018651692980347079
2023-09-05,-0.02588556584068602,-0.0256650107150711,-0.025140787797879316,-0.015044846048918759,-0.03446621993255161,-0.004321914265616789
2023-09-06,0.002097883396577016,-0.001197380740254994,-0.0026820933534391633,-0.025999386056726026,0.0049578770992300125,-0.006722513446366651
2023-09-07,-0.023028606103489002,-0.013905473452967887,-0.013653286001836684,-0.018018134827868626,-0.012826848693150983,-0.0030700185141013803
2023-09-08,-0.0014286041259765625,-0.007536916305844743,-0.005033592217505545,0.0033980532783008943,-0.005247353375077646,0.0015058411426249751
2023-09-11,0.007868427321419347,0.000489730300528679,0.0052698146550798075,-0.00406375878737375,0.015573949020276423,0.006576789540672756
2023-09-12,0.0014194112045968765,-0.0036728692626566417,-0.0018871913436685483,-0.004420156480600013,-0.007914907059331733,-0.005485640985070206
2023-09-13,-0.05669732505499847,-0.028016611180727624,-0.03802516001293155,-0.016734942011750076,-0.02443279798862452,0.0011659670580213
2023-09-14,-0.003756588216268675,-0.00556251124288587,-0.008080426712910649,0.0052100351436423775,0.005877831228165764,0.008622406978120223
2023-09-15,0.0037707533839974605,0.01449264899055236,0.006164742520522237,0.025915646379532253,0.0027947309107163587,-0.012048317343959836
2023-09-18,-0.0150263528650747,-0.02531334409772079,-0.02341355967092107,-0.020545500044206633,-0.01494806522271952,0.000586503123567006
2023-09-19,0.006102206392149645,0.014399755648622836,0.013667949714376348,-0.005845910062236892,0.005144052403421195,-0.0020738997647606894
2023-09-20,-0.00985588816545091,-0.014448864804170847,-0.019451835443545007,-0.013490157753175858,-0.012026642750298966,-0.009193192296185426
2023-09-21,0.0,-0.01491752490421383,-0.015103741533453285,-0.008415271974692495,-0.011913988013492194,-0.016528502170786274
2023-09-22,-0.012251209490475756,-0.016449287584360373,-0.014190866362393084,-0.008132865986304916,-0.017038047179053994,-0.002248501529477198
2023-09-25,0.0007752115641515012,-0.002920060465729346,-0.00325050825726525,-0.01960789689839748,-0.0037333170572916297,0.0042051361330319725
2023-09-26,-0.016266463255541264,-0.02103304663551364,-0.006522217034858002,-0.034181892366766276,-0.01391864157570688,-0.014691325801432398
2023-09-27,-0.007086626294453335,-0.002991318740402815,-0.01453699236577588,0.009412712286094527,-0.011672103783788246,0.0003991290463143393
2023-09-28,0.024583697704745555,0.007910383199560833,0.006661970072006307,0.015292824986685494,0.011535347031110366,0.005797546198629044
2023-09-29,-0.008513905265300825,0.001353250886673374,-0.00023640122679791098,-0.005510689577870709,0.006787944272899971,-0.0024268696144300606
2023-10-02,-0.004683873352948287,-0.014865003284491807,-0.016075657622707684,0.004432980441414047,-0.006742178739339355,-0.00039770894247748156
2023-10-03,-0.03607843436446845,-0.03319597520412754,-0.026189336390223916,-0.013975742439684358,-0.027966400835898186,-0.013386095672356046
2023-10-04,0.035801430573557225,0.02326904284525466,0.021712338875389925,0.014546905331766613,0.009217928438195688,0.007281911588457257
2023-10-05,0.009426617717876118,0.01053795232236876,-0.0021733917633306454,0.004411718529217845,-0.012455044274454208,-0.00037678689456532855
2023-10-06,-0.0070039027172073,0.015367687261389928,0.012100677727319376,-0.008784681516217252,-0.017096429516091582,0.011872851889987324
2023-10-09,-0.040752386241080796,-0.046486617041689215,-0.048780510052940596,-0.021418156741673133,-0.01767889755574381,0.00640212430684195
2023-10-10,0.001634024357652919,0.01558971646351992,0.015334354677482676,0.005660414104180278,0.013933222978407045,0.005204912819663621
2023-10-11,0.01794447873142957,0.0069968001042564065,0.015102763544678321,-0.016885510583489305,-0.010878931142148551,0.0040962567303299835
2023-10-12,-0.033653777085345005,-0.02306810987681096,-0.02878049524818982,-0.02862598324014276,-0.026338635817855116,-0.006096530056500904
2023-10-13,-0.028192383147420896,-0.029872171247184887,-0.02762427128456435,-0.0031434387158280064,-0.016944105385436337,-0.004980803003447165
2023-10-16,0.018771272042834575,0.00938422814438078,0.02091935777524334,0.009460053245108346,0.03719381776797648,0.010521496140540432
2023-10-17,0.0,0.007553534576587362,0.014925377455283106,0.007028549481500557,0.004373222426105272,-4.604109225392339e-05
2023-10-18,-0.04857620972273391,-0.04440593111782043,-0.0967098045043665,-0.04226463376295775,-0.05195938681815615,-0.013325021423486683
2023-10-19,0.007922548882736136,-0.012975275430449296,-0.005794781717537889,-0.013360247587099194,-0.015309246856583192,-0.008786451822654362
2023-10-20,-0.032314401023804784,-0.014674392657303192,-0.026089332738171378,-0.006975668996097473,-0.004353214872906852,-0.012287905368894014
2023-10-23,0.018953072165431184,-0.00589518844731951,0.008264488864812902,0.0037190319026014773,0.01686448806394103,-0.001733154596925357
2023-10-24,-0.007085910006763618,-0.0006240936480473858,-0.006783540735477489,-0.01605609179366141,-0.02149879402381305,0.0075393164938624135
2023-10-25,-0.01516503797640012,-0.019050704194214396,-0.008252729668879022,-0.012552382039533905,-0.0075329493572007244,-0.014352192055823498
2023-10-26,0.009963737052294697,0.006049153101662874,0.0020085996524847882,-0.008898277322325177,0.004743820826979883,-0.011974614723953003
2023-10-27,-0.02062776234127306,-0.0300634065343528,-0.029209527392630275,-0.04489092426323826,-0.016367656602806258,-0.004532814857214684
2023-10-30,0.023809544603050625,0.018923290679156546,0.0265486038546221,0.007609536512684256,0.01759997558593751,0.011955720453445506
2023-10-31,-0.0026834244925395545,0.0006405953469255099,0.006034456582660441,-0.012438907769185659,-0.005345914477124403,0.006280396257328347
2023-11-01,-0.0008967960134188546,-0.0044801011812343194,-0.005712566633263139,0.0,-0.017388531509756056,0.010664617842702562
2023-11-02,0.023339251992336107,0.029251107826041567,0.02901460159976188,0.04183544977403475,0.03346200163229285,0.01916434270781031
2023-11-03,0.05087718799247032,0.04153634334856715,0.0471803082386173,0.023316212953591542,0.044831957948068046,0.00912345495814848
2023-11-06,-0.026711160855727667,-0.012893573625643806,-0.01999466898321478,-0.007173041109142075,-0.021454147533979007,0.0023005628213188523
2023-11-07,0.007718709585392114,0.015795905206888117,0.00734495294047699,0.0012748902275818708,0.00974420503463369,0.0028460458234895736
2023-11-08,0.02212767905377322,0.02183005741149513,0.027275240872952855,0.018251305029902687,0.022919129222870538,0.0007324116803841818
2023-11-09,-0.021648644789912908,-0.020192960402696802,-0.01892747642940329,-0.026677700366216084,-0.012382022158534012,-0.007798756576629651
2023-11-10,0.004255335381690539,0.01732385797868785,0.017952893599179065,-0.008137183130478731,0.02268651706069269,0.015604787846028811
2023-11-13,-0.001694954020371564,0.0032293173240727224,0.0031586977252697768,-0.0030224720495396484,0.0026269748101921397,-0.0009532526504951733
2023-11-14,0.03989815600023472,0.03131451684743558,0.033324598200576094,0.052403714885883135,0.05065507294789828,0.019400700655952452
2023-11-15,0.013877557248485273,0.014755651956732896,0.014220354073254837,0.02633745089035955,0.02549177514700962,0.0021172268956330953
2023-11-16,-0.01851855833315541,-0.006991151250263505,-0.016524783928528963,-0.026062473752868187,-0.02188591178947652,0.001222951533367933
2023-11-17,0.008203477023137173,0.015488706665915064,0.012219947992700098,0.021407955747281715,0.015469545491475722,0.0012438929741640514
2023-11-20,0.00895033824399305,0.012201819874043673,0.006539289416661154,0.012897943907363318,0.014961998826741763,0.0076976256679579524
2023-11-21,-0.021774154225446485,-0.016986372393664628,-0.01449279921090485,-0.01989658565798691,-0.017421643043525115,-0.002179424203685665
2023-11-22,0.014839266568636544,0.0019512387604010417,0.009127804839926368,0.0032480103707566155,0.007364987967470871,0.003860903299975238
2023-11-24,0.0,0.004172301844925341,-0.0022613104098777592,0.006475317530789004,0.007311141498307361,0.0006152604287994468
2023-11-27,-0.010560528839118066,-0.007202231698295036,-0.01259128711981028,-0.0172899358888442,-0.009677435563663073,-0.0018008995207469125
2023-11-28,-0.000821036833438038,0.0055805465988314484,-0.0063759246579273565,0.015548049405224251,0.00027139852040702905,0.0009900036303838178
2023-11-29,0.004930112207579773,0.016647966930165348,0.00744355550159459,0.02054799938125229,0.018724626050956816,-0.0007032939705655661
2023-11-30,0.016353292757595783,0.0079150461870241,0.003821694926851027,0.00947515279289135,0.007192340201888303,0.003937426941798883
2023-12-01,0.047465819638171425,0.03032737165973698,0.021319800001432965,0.043801211281538466,0.050780166601675836,0.00591586327782645
2023-12-04,0.025345615368951746,0.002890995187187162,0.0069582198712161425,0.02285492169672909,-0.14220986096854138,-0.005249414753063175
2023-12-05,-0.016479420280330226,-0.01441299795757811,-0.022951636097466865,-0.0047618616927976865,0.04372059224515068,-0.00019719463843470564
2023-12-06,0.02665646799275101,0.035362981152807116,0.03384693476694256,0.030180392577512594,0.002811315012061888,-0.004029702968928128
2023-12-07,0.03189913351469187,0.035952755546066584,0.008062497285534986,0.04180069516702023,0.008410514918921308,0.007630426640316212
2023-12-08,-0.010783581608606596,0.00024791594138506845,-0.007028529147533491,-0.003086578274198004,-0.010008356912269423,0.004299178754217703
2023-12-11,-0.002906973923522793,0.003965184581910419,-0.010007318408497556,0.009287986480631671,0.003931462714093392,0.003889462311072567
2023-12-12,0.023323592463275977,0.018020170405315783,0.013313537538134135,0.033060675459411826,0.04363640205009833,0.004567281101236276
2023-12-13,0.003561267156033887,-0.001212241888411958,0.011678914227596149,-0.03827111164114172,0.035379245409761895,0.013790132375123054
2023-12-14,0.03548616001314708,0.03034703108106407,0.048340505844615134,0.020926238375363004,0.013719874828953316,0.0032093653866887006
2023-12-15,-0.006854035669902947,-0.002356116227901106,-0.00022937190865346402,-0.025201637994597736,-0.005362591554926577,-0.0016463950775735814
2023-12-18,-0.017253278395373495,-0.02739720428881054,-0.0286828808508508,-0.0013789134998806185,0.008215653107989107,0.005624953403377209
2023-12-19,0.0042135126812568036,-0.0007285766101791102,0.0021260650601861997,0.018985210546553555,0.02368220764794815,0.00608087989912498
2023-12-20,-0.022377667428694625,-0.019684095328577844,-0.02923144548076162,-0.009202414029375827,-0.002736333538903124,-0.013857197336850313
2023-12-21,0.026466441441256983,0.019335493636905454,0.03399712276599831,0.01823186138144428,0.012471938091716872,0.009481878761340878
2023-12-22,-0.0027874537135678112,0.0002434045729262646,-0.000704617019820275,-0.0033783912352789436,0.002217298651134625,0.0020097964524921075
2023-12-26,-0.013976293296629416,-0.008995937041157753,-0.01104576767175347,-0.011864349802005125,-0.012782705355523616,0.004222534476475914
2023-12-27,-0.008504598758249826,-0.0041708537137801205,-0.008317544524441112,0.0020581335609644036,-0.012201237059974002,0.0018079686645202653
2023-12-28,-0.0007148126551425049,0.0009856529507530354,0.005751298372862035,0.0058199407621042365,0.00630199172017365,0.0003777782220157899
2023-12-29,-0.017167366164289044,-0.009845081669691447,-0.01691691395090289,-0.01701844673236097,-0.021292547923569938,-0.002894986119617915
2024-01-02,-0.02183407538080684,0.00546857541366963,-0.013087666572886403,-0.013850401234737686,-0.018684401022225572,-0.00559638348657121
2024-01-03,-0.03645831744171746,-0.04227435591478046,-0.029224027645687323,-0.0410814053701436,-0.05007829880024095,-0.008166614120016513
2024-01-04,0.010810837481448399,0.011873916761169667,0.02377947053968943,0.022702425436415652,0.010708490498449574,-0.0032211421521444183
2024-01-05,0.038961055992120075,0.034183742519412474,0.03187539070718293,0.043680681332693094,0.030969827414231155,0.0013697359206465975
2024-01-08,0.07205878784912367,0.026887098670555387,0.027777775240330094,-0.0010293083049570662,-0.0021080850974004584,0.014275849298781562
2024-01-09,-0.013717408114656493,0.016574707766057184,0.014445544572055269,0.006868089643197184,-0.013203063483031241,-0.0015169955367170251
2024-01-10,-0.002086212290156042,-0.0049622813093753715,0.016536458219253092,0.013301642435396666,-0.008295359043461348,0.0056553318544354525
2024-01-11,0.016724722281406867,0.0035619629796801444,0.0056484412444808285,0.004375586844288293,-0.0018888206214333625,-0.000440607070651744
2024-01-12,-0.09458533927404666,-0.08968278437208344,-0.10626824804772084,-0.042560276850235335,-0.04920257980363851,0.0006927160276115618
2024-01-16,-0.0015140391904554518,-0.025994240653738676,-0.021367483665270193,0.0052501768998693965,-0.021324994001911568,-0.003671306902421012
2024-01-17,-0.01971184863373321,-0.008807023115772417,-0.026971467475712996,-0.021239405896739227,-0.023532760072153436,-0.005558695425670446
2024-01-18,0.06883212441164277,0.025578827903013135,0.049894385859437174,0.06830302143825451,0.040166570949282,0.008892878082446432
2024-01-19,-0.011577413237717438,-0.02126553938778708,-0.02388737118442752,-0.0013320599966896163,-0.0034324638165698085,0.012466149622298195
2024-01-22,-0.002928254926782059,-0.008047219751666335,-0.009531142060624442,0.005668504342146274,-0.00028697822874323986,0.0021144521602836086
2024-01-23,0.0279001554797238,0.02785292997870914,0.0530559395331307,0.031498830617401774,0.028710879914694454,0.0029164132980590285
2024-01-24,-0.004999978201729927,0.004735622027626452,0.00864407161304781,0.0,-0.00027915533684952365,0.0010931979808126435
2024-01-25,0.10265608902895274,0.05210777880126427,0.051909865914886,-0.02314379681017087,0.04466774114328875,0.005438841579141762
2024-01-26,-0.014973928865704367,-0.013688304702126564,-0.00954375829026255,-0.009871706667623381,-0.01737032985001774,-0.001270334204830692
2024-01-29,-0.012557867324552774,0.011607453944751045,-0.01081078948814651,0.003988145133800414,0.012238258290378612,0.007919307801194542
2024-01-30,-0.027443096313767845,-0.014217955548300742,-0.010216210587239538,-0.0006621947711582532,-0.014239725325407404,-0.0007734281174205382
2024-01-31,-0.020646950877370562,-0.00961548030033621,-0.00672104609511337,-0.009936904891594933,-0.023439542868454954,-0.016317324590489846
2024-02-01,0.007730190716104257,0.015840435321086144,0.002899925780263768,0.009702231465455124,0.012001017820373772,0.013088179485211349
2024-02-02,0.015341719992179037,0.005533318008614785,-0.0031325558581983826,0.006295537402839946,-0.0035851422900030627,0.010527360256687768
2024-02-05,-0.020604408110502015,-0.018509301129159383,-0.032874078933160966,-0.02041492192891936,-0.023526218203422267,-0.003641068742136433
2024-02-06,0.04488074189172875,0.023955068274034153,0.03049240869491676,0.04302521508415391,0.020124799425632833,0.0029031897748488245
2024-02-07,0.0006711563179773172,0.0007467095449622541,0.0012126907013261246,-0.009345785304751386,-0.0108364319576858,0.008340368497273154
2024-02-08,0.0026827607151163058,0.0034817510530880114,0.008236438048501382,0.051724227061658024,0.025561794562255935,0.0004416873871995186
2024-02-09,-0.004682253894133015,0.003965184581910419,0.01705917629483622,0.004948932787594451,0.018625043452130896,0.005779525213360115
2024-02-12,0.0033602278461233315,0.0017280320287824669,0.016300462954451866,0.009233459875287453,0.0037645391103928727,-0.00043908088327770933
2024-02-13,-0.0214333986575741,-0.014046276918186495,-0.032543038377077727,-0.007929167769882617,-0.020359016848432776,-0.013772989470670738
2024-02-14,0.017111567821683105,0.020744774857430093,0.029072631672821814,0.03750370402983605,0.019961704903695754,0.009087666865085442
2024-02-15,0.0026917875354763865,0.003917802887281496,0.0,0.013629815586655658,0.012064363864445982,0.006899667161367695
2024-02-16,-0.017449616232484533,-0.021463489124375124,-0.01961242392426965,-0.008184866810546754,-0.006092703105598063,-0.004979911268401915
2024-02-20,0.004098324080282545,0.011964141198686384,0.035008272142072805,-0.0020630139971687944,0.03731337137795676,-0.0055053813304049015
2024-02-21,0.006122459439160455,0.0039408653223516055,0.013575705591735376,0.020082867000507765,0.006680425191744499,0.0009058826872427872
2024-02-22,0.03042595067111531,0.0333661543152195,0.027468765162988795,-0.008685556170164643,0.005104664660072311,0.020695360626808768
2024-02-23,-0.007217825349689955,-0.007139787950127929,0.005523641389112877,-0.01343475856772669,-0.018537316466133547,0.0006897199392619235
2024-02-26,0.009914052702954423,0.0016781625582324988,-0.011865460794240001,0.010953263463686636,-0.02432089014994865,-0.0036625170438527865
2024-02-27,0.017015722082822204,0.004546402342055389,-0.0015565864559503595,0.01083458935199344,0.02094937509167516,0.0018576860509953441
2024-02-28,-0.0051480002511219425,0.0007146779066209419,-0.003118111349395214,-0.0014484120902551467,-0.01090904334922893,-0.0013217028608305537
2024-02-29,0.014230288905948685,0.00618898476704155,0.016309280257108538,-0.005802168836775645,-0.018119811140438147,0.003595092471804451
2024-03-01,-0.0012755393733678844,-0.0026023216789630155,-0.014288887709287379,-0.009045829620733747,-0.01043058026249688,0.009388206370875007
2024-03-04,-0.0542783803370136,-0.01399439260198676,-0.01561107851376875,0.00441677076873237,-0.003513542381492818,-0.001072337642729293
2024-03-05,-0.009453095162463065,0.005532955126001049,-0.009062023486920312,0.014146811978225537,0.009221593773735215,-0.009994191022214438
2024-03-06,0.014314930951249583,0.00526325817785489,0.007544535978376121,0.004359267971411729,-0.006718624191106803,0.005067129266034254
2024-03-07,0.0013440526838401912,0.018086441965833755,0.0011345413525478687,0.007812694499559791,0.00865800061555344,0.009926576159195344
2024-03-08,-0.014765054965564683,-0.01262262892946786,-0.018585668963641333,-0.016365415184729226,-0.018508547459828995,-0.006002330948950307
2024-03-11,-0.002043643461978051,0.010416679244616978,-0.009468818813770041,-0.014010428712600609,0.021044013516059223,-0.0008597399461756083
2024-03-12,-0.04709894869284126,0.0018743663442124525,-0.01678715856724633,-0.1486086365928736,0.033458243564740586,0.010757472427785686
2024-03-13,0.002865326772472976,0.02689431881669191,0.020630846202471798,-0.016689751212877968,0.0196839759005194,-0.0015676509934012817
2024-03-14,-0.0007143020629882812,-0.019357841471564052,-0.0044145547714824485,-0.006011448369765526,-0.030734039047501938,-0.0019767001391221006
2024-03-15,-0.0021443697971407216,0.0013935057384391047,0.017969672933097147,0.00853790935966825,0.0005241210126740725,-0.006866645595945631
2024-03-18,0.0107449583180792,0.0074210515253594345,-0.0016047614978974556,-0.0119930001719325,0.0007857197238629876,0.005943093761497487
2024-03-19,-0.012756864343103191,0.006906127247234828,0.008266374664943843,0.005712284673127899,-0.010206736430070196,0.005557150184218873
2024-03-20,0.04594396092085096,0.03749413487013564,0.04714187433426331,0.023784182708392,0.025383371026415746,0.009249220596904362
2024-03-21,0.01441318068260311,0.013662448717293607,0.01413661444867631,-0.005547818452667719,0.025270747114090053,0.003304792319186456
2024-03-22,0.0027063574137822233,-0.008913008842643677,-0.003431264073496143,-0.008019593015439419,-0.005030104544392677,-0.0018959333639739784
2024-03-25,0.006747664205732029,-0.0037289866383500847,-0.03400046889499053,0.0021089686801341045,0.003033339932232204,-0.00276265352317695
2024-03-26,0.0,0.011228918460122861,0.011806611416864676,-0.0035076440644539186,0.004788271805638011,-0.0018470320741533763
2024-03-27,0.025469176440869656,0.03004541839679975,0.04007053242828751,0.030271231860193204,0.05367442806568623,0.008403804513425595
2024-03-28,0.0032679862818003613,0.011837017432515973,0.013547827411279911,-0.002733158086544618,0.023327859940219797,-0.0001911588063615577
2024-04-01,0.003908759899108105,0.00731134261697175,-0.011069393946757544,-0.0003427438924409332,0.0018608516686215992,-0.0017396919879379968
2024-04-02,-0.06554187143950241,-0.027374323312546855,-0.035902787814688364,-0.02912950506173151,-0.02345015854863297,-0.006357955766687073
2024-04-03,-0.016666651213610217,-0.007036505521817227,-0.022563035258831965,-0.010589368028143364,-0.004279607686605624,0.0010983539309177281
2024-04-04,-0.023305079608907264,-0.014816470428264727,-0.03137601400033252,-0.0021407119030663058,-0.002865395022002337,-0.012206150791687409
2024-04-05,-0.0050614385546186025,0.003923477774256501,-0.0006941830899294121,0.013228518555294722,0.01724140923472839,0.010446918952096151
2024-04-08,0.010174374078467219,0.02062514805351312,0.002778484612125487,0.010938584445064237,0.002354102869491115,0.0005594350805937509
2024-04-09,0.0035971361228102072,0.006594236227588146,0.003001552742922353,0.013961596077516791,0.010098555002055143,0.00115661097456643
2024-04-10,-0.038709675214072536,-0.02282316602342216,-0.024631669628238262,-0.037521568642577385,-0.024412910440288482,-0.010013105546115564
2024-04-11,0.01565995828012623,0.030060613177590012,0.015813122504904742,0.020028714479571885,0.01692085557588574,0.007546863400431425
2024-04-12,-0.0345080962538874,-0.016166382770619436,-0.028810447306924836,-0.03436184779000073,-0.03210684299681632,-0.013803029362475683
2024-04-15,-0.015969585113223217,-0.004481340738379691,-0.018181778358966505,0.010893274679809828,-0.007748176773259341,-0.012528106121352134
2024-04-16,0.0069551897609276825,-0.002143694024914433,0.01120855443983726,0.007542907347039662,-0.004392394026023871,-0.0018237255045222556
2024-04-17,0.0660015831140357,0.028571479141462408,0.17445787177028427,0.026025122952550328,0.04705887302807965,-0.005918299642667546
2024-04-18,0.009359259267651021,-0.0006266937960838215,0.05498556418110523,0.009729027110498834,0.04026211041333738,-0.0020577684122999873
2024-04-19,0.006419343507491515,-0.005851388794710144,-0.0007778510745695133,0.01101163643063896,0.012826276157480443,-0.00872839797419045
2024-04-22,0.029766129448145717,0.030481128834780824,0.04982478601352924,0.011912806459341674,0.01155299882592753,0.009209198134285668
2024-04-23,-0.020646950877370562,0.004284036948077885,0.0016685234497453294,-0.009081625462553089,-0.00988352647280999,0.01186657486605891
2024-04-24,-0.021784924519657745,-0.02620360387815701,-0.025171213049752783,-0.005431197585723857,-0.0188554182407511,-0.0004745904449330318
2024-04-25,0.015086209554309393,0.04046740908311941,0.015948361150374346,-0.06962448723373504,0.007234901608322186,-0.0037989603785231196
2024-04-26,-0.017692851944459576,0.000801825462559913,-0.01252099028146847,-0.008437268141381682,-0.01324355022877477,0.009474079381681655
2024-04-29,0.007204569666492189,0.01061697225426217,0.002460277587808868,-0.007029269672827576,0.00295725820797732,0.0035413652375824167
2024-04-30,-0.03361940835080368,-0.007532135069517887,-0.028506741578859685,-0.033531906404361767,-0.02426853461377032,-0.015841227166982663
2024-05-01,0.00518132447359787,-0.0009985960573164476,-0.015351747562811657,-0.010408738409654839,-0.019525805291717435,-0.0032471503538188395
2024-05-02,0.020618537153480165,0.02019189793722309,0.019932942031355427,0.028827395980209447,0.012328128354704315,0.00935338761440474
2024-05-03,-0.0007214484455417836,0.0101901318891644,-0.0005804717321928887,-0.009844832141217674,-0.00046839478703308846,0.012395395370112805
2024-05-06,0.05776167617517802,0.026770012836454526,0.04491770815653884,0.0485660458756052,0.02741326524319221,0.010326918137756325
2024-05-07,-0.027303728938281147,-0.013791616364154824,-0.023716927275205024,-0.015317253917702889,-0.01550741912972009,0.0011033019458035476
2024-05-08,0.01192982991536451,0.0015323774488877895,0.006263082931404984,0.006666683958731712,0.002779771871020298,9.666357929050129e-05
2024-05-09,0.004160850598122989,0.008990181313546897,-0.007355703249363743,0.003679209883843182,0.013167005838980561,0.005761743853305745
2024-05-10,-0.005524856784194343,-0.0028435849758274845,0.0017100541660908242,0.0029323876305598073,-0.0022800339130583103,0.0012882893581527277
2024-05-13,0.036805604214287024,0.009333345665413217,0.03186646939067295,0.02266092878828574,0.0025137251958584628,0.00013430746360176826
2024-05-14,0.017414552571535236,0.0013211007059024116,0.012683797929320617,0.005360914539238815,-0.0020515193703931622,0.004588041610710247
2024-05-15,-0.01645819663634851,0.0037690662760083704,-0.002359794295791584,-0.012797758834416362,-0.006852426802771205,0.012383127726450782
2024-05-16,-0.01004013539111659,-0.014081772125187797,-0.003275114777551602,0.007562209789067076,-0.004599833602693004,-0.002057639461244154
2024-05-17,-0.004056823513959085,0.0036184531640341966,0.0034684637758344294,-0.004288860355127322,0.00023110296932937757,0.0014375435634979006
2024-05-20,-0.014256557433726447,0.005502813898394798,-0.0063671508285603196,0.012203933188455585,0.013859978319055388,0.001152409262273446
2024-05-21,-0.033746605326756884,-0.014342407842565796,-0.029110219400969584,-0.008156097084709879,-0.0031897788014427775,0.0024523478469407056
2024-05-22,0.004989354941613344,-0.012444839178342382,-0.011502934648184637,-0.003217670417491658,-0.00342860630580355,-0.0028792783967770408
2024-05-23,-0.019858204189376227,-0.007367236946784428,-0.012590611798287021,-0.04411769138716315,-0.028669725774002952,-0.007304161171391543
2024-05-24,0.001447211158127848,0.012499932121285973,-0.000579574580171438,0.007129500029507296,0.008264517152987372,0.006616393611422522
2024-05-28,-0.02890177512966252,-0.030092629487714517,-0.021070948429023906,-0.011922510280905296,-0.022482413754565278,0.0006986330659797257
2024-05-29,-0.13541664818804355,-0.0075576416301371685,0.023499258604839257,-0.038084464526602524,-0.02611404189641442,-0.007002393996021206
2024-05-30,-0.015490559978359353,0.004208411439452275,-0.009454016229133222,0.02352025027190341,0.013038099862295427,-0.00663375672329336
2024-05-31,0.005244792116914532,0.018160050764118862,0.032138712913418965,0.027958580947290868,0.020398255132657583,0.009108153680295716
2024-06-03,0.002608672432277581,-0.004507927960343938,-0.005095309477474275,0.03166925879224092,-0.0021418408283540025,0.0008154781339302364
2024-06-04,-0.002601884966692891,-0.01831074276965361,-0.00720791083680794,0.003972466966082555,-0.004054423620445169,0.0011177709187168983
2024-06-05,0.01043477265731152,0.01925388524369609,0.010890326579336751,0.023740925327763618,-0.007423313483082783,0.011885179878577512
2024-06-06,-0.016351082810200812,-0.007674133985156595,0.007370995856608609,-0.021433531592235044,-0.011338991846855495,-1.875747881197043e-05
2024-06-07,0.006124207607634213,0.00019816498601743504,-0.0056285035901454394,-0.003590697681102095,-0.0058564633101612085,-0.0012157418997532643
2024-06-10,-0.000869585120159666,0.0011896083368074795,0.0005660147037145347,0.07027045774564611,0.014972920238653487,0.00308977121748355
2024-06-11,-0.018276766086178675,-0.023960313997335447,-0.018480097393834494,-0.05555582878512766,-0.02684393800761542,0.002408338954078104
2024-06-12,0.019503570233760925,0.0269829920298974,0.016906841133796924,0.01390385333121813,0.031560551443664764,0.008213109386135509
2024-06-13,-0.005217427792756468,-0.008889678986307104,-0.016247885988911803,-0.0010549254973818423,-0.01204529077855021,0.002013393833566024
2024-06-14,-0.013986001160915085,-0.02890172327584606,-0.045707721952450986,-0.0010558282479942172,-0.01658123673029921,0.0006083856691376788
2024-06-17,0.014184383971608927,0.02032009053585271,0.013483638602526327,0.013742037225220827,0.020332250374281102,0.007958943634686966
2024-06-18,-0.013986001160915085,-0.0026151123670387078,-0.015488458495700352,-0.005596369905681797,0.008748402972182046,0.00254083472097566
2024-06-20,-0.0035460959929022318,0.0006051609280239845,-0.01371521339375703,-0.013014465249612472,-0.004095354753534841,-0.002716672394016739
2024-06-21,-0.0035587155398179027,-0.004636129653445842,-0.014723950884174997,0.010691408302540228,-0.003870339787652166,-0.0013407223559952497
2024-06-24,-0.003571425226269853,0.00040499529620197094,0.020755500076088174,0.00458388346174976,0.015298714508169997,-0.0032506251621496896
2024-06-25,-0.002688148152452552,-0.011943277635664495,-0.01342008628134661,0.0007020540332443037,-0.02367858516979693,0.0038510995658835867
2024-06-26,-0.0008984931517530548,-0.012907253773607907,-0.009274541605397868,-0.002104475263523198,-0.0034296764011536585,0.001247926763831897
2024-06-27,0.014388475634778741,0.008717136196596975,0.0027044116692438447,0.0007029012481407637,0.001966519561388491,0.0015763471193552814
2024-06-28,0.004432641127527059,-0.023868178399614415,0.009543549319325884,0.004917620944246082,-0.008832110168761065,-0.00393506564198598
2024-07-01,-0.025595760265298195,-0.01096114526179548,-0.006781710180686962,-0.017476480384178594,-0.0076733010292694415,0.0020580239686431856
2024-07-02,0.0009058178366294634,-0.00447578080792399,-0.0026898626772180467,0.006403264319383206,-0.008979810650570075,0.006729892212882227
2024-07-03,0.0063348139018957195,0.01455794809473221,0.006431484516326025,0.01025108358014637,0.014095176937912735,0.00446263401814706
2024-07-05,-0.007194237817389371,-0.028909070206006637,-0.031127569032772473,-0.05738275765625234,-0.048647283195203284,0.005766370396420806
2024-07-08,-0.009963737052294586,0.0071707861537311235,-0.003829793727144315,0.015219015909205824,-0.004174371366185037,0.001153984236467176
2024-07-09,0.004574495486232566,0.011650470672323943,0.008116212528665123,0.004387537906302086,-0.020434865515175038,0.0009725096949979584
2024-07-10,0.015482703404495757,-0.0006397944640449404,-0.0010593058528042265,0.005824471219229466,-0.008558430062794109,0.009895168120173325
2024-07-11,-0.03766816956620733,-0.039905997553001504,-0.03202549495998819,-0.023887022610921682,0.022659837051608456,-0.008622676907853233
2024-07-12,-0.004659761341436752,-0.030451314922966932,-0.02015771650413245,0.020763839389327243,0.013189132208190513,0.006307627031391316
2024-07-15,-0.0046816656653682065,-0.014213615668328239,-0.008944577704835255,0.006538312333339791,0.0010414193097174618,0.0027500647684435275
2024-07-16,0.05268104044341637,0.07023252717634576,0.06204873688934498,0.036087923042473546,0.05331597389814524,0.005930115520199175
2024-07-17,-0.016085733534522584,-0.00564968193894666,-0.002761866772001076,-0.013584076070549012,-0.011604968412422867,-0.014021128145545458
2024-07-18,-0.03542237377068269,-0.018356704845299276,-0.011717069730538876,-0.032132646729196135,-0.06944788568753746,-0.007684867266584905
2024-07-19,-0.0037664747913432883,0.011576149945711434,0.033196829829469365,-0.008391045392415197,0.018255041749685397,-0.006640415674623368
2024-07-22,0.01039694305013894,-0.03543143687505801,0.005424542455200632,0.01765991947557799,0.021091464029104667,0.010309967071610915
2024-07-23,-0.019644531935467335,-0.005019327717428079,0.0006225896420239962,-0.017353458790711263,-0.01729920415347952,-0.0015687320587394193
2024-07-24,-0.029580103004110625,-0.015363459827878567,-0.0456242369814559,-0.020971318981545695,-0.00578037868536474,-0.02266253442422783
2024-07-25,0.04228124896263297,0.012342940896768795,0.015210794349771906,0.05524228123551045,0.022198735443991424,-0.005210424496925881
2024-07-26,0.0018867456009075134,0.015182954315741348,0.0139126218792478,-0.030270722552791618,0.02016542846801639,0.01119967061635374
2024-07-29,-0.017890732808920173,-0.021527423017500436,-0.012877361707960056,-0.03378620341561389,-0.017486027438365914,0.0005878020403915496
2024-07-30,0.031639493197550106,0.004647880285999051,-0.003207821141271605,0.027746207755518837,-0.006190396585841085,-0.005066441562850521
2024-07-31,-0.011152405483875416,-0.004857736930445333,-0.025531053976042273,-0.003698284627462134,-0.025953803054292512,0.01625473240430919
2024-08-01,-0.046992479686692845,-0.03533232028783262,-0.06693080632725767,-0.021529260368994385,-0.03170793139927941,-0.0141609832922176
2024-08-02,-0.05029587885740794,-0.040241101889912145,-0.05167537485160445,-0.049696543430644446,-0.04980741237454611,-0.018618371424376612
2024-08-05,-0.036344795151650566,-0.04770267597151412,-0.0574769255418337,-0.05389221509354469,-0.04662614153687339,-0.029123751439333545
2024-08-06,0.003232832705686084,0.007645911684714735,0.024287173785739524,0.027004170060754173,0.020656146506631723,0.009219487047082087
2024-08-07,-0.0053705895253785,-0.023548133620960754,-0.001030951451389095,-0.000821755047883066,-0.0029761451982837084,-0.006683805857678471
2024-08-08,0.06803456791242346,0.0613612062004798,0.062435554397280324,0.037006609943818214,0.031641832038537876,0.023117237876704166
2024-08-09,-0.003033436360370123,-0.007826333424857279,0.006799387499316856,0.004361594129540292,0.0034721911781376846,0.004409692610797711
2024-08-12,-0.02535497045689028,-0.00610679852370799,-0.025084441352938636,0.001973897608212205,-0.0025951600863872715,0.0005255222956614958
2024-08-13,0.020811734660207692,0.011264704419023497,0.012370114365422014,0.0015760855556619102,0.026019124657667092,0.016445257927199863
2024-08-14,-0.00713564174355763,-0.020506395918103992,-0.0166177057895025,-0.0015736054188909554,-0.02028743833900626,0.0031551264753633124
2024-08-15,0.03593433159080517,0.03851132522877898,0.06013911699810648,0.0457054626167972,0.015242990288156122,0.017140046217431593
2024-08-16,-0.003964317269387618,-0.0007466677233451957,-0.013830289608490975,-0.007912622803101232,-0.014730891473157204,0.0022421066199815876
2024-08-19,0.025870669049492312,0.007970180175854713,0.006655545075540337,0.015191816076961295,0.005175397110218638,0.009561204672337897
2024-08-20,-0.0019399085305192854,-0.008648475917170328,-0.013931527127407639,-0.0078563790938726,0.0002861023024143261,-0.0016260607383481451
2024-08-21,0.010689956956757563,0.0014955688326412364,0.005507743442963564,0.0022624651520384287,0.0005719318577499521,0.003436683597532575
2024-08-22,-0.024999931225407335,-0.0009956864593828607,-0.013098428906228476,0.013167784273931504,-0.013146695544545062,-0.00784851342649362
2024-08-23,0.024654831512370246,0.03089198867371512,0.04536682264519998,0.04641657614297601,0.03446285790544934,0.010625385922989672
2024-08-26,-0.017324379136470447,-0.009666517728063262,-0.012465395183090533,0.0007097065316215012,-0.012318097042819387,-0.0023838078459922363
2024-08-27,-0.003917723967049813,-0.004148391755438019,-0.014960247964246332,0.03226952147398632,0.014172336091275994,0.0013729592647899747
2024-08-28,-0.001966613334673628,-0.009311374081969914,-0.01922158448803213,-0.014771482297903371,-0.0008384231503728579,-0.005805185814678704
2024-08-29,0.023645392493840678,0.02794967568098694,0.03169604404927551,0.002092000894095669,0.0013985800576377105,8.941711011511977e-05
2024-08-30,0.022136625085305228,0.02237726583443278,0.032833056893025736,0.006263108247958282,0.008659256421718053,0.009546185515074246
2024-09-03,-0.0018831924957504187,-0.0028242981111312737,-0.00386017211872125,0.02282151984731251,-0.005815538103659201,-0.020579137680261428
2024-09-04,0.0028301633859970643,0.0,0.006838368916451065,0.0037414967815558864,0.006128061188166667,-0.002046831078605038
2024-09-05,0.015992481134877723,-0.004720464904960253,0.021507828895663605,0.010166094609816101,0.04706536027715069,-0.0024321808589056193
2024-09-06,0.0,-0.0033198955726458923,0.019725164244618565,-0.0036900369003689537,-0.006081426337711027,-0.016829978520024547
2024-09-09,0.03888889526634043,0.03925792406063677,0.05955230989835636,0.0010099860725993892,0.058792207382327044,0.01119602096035166
2024-09-10,-0.020499152445345836,-0.006410344031236526,-0.006769268329326894,-0.01614520084546356,0.0,0.0043556871607624
2024-09-11,-0.02001813629993443,0.020276468359390565,0.0010326942100109537,-0.015042735135133656,-0.00778888353106022,0.010259078447624193
2024-09-12,0.010213523862754537,-0.0002257851984318604,0.02434496132572339,0.0020826476350905843,0.011648494933427234,0.008423235345493163
2024-09-13,-0.017463284196608697,0.020555676906513165,0.011480356038400474,-0.00658127576763301,0.04230284341513091,0.005222783247845975
2024-09-16,0.011225523287541117,0.003098715634366034,0.02230184995342155,-0.004881400463994212,-0.007204592734339155,0.0014769268670506985
2024-09-17,0.033302464634872964,0.030008844820923475,0.025321371897094158,-0.0035038478341602453,-0.008708287591262298,0.0004085115150294083
2024-09-18,-0.012533602718577952,0.005141327357118142,0.006079021628696113,0.016174275290259832,-0.029770649934871773,-0.002965714357998861
2024-09-19,0.007252939768159328,0.004475785803354615,-0.006986384786272559,0.001384108032640885,-0.005030104544392677,0.01706426753929513
2024-09-20,-0.009000848864591071,-0.00403149617773757,-0.007986346880090478,0.0034555556041175883,0.011627883430338493,-0.0017287123161396911
2024-09-23,-0.0027248579493039937,0.004686869217585432,0.0036419867371080272,0.020316623607073758,0.04172908920148055,0.002498904940985147
2024-09-24,0.005464519318593597,0.013570855787657043,0.0242551650679812,0.0040500225812771795,-0.0016790524617424918,0.002861378152297034
2024-09-25,-0.003623184962974757,0.019874612767278865,0.008950205718375459,-0.04571431152744698,0.019942379922043507,-0.0022056830519587844
2024-09-26,0.07181817835027515,0.06276898052757884,0.0875992942210897,0.05424452531802637,0.047114251214479985,0.003964800647585642
2024-09-27,-0.01950801891268028,-0.005211391639659446,-0.014613369888743066,-0.013364625177987643,0.012373435941965383,-0.0014502902539623719
2024-09-30,-0.02768171599332392,-0.01455158715196081,-0.016037252599720442,0.003386380991452942,0.004666646321614509,0.004007306781378839
2024-10-01,-0.030249124511687375,-0.016341915640234017,-0.016298637973939822,0.008437547044327198,-0.0022118663159946816,-0.008958495996637117
2024-10-02,-0.014678885597399938,-0.031224885490137244,-0.006948145060164279,-0.010374886343410439,-0.020838005512918256,0.0004220737216988901
2024-10-03,0.007448782626717554,-0.01942150549442312,-0.002152901739656543,0.03178887848411627,-0.03373325618150258,-0.0018280684887858056
2024-10-04,0.06377084598141725,0.03834790868944138,0.0647249614878116,0.024254457295384668,-0.004686053456171124,0.009087204273414695
2024-10-07,0.0017375763415861112,0.003855609674515703,-0.0006754629298008075,-0.006719994212069924,0.0014124617216946245,-0.009040375451706217
2024-10-08,0.03382483541673542,0.02324627280983438,0.014024974857677286,-0.011920126107557438,0.004701475285263879,0.00945755137938109
2024-10-09,0.0008389453706232342,0.007112077588375509,-0.009665023039157505,-0.0009782365721549002,0.001403779977481312,0.0069263742769880565
2024-10-10,-0.014249796474874454,-0.01062362786018023,0.013965976982926787,-0.009138352739628819,0.0037383142585096785,-0.0017499289570287457
2024-10-11,0.002550997651982412,0.02067990250987095,0.02555594023269392,0.008563924097065412,0.038873417579894154,0.005988125594301508
2024-10-14,0.0067854049164459695,0.03604124101440087,0.02799352044649983,-0.008164551696424271,0.0013443324480808538,0.008178455361924408
2024-10-15,0.013479347005450615,-0.008461825938771317,0.008185176805487249,0.0039511434414025715,0.01588728845351972,-0.0077698155240459865
2024-10-16,0.07148799912227077,0.06789326636126258,0.1244339299229722,0.013775127674895193,0.021806119614450115,0.00434652191224183
2024-10-17,-0.006206355436405908,-0.01864697607388177,0.018189464718815662,-0.02652859663562679,-0.01595166789190894,8.579045798295937e-05
2024-10-18,0.02185790193592907,0.009772111506658021,0.01118232202848457,0.02957787209905738,-0.015553184565994416,0.0038464414079508735
2024-10-21,-0.009167294435467044,-0.012544914707814492,-0.0020229470369809155,-0.017430594992293158,0.024477132230364518,-0.0016420670930010761
2024-10-22,-0.0007710276542751693,-0.005444574202139618,0.00662159275364238,0.0016424752487653738,-0.0013032443983027608,-0.00053117967032279
2024-10-23,-0.010030872998323392,-0.002737225435208712,-0.01396161827564213,0.00787151078831716,-0.003262238205197332,-0.009137365781024864
2024-10-24,-0.0038971310235534906,0.0021957480049350497,0.014431657345543858,-0.05564592162890458,-0.004800375559968928,0.0021628023642212835
2024-10-25,0.028951478348197224,-0.011867973457272196,0.0017446953387585395,0.014128100956587897,-0.001534744439541491,-0.0003456198650340081
2024-10-28,0.034220591330309746,0.02328182416658242,0.01942654019425527,0.029561735699429104,0.03425554517417351,0.0030916456720186947
2024-10-29,0.016176419645858697,0.035391887660315646,0.01103961108836149,0.024092451604941667,-0.003609303066935743,0.0016183794542701246
2024-10-30,0.008683059928288106,0.019532474053667093,0.045365889119003855,0.014179762202136459,0.007244835933879035,-0.0030253159284875375
2024-10-31,-0.03873744462753992,-0.021210977462034486,-0.026858941580390927,-0.028280846970330065,0.013539229605472158,-0.019603193652644957
2024-11-01,0.01044778711255745,0.02044728017392261,0.02811138369779953,0.0009810509809151657,0.027551653079279204,0.004220588805548209
2024-11-04,-0.040620398248479184,-0.025689324430472893,-0.039895589373578955,-0.02286843131839078,-0.040625635153299644,-0.0021538926051214435
2024-11-05,0.015396444402548282,0.024608911320404214,0.03598703921419899,0.024072254426352746,0.028160106795370732,0.012091813566522003
2024-11-06,0.061410192978426315,0.0691370735177983,0.09433966221315182,0.024812206032054362,0.06301477495996965,0.02486548513056608
2024-11-07,-0.027142865317208442,-0.030327322560455006,-0.024549000695687884,-0.004141395234278922,-0.012204518916191454,0.00773216736757254
2024-11-08,0.013950112749932408,0.01025972035860434,0.02434744028590008,0.016634723743502056,0.00019608396164105812,0.004331607062928011
2024-11-11,0.02534391145261994,0.04111386724350208,0.021940328214783644,0.02737570249380128,0.016666636747472374,0.0009529899591387281
2024-11-12,-0.017655367421892332,0.007709400431727298,-0.003354613113430216,-0.0189893189734055,-0.007714517318284653,-0.00310644007127725
2024-11-13,0.007189100112630964,0.006401218342444448,0.0072927358454952795,0.010927267468004986,0.0042759456315561994,0.0004858730531422939
2024-11-14,0.01784439656786163,0.006050189275904616,0.015370961256135907,0.0012352306230749566,0.023417900949281645,-0.006430206460433574
2024-11-15,0.009116417416152656,-0.012027669237026029,0.0001096369727340285,0.005552228837659712,0.02042356268045964,-0.01280864082508093
2024-11-18,-0.006949296670178962,-0.012954572368121364,-0.00866514128982876,-0.008282115217889574,-0.020941387557271707,0.004097410127560819
2024-11-19,0.002799157589909562,0.023877214603671648,0.04292990706708366,0.0009279473346486267,0.00473215959369977,0.0036555804977529416
2024-11-20,0.009071885215146347,-0.017142924444005336,0.003925261073649988,-0.01823252869954295,0.0011303232201218538,0.00033861666072065866
2024-11-21,-0.017980652019082166,-0.004713954204402349,-0.002430473784366005,0.0006295982726327587,-0.01580730452081114,0.005368458783025609
2024-11-22,0.012676077999545843,0.0,0.008898266147382872,0.0056621353047545675,0.00229443467753887,0.003099499050194021
2024-11-25,0.03755215282027291,0.018155896695107643,0.01669470813680074,0.014388377135787334,0.019458231464951403,0.0033920001138023625
2024-11-26,-0.018766738038833997,-0.005427156767508379,-0.0033047577070435263,-0.014492589347139706,-0.009543382010461121,0.005221484926557496
2024-11-27,0.0,-0.00810732819410609,-0.0016578971978833401,0.01251568348455634,-0.004723219319074046,-0.0030300880829671195
2024-11-29,-0.00819671330225158,0.0031438076896050937,0.004981871972343788,0.0,-0.0015186376346096875,0.006212049739253267
2024-12-02,0.006198291740786566,-0.006424348926230894,0.006299706690245266,0.019777246266871495,0.010646414249736669,0.0017924307507057868
2024-12-03,-0.009582436203853906,-0.013247167308289343,-0.016933512772345227,-0.0006059518267699238,-0.011474804591845023,0.00046363585237330085
2024-12-04,0.028334474073668847,0.027009834013708378,0.03612067075272152,0.03547614665974019,0.035394874164713874,0.006209717545265336
2024-12-05,0.16801068730499913,0.0234982727325459,0.03214108253306036,0.020204877546284417,0.027017114957279986,-0.0016456369760092793
2024-12-06,0.0011507743802900983,-0.01885348429924394,-0.021085548717600378,-0.018943630740787643,-0.02755907097514465,0.0018955917276137768
2024-12-09,-0.01379309059654088,-0.03517752736390667,-0.04248107487123309,-0.008192071938510903,-0.00331248260342909,-0.005149673070058869
2024-12-10,0.01923076495573639,0.00819146519531877,0.005311415893152871,-0.013569333571968656,0.13164699202738128,-0.003108991042220177
2024-12-11,0.005145806390261409,0.011311041428073043,0.02517352466492473,0.004186678584477077,0.04568437560022809,0.0077304295440854265
2024-12-12,-0.019340168035462346,-0.02914298988489883,-0.030214206663616294,-0.010422940757360277,-0.010454021020893767,-0.005152333079819993
2024-12-13,-0.018561467463607983,-0.0017848782328190316,-0.008961139933444495,-0.006319526568096867,-0.013402688405268814,-0.00019861814543220557
2024-12-16,-0.02364063928644422,-0.007639836513557485,0.003890261215514723,-0.009994003406429086,0.01326517236859348,0.004269849806811443
2024-12-17,0.012106467920636854,-0.00393106296883361,-0.005132022161041139,0.003671155535561965,-0.003154586090314493,-0.004120094133105434
2024-12-18,-0.014952153724092643,-0.03173820745632505,-0.03705649776005504,-0.010362998910042553,-0.012025350111643296,-0.029803258069540317
2024-12-19,0.010321802269663838,0.025475535173247854,0.04471407328422461,0.009547325263186357,0.040518940577169094,-0.0003073652055363141
2024-12-20,0.014423063697193816,0.009109016546089865,0.01925496038399266,0.01525329726840341,0.016161234456444795,0.012011014985817914
2024-12-23,0.021919482087023656,0.00968312040208863,0.021355254604406015,0.01742784086205562,0.02196311195645917,0.0059884194905495125
2024-12-24,0.005797123563462403,0.016905139207855857,0.016887819144395744,0.01447137931267961,0.0019267415305468383,0.011114993282984376
2024-12-26,0.0,-0.002557597884264573,-0.0028667546958182077,0.0005852438911284619,-0.008579908937079717,6.659179477574995e-05
2024-12-27,0.0,-0.018269213741975432,-0.012094787225972015,-0.004387106864715884,-0.017755817242865124,-0.010526584203640499
2024-12-30,0.015561985696094904,-0.008814872311156519,-0.014450601298107157,-0.014100995549206186,-0.014583002548539947,-0.011411482033024556
2024-12-31,-0.010783230704198066,-0.0036231916561567656,-0.011302317693708819,0.0017876443058819635,-0.0018498958147239453,-0.00363813553785719
2025-01-02,-0.02467012608416841,-0.023636417073399585,-0.017198745573517193,-0.007435928113319057,-0.006949759818412171,-0.002457018332623462
2025-01-03,-0.001764746273265172,-0.0011849729619995975,0.0025149100178354367,0.007191880410965856,-0.004976726194925729,0.012503404560544995
2025-01-06,0.032410204281879906,0.017627188346238665,0.030312549193925342,0.006545882419554783,0.006564582473391756,0.005760615382937484
2025-01-07,0.009703200448183402,0.018987257280530967,0.026782990745885638,-0.028081550706578806,0.017391228115692492,-0.011304045433904064
2025-01-08,-0.005087628596427529,0.003922836820977826,0.024799942287674126,0.0,0.011752202562764102,0.0014610115160782478
2025-01-10,0.04431811149948062,0.09003562260500164,0.0326841433643541,0.007299118192380272,0.028511078044135774,-0.015267427998534089
2025-01-13,-0.04243736751423999,-0.027632288265201144,-0.022406885558797773,-0.013888834476643463,-0.025080655277480934,0.001550584739097749
2025-01-14,0.03465901646486169,0.01827945177184165,0.028268542740457203,0.014390842870555032,0.014593067592738374,0.001375736572713837
2025-01-15,-0.0076880503397614985,-0.011917181347549266,-0.025169491321253568,-0.009960901478228923,-0.011565817779656262,0.018190137415575514
2025-01-16,0.012174943243974612,0.010381374306627222,0.010956569511337166,-0.019512190443869648,0.01140105708196848,-0.00192320642202648
2025-01-17,-0.0010935186857586876,-0.005439544753104597,0.011968680009059485,-0.0018657705230019639,-0.016019013058237608,0.010039796341615892
2025-01-21,0.02025171990225849,0.038286130647123384,0.02924193956010268,0.03644860431257779,0.03828762519959028,0.009153585280629262
2025-01-22,0.0010729859666616104,-0.008194237696089623,-0.023072706295845347,-0.042380498110381915,-0.021486582267040144,0.005621641275482148
2025-01-23,-0.08735258167714621,-0.0048686686756559405,-0.046031315777647075,0.0021971775398066384,0.021513307350378152,0.005458057980426423
2025-01-24,-0.004110487337075974,-0.004002987155760973,0.01941747572815533,0.007516286467458055,0.015976739266516438,-0.0029194682871930278
2025-01-27,0.014151043126324536,0.008782265425549163,0.016571408226376594,0.012744971681745154,0.0072909529446847365,-0.014145255556364478
2025-01-28,-0.0029070431506559302,-0.001770488068639664,-0.003747438016528881,-0.022406374598155643,0.013482892279033099,0.008592418892591214
2025-01-29,0.010495644850119668,0.011529791467834727,0.01805534948712162,-0.00627941769945084,0.01106278176193376,-0.004483069391403416
2025-01-30,-0.02481248165428873,0.002045893469573068,0.010530199216270963,-0.01232239940741564,0.030886474393235996,0.0053671859760371365
2025-01-31,0.0011834590659838273,-0.018958762119108852,-0.032541180423531824,-0.01759430793699135,-0.01585382641861588,-0.005321911081975883
2025-02-03,-0.013002323425679307,-0.011743570730781916,-0.009542654400814254,-0.007489483438051336,0.0032764213483895688,-0.006729655863189077
2025-02-04,0.008383196601950083,0.038808394023452264,0.0366306999028696,0.010170573815721173,0.028031096038497294,0.006708473638427748
2025-02-05,0.007125827244504279,0.0,-0.007821832046041144,0.0032478950968257703,-0.008471202697503344,0.0040542163230796735
2025-02-06,0.005896249225701977,-0.016507316158537066,0.012335390788528633,0.0064745062735502845,-0.00667467595189708,0.003475835392326543
2025-02-07,0.006447867162666876,0.003239165488680751,-0.0013742695719829445,-0.002894690664200561,0.020292896553166573,-0.00915361540214743
2025-02-10,-0.032032570449426645,-0.028617203829042093,-0.026788974027021184,-0.02806463936488468,-0.011327721695116422,0.006791328320455037
2025-02-11,-0.012635438099711682,-0.021755822250093204,-0.026112407849242958,-0.011948141093964693,-0.029443100937319833,0.0007604384781254581
2025-02-12,-0.00914074466331749,0.024401353281874316,0.008421283197578289,0.003695047778797811,0.01276596190329582,-0.003221485072722685
2025-02-13,-0.03198034750577805,-0.03422263043639451,-0.03157996646083605,0.001673306180488554,-0.016806694013086432,0.010557604278849553
2025-02-14,0.014612484069579157,0.020761735147952765,0.033402743254727474,0.011693970442230084,0.04411354987393201,-4.927878362037674e-05
2025-02-18,0.006887893227174757,-0.016057556699928033,-0.00968734045210129,-0.009247041721218152,-0.00528124553948861,0.0029357958462659095
2025-02-19,-0.004975119657066318,0.01087980031253788,0.031573870568818,0.00666664875455214,0.016724212868016508,0.0023550205989428807
2025-02-20,-0.00875002145767212,-0.019833870857359992,-0.037742974291927966,0.013576217097609922,-0.01618796199047523,-0.004160346116164559
2025-02-21,-0.03972258058503053,-0.05882369096943807,-0.06439651294454962,-0.02613524288932567,-0.06873673385379786,-0.017104107843856187
2025-02-24,0.0052528483115519276,0.02483346684345822,0.019605769792307548,0.015431001433946712,0.030493009124290538,-0.004550303389776356
2025-02-25,-0.011757041165403659,0.004878903779513166,-0.012171370081519917,-0.0006607768720041651,-0.012721213672946874,-0.004973390324342075
2025-02-26,0.0033047052449881598,-0.00145665914818216,0.008490367356366768,0.014545533479423334,0.010644287394798058,0.0005050065539069504
2025-02-27,-0.04281953617503986,-0.02924454431584045,-0.053696132186856205,-0.001629270862533505,-0.01510537572017212,-0.015961909523318774
2025-02-28,-0.012388118018544336,0.006192357724369435,0.017793201933695935,0.013707593664001205,0.01702545503965691,0.015605382783750565
2025-03-03,-0.033449511020952505,-0.02777762713615206,-0.022812061031254105,-0.014488001860386679,-0.0329274667074243,-0.01751987501654706
2025-03-04,-0.03749095229847543,-0.06432858553305243,-0.05956146169447962,-0.037896150359165715,-0.06580827430194047,-0.011836867992038314
2025-03-05,0.05543069288187508,0.03803264326842326,0.05869385932408755,0.016977849696226954,0.015313934965782261,0.010747947228388455
2025-03-06,-0.059616759651603624,-0.031883107919488896,-0.054782515436630486,-0.01402339477402803,-0.06184015233932416,-0.017751367776947857
2025-03-07,-0.016603793738023342,-0.0305677025511516,-0.03929523034148508,-0.011174904153430143,-0.025080407623089718,0.005604886452460267
2025-03-10,-0.040675344883551845,-0.055367779445612664,-0.06346518678991653,-0.034931605673205524,-0.08525722659931056,-0.026635406729509925
2025-03-11,-0.0831999969482422,-0.0725213501432751,-0.020097979036170277,0.08339251689138272,-0.03299083812480019,-0.008313000999340847
2025-03-12,-0.046247795044238926,-0.02956299290640496,-0.047331035888448336,-0.008237214361336398,-0.005592827003619294,0.005306488547146326
2025-03-13,-0.023787760441206562,-0.03046358773450375,-0.03532980390476337,0.029900344521500477,-0.013873297269401896,-0.013330437810785023
2025-03-14,0.01874412444564877,0.0644353808011604,0.05393414250027795,0.023548299831287256,0.02547528881102834,0.020655906135268243
2025-03-17,0.04139832695517942,0.0029946053267262407,0.0033935116901548934,0.012606413385772619,0.02243238654015789,0.00771133679017999
2025-03-18,-0.02208480624909437,-0.020686750003807708,-0.034902623037923464,0.008092003573953566,-0.05095197272066143,-0.010808487898628982
2025-03-19,0.03703702427415645,0.03985193921941321,0.04331376683354238,0.03735730633213241,0.03400838315069943,0.010890956650734918
2025-03-20,-0.01916370401802614,-0.016753943043811836,-0.005239814430328837,0.01636915217910251,-0.023466379948789196,-0.0028919175507399197
2025-03-21,0.01154530300163481,-0.0038338530839390206,0.011210181264066144,0.01991216711711674,-0.00037836601028851113,0.00033000177186570667
2025-03-24,0.038630339518931134,0.045114400549518985,0.0714571694651811,0.0002869555419791059,0.024796470058490616,0.01790837800678835
2025-03-25,-0.027049847581399722,-0.004296366891596071,-0.016454745384416047,-0.00487942517651907,-0.0057258507958724,0.002403929606058286
2025-03-26,-0.006081724335928684,-0.012327776814142655,-0.013054483642297998,-0.008076120314507995,-0.0003715485246766903,-0.011938335860707916
2025-03-27,-0.026223710495144603,-0.039941725072534795,-0.055733964481921805,-0.013376002575066659,-0.024344942201418474,-0.002655627315210407
2025-03-28,-0.039497353725069795,-0.05005418384661153,-0.044879579452576146,-0.010020581683108487,-0.04133329845610123,-0.020138321487112032
2025-03-31,-0.014018656187300915,-0.005474581641829124,-0.01680194003663371,-0.0002976651092970739,-0.02205445201606704,0.006712689237152292
2025-04-01,-0.023696682036039474,-0.027064053245535624,-0.012310008196212308,-0.05926154977213338,-0.0036570560892239534,0.002824553701041621
2025-04-02,0.02815533558085659,0.02239493373595347,0.04648102551596289,0.008547024939072001,0.04282215405620393,0.0063284086265045225
2025-04-03,-0.10198299415908263,-0.10744744306677156,-0.15608803104437607,-0.09416181728454431,-0.10168167432540132,-0.04928080108999533
2025-04-04,-0.005257643483857488,-0.03771644807326813,-0.04250375880371393,-0.10360375185347104,-0.03243356352438509,-0.05854299254528794
2025-04-07,0.02642706120421634,0.0010739724999686562,0.019074082256702818,0.0034788894115826974,-0.013048409923499205,-0.0017812496995063265
2025-04-08,-0.06591146661260872,-0.037811842075269775,-0.0445805497954298,-0.04661013791052093,-0.06519263004296338,-0.01566269392150721
2025-04-09,0.22601987427901382,0.23383495703319968,0.26144256288951184,0.15353537363542324,0.22579864704281882,0.10501937798947614
2025-04-10,-0.14478414327756084,-0.11091031501674908,-0.11407597941797731,-0.09667245265985347,-0.11458130264132305,-0.043819062573260736
2025-04-11,0.016824378923376848,0.0386180441192423,0.04541830237643185,0.01550986848337188,0.028083577783359903,0.01784277577362925
2025-04-14,-0.009307151176609185,-0.014187955277444209,0.0013720117283335664,-0.02405497794558631,-0.016389860741036655,0.00970139106478829
2025-04-15,0.02818376408287282,0.013151358168184801,0.019942114627903074,0.009780886219340035,0.01821825239058472,-0.0028007924327630995
2025-04-16,-0.043654851626677815,-0.005878074584072079,-0.00014928561538007923,-0.03680740447558184,-0.025747332708509818,-0.02222796326408627
2025-04-17,0.0042462804170979584,0.006405486843679364,-0.010299967667037224,-0.004827127636575335,0.01187007303884835,0.0014267171117980926
2025-04-21,-0.041226251770623334,-0.03378205103233067,-0.015082955565165479,-0.028294168985476653,-0.033200530984240806,-0.02380276591259234
2025-04-22,0.026460940779241326,0.022041999830662462,0.02557424335220393,0.02953403494554996,0.028846115218179147,0.02601794197538787
2025-04-23,0.0010740359566956403,0.026276829234382015,0.015827945935083187,0.03111116796559421,0.026034757885978532,0.01549536109982208
2025-04-24,0.03111587675416727,0.014975783044277824,0.01499344834284111,0.03683379974326639,-0.09976148835239163,0.02104902854861268
2025-04-25,0.014568194414604108,-0.010471158245276224,-0.012310008196212308,0.0011337726117468527,0.009636269382150342,0.007225197278295514
2025-04-28,0.01025644938151049,0.009138904970585227,0.009384155693352048,0.006040037715191238,0.026485340357740528,0.000381272763119167
2025-04-29,0.005076064479612397,0.002859795289126499,0.0013074371306383004,0.022889336003111715,0.01580660850627824,0.0062992771837018235
2025-04-30,0.00505052451126109,-0.010693835159037324,-0.0015958306958443469,0.025678493919900403,0.013043471049721811,0.0003970534524835312
2025-05-01,0.008040193491417158,-0.0031227323409174224,0.004940481964441634,0.02217465524816964,0.002936549960943946,0.007086979683865069
2025-05-02,0.04885351324404552,0.06506020828559533,0.07099473355587582,0.04443674912984941,0.0583333347652768,0.014844024038501491
2025-05-05,0.01330792619358867,0.029638090367333003,0.010665599011505655,0.007705204386463382,0.035326660738826954,-0.005734324797424639
2025-05-06,-0.021575942357275335,-0.015381248536270542,-0.017900132999729923,-0.007978817407015226,0.026515869689004656,-0.008358326594873233
2025-05-07,0.01246405662868555,0.010935017017995374,0.02489121211388512,0.01474536335845622,0.004405310908147664,0.00420552756227166
2025-05-08,0.04450750896575739,0.07152310912759496,0.05388195448182631,0.026089779030664673,0.052033505149347015,0.006967762571935099
2025-05-09,0.007252939768159328,-0.004120237332451149,-0.02694883415632021,0.0035403901310651076,-0.014023150882082724,-0.0012741118157988396
2025-05-12,0.05040507983095499,0.05792285816648479,0.01747128461454084,0.002886554798565255,0.02882952210632883,0.03304742941467098
2025-05-13,0.05398458528896488,0.03922358554899752,0.05062319496945178,0.000639561740520378,0.02521954641516788,0.006603860821533747
2025-05-14,-0.03739837650518685,-0.045480322684846364,-0.043704608680865675,0.0028762820222942853,-0.013119555515487047,0.0012780826440004223
2025-05-15,-0.006756750225933805,-0.005931251651714375,-0.031016546581854376,0.014977732730737214,-0.021787302594170277,0.004884179799500954
2025-05-16,0.008503352538192788,0.01272875781024263,0.018160430794644133,0.02574562387719448,0.01264631916631953,0.00633404459345166
2025-05-19,0.0,0.005302407147073529,0.008854131126705855,-0.002448559375366366,-0.0011183853044640646,0.0010940280836999605
2025-05-20,-0.017706580457507948,-0.0236373412232328,-0.029127459113792775,-0.0027617280490954688,-0.022578822187486525,-0.0033622573759429786
2025-05-21,-0.03519312110190731,-0.03421368305737427,-0.039303025390200585,-0.022769224774279007,-0.04982818933045652,-0.016850775346555102
2025-05-22,0.014234862159271389,0.004764826916946685,0.036410720063756896,-0.017317428906921006,0.00683142755597177,0.00039460189702000825
2025-05-23,-0.01842105659421478,-0.011958790921401619,-0.017763137817382812,-0.008330600488424156,0.011973627356075989,-0.006825639685453577
2025-05-27,0.04021454690028148,0.030884845090004998,0.04728732360538701,0.05525040187776398,0.034904367772028655,0.02079046874263546
2025-05-28,-0.018041239858505587,-0.01619432120013986,-0.008697880564356608,0.007042204637787597,-0.016387206895065343,-0.005785347645933303
2025-05-29,-0.0026247319199040886,-0.0020576316834508557,0.013806447675151157,0.024931593979129252,0.00794265509290537,0.003947442276660329
2025-05-30,0.0008772130891636643,-0.0022679818934884244,0.011072963598844687,-0.009789372988955547,-0.02114162021773469,-0.0011185059286688004
2025-06-02,-0.002629249200033601,0.002273137327789332,0.022532739935999135,-0.00808869128918821,-0.0005890198138056579,0.0056330263090189625
2025-06-03,0.007908624928191665,0.006804105268256366,-0.0018466271042706373,-0.01540318517325745,-0.0029469847029894858,0.005702556673914838
2025-06-04,-0.004359214435120107,0.0030719097942724094,0.00666009994243133,-0.010122692049053805,0.007093608085745107,-0.00026861623700524806
2025-06-05,-0.013134817646949792,-0.0028583352599073075,-0.015559963608480998,0.005887707079789806,-0.007826286853886089,-0.004832756264298466
2025-06-06,0.04525281761246003,0.0432023665026906,0.04828879846291678,0.031423320029427604,0.03529877633295886,0.010269030973764526
2025-06-09,-0.0016977508100767258,0.004906739366528523,-0.009022938453532747,0.0026882552107565516,-0.014666675385974659,0.0009013320810069558
2025-06-10,0.006802714468455484,0.009375008739632706,-0.0032347462383164327,0.023533047297452203,-0.0028996271507633065,0.005669717805285801
2025-06-11,-0.06587835497626282,-0.04856824835599727,-0.05492788296214923,-0.025320159330280423,-0.047111287687329195,-0.002852077351950366
2025-06-12,-0.01446661799421256,-0.005897801661213342,-0.015261312350993705,-0.0271723152061627,0.009969437407067794,0.0039742753822695764
2025-06-13,-0.04862383041465235,-0.03764323092126842,-0.04429807944797981,-0.026089735218497112,-0.043916203303386525,-0.011180162300879815
2025-06-16,0.05110894299133517,0.051445632448667844,0.06108103571711365,0.014812520329820389,0.028023637941658075,0.009514240829000764
2025-06-17,-0.03119258814794512,-0.04326736304305934,-0.061767685703911224,-0.023602511162685524,-0.04283664917749064,-0.008544966880486782
2025-06-18,0.0018938923574476352,0.0050719790515987295,0.008551715738715382,-0.003198917983599392,0.0036402176909646755,-0.0001508166576998926
2025-06-20,0.0037807147581732092,-0.0075695351617826034,-0.00040385474372728325,0.007381166622317359,0.0023469300801868265,-0.002348474253184407
2025-06-23,0.02636532353940324,0.02224588318047771,0.03635390736063515,0.015610160319160071,0.015964240257723583,0.009877485739587577
2025-06-24,0.043119292062157255,0.02715034254947679,0.026633693515024648,-0.0006273898552285884,0.038340704978120144,0.011047186039507384
2025-06-25,-0.02726468505387669,-0.025222099625259342,-0.02897992132898608,-0.01632140086829692,-0.01815983658071363,0.0005603844216792719
2025-06-26,0.006329086091177993,0.013661811310905936,0.01068681948324346,0.005743428331493439,0.007192734796930056,0.007823809728070064
2025-06-27,0.013477054536203736,0.012660768750156981,0.021018661370394653,0.020304666791157056,0.007345452411358089,0.0049683222933454285
2025-06-30,-0.005319101716554586,-0.008267870771987429,0.005683214782872037,0.008706440982658714,0.002228086139992147,0.004781179328798402
2025-07-01,0.026737984277633853,-0.003659979118658785,0.005274467070533806,0.029901306161988384,0.014753426616610943,-0.00032361428413474336
2025-07-02,0.009548580929362283,0.023061354967446546,0.011992492790436904,0.017360231818728034,0.013343995137609532,0.00453326557880418
2025-07-03,0.005159025395699013,0.014562037247762616,0.016664590032362536,0.0026477373890887446,0.0033411589107030792,0.007881400243543668
2025-07-07,-0.008554271290412752,-0.01690916333418424,-0.01517727040719441,-0.007922578276143066,-0.009402537696569957,-0.007451971921066947
2025-07-08,-0.0008628325064864439,0.010399939380256074,0.0012328747795413708,0.005028023570168072,-0.010084997520484529,-0.0005477352950125081
2025-07-09,-0.008635611582778147,0.003563054450700376,-0.012683152209194026,0.01648034862478287,-0.006592125888968847,0.005996656078344209
2025-07-10,0.12717770874253542,0.11992103970746126,0.14330254203089376,0.08135492221245699,0.0894832254957092,0.002820258275139098
2025-07-11,-0.055641370687986136,-0.002289491166705404,-0.04341655729286742,-0.00589010976204507,-0.03026946069418479,-0.0035154084840562927
2025-07-14,0.01309327691618889,0.025772313424821558,0.014254760693332535,0.015351411097655365,0.0074229041273803364,0.0019081841138897104
2025-07-15,-0.016962846220171968,-0.04130101923420537,-0.02878350705774735,-0.015119308379213825,-0.02437182898336765,-0.004273310957695342
2025-07-16,0.008216958162927002,-0.0026925391241356955,0.02419546230307912,0.007540996304131076,0.00019368970466082658,0.0033432737161649406
2025-07-17,0.014669873250703347,0.014038934358573396,0.031083982842270652,-0.02512695881842797,0.02846074274110766,0.006119637877514572
2025-07-18,0.004819310886418515,-0.0008874082342334999,0.011291369935468865,0.0010967505089733987,0.0005648078802225065,-0.0007322363413652111
2025-07-21,-0.01518789213280447,-0.004441394642330954,0.001083994299415636,0.009586479231139977,-0.010159941674967143,0.001896143305678999
2025-07-22,0.014610414743062128,-0.006602417509489422,-0.01700053839485638,0.008410094179559069,0.008553521340406656,0.00014299913248505547
2025-07-23,0.014400024414062518,0.005568509637609909,-0.003855458017486879,0.007263962771171473,0.015454196637789464,0.008507477186705525
2025-07-24,-0.09621452978442147,-0.022686602741315065,-0.007740760210990794,-0.11164534821861849,-0.056607260144719174,0.0003310296833012316
2025-07-25,0.0034903980558358416,0.002741753747647069,0.015379440563804803,-0.0015031338658489934,0.02616561023896824,0.004224435835635587
2025-07-28,0.006956515104874272,0.01367107381033894,0.014487978114163802,-0.020776966775483352,0.041602798887857784,-0.0002510690047468067
2025-07-29,-0.013816912648208612,-0.01996041057534803,-0.019257803455802858,-0.043665403617225595,-0.003313092197852585,-0.0026376616892719307
2025-07-30,0.007880923991823385,-0.016513839382622852,-0.004522930559381466,-0.012540219526008145,-0.015143114897833043,-0.0012593696215839056
2025-07-31,-0.0017376591977370515,-0.0037818461277647764,-0.021387415235640805,0.007163836511375976,-0.006937984884271553,-0.003751066887460741
2025-08-01,-0.040034816998278044,-0.038714542640513105,-0.04235078662852454,-0.03653423763092689,-0.030022662010469436,-0.016390513653391614
2025-08-04,0.02175890576634054,0.02678390616336701,0.028851867686072286,-0.0016777892202466393,0.023554660781176073,0.015199764160073403
2025-08-05,0.03283051202577347,0.006664090817906976,0.007470423053905995,0.005714331622874491,0.011411153541777352,-0.005070024116712868
2025-08-06,0.008591015880233588,0.02364297520950509,0.013803320031067656,-0.007018841411865706,0.015419324748375596,0.007659759469106797
2025-08-07,-0.0008518082688926398,-0.009053917625738706,-0.010014620931050544,-0.005048680646209669,-0.01388888888888884,-0.000837636431655131
2025-08-08,-0.009377635206307522,0.0001863857304464922,0.014889719352238595,0.0020296933701022812,-0.018215985365316878,0.007797652437033564
2025-08-11,-0.003442337542768681,-0.0026099204873654136,0.0004479887458528342,-0.01890608859422005,-0.02180565065544493,-0.0019775980053369224
2025-08-12,0.12089806802712122,0.09233641564214179,0.10231724171386958,0.057123178850459144,0.09933519537903956,0.010646078845516938
2025-08-13,0.010015417490417011,0.016769268342674115,0.013405094734036505,0.008137967050386496,0.027214492103807553,0.0034232284065640606
2025-08-14,-0.022120516357551745,-0.007741482347744522,-0.0065136939564629515,-0.008718099818531666,-0.01523811373359718,9.29178689290655e-05
2025-08-15,0.027301122449404636,0.021709753904014306,0.01805528471401474,0.02605866326050399,0.008616171754349589,-0.0023411979263346927
2025-08-18,0.0,0.014110154721325818,0.014267338125950602,-0.006031703750733142,0.0006973660233908774,-0.0002176166478941033
2025-08-19,0.0037965216738959917,-0.009657867284890709,-0.0017583305689790052,0.008942802630515612,-0.004878093842347719,-0.005425196437217061
2025-08-20,-0.03177005051516091,-0.023967044031635742,-0.022996438471200475,-0.012978793463201632,-0.020833309680696077,-0.002657080804944645
2025-08-21,-0.017968788475263286,-0.02049100165117923,-0.02654240778931871,-0.003527894126780451,-0.018058325240827955,-0.004011809805612443
2025-08-22,0.07796344627710416,0.06656295732184003,0.059574038173504595,0.05471503465615135,0.08339406379741043,0.015356833041096918
2025-08-25,-0.040590419409066825,-0.02074889383158729,-0.006214866946786524,-0.007628819983970692,0.008571400361902626,-0.004401115665894628
2025-08-26,0.01153843219463635,0.012249607350824032,0.017490726788941702,0.027060266119356635,0.005165828727906829,0.004187065214133812
2025-08-27,-0.0015208748798116734,0.0017987424064904722,0.0007682880357711142,-0.006287420829811596,0.025198946708451242,0.002278548405594716
2025-08-28,0.00913936668036297,0.011590002641459707,0.008348553442331541,-0.006327202615329597,0.021668825182430407,0.003541324132844581
2025-08-29,0.009056595136534451,-0.003066039423707312,-0.0007613421170596935,-0.002425621082257856,-0.006331141562943898,-0.005963639392962183
2025-09-02,0.0014959205635651784,-0.010521101253708198,-0.003047616141182985,-0.019756978036711392,-0.0030264197260806425,-0.007410347641911175
2025-09-03,0.003734072873678551,0.0022901377842579063,0.014138358355167302,0.008107323995004911,-0.0014379318160805399,0.005419642546478309
2025-09-04,-0.04315475757548448,-0.011751191956066775,-0.0010361775297378362,-0.03742651079180548,0.0049600219726562145,0.008357320883294106
2025-09-05,0.01710733070778736,0.010404590775776157,0.005091874310171107,0.008675961095928608,0.005413153083172473,-0.0028961941058495144
2025-09-08,-0.009938846727766903,0.009480149060667964,0.01107046013431856,0.010194360958422521,0.008551022767731675,0.0024564823904422717
2025-09-09,-0.014671782485074947,-0.017487001094611765,-0.019671477992236674,-0.022705794917932565,-0.021981437295785056,0.002311884840038969
2025-09-10,0.004702152418976979,0.011700655853705832,0.017605306043426472,0.00387234571630124,0.0057794285609300555,0.002890900462591439
2025-09-11,0.01014041478436245,-0.015474720372669726,0.017207687074332734,0.019607732308036807,0.019313632162847538,0.008310290457562264
2025-09-12,-0.003088800188584484,-0.009430898375922259,-0.02542061781072935,-0.00189152260990888,-0.007673060973747758,-0.0003345365701959979
2025-09-15,-0.029434556075311757,-0.024219116351212766,-0.01904671368381783,-0.007264699852547851,-0.0669085992620424,0.005323774557475458
2025-09-16,-0.009577006234351093,-0.00958575721719157,-0.003347738816825818,0.004454337370360273,-0.02587523366068678,-0.0013768849532600491
2025-09-17,0.005640587887582926,0.016591780871586526,0.01257202712432881,0.01742158529944282,0.015451444929214242,-0.0012422701734727815
2025-09-18,0.008012851373214724,0.011050685109695202,-0.001232156953656749,0.004670037630058355,-0.018635666290110153,0.004672499098921978
2025-09-19,-0.010333872434763913,0.0048763380943308565,0.008825207149505854,0.007747136418211786,-0.0026132669319055557,0.00495277480627232
2025-09-22,-0.009638545172489077,-0.014558218029766756,-0.020035719145266695,-0.006765084387671649,-0.04314412612581875,0.004731049353107419
2025-09-23,-0.011354448028307318,-0.0023772479389970735,-0.0004799678595828194,0.03219825524833175,-0.01168308513891958,-0.005443562937222368
2025-09-24,-0.020508614323688,-0.01770222807130517,-0.026313242447335128,-0.008398308723363446,-0.022903544103227702,-0.0031816645261014687
2025-09-25,-0.04606358931236165,-0.016808115891513653,-0.022092887634421188,-0.03418034334357567,-0.03043479326865317,-0.004613374905433676
2025-09-26,-0.007023698094351105,0.008107203048931533,-0.012506281842526112,0.018791002797441836,-0.00799375784935863,0.0057290340826092745
2025-09-29,0.006189185873309633,0.008041937462324844,0.007455782864213667,0.007070468503779903,-0.008647846544209026,0.0028104467833012237
2025-09-30,-0.012302314755260557,-0.015782202528523248,-0.021695046663524398,-0.025946297048241695,-0.013084850622153366,0.003766834755358328
2025-10-01,0.002669100289716786,-0.011277492949358425,-0.03471501009451916,0.0115951786380184,-0.0257131139149247,0.0034074798459751143
2025-10-02,0.014196969025133344,0.017287473317366908,0.018035429711818596,0.0009294138162039278,0.00989689777806868,0.001151824796685963
2025-10-03,0.013123325855236345,0.0031534490253326553,0.005272592959459921,0.0064994370144897395,0.004287445619340469,-1.4805406382656372e-05
2025-10-06,0.021588946601649894,0.017464119070073725,0.018252363687700113,0.0018451094438918236,-0.014840405826723413,0.003586271966467658
2025-10-07,-0.014370251681344759,-0.027977985382500514,-0.0043267556429971155,-0.005831947344565713,0.01114322999854056,-0.0037075138893177817
2025-10-08,0.012864543239070603,0.008652622668768206,0.014899066624703083,0.0018525747137421167,0.002857130400988561,0.005963055269571305
2025-10-09,-0.016088105614460613,0.04289218772416925,0.03313283842732262,-0.0237289296277704,0.0002035436783618394,-0.002896974724933221
2025-10-10,-0.008605802821021191,-0.03508477543237076,-0.04608247816957167,-0.012310542581368211,-0.03926755331145981,-0.027027862178845674
2025-10-13,0.019097161858724343,0.02157272846329983,0.026688754318022756,0.01949499840052571,0.022236323801706925,0.015344118135168339
2025-10-14,0.03833047853818461,0.04342641196276209,0.03929472570155079,0.047648971599416834,0.023824273881826175,-0.0012216462876413203
2025-10-15,0.025430716184401403,0.007018174379632036,0.008725172201312192,0.004189160498064393,-0.011736099511267972,0.004439529909605389
2025-10-16,-0.04879997253417967,-0.01807778150642403,-0.05631908158077237,-0.008045342455625937,-0.021703549753876228,-0.006810134562330372
2025-10-17,-0.002523186356538365,-0.012582859527504153,0.009675088345262983,0.006909051142581113,-0.009836697739923572,0.005676205164253156
2025-10-20,0.02613831607003192,0.03537898364173819,0.02168651945849609,0.02714784643495216,0.025153214799541246,0.010400500262923273
2025-10-21,0.014790493348180389,0.00923078015056955,-0.011649721537270619,0.007261055998290189,0.010515429309962965,-1.494287878323064e-05
2025-10-22,-0.02105264946161034,-0.037227196321051204,-0.03835784580834467,-0.02652830501967718,-0.027137279369647938,-0.005198916065879078
2025-10-23,0.05624485497051257,-0.02050002364477932,-0.0061285588289580195,-0.06249986406092545,-0.022021795938339528,0.005929962705964353
2025-10-24,0.07909156139407014,0.03709373357776524,0.03793893438377838,0.017377548236251705,-0.061333916895558005,0.008172554694480416
2025-10-27,-0.026850500198036253,-0.008203455278962934,-0.005135379310980626,0.0015527115381936962,0.023075127049811517,0.011797664492784632
2025-10-28,-0.05219983722820287,-0.04284531489040344,-0.039068830881811234,-0.03596893063990769,-0.03974986216658449,0.002655926209922388
2025-10-29,0.020456351542209816,0.015554739574445975,0.010427615739535323,-0.013830791336214454,-0.028604640517123858,0.0004804602529762114
2025-10-30,-0.014649231314252109,-0.027910112221338435,-0.026581914350522817,-0.018591031960465854,-0.025616463564709924,-0.010998097614260183
2025-10-31,0.02738657189223237,0.004551893551909325,0.0070679340492829645,0.006979085925142847,0.02530709484002691,0.0032801312668069293
2025-11-03,0.015993909848942556,0.01951895139549209,0.022011906366139034,0.0042904279694884195,-0.015815956258137587,0.0018767398754619968
2025-11-04,-0.051724177373698166,-0.04871794062920776,-0.055561376894945225,-0.024975356817346084,-0.015826674718987688,-0.01185354736001909
2025-11-05,0.060869603239808834,0.051931707988394527,0.0647791682303831,0.06572293634349946,0.0356259897733644,0.0034653852011290454
2025-11-06,-0.0201192590334347,-0.012470054976160938,-0.009622351686427666,-0.003478758368346546,-0.01743907146661161,-0.010729363869237507
2025-11-07,0.038022814791220716,0.018508862913933166,0.017864595305738584,0.029831838158025148,0.04376365646282321,0.000984565078659072
2025-11-10,-0.024908366916876368,-0.005434788996432793,-0.01324028442457903,0.006471455887020472,-0.013277421168699566,0.01560437034633999
2025-11-11,-0.02404212159354313,-0.014002683134711202,-0.012377807873528823,-0.0205144349662989,-0.0075542891929519795,0.002289177027853917
2025-11-12,0.036181699408017076,0.04745402515102226,0.052869978239150184,0.04220077529096056,0.032825814066723025,0.0005563903663643455
2025-11-13,-0.028974765395056057,-0.009424550988380798,-0.028008432705489916,-0.008998295555182612,-0.02487328562648017,-0.01659390636118807
2025-11-14,-0.023718398866156343,-0.025037585256298844,-0.022023252340992228,-0.006658729108788619,-0.015824326434293323,-0.0001637328001578009
2025-11-17,-0.032915365890299086,-0.04536899742720435,-0.05345682306965793,-0.02955494281762472,-0.06143502930368727,-0.009316529838549359
2025-11-18,0.0016207053356609435,0.02456968337516563,0.021901070456252336,0.0034536367841893068,-0.0015341695820667578,-0.008397554120144202
2025-11-19,-0.0024271629291660046,-0.004551096484026074,-0.00641858517888827,-0.0012516059989540196,-0.011011531717718626,0.003863270235832328
2025-11-20,-0.007299282493494097,-0.015825518736002908,-0.014015096393676374,-0.02380946759668301,-0.020714636436721,-0.015242227316648038
2025-11-21,0.051470598547516566,0.04645344276393781,0.023875556064652637,0.05263152672554794,0.045214148552906286,0.009961138168965045
2025-11-24,0.017871056562224208,0.035854509759361886,0.03709333960455252,0.014634161285183911,0.018720002563075155,0.014718606876234608
2025-11-25,0.027480889022451827,0.024394293423018354,0.034407036404785485,0.032452013800423396,0.024584004283979777,0.009405836039293458
2025-11-26,0.03491829611417385,0.03411093809193533,0.027095264144731956,0.020372441803507835,0.03029568712676456,0.006903582418005261
2025-11-28,0.008614492672659457,-0.0026450943451080677,0.0036421179242038804,-0.007130690862080624,0.008233411024179293,0.0054584342293309
2025-12-01,-0.00640570472356583,0.0007801521425634395,-0.008238489068587596,-0.001149077801226861,-0.007932807926880336,-0.004565560353440801
2025-12-02,0.020057287407311275,0.015432537531623547,0.032238868851752756,0.018981928498935208,0.0032925538132930754,0.001852367504067809
2025-12-03,0.022471956014182393,0.0360761272542931,0.03927961497796817,0.007056224108007658,0.06352552963351821,0.003462749080359595
2025-12-04,-0.015109908014315887,-0.003704199946588105,-0.034568583001065245,0.0036434966649840916,0.042979960521203564,0.000731139787988333
2025-12-05,0.032775471550046564,-0.0020820963726900787,0.0021005784804457583,0.05696721921852177,0.04923926132885281,0.001899394752821859
2025-12-08,0.00337604562079008,0.0017883776082654457,-0.004287727120793616,0.0026419681360774216,-0.009264912085252486,-0.0030042091058060105
2025-12-09,0.011440113070094071,0.0028266001490970805,0.011483224385092639,0.005270318573562749,0.007115314059559896,-0.000863028073573191
2025-12-10,0.007318736680364424,0.037383104011892376,0.019299914611409674,0.0440366336783109,0.04461039652060195,0.00663214455678518
2025-12-11,-0.01188905555442521,0.009008964431463484,0.006033056791970637,0.022847092843131245,0.015458922455276358,0.0023270355362734474
2025-12-12,0.0,-0.010629209954276853,-0.014300240432567501,0.010554624590967121,-0.021883876838776684,-0.010752074615154483
2025-12-15,0.024732612607995197,0.020913823222943995,0.008049425681668332,0.013359275569896578,0.009533032086056048,-0.001510898681416406
2025-12-16,0.0430528278341018,-0.0018239977075414915,0.044382604866632924,0.010786169758762565,0.010213890644265478,-0.002732285145230273
2025-12-17,-0.030018733527646724,-0.019960556634391002,-0.01964799651413729,-0.02821910009593409,-0.022510426014809903,-0.011003593983400228
2025-12-18,0.0064474162681955605,0.006167478909408164,0.023397133486871446,-0.0061004919492989584,0.012295027962161864,0.00755126270975226
2025-12-19,0.010890459963669885,0.012972052933920786,0.010101899911942436,0.01301246687674884,0.0025062863079281517,0.009063506223587092
2025-12-22,0.03041828289183801,0.014072632965280718,0.01780856932485375,0.02375183422244609,0.028461529658390994,0.006229803850433591
2025-12-23,-0.04059039594844438,-0.021648547158047315,-0.02146179913648827,-0.01609842480602286,-0.043006717590640564,0.004570492347330646
2025-12-24,0.0051282001121668586,0.006524939592173817,0.011274542350565797,-0.001924991628550754,0.00390779135886854,0.003517674396244841
2025-12-26,-0.015306168375089801,-0.0015502249700867221,-0.006706703766572564,-0.00048429570100450015,0.0021409226949165028,-0.00010140966545213459
2025-12-29,-0.01943000292834851,-0.018631040135306698,-0.022711363964330822,-0.00387596321148731,-0.02330551027038119,-0.0035636535074947684
2025-12-30,0.01254950964826751,-0.0027324709851902496,0.0006280816217225649,0.00364793049215284,-0.0031815439351624564,-0.0012212136133650242
2025-12-31,0.0,0.0008651914793387228,0.002690127876509907,0.0014538499378480285,0.0033911463260158925,-0.0074088529688375315
