date,AAL,DAL,UAL,LUV,ALK
2015-01-02,,,,,
2015-01-05,,,,,
2015-01-06,,,,,
2015-01-07,,,,,
2015-01-08,,,,,
2015-01-09,,,,,
2015-01-12,,,,,
2015-01-13,,,,,
2015-01-14,,,,,
2015-01-15,,,,,
2015-01-16,,,,,
2015-01-20,,,,,
2015-01-21,,,,,
2015-01-22,,,,,
2015-01-23,,,,,
2015-01-26,,,,,
2015-01-27,,,,,
2015-01-28,,,,,
2015-01-29,,,,,
2015-01-30,,,,,
2015-02-02,,,,,
2015-02-03,,,,,
2015-02-04,,,,,
2015-02-05,,,,,
2015-02-06,,,,,
2015-02-09,,,,,
2015-02-10,,,,,
2015-02-11,,,,,
2015-02-12,,,,,
2015-02-13,,,,,
2015-02-17,,,,,
2015-02-18,,,,,
2015-02-19,,,,,
2015-02-20,,,,,
2015-02-23,,,,,
2015-02-24,,,,,
2015-02-25,,,,,
2015-02-26,,,,,
2015-02-27,,,,,
2015-03-02,,,,,
2015-03-03,,,,,
2015-03-04,,,,,
2015-03-05,,,,,
2015-03-06,,,,,
2015-03-09,,,,,
2015-03-10,,,,,
2015-03-11,,,,,
2015-03-12,,,,,
2015-03-13,,,,,
2015-03-16,,,,,
2015-03-17,,,,,
2015-03-18,,,,,
2015-03-19,,,,,
2015-03-20,,,,,
2015-03-23,,,,,
2015-03-24,,,,,
2015-03-25,,,,,
2015-03-26,,,,,
2015-03-27,,,,,
2015-03-30,,,,,
2015-03-31,,,,,
2015-04-01,,,,,
2015-04-02,,,,,
2015-04-06,,,,,
2015-04-07,,,,,
2015-04-08,,,,,
2015-04-09,,,,,
2015-04-10,,,,,
2015-04-13,,,,,
2015-04-14,,,,,
2015-04-15,,,,,
2015-04-16,,,,,
2015-04-17,,,,,
2015-04-20,,,,,
2015-04-21,,,,,
2015-04-22,,,,,
2015-04-23,,,,,
2015-04-24,,,,,
2015-04-27,,,,,
2015-04-28,,,,,
2015-04-29,,,,,
2015-04-30,,,,,
2015-05-01,,,,,
2015-05-04,,,,,
2015-05-05,,,,,
2015-05-06,,,,,
2015-05-07,,,,,
2015-05-08,,,,,
2015-05-11,,,,,
2015-05-12,,,,,
2015-05-13,,,,,
2015-05-14,,,,,
2015-05-15,,,,,
2015-05-18,,,,,
2015-05-19,,,,,
2015-05-20,,,,,
2015-05-21,,,,,
2015-05-22,,,,,
2015-05-26,,,,,
2015-05-27,,,,,
2015-05-28,,,,,
2015-05-29,,,,,
2015-06-01,,,,,
2015-06-02,,,,,
2015-06-03,,,,,
2015-06-04,,,,,
2015-06-05,,,,,
2015-06-08,,,,,
2015-06-09,,,,,
2015-06-10,,,,,
2015-06-11,,,,,
2015-06-12,,,,,
2015-06-15,,,,,
2015-06-16,,,,,
2015-06-17,,,,,
2015-06-18,,,,,
2015-06-19,,,,,
2015-06-22,,,,,
2015-06-23,,,,,
2015-06-24,,,,,
2015-06-25,,,,,
2015-06-26,,,,,
2015-06-29,,,,,
2015-06-30,,,,,
2015-07-01,,,,,
2015-07-02,,,,,
2015-07-06,,,,,
2015-07-07,,,,,
2015-07-08,,,,,
2015-07-09,,,,,
2015-07-10,,,,,
2015-07-13,,,,,
2015-07-14,,,,,
2015-07-15,,,,,
2015-07-16,,,,,
2015-07-17,,,,,
2015-07-20,,,,,
2015-07-21,,,,,
2015-07-22,,,,,
2015-07-23,,,,,
2015-07-24,,,,,
2015-07-27,,,,,
2015-07-28,,,,,
2015-07-29,,,,,
2015-07-30,,,,,
2015-07-31,,,,,
2015-08-03,,,,,
2015-08-04,,,,,
2015-08-05,,,,,
2015-08-06,,,,,
2015-08-07,,,,,
2015-08-10,,,,,
2015-08-11,,,,,
2015-08-12,,,,,
2015-08-13,,,,,
2015-08-14,,,,,
2015-08-17,,,,,
2015-08-18,,,,,
2015-08-19,,,,,
2015-08-20,,,,,
2015-08-21,,,,,
2015-08-24,,,,,
2015-08-25,,,,,
2015-08-26,,,,,
2015-08-27,,,,,
2015-08-28,,,,,
2015-08-31,,,,,
2015-09-01,,,,,
2015-09-02,,,,,
2015-09-03,,,,,
2015-09-04,,,,,
2015-09-08,,,,,
2015-09-09,,,,,
2015-09-10,,,,,
2015-09-11,,,,,
2015-09-14,,,,,
2015-09-15,,,,,
2015-09-16,,,,,
2015-09-17,,,,,
2015-09-18,,,,,
2015-09-21,,,,,
2015-09-22,,,,,
2015-09-23,,,,,
2015-09-24,,,,,
2015-09-25,,,,,
2015-09-28,,,,,
2015-09-29,,,,,
2015-09-30,,,,,
2015-10-01,,,,,
2015-10-02,,,,,
2015-10-05,,,,,
2015-10-06,,,,,
2015-10-07,,,,,
2015-10-08,,,,,
2015-10-09,,,,,
2015-10-12,,,,,
2015-10-13,,,,,
2015-10-14,,,,,
2015-10-15,,,,,
2015-10-16,,,,,
2015-10-19,,,,,
2015-10-20,,,,,
2015-10-21,,,,,
2015-10-22,,,,,
2015-10-23,,,,,
2015-10-26,,,,,
2015-10-27,,,,,
2015-10-28,,,,,
2015-10-29,,,,,
2015-10-30,,,,,
2015-11-02,,,,,
2015-11-03,,,,,
2015-11-04,,,,,
2015-11-05,,,,,
2015-11-06,,,,,
2015-11-09,,,,,
2015-11-10,,,,,
2015-11-11,,,,,
2015-11-12,,,,,
2015-11-13,,,,,
2015-11-16,,,,,
2015-11-17,,,,,
2015-11-18,,,,,
2015-11-19,,,,,
2015-11-20,,,,,
2015-11-23,,,,,
2015-11-24,,,,,
2015-11-25,,,,,
2015-11-27,,,,,
2015-11-30,,,,,
2015-12-01,,,,,
2015-12-02,,,,,
2015-12-03,,,,,
2015-12-04,,,,,
2015-12-07,,,,,
2015-12-08,,,,,
2015-12-09,,,,,
2015-12-10,,,,,
2015-12-11,,,,,
2015-12-14,,,,,
2015-12-15,,,,,
2015-12-16,,,,,
2015-12-17,,,,,
2015-12-18,,,,,
2015-12-21,,,,,
2015-12-22,,,,,
2015-12-23,,,,,
2015-12-24,,,,,
2015-12-28,,,,,
2015-12-29,,,,,
2015-12-30,,,,,
2015-12-31,,,,,
2016-01-04,1.1287312139757644,1.0879887440423277,0.9547377323561653,1.021488109127798,0.9865610194470676
2016-01-05,1.1439457857480928,1.0899158534639586,0.9654485007959341,1.017326245861383,0.9870502443445494
2016-01-06,1.124697950677916,1.0731962382314035,0.9515606451224377,0.9979608515427745,0.9717727706698805
2016-01-07,1.1230184879409757,1.0968928400825213,0.9729873073279176,0.9976608964375868,1.0023817657133192
2016-01-08,1.1232076980526073,1.0906518035156234,0.9740873007176394,0.9837749990761161,1.0212640817105982
2016-01-11,1.1170672696045074,1.0845159510891151,0.9701388082538778,0.9773727118217007,1.0184506210706843
2016-01-12,1.1094993946461225,1.0799715697818801,0.968205310294952,0.9777422850792299,1.0241642293124007
2016-01-13,1.1292108603233664,1.098256765258505,1.0000367073321748,1.00859633122299,1.0491243575142284
2016-01-14,1.121615563705087,1.0867865888496762,0.9795205863092229,0.993613104486821,1.0497217397855376
2016-01-15,1.1422421294689997,1.0843589142224854,1.0016967838302044,0.9887039639456999,1.034182926839599
2016-01-19,1.1457211882156524,1.0845919216381694,0.9914999414606817,0.9875352694566116,1.032625688609942
2016-01-20,1.1301498364775011,1.0742235787076713,0.9820909995198432,0.9823076857244943,1.0223815820536506
2016-01-21,1.1305682246995186,1.0781310658181678,0.9793223153505671,0.9778985270847892,1.0397016888488202
2016-01-22,1.1080132764068293,1.0553062068417036,0.9699774682191514,0.9095180523913612,1.006888513005072
2016-01-25,1.118203415815818,1.0568948574158457,0.9676867104637928,0.9163917636905397,1.0262285849278021
2016-01-26,1.1215828938476227,1.0521203038826934,0.9698456849969534,0.9110624286038816,1.0280114136837242
2016-01-27,1.0982817514665357,1.0571671389225503,0.955201533268912,0.9191527689997785,1.0325324753602818
2016-01-28,1.076694480441213,1.0483751855357586,0.9469696117154559,0.9173525495683305,1.0262225942036765
2016-01-29,1.0655029699004508,1.0386987431752552,0.9594947226337807,0.9275976555684079,1.0186488896780577
2016-02-01,1.0427491878093609,1.0166805635975793,0.93822864492946,0.9145115814944372,1.0028161740975763
2016-02-02,1.0800174072070248,1.0426851977000873,0.9647940728032369,0.9481360375027666,1.023541632679018
2016-02-03,1.104366913630606,1.0568869770575424,0.9881657997897791,0.9730878104915163,1.0461830798954301
2016-02-04,1.1120857943720965,1.0606339369164213,0.9978264509482855,0.9794395572362569,1.051470578096539
2016-02-05,1.1326112909573756,1.090639038707569,1.0215447035257106,1.006812231924615,1.0867036288735292
2016-02-08,1.1388267801420822,1.0971407351098834,1.0243751925183664,1.0130636734803202,1.0901974069761424
2016-02-09,1.1345400078525403,1.0945149473298994,1.0183167219452178,1.010839208641037,1.0855084472490912
2016-02-10,1.1251347480981728,1.09063202461858,1.0020172549202722,1.0099741740205486,1.077937184537171
2016-02-11,1.1264316146114646,1.0906279699004084,1.00297719653226,1.006447182466842,1.0712927708167959
2016-02-12,1.1387727500476794,1.085939570614923,1.0123754260113835,1.0138839024965778,1.0852743856914688
2016-02-16,1.1389938446785026,1.099521963893422,1.0120498547142556,1.019276348443128,1.085172687277581
2016-02-17,1.1399675055733636,1.108806420258658,1.0254513656488706,1.033896904080723,1.093311070187453
2016-02-18,1.1382202832829633,1.1069769251656723,1.0206954898715,1.0312181599950878,1.0914400778717397
2016-02-19,1.1383556306947349,1.107191446425242,1.0202050643794278,1.0312418658820104,1.0911490480493935
2016-02-22,1.140100423193207,1.116562858757067,1.0238438342316234,1.0399685290586231,1.079122251728449
2016-02-23,1.138498886688893,1.1092649282783924,1.0181287818934905,1.0311945536238516,1.0712145640835122
2016-02-24,1.1387283175059233,1.1066622724863548,1.0168860774329904,1.0302289215577443,1.072196136900834
2016-02-25,1.1396047546146402,1.1022151268247646,1.0156131833897781,1.0372244890605966,1.0734987120260593
2016-02-26,1.1400759159015779,1.1034727709064645,1.015173883755255,1.0378209297356278,1.0740565451016206
2016-02-29,1.133733486360383,1.0958864944195068,1.0061637161259143,1.035254032245235,1.074209473360743
2016-03-01,1.128091550735922,1.0823945157816308,0.998788773529308,1.0234762312603196,1.083475161888754
2016-03-02,1.1283800316287447,1.0820848406052226,1.0020055276109288,1.0204689671964537,1.0849571993095513
2016-03-03,1.130047364586487,1.080663682289946,1.0024907131640481,1.0209652655444075,1.0856875489318392
2016-03-04,1.1294424359607937,1.0806505431325863,1.0019388368383728,1.0190477921392072,1.0850737171145524
2016-03-07,1.1337096610534707,1.0808438752636946,0.9997232606842139,1.017070337156429,1.0849099874793815
2016-03-08,1.1422387811036803,1.091923965102406,1.0056378974096845,1.0120715017024107,1.0849726943047693
2016-03-09,1.1416998394985132,1.0879015163871377,1.0043846597443633,1.0175851334100035,1.097362919718706
2016-03-10,1.143098878160397,1.0893721183774177,1.0063028415093656,1.019501654418923,1.0983301074778966
2016-03-11,1.1383790701154055,1.0804427531024112,1.0017976233428856,1.0187945966925407,1.1132149813272465
2016-03-14,1.1422391574268935,1.0824119815158653,1.002102848419671,1.0172920305815039,1.1135964164673273
2016-03-15,1.1401734100115801,1.0826414805323845,1.006697579793329,1.0133547700604668,1.1144201140655563
2016-03-16,1.1478019262120907,1.0871097654128279,1.0103748063842628,1.016661901818792,1.11652945497544
2016-03-17,1.1472900820686143,1.0983824913174427,1.020576042190937,1.0220546532531742,1.1274142917939773
2016-03-18,1.1554846633929392,1.107884166050692,1.0295160400887078,1.0273835145098547,1.130114217162178
2016-03-21,1.155202204122875,1.110021700834955,1.0357992097202817,1.0306920656435354,1.1320663037614043
2016-03-22,1.153973359102859,1.1091717416195457,1.0342791717675588,1.0295689539472228,1.1309756074128783
2016-03-23,1.156397716310177,1.1086217896893624,1.036861158100148,1.027751653935745,1.1316375610841558
2016-03-24,1.1473805025624462,1.0998896941991867,1.0293063415227375,1.0215467122015167,1.121032282947563
2016-03-28,1.1465949922689485,1.09932945115075,1.0287595852144078,1.020516212897297,1.1213632446782298
2016-03-29,1.1448955508738687,1.1010281877008183,1.0267910652145495,1.0218776993725742,1.1201565982403625
2016-03-30,1.141931712726864,1.1002764949508612,1.0317349427063838,1.0245278658996746,1.1215750062932817
2016-03-31,1.1407360952483405,1.1000006560852098,1.0299721952788399,1.0254997735820455,1.1245238184198634
2016-04-01,1.1248410303022487,1.0850540423492725,1.0095615840698253,1.020323700866265,1.118326941219896
2016-04-04,1.1283301511640775,1.0878079618285361,1.015641997927796,1.0233950270731542,1.1251607205963217
2016-04-05,1.1351465776781107,1.0886643701964442,1.0221128067343934,1.0355130595234727,1.122536570034564
2016-04-06,1.1293601933204487,1.0840042803395644,1.0140193454572308,1.0321187004755417,1.1178217035682
2016-04-07,1.126483903611468,1.0872892051625753,1.0227211620686538,1.0231364264151612,1.1165612478251705
2016-04-08,1.1302132402357463,1.089369427012069,1.0214123960874424,1.0255815752720283,1.1197084827422834
2016-04-11,1.1309612119949615,1.0895545702164355,1.0215356124601134,1.0268209748662358,1.1222802161349918
2016-04-12,1.1327569795802503,1.0866902916998968,1.0213958325585573,1.026102032820909,1.1207938480654793
2016-04-13,1.1363503250016116,1.0936204655050414,1.0287739131765474,1.0324052392473742,1.1292783773032182
2016-04-14,1.13592232588018,1.0903450456479087,1.0274950801749245,1.035528513086839,1.1315717940475878
2016-04-15,1.1362721024846436,1.0914352597452779,1.0275854327467684,1.0353176621181548,1.1316084589681332
2016-04-18,1.1397468005531144,1.0874670888497555,1.026439495952017,1.0338824239356945,1.1303778567700675
2016-04-19,1.1331140363170884,1.0840540435953345,1.0263227820774665,1.0306976732219948,1.1312197980323067
2016-04-20,1.1347032396553929,1.0844364886963649,1.0276581274942367,1.031167053076263,1.132154419713313
2016-04-21,1.1400803112941762,1.0900785434973195,1.046331050298948,1.0289568961753923,1.1393755646644155
2016-04-22,1.1403300457729166,1.0905341749788908,1.0483170798538,1.0284286782604704,1.1370571923582
2016-04-25,1.1403525914577255,1.0906619084999758,1.0491474659997475,1.0286987083520331,1.1368616962608882
2016-04-26,1.138671516407024,1.0891715258333003,1.045944478913619,1.0242018623815476,1.1352940422890876
2016-04-27,1.139925021787862,1.0901602739186185,1.0468547156939882,1.0245537779450569,1.1363612938199226
2016-04-28,1.1368275301140254,1.089995673828402,1.0463560715389597,1.0297791879435458,1.138247526787522
2016-04-29,1.1433799177219022,1.095209783932224,1.057757653197507,1.0263922124898703,1.1382989723490409
2016-05-02,1.1352619073957524,1.0918367446440482,1.054176964298057,1.004905463317709,1.133420218409262
2016-05-03,1.1314573337469755,1.0842343444455198,1.0487858727579573,1.0106547319252186,1.1325575854094823
2016-05-04,1.1273488557335356,1.0824627986458433,1.0480406123980708,1.008297049646769,1.1302581051347202
2016-05-05,1.1284739807747066,1.0839491287444405,1.0494840826159713,1.0102465151520172,1.1315388440958758
2016-05-06,1.123338816389552,1.0807422377514064,1.044233193971224,1.0067095254245642,1.1265739217613113
2016-05-09,1.1299467455432783,1.0792380354590825,1.0509914703772127,1.0004998674959797,1.124272745610704
2016-05-10,1.1389806220277707,1.0825052494607283,1.060797502257562,1.0018714564708948,1.1223195121645781
2016-05-11,1.1428476812639472,1.082845045987204,1.064353498175389,1.0029457659913228,1.1258019999710087
2016-05-12,1.1425119694563266,1.0825490162949674,1.0640482324394565,1.0028754336118766,1.1255910777493527
2016-05-13,1.138403874820063,1.074449415893759,1.0608689322765037,0.9937141787073489,1.115407807147419
2016-05-16,1.1419344116106025,1.0831508596979047,1.0637242335732062,0.9961700528957201,1.111485418296269
2016-05-17,1.1318721415487367,1.0738941869205094,1.0555974259365002,0.9930422540511596,1.1110630513200335
2016-05-18,1.1316251067178618,1.073666829993467,1.0554121113465442,0.992891605038108,1.1111619218118909
2016-05-19,1.1303344987772053,1.0740096834853172,1.055823839239748,0.9924096438835946,1.111547029501361
2016-05-20,1.1296052167981259,1.0724437770816355,1.0579866374817997,0.9911843203476106,1.109360397686543
2016-05-23,1.130506212645057,1.0716336401367803,1.0577714464439993,0.99041601436131,1.1090189778740047
2016-05-24,1.1257121793479223,1.064795511569206,1.0516798828629403,0.9853376778456336,1.1052631414926555
2016-05-25,1.1219906073480563,1.060253135814581,1.0423778589674617,0.9760729951442451,1.1015776239762547
2016-05-26,1.12165596072445,1.0598754865012985,1.0421776767917577,0.9757411581893741,1.1017577238450873
2016-05-27,1.125748352065847,1.065537996647623,1.050231409022637,0.9797125197598199,1.1072857832221041
2016-05-31,1.1220210001539184,1.0626546144975897,1.0480876669343753,0.977889907927214,1.1062159265581146
2016-06-01,1.121753731647431,1.0615868465766676,1.0480516047907515,0.9777957568342758,1.105394369098752
2016-06-02,1.122112254913575,1.0588554374368067,1.0479219200366447,0.9770307597879277,1.1050767224070235
2016-06-03,1.121046626433574,1.061326803106866,1.0454000956445653,0.9771565416924083,1.1074097039540938
2016-06-06,1.1223178131491334,1.0592211359032537,1.0450769515458636,0.9767600885153982,1.1070256867597366
2016-06-07,1.1155775563885337,1.0500918525271445,1.0380303939925453,0.9728924223835433,1.0983490356313623
2016-06-08,1.1159389743975578,1.0490301518038203,1.0376343725525339,0.97301659044804,1.0976318147233355
2016-06-09,1.1186397646843853,1.0501007714243447,1.0427589855666801,0.9792881264110362,1.101708870561096
2016-06-10,1.1189080315804474,1.0507778917235664,1.043978965854335,0.980482187133824,1.09972082849724
2016-06-13,1.13525211855552,1.0630523400969352,1.0584138832849777,0.992486125332412,1.1185521413785386
2016-06-14,1.1368503371260086,1.0646369476973623,1.0605469285779807,0.9933454086016867,1.1202882986338227
2016-06-15,1.1403825252264355,1.0666061077337603,1.0642027177393925,0.9960218283530464,1.1229139838006248
2016-06-16,1.1349475511738292,1.0636997815655773,1.0612922856750946,0.9954528784143047,1.1215202319448392
2016-06-17,1.1363880266927797,1.0621965511926383,1.0569001036889536,0.9991657488656285,1.1145369811199735
2016-06-20,1.1453749013156191,1.0644911859609976,1.064511368140357,1.001479444761268,1.1138579512934081
2016-06-21,1.140558951521603,1.062578594363567,1.0631858633097748,1.000389074410887,1.1117607128034304
2016-06-22,1.1407892463513107,1.0625655659247777,1.0625414139044613,1.00090713204918,1.1123446951106892
2016-06-23,1.1407655736912523,1.0526961838709106,1.0556593829668603,0.9866128345815524,1.1023707807607153
2016-06-24,1.2236975642487793,1.1073391091863738,1.1225361556108007,0.9842082501912824,1.1076233517035394
2016-06-27,1.2496597549520703,1.1265811168009827,1.1591164887260064,0.9985800391271432,1.104213120564623
2016-06-28,1.2639954149666883,1.1352331592677558,1.1627207100338832,0.9890569279309906,1.1107772929387192
2016-06-29,1.2721858582471022,1.1507051069714493,1.1757320695222409,1.001861467616391,1.1095591173658026
2016-06-30,1.2849184633399082,1.1537127815221442,1.1830294783510693,1.0051655497807646,1.1103633058592302
2016-07-01,1.287471977851207,1.1539846058535232,1.183378288744024,1.0055039871123195,1.1112018321446573
2016-07-05,1.2906312117664904,1.1612683967133741,1.1927045777941232,1.0082156647241172,1.1117592724438308
2016-07-06,1.281883386778967,1.1575846555321154,1.1862430828071655,1.0055470213725552,1.1075611790540534
2016-07-07,1.2745361034868672,1.1542176570903622,1.1818974033109677,0.996110134340674,1.106764771513307
2016-07-08,1.2760790336455867,1.159153480305342,1.1905603307592294,0.996827803008705,1.10178656456609
2016-07-11,1.2697773839961115,1.1470779989038984,1.1807580109509697,0.9863403891297765,1.0821547761047945
2016-07-12,1.2888116819970015,1.1549804181187528,1.1988331505511602,0.998227015648201,1.0880579528326797
2016-07-13,1.2907569550959643,1.1548928943828627,1.2011832935770355,0.9993949487404324,1.0859766328996523
2016-07-14,1.29695634000175,1.160525809928341,1.2079811946132233,1.0015631362133304,1.0899212559809595
2016-07-15,1.3004382433272974,1.1612155056023536,1.2133028697175605,0.9988096393541644,1.0883441563229654
2016-07-18,1.30052275196189,1.1610224725371328,1.2134212424262962,0.9984638876055333,1.087078992777976
2016-07-19,1.300689266043724,1.1607039719604197,1.2132310784038753,0.9990581181016733,1.087340268864785
2016-07-20,1.3017201981085271,1.1615692499495518,1.2162708056869418,0.9983265357803621,1.0882777650670676
2016-07-21,1.305760913549513,1.1677658500121932,1.2218035164775263,1.0142579233691287,1.0859713502359698
2016-07-22,1.3182128016522336,1.1699525020337556,1.2240776306698415,1.0245192939786065,1.0810130281263441
2016-07-25,1.298878187375665,1.1656122455356455,1.2289202539831252,1.0144619509902104,1.0852449711152372
2016-07-26,1.303411577164204,1.1663664291128395,1.231895795261168,1.0163329595082577,1.083688404977758
2016-07-27,1.2995510409141218,1.1632890805443306,1.2262447414556268,1.011043726693181,1.0806105848920684
2016-07-28,1.3040425924590513,1.1693725413013802,1.2327224286176772,1.0160748758712954,1.0810519798263267
2016-07-29,1.3028660192519166,1.1685734985393714,1.2321519142678088,1.0154264668847077,1.080136554672269
2016-08-01,1.3025912663221089,1.1683805673288439,1.2313768444666333,1.015270557846562,1.0804583271413808
2016-08-02,1.3198010047586377,1.1891469490738698,1.2487697221982001,1.0281978951267838,1.0924784812441586
2016-08-03,1.3218914295439153,1.1904391058205495,1.2506773691269735,1.0298225433124022,1.0925250503312591
2016-08-04,1.3217764185360934,1.1905921456498791,1.2531151207073736,1.0306610606584388,1.091106196203147
2016-08-05,1.3248786122460143,1.198163174746231,1.2657683022896065,1.0410643921274183,1.09170835384024
2016-08-08,1.3238974392720817,1.1990862737370602,1.2648687143551125,1.0410697247243077,1.0923064428876734
2016-08-09,1.3288204691624075,1.2053665224945787,1.268155789792131,1.0442561454834136,1.09422537385748
2016-08-10,1.3417635428050234,1.2155951248927328,1.277294277044247,1.0532677816248046,1.1031341510226516
2016-08-11,1.3445682160119652,1.2161573332449385,1.2772767884607572,1.0533619336926745,1.1060175694496532
2016-08-12,1.3448644587606233,1.217611233921653,1.2783791670416313,1.0546193448784296,1.1070496275293737
2016-08-15,1.3469329795791376,1.2187478240541891,1.279941087491315,1.054504159219335,1.1074753805567281
2016-08-16,1.337393890525727,1.216887539330844,1.2763634669021224,1.0506236272020755,1.1023115953410336
2016-08-17,1.3367702688302767,1.2167248651468736,1.2749660585115468,1.0509190678209819,1.103835693103266
2016-08-18,1.3393622822519755,1.2171867060996737,1.2757962900716942,1.0551710842093938,1.1049875312722683
2016-08-19,1.3343015414773784,1.2155550088785905,1.2758612800433387,1.0469265468700693,1.1050225209174107
2016-08-22,1.3207882355137488,1.2060247947207936,1.2904250598301548,1.049847905417157,1.1025564094090061
2016-08-23,1.3260004672481087,1.2375640375474124,1.299819308494949,1.0948294524352142,1.1152973819424958
2016-08-24,1.3291952020375517,1.233927468771469,1.3034176696804944,1.0910598689838373,1.1286197077398474
2016-08-25,1.3517921429911215,1.2182444710273443,1.3249693406315057,1.118869387858687,1.1579387537060106
2016-08-26,1.3823115194311983,1.2455046695054448,1.3708608672554976,1.1505196665357535,1.1894713211173382
2016-08-29,1.3806213012195625,1.2470339216402684,1.3714260877405637,1.1503658105122578,1.1877552313138786
2016-08-30,1.3859205899744944,1.2479691514415578,1.3666020609313105,1.1478659120986254,1.1859895737949269
2016-08-31,1.4538108979044448,1.301274828947114,1.4287138986144934,1.1833550322307356,1.2339881643749602
2016-09-01,1.4266325386738552,1.2781966072203619,1.4480884679082258,1.1705334097775735,1.207582093740264
2016-09-02,1.4271996158182734,1.2792457294422188,1.4477969849552543,1.1712120248316924,1.209400040551103
2016-09-06,1.4394020404525425,1.2984523436882218,1.457082745011099,1.1804551032363981,1.2292177249538976
2016-09-07,1.473360414053233,1.3025968542846766,1.4802958542143283,1.1854405687863943,1.2236144349742741
2016-09-08,1.487615622106049,1.3047487479013269,1.4936186905469153,1.1989342620112764,1.2385051171233266
2016-09-09,1.4716563914589142,1.311528686269176,1.4968384958354346,1.2085680002399795,1.2455857193506934
2016-09-12,1.4528727699598236,1.3110957014401148,1.494666231655951,1.206037148424983,1.2429535897265156
2016-09-13,1.4571664974971295,1.3146168702034267,1.5034442459671657,1.2087546104859295,1.2428793597183703
2016-09-14,1.4631553678109797,1.3234561907303692,1.5155589737241153,1.2167453112059794,1.2587741488258186
2016-09-15,1.4580657350036617,1.322450824429364,1.515612281186118,1.2148649744178126,1.261403466376955
2016-09-16,1.4649225548592495,1.325511722642621,1.5251717479000153,1.2174680369624449,1.2648669150196368
2016-09-19,1.4757046242218257,1.3296701947636633,1.5296336460534918,1.2331182979984592,1.2725451239909635
2016-09-20,1.4785793634794695,1.3281233073689627,1.5308524675738708,1.2348123712974461,1.26441167092611
2016-09-21,1.4469054182672436,1.3279596597025705,1.5120628630350859,1.2215290496576627,1.251652055096901
2016-09-22,1.449736849537384,1.3298535181926001,1.5143663415439372,1.223840488285939,1.2493384845115747
2016-09-23,1.4412828564860678,1.323690819353332,1.5072799241827257,1.2213505515384209,1.2466616125152574
2016-09-26,1.4432481262931707,1.3267607883071486,1.5132961935391724,1.2210925276462787,1.25015940809165
2016-09-27,1.459732887558078,1.3386960848089364,1.5264698771759555,1.2491468735162563,1.2549084002123783
2016-09-28,1.457543694937599,1.3376025038136607,1.526015474825482,1.2454929225176525,1.254559629009903
2016-09-29,1.4820053941660134,1.3382158963008348,1.529091357724584,1.2504927595793949,1.2623934644834311
2016-09-30,1.4853211747255095,1.3370788630355581,1.5346213154718575,1.2533321224895018,1.2616839873268475
2016-10-03,1.5057490598473364,1.355920251536727,1.5641044406410602,1.2631370669355573,1.2793121528792544
2016-10-04,1.491803809602055,1.3324948923622082,1.5568337887139914,1.2637636980231284,1.2713374907513737
2016-10-05,1.483073478812913,1.3257192641900533,1.5477330058763084,1.2569366016650094,1.2550651270406712
2016-10-06,1.4757570883989202,1.3217776243919805,1.5465005006642594,1.253622571559754,1.251453284231328
2016-10-07,1.4777391726809939,1.3305232819417094,1.5498022046135096,1.2603671455011802,1.2589765322777364
2016-10-10,1.4827353125696785,1.3338631940561745,1.5535677217636248,1.2666708822010015,1.2638759840487668
2016-10-11,1.4807372204319167,1.3350438048087159,1.5476771028918177,1.254979495347147,1.2577907222931943
2016-10-12,1.479788579564764,1.3332864773782624,1.5476069308829743,1.2546944106094977,1.2440372657777823
2016-10-13,1.4740615926901344,1.335418351645134,1.5467968952796194,1.2494213836364871,1.2367000293187946
2016-10-14,1.4790945638494357,1.3448343678039063,1.5608940845361274,1.2563303060677127,1.2247647143890903
2016-10-17,1.4831988892913246,1.3472946740273333,1.5683703512593699,1.260533563637587,1.2263882849725025
2016-10-18,1.4864150729490841,1.3457147179154312,1.5690934229335873,1.2612064003860162,1.2247924488858126
2016-10-19,1.4906472480313167,1.3497214170340264,1.571251934320167,1.2625093120310928,1.226403470771177
2016-10-20,1.490088745255799,1.3462296604449766,1.5648367981994709,1.2620380543098646,1.2183820481543477
2016-10-21,1.4786996801932164,1.3412094399814642,1.5636845072847012,1.2174401427167825,1.221519541878963
2016-10-24,1.4894962046438884,1.346704943155942,1.5341668350108535,1.2088397516806948,1.2026591771985375
2016-10-25,1.4921350017047932,1.3478744601729569,1.538212361034345,1.2118014146861678,1.2054637323349877
2016-10-26,1.4931633686394807,1.3463337110080262,1.539416214629298,1.2208448799883505,1.2057627686966077
2016-10-27,1.507000132812848,1.3619412417914112,1.5603352136618671,1.225331982766082,1.2331976416460608
2016-10-28,1.5056392354370653,1.3620180033243008,1.5579901173542934,1.2253055130875754,1.2314097920480673
2016-10-31,1.5089755627869814,1.365037844776092,1.5596947375411112,1.22887001809137,1.2341149423565023
2016-11-01,1.5193224526455948,1.3708953422631025,1.5648757323655613,1.2313244356617479,1.2364837905375068
2016-11-02,1.5171491300310151,1.3673248695378108,1.5610908535006214,1.2291146511937432,1.2355892697044282
2016-11-03,1.5145650359022196,1.3658436432858725,1.5595204119533053,1.226672564226969,1.238661021985109
2016-11-04,1.5139452349024254,1.3642810585121563,1.5580907454134294,1.2256369948260597,1.2385866737326667
2016-11-07,1.525901363640019,1.366378176140053,1.5460740221275435,1.228982990814845,1.2450743245614322
2016-11-08,1.5252570177585996,1.3687928201048774,1.5440185857701179,1.2305642779730193,1.2453287128992931
2016-11-09,1.5265591552677944,1.3708737555329409,1.543271672187961,1.229518676110559,1.2405873609930649
2016-11-10,1.5267409296927938,1.372164207455828,1.5423399119139711,1.2348543006834782,1.2418323973826637
2016-11-11,1.5319175445013167,1.384656903906773,1.552134726630012,1.2461320447417061,1.245386639534011
2016-11-14,1.5364211759006774,1.3828828997210143,1.5589571438767007,1.2452083189803387,1.2504858457991108
2016-11-15,1.5725207606461897,1.4126920780180339,1.600787465539589,1.2659700951980388,1.2542910919011763
2016-11-16,1.572345846706098,1.4128947656947926,1.6008221452561706,1.2669658697941288,1.2552561795117185
2016-11-17,1.6088499290352876,1.435428225713957,1.6238781072983657,1.2794035054633943,1.2674089719130632
2016-11-18,1.6080299385203058,1.4349746895988424,1.6235073766141508,1.278769253646385,1.2669387612318923
2016-11-21,1.6033896147823445,1.428715782438025,1.6227752193166274,1.2767100215860425,1.2551782057491194
2016-11-22,1.603426036227631,1.4291087955908275,1.622880287341566,1.2764215334414106,1.256705514284249
2016-11-23,1.6049197649712348,1.430873045701281,1.6246353623443697,1.2779247690797175,1.257501054362688
2016-11-25,1.6056941300504879,1.4298625247488963,1.6237343636677204,1.2772175923356819,1.2562514671077931
2016-11-28,1.6052750952318964,1.4318976724645955,1.6246786312114512,1.2753710427558458,1.2556908025034015
2016-11-29,1.6047860766219795,1.4298787753893143,1.6218965907115683,1.2762249105972685,1.2569822644203275
2016-11-30,1.5897911715901698,1.424582366584309,1.6198507586839963,1.2713066685691174,1.2544700270373121
2016-12-01,1.6077386694409712,1.4409703924069317,1.6379001287709165,1.2809894963134054,1.262695886418076
2016-12-02,1.6154034282793042,1.4548640281433,1.6397220961310286,1.2913979341519417,1.2656760640887628
2016-12-05,1.6018208542766899,1.4447685477057624,1.6255497138814698,1.2632013648895257,1.2267070797632236
2016-12-06,1.6131005052701999,1.466335805542912,1.6433323162608404,1.2689169280566788,1.237689055795861
2016-12-07,1.6252972355768294,1.4692931082626595,1.6347216820321098,1.2574999561772746,1.2500112689039966
2016-12-08,1.6202398966279608,1.4679620002453653,1.6341946773119853,1.2556203971157278,1.2442274135237854
2016-12-09,1.6265439329380615,1.4642920220363085,1.6383760456936292,1.252967876597677,1.2453395377808527
2016-12-12,1.6151225971927126,1.4562124989558487,1.6289913659519086,1.2359205343805353,1.2543494596424174
2016-12-13,1.6171561914720503,1.4482489880642615,1.6230263158674079,1.2339309790719146,1.255510914221597
2016-12-14,1.6082446070664396,1.4380412840405048,1.6178891679587086,1.233124525513077,1.260337131549609
2016-12-15,1.6159289293061556,1.4409175822455262,1.6273616696045874,1.2413897002528207,1.276532813675722
2016-12-16,1.62406257553914,1.4427804463973395,1.6258836195664161,1.2340010844621307,1.2782290642636007
2016-12-19,1.6221092324555584,1.4485952998938465,1.6483102015418163,1.2388933872494683,1.288378981688052
2016-12-20,1.6152492143890236,1.4406916448277365,1.648422282666098,1.2380555319890354,1.2806107474052963
2016-12-21,1.6148094132374615,1.4425655448264083,1.6564624191647976,1.2420088167632088,1.2911899450956685
2016-12-22,1.6240498039234499,1.457121384443188,1.6691096685521338,1.2551399994713952,1.3010885458098447
2016-12-23,1.6254968076342329,1.4587577657148711,1.6727419035794304,1.2567996721234644,1.3020458335809333
2016-12-27,1.623814871077371,1.4591771521545855,1.6705061203197367,1.2566565992532064,1.3028947513092524
2016-12-28,1.6333877265595549,1.4677373355054517,1.6793807914616503,1.2556957848587076,1.3135183979068936
2016-12-29,1.6317423796312813,1.4642443546271176,1.6712573211521429,1.2496594060959272,1.3106132028450208
2016-12-30,1.6367779006109595,1.466990304830388,1.6789821376482212,1.2537915720413333,1.309950046138126
2017-01-03,1.6185046969958694,1.4485834490735154,1.666837515991286,1.243750275745853,1.29545621745768
2017-01-04,1.6190249640181293,1.4540920002666835,1.6657709159495917,1.24910099258051,1.2985183550033728
2017-01-05,1.6505764158545886,1.476371013684128,1.6865001331545841,1.2700271804730536,1.3241851025160236
2017-01-06,1.6830995035823089,1.4701150531326908,1.6767872244551487,1.2817735981859093,1.2880936765444764
2017-01-09,1.689216985866217,1.4748876280058991,1.6787748365607162,1.293735037666456,1.2601080012323587
2017-01-10,1.6875402045037664,1.473628382995012,1.6772767441463048,1.292807682147573,1.2575808383533673
2017-01-11,1.683201645682091,1.477520100951344,1.6922312207957837,1.2909993303674239,1.2620324232053843
2017-01-12,1.6797485283970282,1.469347068550334,1.6718143928290263,1.2572648562933966,1.234827684858771
2017-01-13,1.695080058026951,1.4850724726576006,1.7059650251455876,1.277015745603063,1.2404615388791325
2017-01-17,1.6875319506487794,1.5097829899259418,1.6925424557998991,1.2963468721190865,1.281820952915906
2017-01-18,1.6889694454240716,1.508444337707488,1.6929018246078658,1.2965328606619697,1.2819111065794189
2017-01-19,1.7152651409659563,1.5237235302752985,1.7097242323909179,1.3055373608817458,1.2929056496866729
2017-01-20,1.714036869796365,1.5224966699864573,1.7134174493177194,1.3092943662313041,1.268781980676258
2017-01-23,1.753998300873741,1.5653426394253869,1.7279675075810814,1.369775868824137,1.3042695761524854
2017-01-24,1.7491238091720358,1.5752212119339972,1.7482337623509285,1.363952737927707,1.2737115905891712
2017-01-25,1.748805043368689,1.5924375103933799,1.7493956658469734,1.368302848191776,1.2663137521340375
2017-01-26,1.7615040771838955,1.5795714678278059,1.7706774412334003,1.3435717129426845,1.25811612702788
2017-01-27,1.7858970493452293,1.5966062211757415,1.786451713757811,1.3592369841973304,1.2681267555382123
2017-01-30,1.8408941011668407,1.6366390818703103,1.7949938838134474,1.347972727402984,1.2780076716539899
2017-01-31,1.8427382595539354,1.6390502945455985,1.7971775631514884,1.3496118587366457,1.278130348262718
2017-02-01,1.8044025564910977,1.6315069683179264,1.770950788217636,1.3134021447915134,1.262576456937476
2017-02-02,1.8033350585669634,1.6333957870727434,1.7655321065837175,1.3127069360599843,1.269950272449005
2017-02-03,1.7987321674732486,1.6324904969663785,1.7647241579718451,1.307286222522925,1.2619819822846423
2017-02-06,1.7870393981353705,1.60651487945893,1.764687742995959,1.2652746453253816,1.1950475832445298
2017-02-07,1.780669599840265,1.5979788893317084,1.764700157223755,1.2524674543114804,1.1865687269951617
2017-02-08,1.7819037086416791,1.6001456230629225,1.766058238554883,1.253405093891395,1.1904572609637811
2017-02-09,1.7942314069314589,1.6120316781412694,1.7731655518826985,1.2638043649782846,1.1952736453562163
2017-02-10,1.8016410977528834,1.620489038748193,1.7790441515680497,1.275228747884726,1.2108120487740879
2017-02-13,1.8061917527017,1.6620503457275486,1.7948652135882581,1.2819690164639177,1.2158245593266788
2017-02-14,1.8123087682510561,1.6456490450718593,1.8203389556129597,1.277121347182412,1.2152808279689693
2017-02-15,1.8310130594340757,1.641641640449561,1.8192953718371978,1.2644413200586815,1.2000403595578626
2017-02-16,1.8385279109099053,1.6492830915358345,1.8343946998225453,1.2747976165795456,1.205420896984275
2017-02-17,1.8392043089545596,1.65056166503146,1.8390558322631243,1.2766930462208876,1.2057809682340122
2017-02-21,1.8318721555712616,1.6188061697966039,1.8250422786367124,1.253092794309799,1.2236092939697203
2017-02-22,1.8492302147786843,1.6491436906779346,1.853102842493147,1.2802828741803332,1.2476759975849778
2017-02-23,1.8495658021029824,1.6516063448378915,1.8511927727963082,1.2803593547125658,1.2459701732158515
2017-02-24,1.8542280281734604,1.665973972491735,1.863559376006782,1.2663701606642623,1.243591902454135
2017-02-27,1.8521311789515922,1.6591349118098042,1.8634436620430217,1.263888793545318,1.2434618112553038
2017-02-28,1.8652730638501827,1.6790000010095532,1.88942852408915,1.2701285821449053,1.2429327397481766
2017-03-01,1.903629493055537,1.7334984017842041,1.932134773858054,1.3048933641589284,1.2221184780744654
2017-03-02,1.919776398737675,1.7447464015920597,1.948838926731923,1.3219371262079902,1.2450362276482339
2017-03-03,1.9192562165332752,1.7449391042437277,1.9483011376642188,1.3226139020473242,1.2421783956432177
2017-03-06,1.9315022641655628,1.7537631806649008,1.9608868477285304,1.3336963349786992,1.252273892358589
2017-03-07,1.9328358572203228,1.7605517056272033,1.9611429578859183,1.3364395489641538,1.256695525524451
2017-03-08,1.9194459732935112,1.7307873781543632,1.956830379877595,1.3561264051578308,1.2597059736397922
2017-03-09,1.91236556216908,1.7287745997907973,1.9519682155027123,1.351429511887599,1.257040712571167
2017-03-10,1.914382832500551,1.731186842013268,1.9494862290385273,1.3477933257389363,1.2610441495180549
2017-03-13,1.930375054699725,1.7505430060444187,1.9686384780132922,1.3432032916538665,1.2033543939956965
2017-03-14,1.9404006177094335,1.7589249246798229,1.989512111014526,1.3571743246996195,1.2090226885561979
2017-03-15,1.943360048312691,1.7637111291408756,1.992878322711586,1.36849952101132,1.209038089706647
2017-03-16,1.94443483461392,1.7549955887991622,1.9933191703059199,1.3663385686947747,1.211979533407096
2017-03-17,1.9549512319926317,1.7661275729636465,2.001303103789419,1.3823004954752132,1.2146484110890765
2017-03-20,1.9461344473473392,1.7564604822386312,1.9924932911420818,1.376120766277614,1.208834690188575
2017-03-21,1.9522507358402483,1.7626372515270563,2.0003717526160782,1.3911115155408127,1.2261776346443423
2017-03-22,1.9497300016765564,1.7615164479527636,2.002929167664329,1.391583255097634,1.2269720977906904
2017-03-23,1.9405544606023397,1.7625529933676514,2.0020701711187066,1.3953775381334828,1.222518329467947
2017-03-24,1.9356127091921256,1.7597714448795374,1.9975551539650445,1.3937485221632515,1.2207738573327342
2017-03-27,1.9351557221516296,1.7589696240601105,1.9960552111173044,1.3926050730077844,1.2201015098922108
2017-03-28,1.9454859031269915,1.7538338827692392,2.0141366209825273,1.3971211806545272,1.224141947407329
2017-03-29,1.947629149424648,1.754388944993328,2.0094706860366514,1.396153568985823,1.2255941984464744
2017-03-30,1.9487573680176216,1.752625187788511,2.013164319180976,1.39648278131518,1.2226554787810622
2017-03-31,1.9792870238747673,1.7812527798010054,2.053315375383372,1.4052201402668454,1.2315785216658603
2017-04-03,1.9787385089431442,1.7821981270754088,2.046701150689385,1.4013956870521371,1.2175670216659515
2017-04-04,1.9888874018766738,1.802891283345603,2.063790952378275,1.4046763580817796,1.2412744854101874
2017-04-05,2.0057017806948596,1.8195443952082984,2.0919899517254774,1.4165986988515382,1.2553391642305256
2017-04-06,2.0211176786503406,1.8104884697974024,2.076894682170626,1.4374189995952427,1.2504198657236196
2017-04-07,2.0204812064527213,1.8088728449787113,2.0763842649892563,1.4300400604525672,1.2491970030933215
2017-04-10,2.023999938705053,1.8123526708832929,2.0816001314254318,1.4302000903435323,1.2477892293090287
2017-04-11,2.0218653904562616,1.8232552978274843,2.0949429134163045,1.4334058998054064,1.2494408537876098
2017-04-12,2.017357534013221,1.8082885105194502,2.089084563708404,1.4137005638155196,1.2266954815135365
2017-04-13,2.019214332199189,1.8161610962393564,2.0892046666319986,1.4240688102950156,1.2401857936884342
2017-04-17,2.0212063809539846,1.8064077124721925,2.095547199870914,1.4211423048961187,1.2381239055140525
2017-04-18,2.031432803931513,1.8250975361130077,2.118083562623272,1.4275509320837514,1.2451485448554163
2017-04-19,2.0258042567856687,1.819705688313862,2.108001852767436,1.4269303934325777,1.2440277552108312
2017-04-20,2.0278994951105416,1.8238900550495571,2.09999956847024,1.4366877600433114,1.2472197275519663
2017-04-21,2.0139850532636587,1.8095293511102408,2.0436821410307098,1.450935186412265,1.2296271687762188
2017-04-24,2.0184980289226857,1.8187344115516741,2.0391444228421873,1.4497466177887526,1.2320640764626691
2017-04-25,2.0073950647119645,1.8096478788909733,2.0265447708163022,1.4494197020909705,1.225537487466284
2017-04-26,2.0082617692168143,1.811285298190174,2.0264930898980267,1.4511307815902108,1.2302692163965923
2017-04-27,2.008495026141447,1.8110736645476733,2.027539002975471,1.453060059713489,1.231324194678866
2017-04-28,2.0145403083172972,1.8097505080886587,2.0283875004395164,1.4292745267173184,1.2196494194208185
2017-05-01,1.9956372041933874,1.7978137857204453,2.0043451936251953,1.4414412387527418,1.2076923226584637
2017-05-02,2.009986418495328,1.7975508815893557,2.001311670158793,1.4597256536831154,1.2133747094196017
2017-05-03,2.031121207133365,1.8288041972262084,2.0269187107892326,1.452589512890023,1.221495471242566
2017-05-04,2.0120978027806187,1.8129639572843028,2.0118738836305474,1.4347606999779179,1.2126953851188573
2017-05-05,2.0129401026412443,1.8119059016906633,2.009427536877402,1.4326565775003754,1.2102940173650658
2017-05-08,2.0122346479375386,1.811934801329504,2.0074735054931008,1.4344580422430624,1.2164787327320374
2017-05-09,2.0037667967102384,1.8077164807602963,1.9990973823927205,1.431781814829044,1.2148581556456994
2017-05-10,2.0038918962602605,1.8199858176143353,1.9955029466958008,1.4349894071744103,1.2227098090173296
2017-05-11,1.9982044068441247,1.8229257943738013,1.990489315671301,1.430915357703454,1.2053626635087495
2017-05-12,1.9987891258959025,1.824426234494059,1.9911024383026295,1.4333480338480675,1.2037868886082856
2017-05-15,2.0261768097457926,1.8552047407731502,2.012610856963998,1.4573816477984305,1.2297187161113448
2017-05-16,2.025929503142788,1.8386976229025649,2.013405565099215,1.455192390063344,1.2417425396886101
2017-05-17,2.0784141773094826,1.8720088899402472,2.047333945742986,1.460178159775139,1.2562009886757108
2017-05-18,2.0730503481031377,1.869077956073449,2.0431681455483988,1.4601151206698983,1.258611000296848
2017-05-19,2.0693186908562913,1.8644077194668265,2.040967169493413,1.4565540932432572,1.2620486051098272
2017-05-22,2.085297050519919,1.8698363459381357,2.043113263412718,1.465579557636002,1.26698366528818
2017-05-23,2.0846841216965912,1.8695305114493674,2.0413539140577353,1.467388464853595,1.2681779438909286
2017-05-24,2.1032210248758836,1.8804021670603244,2.0531290902547634,1.474015356926011,1.256004194059593
2017-05-25,2.1200346056611274,1.90097023009777,2.0703696523036754,1.4921042809365401,1.2696019073562492
2017-05-26,2.1176772784070454,1.899399685461003,2.0699682420666536,1.4917529944335663,1.269050121486736
2017-05-30,2.1222744755844385,1.904559683476819,2.0719292278198136,1.4926002285702293,1.268722662164836
2017-05-31,2.124641953348279,1.9077087412558689,2.071694267040993,1.4932327735045487,1.2660900821833732
2017-06-01,2.1218126181751713,1.908051327788965,2.07103515403605,1.486391310189401,1.269979334782577
2017-06-02,2.126476283322589,1.921859983046856,2.0748583247161267,1.4886542492721269,1.2733746224894047
2017-06-05,2.1169744587414905,1.915049185534169,2.069732962417012,1.4835594779461698,1.2693820464499364
2017-06-06,2.1129114018338093,1.9217044931890552,2.0728923731261952,1.4899533363297266,1.2708305240320898
2017-06-07,2.1121593307373385,1.922229769882981,2.070493530261581,1.4864045803418433,1.272653765830908
2017-06-08,2.1128467476603907,1.9255187537819431,2.0737967460715807,1.4853340891298032,1.274003734909526
2017-06-09,2.1241632085912565,1.9275458529728442,2.0835827270616094,1.4875572635080407,1.2792427575404703
2017-06-12,2.1390679892579536,1.9400991572591606,2.0912329211119594,1.4894727986667884,1.2836681184260232
2017-06-13,2.110694108258137,1.9137062762515367,2.0575389686885215,1.4662714145585676,1.2516480374335366
2017-06-14,2.097879582711633,1.9032523527861036,2.0443402210208093,1.4491106243458813,1.2382984358184976
2017-06-15,2.1001212235221707,1.9034584037577655,2.049286789087813,1.4462650198554625,1.239187007742992
2017-06-16,2.1135156382381894,1.9100921584524697,2.0578605646216923,1.4484601569097197,1.243428262272501
2017-06-19,2.120022562422047,1.9082606912319695,2.0754860431905184,1.448212652712584,1.251139647238218
2017-06-20,2.137147651429633,1.9159851460659938,2.0765337384905274,1.4507523013590216,1.2674130074343888
2017-06-21,2.135397587318256,1.9125933365810006,2.0698229459438067,1.4477695781308286,1.2629214150514303
2017-06-22,2.133518793496683,1.911137096566236,2.0720284722989395,1.4454812558817531,1.2596312174968736
2017-06-23,2.152206672468961,1.9548374878951096,2.1078555924157176,1.4965611365113658,1.2968553854716391
2017-06-26,1.997268992714564,1.897385135757925,2.028234457592525,1.5967852348246532,1.3004866315196912
2017-06-27,1.9050732813163158,1.8326594455225138,1.907979069679617,1.5537656778827345,1.3350079512934094
2017-06-28,1.8431736277854238,1.8209076842079184,1.907048607214381,1.5723996300928496,1.3284410590415812
2017-06-29,1.806500131751922,1.7654354370980334,1.8898006963050773,1.5318471583686155,1.317342280827346
2017-06-30,1.81584021417204,1.8021656164727566,1.918783637544376,1.5587455813110536,1.3347582478454725
2017-07-03,1.808678821548711,1.8014492203356751,1.9171368448696195,1.5567734655815892,1.3342001874191338
2017-07-05,1.8094106266506012,1.7789088985941512,1.9041932773093448,1.5604347928219666,1.344136682865106
2017-07-06,1.790146692187761,1.7648606672700384,1.888107319445041,1.5462574181963398,1.334130137614943
2017-07-07,1.8021690942352655,1.7760210815691113,1.8934758161608458,1.5521488392163512,1.3523621332520526
2017-07-10,1.8156286583527224,1.774223462985972,1.881894483747613,1.565824953213808,1.3837735072168678
2017-07-11,1.8063813249763323,1.770117559226452,1.8790230564600727,1.56747944708579,1.3872591295819319
2017-07-12,1.735068709292837,1.7363094901958498,1.8370585554731058,1.5261126572119441,1.369285344801786
2017-07-13,1.7336880612072303,1.7309390939599252,1.8347244693798606,1.5241597022860853,1.3669469383940842
2017-07-14,1.7090158747383573,1.712989021906378,1.80149655194812,1.5114622442309371,1.3409098811869096
2017-07-17,1.710336014037259,1.7072472228824003,1.7994442593123983,1.5114649304355505,1.342786749499478
2017-07-18,1.7109708234557965,1.7080323764606198,1.799605010763684,1.5129744158449745,1.3483384218640218
2017-07-19,1.6961855023016095,1.701662768019003,1.7488694182860565,1.502001468511737,1.3371870933939105
2017-07-20,1.7019667506525777,1.710508243171483,1.7489268798535733,1.5151425644795447,1.3442661125981077
2017-07-21,1.6894095767631567,1.688344868922739,1.7312762865442815,1.4425610638719766,1.3624415302569763
2017-07-24,1.6718941092982336,1.6880605960954562,1.7268158208451776,1.4400595546613961,1.3693647193968281
2017-07-25,1.660981981480623,1.6869181412437408,1.716293990177797,1.4291004122954976,1.376735607737968
2017-07-26,1.6608060443438797,1.6869815986390075,1.7157790835765883,1.4286914322669626,1.376568106089021
2017-07-27,1.6631481093150837,1.688730086464858,1.7216359619255965,1.435214959248116,1.381179538560902
2017-07-28,1.659894491961307,1.685229019080259,1.7223696782113265,1.4352924034466923,1.385483270688264
2017-07-31,1.6641375642583938,1.6914710182228283,1.7250489932363648,1.4411276164072147,1.3909231687497314
2017-08-01,1.6669464348523582,1.698604274691085,1.72703180410489,1.4412854720293622,1.3925266867037962
2017-08-02,1.613592741949241,1.6241929085619458,1.6698527196248838,1.405833386046273,1.3570594245724077
2017-08-03,1.6130907885475572,1.6195676588074557,1.6623777120590935,1.400623804505222,1.359618125830569
2017-08-04,1.6132818971226865,1.6191120201347613,1.66228274102789,1.4006546856383193,1.3611489245327462
2017-08-07,1.597788847458658,1.5983652420615728,1.6117390964653975,1.3636424580797806,1.3539182568909498
2017-08-08,1.601326941053719,1.5997996395531817,1.6147101433305389,1.3653217736249428,1.3562939950365236
2017-08-09,1.6025782527030332,1.6011062941076961,1.6158435156709705,1.3656215322076737,1.3572874918626197
2017-08-10,1.5835334887603487,1.575603671773767,1.6217231116677977,1.3476163777220005,1.3302085716751917
2017-08-11,1.5732157874174062,1.5776042283582814,1.6257882393397434,1.3478132824150435,1.3228860129007938
2017-08-14,1.563624484358333,1.5697543027161953,1.6195501832877808,1.3385922234024765,1.311858993231287
2017-08-15,1.55653270581371,1.5663669633805681,1.6142796976891534,1.3360192775728996,1.310839237566672
2017-08-16,1.583539780683236,1.5736522998032458,1.6199753551798328,1.3347378200341433,1.3177851292596954
2017-08-17,1.6434930950893567,1.6366687278537382,1.6398017706668628,1.378998421179467,1.3731575583102256
2017-08-18,1.646461064491373,1.639954356827185,1.6430633127372032,1.3795878525935814,1.3768566381345348
2017-08-21,1.645751157323963,1.63864194155103,1.6404879667576582,1.3762590260543948,1.3744495546906983
2017-08-22,1.6102826163858135,1.5935123163412286,1.6115414820397622,1.3544576748784987,1.3376373510917414
2017-08-23,1.6241548158080115,1.6027824254560408,1.6239229589386426,1.3694808560891634,1.3507094663334305
2017-08-24,1.644851578543836,1.6183231645688987,1.6397752016130307,1.3809891237224479,1.3697054116062723
2017-08-25,1.6583884160040923,1.6243845960166328,1.6464579853809211,1.3901516980044564,1.3772984369900918
2017-08-28,1.6552496880150325,1.6212776861894618,1.64279082391148,1.3881347454969744,1.3739571723214707
2017-08-29,1.6606227926801211,1.6176682504520516,1.6465534092499987,1.3891388539782348,1.3802478936029474
2017-08-30,1.6612241052545857,1.6217338837999813,1.6616458741855102,1.392327916813666,1.3776161667674958
2017-08-31,1.653140575413678,1.6166942556049861,1.6498076907291166,1.3922814331817148,1.3788428748524157
2017-09-01,1.6541939398912857,1.61734790944148,1.651192875928543,1.3913774484482786,1.3790944818524546
2017-09-05,1.6748830202325748,1.6428054734087927,1.663589071619232,1.402749550439802,1.3942760517249244
2017-09-06,1.6738148599674847,1.6593443222089417,1.6575672551301208,1.4059012527839272,1.3932808724694197
2017-09-07,1.6794386424152914,1.6652454464297113,1.6651292705250804,1.4092920142471732,1.3967551233312765
2017-09-08,1.6882661586421082,1.6686619244628993,1.6723074477553623,1.4077868525102795,1.3954980741994645
2017-09-11,1.8128400193484433,1.68861819556748,1.7210601174883398,1.3915611162319987,1.3976105839548565
2017-09-12,1.8785684036053236,1.7010545698644248,1.7437503899122935,1.4088730739550288,1.413182552885815
2017-09-13,1.8829594777253746,1.7030316246014638,1.731750166413606,1.412466455633925,1.4124146068657062
2017-09-14,1.8811970552954622,1.7035699679459206,1.7306728314957684,1.4119901441042833,1.4051025645839414
2017-09-15,1.9085369283799412,1.7226126581280654,1.7325310796076727,1.4291249345047783,1.41951893413035
2017-09-18,1.8904682573096778,1.714707179823824,1.7200352526527587,1.4208814015984348,1.4036407946932945
2017-09-19,1.8892745526554315,1.7164752045285192,1.7194667850694558,1.4204814331263402,1.4030550063360925
2017-09-20,1.886978455275859,1.7165118292497592,1.7175388939391538,1.420039069809347,1.4021393444808006
2017-09-21,1.9357938148396054,1.7269652983042147,1.7468118416817482,1.4399040706298862,1.3951364451628139
2017-09-22,1.9302369773766892,1.7255588749752822,1.7411038053003487,1.4380734929025982,1.410978437692279
2017-09-25,1.9421880275865802,1.7430503940634774,1.7428416910354778,1.4404180214067364,1.413377803600019
2017-09-26,1.9394713362900589,1.7355182671028864,1.7198294251847082,1.4417451540120412,1.4039810246289255
2017-09-27,1.9085811254336704,1.7032528034645933,1.7191811906095005,1.4052955655023314,1.3894609706230443
2017-09-28,1.9201437213987032,1.7101017193582726,1.7218863771649562,1.420572489056287,1.3929085192608581
2017-09-29,1.9459881832065913,1.7245404501793344,1.7608035859430373,1.4407518026589574,1.3920956068534507
2017-10-02,1.9346683166235645,1.723102781759457,1.735095862879187,1.4266744774777387,1.3971064470274184
2017-10-03,1.96793609960442,1.7504463695142893,1.760955436416323,1.4511198783663593,1.419234041745775
2017-10-04,1.9768004484162887,1.7647976091038668,1.7806530877428655,1.4424447146976798,1.4531432638706083
2017-10-05,1.9643147330170823,1.7596077445132043,1.7728552419199395,1.4380861743541014,1.4406953341241886
2017-10-06,1.958598334677397,1.7566160537194802,1.7671171454659904,1.4368836007444312,1.4366812245319802
2017-10-09,1.9595081152400113,1.7434443310146666,1.7579732443179885,1.431644323413345,1.4295493865870408
2017-10-10,1.9575672057249716,1.7385472250240177,1.758524515921243,1.4114080632536625,1.4139078399640426
2017-10-11,1.974168806962073,1.7418553504796834,1.7824478835741873,1.4569467317777094,1.4399725644636427
2017-10-12,1.9766995833834777,1.7398323054173523,1.7873530137163427,1.4540511206799955,1.443365462708212
2017-10-13,2.019685003283077,1.7597123977105227,1.8047753938241384,1.4837636518387107,1.4753007431122338
2017-10-16,2.0177724690155356,1.7588538075401303,1.803138485440994,1.4829864146167977,1.4740717980153049
2017-10-17,2.0222755050338996,1.750282873341856,1.8057635203831417,1.4853792277500306,1.4745484538241602
2017-10-18,2.014361264955528,1.758655754602615,1.8045929299126802,1.4843127389263306,1.48098385066171
2017-10-19,2.005605251743004,1.7484651609373374,1.8064331260579949,1.4813850125821741,1.477466944377933
2017-10-20,2.0057982166037718,1.7656997130547087,1.8137626253542465,1.4869835669858065,1.4951998719109705
2017-10-23,2.0135626725413855,1.7753514195596356,1.8173179363659582,1.4913576317628554,1.4992625626565572
2017-10-24,2.0229160688442507,1.7795393439453775,1.8303801862506315,1.4968092325561175,1.5123948822243642
2017-10-25,2.033879456172631,1.7906865394926847,1.819102735478443,1.5159402273749192,1.6377525695962978
2017-10-26,2.0267235915741915,1.7926646761329574,1.8151073011602221,1.4690894076599161,1.626029729078739
2017-10-27,1.988905072061532,1.7676888208004573,1.8118591924404348,1.4438199415198074,1.6386134704519228
2017-10-30,1.9948711264565915,1.7673597956695561,1.8359004515262642,1.431423172282719,1.6447577861271927
2017-10-31,1.9954755532774606,1.767886862514566,1.837585328507026,1.4322412291156519,1.6448757691957792
2017-11-01,1.9904900951608941,1.792932900138217,1.8537565208724813,1.4338545830825036,1.6483672099903888
2017-11-02,2.0054047104672414,1.8096752188940082,1.8740520316172729,1.4428571710737301,1.65795992407234
2017-11-03,2.0081421439868734,1.8170513175469645,1.8894515961329232,1.451201299284992,1.6466610960167458
2017-11-06,2.0128785622107412,1.8273154753073635,1.9002059409312837,1.4591124651936718,1.6518540601197078
2017-11-07,2.0164645049947594,1.86825568635834,1.9849847102848595,1.4745408014174775,1.6679572712421167
2017-11-08,2.017955378366196,1.8650019990768596,1.9807586891811175,1.472950186828969,1.6703211367607533
2017-11-09,2.029114353744929,1.8797182693917518,1.9929231170301567,1.4879848737095993,1.678076662978284
2017-11-10,2.0303523272115704,1.8764522920242062,1.994346781081817,1.4780344202590425,1.6678913471182124
2017-11-13,2.043974767805952,1.8861931746477463,2.001428082478735,1.483302551488798,1.673633516647589
2017-11-14,2.0390220306865254,1.8819677214006878,2.00425091350772,1.4745657258325047,1.6701669815494882
2017-11-15,1.9627056739949138,1.8728382430291681,1.9292765362262567,1.4317326538043007,1.6109938220137565
2017-11-16,1.9527800763671213,1.895545959856215,1.9375169016703264,1.4281633928161181,1.6271052760103806
2017-11-17,1.9316324040041202,1.886002873577473,1.9120597295486026,1.42215551289367,1.608976447581367
2017-11-20,1.9418899769627416,1.8939517391701295,1.9216543912580473,1.4287468584679275,1.6171186215758189
2017-11-21,1.9777771574092415,1.9296202220218681,1.9318865566833165,1.4411757210564586,1.6356853448241058
2017-11-22,1.9774584456572233,1.9295771377277935,1.9293567066868205,1.4448241297991034,1.6291182131682869
2017-11-24,1.9758350250877474,1.9267474232098312,1.927299979321491,1.4443388547481784,1.6283556343228502
2017-11-27,1.9734307679160137,1.9323426823704117,1.9294908759705616,1.448766967212629,1.6320330363751723
2017-11-28,1.972782243061445,1.92964173681164,1.930169653746505,1.4872214209776373,1.668019732142891
2017-11-29,1.9705215635495723,1.9203057216779826,1.9188224100542772,1.4748283451046698,1.6585409278164553
2017-11-30,1.9830094734157329,1.9183267028652315,1.9235942941009143,1.497488855973826,1.6386229434312194
2017-12-01,1.9916683256586027,1.9247415283427505,1.9290466308129326,1.5176041414916623,1.669440196321523
2017-12-04,1.9826140963790155,1.9171353237398512,1.9280029073577076,1.5029649312086146,1.660705448196563
2017-12-05,2.0043581749288526,1.9414853755541441,1.9523667060667351,1.5315448660780746,1.6865963941063546
2017-12-06,1.9987927663890042,1.9273149420335562,1.934523068950562,1.5273793142277539,1.678467986775115
2017-12-07,1.94873130972479,1.9100568819329964,1.9513088671335193,1.4728628702017403,1.6516292348571293
2017-12-08,1.9477040494528892,1.9010298958479668,1.9421638909400916,1.4728725162478984,1.6469445633426496
2017-12-11,1.922352857424563,1.9094850856414984,1.9185519449735928,1.4764384964580182,1.6386725851375374
2017-12-12,1.9026967634276757,1.892910461663958,1.9063279127095905,1.4734726381461436,1.6264437654953197
2017-12-13,1.9122410985867946,1.9159378053308442,1.933327273370269,1.482383248428887,1.6376967838493046
2017-12-14,1.9369434905630751,1.9140499345073092,1.9672134070385086,1.4773948345316719,1.6422281318621528
2017-12-15,1.9392551681309875,1.9096171442567844,1.9455766543086885,1.4638805993925628,1.6287525916101293
2017-12-18,1.930430655625867,1.8940180712842445,1.9486070368458686,1.4652337238699005,1.6591341862869713
2017-12-19,1.9178631488218725,1.8910276105424433,1.9417203783646344,1.4548033572558934,1.6509826621063524
2017-12-20,1.9101371498018558,1.8880124260764628,1.924202813096345,1.4505347512811395,1.641885686432191
2017-12-21,1.9228342787652084,1.8932794710933372,1.9317007079761637,1.4487942005501382,1.646231392800922
2017-12-22,1.9171322393207835,1.8832768691356412,1.9230889125355113,1.4459519964375387,1.6374513142626157
2017-12-26,1.9145967878620986,1.8789803247839134,1.9196897668491548,1.444934443227839,1.6304633513916298
2017-12-27,1.9155203630705586,1.8772268618851862,1.9216066137808465,1.4460977966563475,1.6311650053809041
2017-12-28,1.9098405398089768,1.876343129176871,1.9273373420525337,1.455849615934967,1.621113466797787
2017-12-29,1.9082659393796837,1.8740733799669669,1.9201576383465977,1.4570039825994943,1.6275494116056246
2018-01-02,1.9122858173069417,1.8799273354606412,1.9382749160639685,1.4583720845299637,1.6520468931217824
2018-01-03,1.9170674462819366,1.8555452767329024,1.9408329936929507,1.4344650436120956,1.664603773610435
2018-01-04,1.9185396949340072,1.8338279027126276,1.9508008040568563,1.4071322546615395,1.6464530785991056
2018-01-05,1.8974493731411664,1.8197897653448363,1.9289448613132045,1.3823236851659773,1.6283152835374148
2018-01-08,1.8940748922536763,1.8181983626569045,1.9253057351389753,1.3901180213467845,1.6328975290786103
2018-01-09,1.916509863454585,1.8208326708004474,1.930417293580466,1.3922547808136099,1.6378490136110364
2018-01-10,1.9030758444969487,1.8073482327221209,1.8993815949991926,1.390058708650117,1.639920797780707
2018-01-11,1.954474198534009,1.8546300708297858,1.9404420597753202,1.4168558662242088,1.6726650805606844
2018-01-12,1.98051062726373,1.864499830935558,1.9522862235239586,1.4087275144529317,1.641241754285582
2018-01-16,1.9853040835366473,1.8642627016359932,1.955272199457517,1.4026634616971012,1.659313590738046
2018-01-17,1.9468945430105051,1.8348697484995182,1.9021598563663868,1.3829285313428465,1.6211818325379246
2018-01-18,1.9386496277692318,1.8362736172234746,1.9014146980859816,1.3901582187875205,1.6281782422319924
2018-01-19,1.9286704658985319,1.8334263941505529,1.906565512045703,1.3843311895308053,1.6364763556580257
2018-01-22,1.901647987244379,1.8091102887331596,1.886257705155099,1.354738911783298,1.6118114137608666
2018-01-23,1.8892620493845937,1.785673927607478,1.868809941211777,1.3411481525090028,1.6068664280678195
2018-01-24,1.9043673149161193,1.7967290996606637,1.9065763854811366,1.37112296013303,1.637474607231564
2018-01-25,1.9206204402975675,1.7995131062496867,1.926324433477606,1.4005701708876772,1.6513620552372066
2018-01-26,1.8903923707910912,1.7809293381768045,1.9090682195582696,1.4277598097531714,1.7179260626973605
2018-01-29,1.8541348174901817,1.735511328010348,1.900166001174185,1.4131418700489644,1.6706480517912823
2018-01-30,1.7658002940953201,1.634280669022262,1.7740579069599725,1.4025042991472696,1.674085318088987
2018-01-31,1.7599610336100284,1.6315064312120704,1.7695919099762067,1.4010369616996432,1.6716078410355841
2018-02-01,1.7617853794411538,1.6331306235683123,1.7739491747734697,1.4044383293418459,1.6803373516015316
2018-02-02,1.7365870900883933,1.6151816013343798,1.6965763960951088,1.3847546020778725,1.4827831300245355
2018-02-05,1.5632923926445186,1.4396218454874061,1.469021422985044,1.2182173620071144,1.2771413453523175
2018-02-06,1.5678316683928888,1.400811402729484,1.4243220194753627,1.211488942896588,1.2423454500858218
2018-02-07,1.5567997763518018,1.3825636392318241,1.396361987826823,1.2093008044022036,1.2207987625361825
2018-02-08,1.5389025635148772,1.3677530902538613,1.298210677557625,1.1812192628654752,1.027300153080157
2018-02-09,1.483000736942975,1.3018459513292193,1.2528752015131979,1.1363667508318458,1.017997540744063
2018-02-12,1.5055366643001316,1.3233432243859398,1.257780629679236,1.1476470475522538,1.0330639786312097
2018-02-13,1.5013137057821389,1.318346148794721,1.2563856424392479,1.1417651672778437,1.0339388107831875
2018-02-14,1.4879951825736,1.298749944749807,1.23629596355098,1.1391289075630668,1.0219746875961633
2018-02-15,1.4730677039807647,1.2871616983195848,1.2277797840618772,1.1169370810621846,0.9952658532385947
2018-02-16,1.4714858533185695,1.286427943758741,1.2280672239624193,1.1144342719974605,0.996261997257009
2018-02-20,1.4629029165393328,1.2848217060271732,1.2206795454369435,1.1141942402996623,0.9967770722447918
2018-02-21,1.4523656308158088,1.2773086239378884,1.2203378546132768,1.1057810442395766,0.9921208139968342
2018-02-22,1.4511019367926588,1.2768377340134072,1.220362076765574,1.1052517646960938,0.993105599328983
2018-02-23,1.4276249192826351,1.2728643204678405,1.212070295346331,1.0970153425155795,0.9912841057903337
2018-02-26,1.4424795049052654,1.2823719018550044,1.2247188750000033,1.1109429187031195,0.9998463317337006
2018-02-27,1.4364839566638405,1.286615760870775,1.229636577110055,1.1146465973891575,1.0049470563340577
2018-02-28,1.4228737423885636,1.265025784674306,1.212857410394684,1.1113116651224584,0.9998977625210679
2018-03-01,1.4185909332362172,1.2466145737472667,1.1892224032709604,1.0777781210344537,0.9556038901563557
2018-03-02,1.399450054884291,1.2345657626836257,1.1735764425183284,1.0640147293397346,0.925121311628722
2018-03-05,1.382669862252042,1.2302947482085067,1.155498420666667,1.061926929487726,0.9199178708608341
2018-03-06,1.3736231802336296,1.2224358257579355,1.1462430396931693,1.0551357435417592,0.9153725996997011
2018-03-07,1.3703930415751355,1.2156129799561217,1.1447985154500553,1.0536321247389155,0.9117819068087728
2018-03-08,1.3736189529961005,1.222323066620394,1.1584357764806252,1.0572981727380732,0.9168717547009609
2018-03-09,1.3744634754479539,1.2311499321077557,1.1663259883310455,1.0651721269503205,0.8951855227456362
2018-03-12,1.3706453097216795,1.2281131609426916,1.1663494758833588,1.0677304159175887,0.8871064814654285
2018-03-13,1.367417389492108,1.2174621547382225,1.1547097403133768,1.0560701443487748,0.8515068559755604
2018-03-14,1.3635041506857246,1.2107577404094154,1.1473222642380945,1.0487646862067923,0.8658168079928744
2018-03-15,1.3568243353109508,1.2032474967150975,1.1374079357388285,1.0344442219813945,0.8621949294474401
2018-03-16,1.3577118962772547,1.2051357138957959,1.1362386358897116,1.0349337825238252,0.8602827953203784
2018-03-19,1.3509405659460327,1.1971199857092094,1.1275635466185616,1.019521322367362,0.8693810539325548
2018-03-20,1.352021868494524,1.1991859024410396,1.129804178174749,1.020475829570478,0.8724524765242319
2018-03-21,1.3394691809348662,1.1843870126473866,1.1084532479290123,1.0110877088247425,0.8555854880914585
2018-03-22,1.3400314345054112,1.1694736761202482,1.089777493471001,0.9829250271960495,0.8508441979432897
2018-03-23,1.3376416731913783,1.1506169828694606,1.0761875568093082,0.9531386299183535,0.8436445393795817
2018-03-26,1.2952118265492472,1.129013506013733,1.049379597758835,0.9308176445523506,0.8089709214719916
2018-03-27,1.2909573720534824,1.1233478986357424,1.0314292168757977,0.9312017049902249,0.8030063276192669
2018-03-28,1.2845069383469214,1.1236875491741054,1.0170249048627384,0.9229651474504501,0.7961766220057712
2018-03-29,1.2898602064148124,1.125723617430688,1.0272659053708613,0.9296903481515781,0.7949788429805031
2018-04-02,1.3116388888987693,1.171240731161936,1.0518594990750398,0.979968486159315,0.8766064609537171
2018-04-03,1.3263409639698607,1.187495067750498,1.073115640019822,0.9962415588944259,0.9029533847071403
2018-04-04,1.3247202984150215,1.1814487426342053,1.07554395654751,0.994720622239407,0.9117367666038046
2018-04-05,1.3201854434374518,1.1799684499517402,1.076685809903665,0.9954594578826456,0.9167312609928338
2018-04-06,1.33381707399067,1.1731889273085496,1.0862457003978507,1.0059257952349605,0.9163792115692531
2018-04-09,1.3278512612277018,1.1683905893611468,1.0842801922331515,1.0023277188217206,0.9118816349536072
2018-04-10,1.2556452554624922,1.144414500319989,1.05341485456623,0.9744437267220879,0.8991692133633363
2018-04-11,1.2702947869221832,1.148871270139964,1.067002190707604,0.9768850447537982,0.9018158707289083
2018-04-12,1.2832759700639567,1.1602309838627785,1.0715937611462312,0.989082463804557,0.9097174506735066
2018-04-13,1.2881906573627937,1.159592024143381,1.0671246128912886,0.9921231464694272,0.8951318290069118
2018-04-16,1.2863806005991847,1.1605930817418435,1.066573232517304,0.9792442797345742,0.8930822899212015
2018-04-17,1.2623869499030969,1.1568869711465413,1.0506297843385382,0.964997663037658,0.8850639556026253
2018-04-18,1.2612527214589289,1.1580686526762527,1.0410834830303026,0.9645942940244921,0.8850668932420359
2018-04-19,1.268725820404515,1.1594381997110523,1.0448668488468955,0.9709997179852483,0.8871014323667058
2018-04-20,1.2587396354539722,1.145082791907868,1.0260904238944697,0.9575291431612407,0.8787724589971806
2018-04-23,1.2595625909667907,1.14444610263214,1.0271282459780038,0.9567367087570166,0.8790070127784557
2018-04-24,1.2524265555463574,1.1330867593899088,1.0253150977829515,0.9591781615922079,0.9128318052630207
2018-04-25,1.251921194941609,1.1378437196500863,1.0263312812563623,0.9567947809570685,0.9134770203809318
2018-04-26,1.2024000451573646,1.1115109706270192,1.0024077603228934,0.9443319023871131,0.9010101857099795
2018-04-27,1.204078553139738,1.1119559417048235,1.0030742443806047,0.944858380162101,0.9018079682433039
2018-04-30,1.1996239920809961,1.1197831033707129,1.0003735369460103,0.9497769067012181,0.9073417101627105
2018-05-01,1.2023828512105341,1.1209642925910206,1.001475866410758,0.9499589065128957,0.9091724203606413
2018-05-02,1.2111467366889044,1.1213271497163775,1.0016774544481029,0.9535347006821859,0.9209641810560879
2018-05-03,1.2114831697376076,1.1241458503160928,1.0028554606721818,0.952801494257517,0.922113844359573
2018-05-04,1.2137245139564117,1.12071600531921,1.002080808264419,0.9516542429002247,0.9124676265039106
2018-05-07,1.2095071081900337,1.1191240579292074,0.9989155888866111,0.9488370685907801,0.9096820547590537
2018-05-08,1.2095050797656237,1.1186425949869268,0.9986298112597657,0.9478983476763087,0.9087864314467416
2018-05-09,1.1867832914283916,1.1058321095849484,0.9811215571707268,0.9355451186060618,0.8933271446436047
2018-05-10,1.1881588048252782,1.1078659872049894,0.9784366501247485,0.9351999815431885,0.8919951394405721
2018-05-11,1.1876355204502607,1.1094014743444243,0.9781883864572922,0.9361298644693842,0.893281741428855
2018-05-14,1.1861100080694464,1.1077419852527957,0.9767632051887392,0.9342746056017897,0.8937070504287422
2018-05-15,1.1691284820024916,1.0997441634300558,0.9583814278639408,0.9322432719713565,0.8966256135991163
2018-05-16,1.1736397181797487,1.1038110019997578,0.9653670369692466,0.9380776913176512,0.8976334799114816
2018-05-17,1.1479842990270182,1.0895336892687104,0.9428376371269657,0.9344278098387758,0.8830160767944775
2018-05-18,1.1507019555010498,1.0908919654493865,0.946693953757614,0.9345642902119704,0.8816871580905249
2018-05-21,1.1542355705991068,1.0944078836860085,0.9466624854001229,0.9289084450814883,0.8727361647224291
2018-05-22,1.1555882687879901,1.0954984900598135,0.9437216117829217,0.9307110501205509,0.8691149887509487
2018-05-23,1.1541320144699738,1.0947895662034635,0.9425390506345951,0.9278128828780307,0.8690065551921465
2018-05-24,1.1503523858874012,1.0906735412327273,0.9399492674572081,0.9243800094526691,0.8656687631311399
2018-05-25,1.1373312125786548,1.0774580726785077,0.9281723663303163,0.9119902364415733,0.8522411848573567
2018-05-29,1.1505629522425376,1.0914013414895465,0.9429868437223905,0.9234054320525933,0.86005776378491
2018-05-30,1.1314871824390458,1.0773491986099446,0.9344019670549091,0.9096165512923062,0.8471110292970127
2018-05-31,1.1262139303904313,1.0766448064227936,0.9331820927690144,0.9094932054494369,0.8411475526605554
2018-06-01,1.1239635594582813,1.071459668210758,0.9204568927734318,0.9046076851067892,0.833545913685285
2018-06-04,1.126863894461494,1.0697440588895184,0.9204462978685829,0.9075836218153597,0.8352195552545403
2018-06-05,1.1272445495387893,1.070060201922001,0.9201221879088842,0.9086996739169971,0.8353269650161087
2018-06-06,1.1241968651416465,1.0611500420364677,0.923959292604918,0.901308677075417,0.8398078534598016
2018-06-07,1.1228089421391565,1.0602703493566716,0.9241097865368638,0.9015885522744198,0.837355550859437
2018-06-08,1.1200525286397938,1.0617272442828656,0.9247080981523982,0.9007565002174608,0.8375409416758782
2018-06-11,1.118367339950785,1.0630703567489124,0.9234570917301802,0.9022446643052178,0.8374325066486373
2018-06-12,1.1168330922020886,1.0620004765655362,0.9228550841548544,0.9018603372084034,0.8366173964374519
2018-06-13,1.1198954047322562,1.064021179094759,0.923545405890865,0.898958742890696,0.8391598833197715
2018-06-14,1.1202868424685255,1.064570909587844,0.9245669252080352,0.9011380127254955,0.8415239158712081
2018-06-15,1.1204619595517744,1.062996921845418,0.9227902674357311,0.9023716302819799,0.8392384762413992
2018-06-18,1.1210734973791516,1.0640088467901527,0.9207644996172968,0.9013418865790469,0.8395415711540692
2018-06-19,1.1210227698481128,1.0675246016869882,0.9168094557294869,0.9017153477995675,0.8306738298362136
2018-06-20,1.110255891364233,1.0642280305215437,0.9128033177342644,0.9008357369504865,0.8277228676141418
2018-06-21,1.1129676671006,1.0626016617175154,0.9081567476161375,0.8886728859760745,0.8196414485282612
2018-06-22,1.1134858008362256,1.0617198496178033,0.906406549892565,0.8873834249794491,0.81849844521795
2018-06-25,1.1357634949098179,1.0724927144952314,0.9151415471970438,0.8862054971193555,0.8234509821166133
2018-06-26,1.1339930890364909,1.0717926723197442,0.9144937525025867,0.8858950804335581,0.8215577964874375
2018-06-27,1.1425804238873742,1.0843334375717337,0.9184573884168908,0.8923914944272159,0.8152608151389001
2018-06-28,1.136738687682799,1.076514990767627,0.9153999946526753,0.8925663486059576,0.8222129754399199
2018-06-29,1.147846458600549,1.0826516619900537,0.910913833569873,0.8962417886945149,0.8324463975922217
2018-07-02,1.147689925054743,1.0835824829655984,0.9128189309002895,0.8970791513666603,0.8331358323817761
2018-07-03,1.1503547083965862,1.0880744392323272,0.9148994952587111,0.8961685797409866,0.8293792158482043
2018-07-05,1.147816502279064,1.0885620872211148,0.9148148552875165,0.8944846442109793,0.8293311636240195
2018-07-06,1.1625079716542563,1.0948596278393214,0.926878900602284,0.9077357631667116,0.8350154850880258
2018-07-09,1.1701779799131002,1.094919374675375,0.925108659231792,0.9058175142955411,0.8329758617318677
2018-07-10,1.1689636865515527,1.0949931803258628,0.9235643598228422,0.9049515902976389,0.8312048291200501
2018-07-11,1.2034790693644948,1.0974487135405557,0.9356832901053069,0.9038258484339201,0.8480281440688291
2018-07-12,1.1885983217278946,1.095689428823175,0.9305286295224078,0.903040866973502,0.838144035616349
2018-07-13,1.188799764761741,1.0969464776342301,0.9310179259320148,0.9031971760035276,0.8388360459418722
2018-07-16,1.1870231173641463,1.0950955736606436,0.9326018166455865,0.9042396591978329,0.8422031560105865
2018-07-17,1.1867842634922032,1.0959431037608025,0.9330346030055902,0.9044578079647986,0.8430672157764064
2018-07-18,1.1891423685841802,1.0987629012960611,0.9411120789586384,0.9055178219208964,0.8450982466196632
2018-07-19,1.1936963504051314,1.0990155261833987,0.9540697248989863,0.9069402615955798,0.8435801111135769
2018-07-20,1.1940416406006502,1.1007765977153958,0.9532149021132482,0.9072946754335072,0.8487140975388423
2018-07-23,1.1938261873775236,1.1001421252605414,0.9531313193503395,0.907395711535045,0.8492595067909071
2018-07-24,1.187668380098676,1.0949327602095986,0.9454786315497666,0.8972708171700674,0.8362250618118808
2018-07-25,1.1950165652227518,1.094810168151045,0.9464385569700121,0.8996142083515241,0.8342599683824066
2018-07-26,1.185333047103313,1.0856282404649695,0.944839096534143,0.8833511391325093,0.8155341332125227
2018-07-27,1.1830361675937395,1.0759673829198262,0.9460903287793141,0.8615519601732184,0.8208394011247965
2018-07-30,1.1883653213838372,1.0791285087056917,0.943827832862475,0.8629614670409529,0.8242350006164681
2018-07-31,1.1912633267453823,1.0795081390460712,0.9433965223062565,0.861750151546695,0.8246934024375224
2018-08-01,1.1947450653687202,1.0802162045227293,0.9438707744493792,0.8653847827043224,0.828024345671077
2018-08-02,1.1914792288501543,1.08026823008738,0.9453159615258553,0.8649526399476356,0.8297399817337178
2018-08-03,1.194629380634143,1.082930503770072,0.947774561765211,0.8686284642210824,0.8330215615697131
2018-08-06,1.1942295360349018,1.0828427632067117,0.947576510698069,0.8688190972416778,0.8329289484139534
2018-08-07,1.1935651415014625,1.0830633289702807,0.9487312185011717,0.8709713659333899,0.8345624292589144
2018-08-08,1.1918321131733365,1.081188169122785,0.9469878560603276,0.8685197497488918,0.8328528876901897
2018-08-09,1.1924949450613362,1.080161982575401,0.9464312055581044,0.8678854445933032,0.8329676317850675
2018-08-10,1.1992462547174543,1.0845729924887249,0.9360640846740536,0.865013980806744,0.839798274761148
2018-08-13,1.2012932625976613,1.085558368658167,0.9365652966739169,0.8647296899076244,0.8440814223311781
2018-08-14,1.202517338658637,1.0859539869052273,0.9334481402039855,0.8629742157490065,0.8474696581200446
2018-08-15,1.1919351269315857,1.0771265384352908,0.9274743408475028,0.8491613811892011,0.8346777069659826
2018-08-16,1.1973915027601512,1.0747389523612805,0.9240828923167586,0.8395371003780444,0.8364266932777609
2018-08-17,1.1645190091457251,1.03768646716309,0.9034204033281422,0.8121850031344037,0.8054405421320509
2018-08-20,1.1685736440224161,1.0405609960657933,0.9069757508717079,0.8152058508016868,0.8063569741383164
2018-08-21,1.1692775094709023,1.0405908009268352,0.9072237167197539,0.8141994864105477,0.8058836604306726
2018-08-22,1.1827217424303078,1.0573410816953466,0.9162348621477316,0.8199779715197838,0.8197542772828699
2018-08-23,1.1762024873304189,1.0523405343024976,0.9084593253174739,0.8107812353072064,0.8129786843422194
2018-08-24,1.1700418370604289,1.047727722530635,0.9039118313696493,0.8053288818667411,0.8091131736844481
2018-08-27,1.1692667370401455,1.0453400912610769,0.9017835166952576,0.7979483142179066,0.8099350387258095
2018-08-28,1.1684230844214796,1.0452712048896071,0.9014139620120664,0.7969725891844679,0.808832303687701
2018-08-29,1.1656877860147574,1.0423395836874094,0.9008712509542876,0.7952552101295586,0.8097844957941576
2018-08-30,1.1671879838695294,1.0417313125429182,0.9055196781053523,0.7970796163931053,0.811032311224275
2018-08-31,1.165864626073261,1.0413357303454764,0.9077869734843128,0.7943243744679893,0.8097803136011987
2018-09-04,1.1637066119978752,1.0397815819364724,0.9058434259651951,0.7923722252663424,0.8082826807646649
2018-09-05,1.1578269907824676,1.0310230978354393,0.8976772118099009,0.7865054084529952,0.7949031603661583
2018-09-06,1.1629616674807208,1.0283626954974563,0.9030982171872455,0.7861713058547453,0.797808116902728
2018-09-07,1.1620929453984756,1.0264537608954056,0.9002628478324985,0.784049850560675,0.7974996186033397
2018-09-10,1.1633822561502207,1.0281162060511566,0.8999573751999242,0.7862301198595459,0.8008160711061485
2018-09-11,1.1397714168338633,1.018078498238602,0.8850368985181157,0.7836561518728666,0.7963659688278563
2018-09-12,1.139241202555454,1.0183739347753074,0.883952912324496,0.7837625541934724,0.7955221563921844
2018-09-13,1.1394920428293702,1.0187953977619493,0.8888031639539834,0.7878130928986192,0.7974612883001786
2018-09-14,1.1381823655351009,1.0177825925375945,0.8880579834738865,0.7874122397530064,0.7983794846829686
2018-09-17,1.1298998094293744,1.015660100778064,0.8885282153573971,0.7814294884594214,0.7956211832900076
2018-09-18,1.1334554200098876,1.0139780121391009,0.8894259052468036,0.7810678150571301,0.7971364882004495
2018-09-19,1.134351880794667,1.0140258606603778,0.8894076212529648,0.7812909593696572,0.797518276104513
2018-09-20,1.1342318941576952,1.0119167286569013,0.8842604793134974,0.7738001343010338,0.7953422500364095
2018-09-21,1.134783401496028,1.0102290776392462,0.8853635330221966,0.7735485265705782,0.7950112811116443
2018-09-24,1.1438781158815996,1.0192923769539026,0.8911392637430626,0.7801190525514649,0.805474465581869
2018-09-25,1.1496712531475093,1.0195746678155704,0.8931469240869728,0.7816463917608728,0.807644552310217
2018-09-26,1.1471958311916357,1.0171805729837304,0.8899283904995983,0.7794560111182631,0.8033874525335726
2018-09-27,1.152300057107381,1.0221129070645942,0.8851293162832627,0.780552312866444,0.8070541979187619
2018-09-28,1.1519867786089553,1.0218860303531174,0.8848008228177839,0.7805809364100498,0.8067787163249245
2018-10-01,1.1445103675972896,1.0184147349694919,0.8827236266375398,0.7790498898741626,0.8029512631794987
2018-10-02,1.1463177259758377,1.02295908035971,0.8865149861615106,0.7804633060493159,0.8029508834737099
2018-10-03,1.1407975061975157,1.0169209404379698,0.8808892550873562,0.7762674765079645,0.7991179210563146
2018-10-04,1.147287618073842,1.019911094979431,0.8858982171187908,0.7738648571123846,0.7938148920001101
2018-10-05,1.162576999615529,1.0251153657320422,0.8959197063427065,0.777591412917592,0.8020140098721832
2018-10-08,1.1650560895605107,1.0263888420778082,0.8978053156691777,0.7782561578632439,0.8037646784021176
2018-10-09,1.1718302874366588,1.0289417015176139,0.9001803883859402,0.7788302555308338,0.809022793972538
2018-10-10,1.2018722823482648,1.006525820357633,0.8998002352951466,0.8005680526345822,0.8305366666299225
2018-10-11,1.1783529288897858,0.9295143402729168,0.8548887271013924,0.7833423939781631,0.8133002791625833
2018-10-12,1.1583702698563216,0.928525247797193,0.8445625797650441,0.780460154216602,0.8271787265553784
2018-10-15,1.145370719264226,0.9273067816984896,0.837471051166507,0.7767949453433941,0.8231953890256088
2018-10-16,1.1751649568717828,0.9331249196251371,0.8475326064939663,0.783197098151793,0.8421136933688717
2018-10-17,1.175018919195604,0.9329563617467721,0.8464499793546741,0.7831586118054145,0.8419192538409659
2018-10-18,1.1965453376200261,0.9395276457016183,0.8499848375894373,0.7909629882162069,0.85831903742111
2018-10-19,1.1963656170261363,0.9391441220376954,0.8488493004562653,0.7907453129742643,0.8579102836655002
2018-10-22,1.1922263255334586,0.9298241016858313,0.8455021917019855,0.7886090606781746,0.8504575885123267
2018-10-23,1.184912808038948,0.9292592991081553,0.849729360942453,0.7877113053756083,0.8496688431188064
2018-10-24,1.2240614071524665,0.9411326203813605,0.8870088443247115,0.830148465284043,0.8542623223730744
2018-10-25,1.2646921393583812,0.9614341831998647,0.9103232917176561,0.7314838105662863,0.835404272401685
2018-10-26,1.242466303405817,0.9546912808564659,0.907323335481517,0.7271252892931163,0.8474911595081708
2018-10-29,1.2510174797384812,0.9586451049734366,0.9064977853224403,0.745461919172908,0.843546267825435
2018-10-30,1.2850941183202487,0.971251583968449,0.8993554150023112,0.7597755031220313,0.8619819763678079
2018-10-31,1.2855519938989712,0.9624129719726673,0.8922654458814292,0.7562678586447955,0.8426047006844896
2018-11-01,1.2971353511444264,0.9691273872950581,0.9019445264071927,0.7717576370071259,0.8574829387971808
2018-11-02,1.2947008530641924,0.9669779204332055,0.8984719192065587,0.764857514373802,0.8550065893283707
2018-11-05,1.2896735651776468,0.9655339954802884,0.8962096661600814,0.7617411275820364,0.8542893512332141
2018-11-06,1.2829622085298291,0.9622746323293017,0.8945349963178754,0.7625766048328398,0.855755463478256
2018-11-07,1.3076377321603654,0.9645635118780249,0.901076452086094,0.7656866598349514,0.8607229455523652
2018-11-08,1.3077597420729539,0.9644613448064292,0.9005625932993611,0.7657466525952861,0.8615861884110149
2018-11-09,1.3080751407281717,0.9578517826973256,0.896668299201879,0.7626689211667343,0.8570476628619843
2018-11-12,1.2687379503334055,0.9409147168368005,0.8942638803139042,0.7599481631360694,0.8455043388442268
2018-11-13,1.2658187901659472,0.9406229222181961,0.8930767135733413,0.7582252659328172,0.8428101774233685
2018-11-14,1.2602496704368158,0.9412684144773615,0.8932961360835693,0.7594542755862751,0.8429571820849496
2018-11-15,1.2602017111851136,0.936794787132714,0.8909355984254229,0.767781513632194,0.8545729149760779
2018-11-16,1.2566188689958457,0.9280238183606406,0.8863742877026224,0.7641621171873579,0.8489966114154621
2018-11-19,1.2587752316110654,0.9097974544006977,0.8759558601641234,0.7552239864818994,0.8434562210811599
2018-11-20,1.242720672935996,0.9078025290315119,0.8659679325846018,0.7566581736252227,0.8337128668997694
2018-11-21,1.2414057611017983,0.9054537735813314,0.8644596026158318,0.7554624658925381,0.8378691510523554
2018-11-23,1.224187331645077,0.8966870616981631,0.856346338678827,0.7509257258073024,0.8316190211787169
2018-11-26,1.2136732255248321,0.8807635162264427,0.8218682159404602,0.7433335078413469,0.8166610444516199
2018-11-27,1.213891335995029,0.8839543988321037,0.8235340673232486,0.7427653937458663,0.820055752060589
2018-11-28,1.2013349457060205,0.8676986419943354,0.8105936949813628,0.7215554167799356,0.8487908928707127
2018-11-29,1.2025103157400188,0.8687748858587999,0.8111129029284573,0.7230017411664302,0.8523963543707254
2018-11-30,1.2067474252130295,0.8725797647548664,0.8096536989058656,0.7193969112776445,0.8547354458807285
2018-12-03,1.1879215331966095,0.8583732346274939,0.799812427971357,0.7104863552661715,0.8413705001286992
2018-12-04,1.2382603499715967,0.8950339394442658,0.8312217324167,0.716243289462691,0.8588789388519471
2018-12-06,1.2369448041730355,0.8923427320352981,0.8295851874412166,0.7146986909930071,0.8592823326026138
2018-12-07,1.2967708784276308,0.9063165891929382,0.8626644832356433,0.7387617864111232,0.9054183791623867
2018-12-10,1.2943885525296515,0.9042151676865005,0.86050513226882,0.7346669920390185,0.9011096289616776
2018-12-11,1.295076118489545,0.9051414976763249,0.8617655032306716,0.7342954114144988,0.9008895299471166
2018-12-12,1.2951686220390994,0.9038400376227219,0.8632309474110521,0.7331592916011274,0.8989878832341417
2018-12-13,1.297328331119762,0.9058136576771803,0.8648483382591392,0.7332581107309277,0.8991899442514953
2018-12-14,1.2790489213443905,0.8937598742012627,0.8514425667117208,0.7260952660454767,0.8743339544158356
2018-12-17,1.268536563774313,0.9021545858656087,0.8537913753853524,0.7277410848209954,0.8749698454414747
2018-12-18,1.2638159900191246,0.8990023562885876,0.8525629913768695,0.7247421652603017,0.8693336195048392
2018-12-19,1.2713009876572177,0.9041780371645315,0.8541067225705856,0.7245858968383554,0.8587799093301641
2018-12-20,1.2684312496349803,0.9070580960162236,0.8606770390393512,0.739986938432502,0.863408125476959
2018-12-21,1.2745169898413944,0.9152200777286945,0.8756975622684043,0.7460939733018925,0.8667652014520263
2018-12-24,1.2724516065678224,0.9216479715394343,0.8809908940569273,0.7591708251933107,0.8721483036622016
2018-12-26,1.3142166921083525,0.9296457248077769,0.9047789157995604,0.7856670601379717,0.8934919962251611
2018-12-27,1.3099923169958883,0.9284772433462603,0.90011394443163,0.7848422603404134,0.8918031045806364
2018-12-28,1.3103035159090508,0.9288110389085336,0.9001685546244665,0.7847874440358588,0.8921640505356642
2018-12-31,1.3099190735482154,0.9244138722339854,0.89919583357684,0.7812817982936777,0.8925388063743619
2019-01-02,1.3101517185544889,0.924200277994696,0.8993444704319026,0.7815686172568735,0.8916355834492707
2019-01-03,1.3412811631917552,0.9767580179489695,0.9191856952291841,0.7897966075780675,0.9151737721726027
2019-01-04,1.3702524211684033,0.9990137025629824,0.9238956907943593,0.8215769765476988,0.9196980359790471
2019-01-07,1.374973594515869,0.9978952768033363,0.9225509280587835,0.8209901310639179,0.9204673377044826
2019-01-08,1.3681659419939407,0.9928728360276805,0.917613292897223,0.819035878061466,0.9222497030954752
2019-01-09,1.3729077021435312,0.9970439629389177,0.9203540292552533,0.824002971188211,0.9265152003763473
2019-01-10,1.367791998405776,0.9981640455650654,0.9167273131963447,0.8255744219580925,0.9301823549981214
2019-01-11,1.369394695961305,0.9996512340483636,0.9196470299154775,0.8259606163313096,0.9309332406199987
2019-01-14,1.358082087199565,0.991793917531892,0.909611741971644,0.8178615373290792,0.9214347661065171
2019-01-15,1.351152656075729,0.9847291196573575,0.9074439482000191,0.8204619764460429,0.9220394013854406
2019-01-16,1.3527258086389056,0.9835545822533891,0.9114920034190537,0.8212189195108948,0.9197079431827578
2019-01-17,1.3587961110828557,0.9864516773249293,0.9173532146502763,0.8232756505774516,0.9208917732277068
2019-01-18,1.3570757244258453,0.9798308093729337,0.9057766371266456,0.8265710638519167,0.9178270945194489
2019-01-22,1.3654902573486087,0.982135418338579,0.9125085689641074,0.8305832607337115,0.921105114106191
2019-01-23,1.3653242337135842,0.9837889219704505,0.9127915335287939,0.8334835200760816,0.924003239006746
2019-01-24,1.3665919278151608,0.9842516275958213,0.9122080225924462,0.8345349580945268,0.92387377252895
2019-01-25,1.37420010663014,0.982620389993462,0.9092390469385675,0.8362242300841195,0.9113237145529934
2019-01-28,1.3610109451830181,0.9797758476466917,0.907334445569427,0.8328838564910985,0.9065103823809327
2019-01-29,1.3667336613503676,0.980714542608826,0.9086060968970122,0.8319701299276632,0.8954927891595815
2019-01-30,1.357297319152637,0.9979173566482,0.9098323840169856,0.8349330302727245,0.8929710438186418
2019-01-31,1.3540489951930645,0.9962018699407381,0.9152920588698062,0.8291003345062994,0.883979894369703
2019-02-01,1.3536437536565884,0.9961687913627315,0.9151280060911499,0.8289314871791724,0.8836789056056927
2019-02-04,1.3557642146795323,0.9963600074750676,0.9159535760552906,0.8319563761623265,0.8817493134168588
2019-02-05,1.3543536892487817,0.989189344189942,0.9142288217705091,0.8244682706282431,0.9006120496975795
2019-02-06,1.3758748547898039,0.9936167673179925,0.9172904259748313,0.8321466276002055,0.9140206764282754
2019-02-07,1.3746832322600147,0.9968291634119676,0.9292507459391227,0.8276550287508889,0.9165290417480265
2019-02-08,1.3770359816480284,1.0006862206741918,0.9343564501323802,0.8277558695443983,0.9206535588126562
2019-02-11,1.3750069957238178,0.9854144818351971,0.9391906168514048,0.8166215584589649,0.9646284450697193
2019-02-12,1.3699740835937042,0.9891551304047134,0.938564661102373,0.8150841762319683,0.9637170015772667
2019-02-13,1.3619602046571182,0.980781886920251,0.93701596733779,0.8091553434122654,0.9603235882737212
2019-02-14,1.360695973725518,0.9804400051373504,0.9356479603436907,0.8086549582435392,0.9594067703258395
2019-02-15,1.350122046674171,0.9871762380077698,0.9388233630088687,0.8035576695632166,0.9632242495559192
2019-02-19,1.3526682362917934,0.9870460877613824,0.937835781123299,0.8046092623946611,0.9715959040117514
2019-02-20,1.351792153367363,0.9861577720025032,0.9370808838688958,0.800645068782907,0.970220260851641
2019-02-21,1.3543028223779658,0.984756164500014,0.9376361442014901,0.7994891258301541,0.9701116934854249
2019-02-22,1.361659555063022,0.9871334426499989,0.9394842260442987,0.7974368598905469,0.9690050184496756
2019-02-25,1.361986450900029,0.9872644865939596,0.9397202184306189,0.7981729144949316,0.9695455583423853
2019-02-26,1.3690065325123109,0.9864166886644449,0.9415649526262996,0.798789901675063,0.9710782412878545
2019-02-27,1.362440950116314,0.9815838513164843,0.9363766182034801,0.7912658061692538,0.9684487198220647
2019-02-28,1.3647312655153292,0.9787681963846305,0.9315130725413249,0.7845437150325894,0.9653236239611511
2019-03-01,1.3627852844522208,0.9806755126946013,0.9305535475331631,0.7752924601195531,0.964039590679879
2019-03-04,1.3700550115482577,0.9831541264973729,0.9398944320868889,0.7845733236538233,0.9774795530124587
2019-03-05,1.3727899186154104,0.9830450503910908,0.9404559772122927,0.7861751191021386,0.9838225021239781
2019-03-06,1.379873558375107,0.9820718591627654,0.9484772617065649,0.7859664344014388,0.9937179781533745
2019-03-07,1.3804016663711116,0.9801866151953366,0.9527716483787536,0.7877779986809638,0.9893202904359959
2019-03-08,1.381069351557443,0.9799001934880285,0.9529700322398537,0.7884484435961129,0.9895351403179116
2019-03-11,1.372096433786962,0.986292580605968,0.940286891943587,0.7787451078507793,0.9783981569937036
2019-03-12,1.3656436791462052,0.9781004953092198,0.9305985828414863,0.7685596724738495,0.9856663292996601
2019-03-13,1.3720319283707376,0.9784327802258148,0.9335964647770149,0.7686107307383311,0.9941147236920034
2019-03-14,1.373251442159553,0.9821556576372527,0.9370810762461728,0.7721377490100548,1.0080573190852997
2019-03-15,1.3667644716770535,0.9817313599580377,0.932152466723748,0.7707905791094584,0.999928114180296
2019-03-18,1.3662750019515404,0.9803988171865292,0.9296727393489131,0.7701049836964281,0.9999323068698683
2019-03-19,1.3661163664348495,0.9802174701433661,0.9293772775816204,0.7695861186224352,0.9996550844876065
2019-03-20,1.371455892934153,0.9829825083813138,0.9322986540843399,0.7752069833454955,0.9974840534123377
2019-03-21,1.3718843209325138,0.9816713455465341,0.9337291505822353,0.7807168700749245,0.9931469246636593
2019-03-22,1.3698906759146492,0.9745337300680491,0.9327220352375936,0.7860598674812668,0.9904223221027436
2019-03-25,1.3738310503936884,0.9770666870200325,0.9351047705717477,0.7933425087822741,0.994631658803452
2019-03-26,1.3774666835367182,0.9818674228275063,0.9343530832265734,0.8033293578670009,1.0004292252377556
2019-03-27,1.39057794455161,0.9817540043652653,0.9410134034770378,0.8036497667246095,1.0191526747811082
2019-03-28,1.39526057549977,0.9842025498704559,0.9487684094258375,0.8041025168444449,1.024320917812023
2019-03-29,1.4012055100307725,0.9888716952827651,0.9506812464834342,0.8093983408184501,1.027788765083965
2019-04-01,1.4000357013464062,0.986260346340811,0.9462556108697531,0.8052881252733236,1.0356580293377329
2019-04-02,1.3909186173962456,0.9573214281691127,0.928465919563054,0.7736948113649734,0.9930259339104858
2019-04-03,1.3823256279252154,0.947102700340751,0.9165605921196961,0.7630039382369485,0.9776664917907051
2019-04-04,1.3835475774611814,0.9505619203245357,0.9162189666568833,0.763719877164002,0.9738081906781632
2019-04-05,1.385639020337309,0.951709677238628,0.9151569029782242,0.7623032460738192,0.973019704414451
2019-04-08,1.3829068403601898,0.9514332222439176,0.9057981569073466,0.7517474382702785,0.9734929664217045
2019-04-09,1.3876256559400713,0.9562499713228519,0.9070226129868512,0.7531080590701994,0.9781845036373953
2019-04-10,1.4366232715025422,0.9710880440739823,0.926634304951179,0.7717134648068767,0.9899588763802651
2019-04-11,1.4270226342071406,0.9676837397689775,0.916959182762208,0.769582462566304,0.9874274971521805
2019-04-12,1.4183695441318962,0.9567948347379531,0.9104464724579772,0.7616460494646227,0.9855844652377429
2019-04-15,1.418183980349011,0.9575244023951623,0.912336714933667,0.7631521681720989,0.9958016824249789
2019-04-16,1.4177725993534627,0.9513140534430787,0.9112110890551364,0.7664411326208717,0.9917643947923073
2019-04-17,1.4286800767668513,0.9529565276309093,0.9095343689284818,0.7751297168522933,0.996827527576974
2019-04-18,1.42787273183673,0.9523247489811912,0.9078634484234018,0.7738238746349858,0.9968213726834625
2019-04-22,1.4249411414628654,0.9528838027870161,0.9075095866757669,0.7699726928089803,0.99613163874746
2019-04-23,1.4309148108547558,0.9585265961347429,0.9175517909486459,0.7780386018922151,0.9994489818591339
2019-04-24,1.4302497884767038,0.9586773756464456,0.9167042320723054,0.777586475625072,1.0009472238436614
2019-04-25,1.4307862050535816,0.9585637964462327,0.9123784388635733,0.7712557140073963,0.9758157483832643
2019-04-26,1.4288965440395116,0.9578923993771329,0.9146102404734232,0.769559128644803,0.978309904215913
2019-04-29,1.4636761237706062,0.9748797381884868,0.931992940356081,0.7779628631904986,0.9855691872258648
2019-04-30,1.4632012280977504,0.9747632237578948,0.9316604834236727,0.7778898893385889,0.985541999346021
2019-05-01,1.4622333403195706,0.9707282166127008,0.933802105611544,0.7753188107919369,0.9784719068026501
2019-05-02,1.4610344166263962,0.9689982207864696,0.9325462045213749,0.7762457523743554,0.977254421519005
2019-05-03,1.4611192073038837,0.9656845011673181,0.9289206268538023,0.7722862000948963,0.9662625085447051
2019-05-06,1.459994706197333,0.964006642324776,0.9293914631460173,0.7724403719353183,0.9657101724359727
2019-05-07,1.4566380724310757,0.9603231778126893,0.9370250616391157,0.7804910837621037,0.9746595707209431
2019-05-08,1.4582699353285753,0.9628563727019681,0.9400529887663949,0.7823927131362903,0.9779316733595079
2019-05-09,1.4567462982670867,0.9622119819301488,0.94071038673563,0.7819795841021466,0.9784353386055429
2019-05-10,1.4758549306799567,0.9713064905708884,0.9573182063550919,0.7916466852309502,0.9932157275566698
2019-05-13,1.4941324906100553,0.9782139674878116,0.969807046124998,0.80550639020476,0.9885782367888644
2019-05-14,1.4905172104207587,0.9762980805961223,0.97140693926663,0.80640516987127,0.9936033621190364
2019-05-15,1.4873110215615093,0.974096988741975,0.9666313144108076,0.8070186472028125,0.9926726294405689
2019-05-16,1.4934505829430504,0.9766357288113332,0.972487724000964,0.8072140239675227,0.9916323226802077
2019-05-17,1.4929300734745334,0.9745244203248725,0.9711827402787832,0.8038782189868968,0.9906788242365026
2019-05-20,1.496605210462641,0.9756373729643368,0.9683244376234007,0.8030989364885538,0.9887934835796879
2019-05-21,1.496128365640724,0.9760718708716258,0.9688518396271423,0.8099025291224927,0.9888890933072013
2019-05-22,1.498283244609424,0.9738927417526466,0.9652970620564166,0.8135017241534428,0.9952046242344869
2019-05-23,1.4916575346992067,0.9672443388990211,0.9657295947553193,0.8215667660719836,0.9834799504310199
2019-05-24,1.4909974461898312,0.9677805283871507,0.9664054133630302,0.823109020730209,0.9820344464311238
2019-05-28,1.4930722532419247,0.9679545373971953,0.9689189353305678,0.8309304349365009,0.9846422175327617
2019-05-29,1.4969843130088472,0.9730286196804159,0.971678223496756,0.8359028782315104,0.9905815432706925
2019-05-30,1.4904918107720915,0.9631602364688855,0.9617535312892304,0.8270724178898697,0.9845455165993232
2019-05-31,1.5115533314176877,0.9789996579581225,0.9732110812078595,0.8498774862954552,0.9926732574370082
2019-06-03,1.5155640419285306,0.9776754984481353,0.9735567149802545,0.8492772436031685,0.9946956474022051
2019-06-04,1.5529964521939816,0.9983898723343955,0.9930236520107775,0.86274056019507,1.0064278059409903
2019-06-05,1.5614242365239632,0.9976332231088659,0.9946645297970432,0.8676024042645338,1.0055976260884616
2019-06-06,1.5595976688403195,0.9948918737111577,0.9966269807495267,0.8650875496203454,1.0011943298270707
2019-06-07,1.5650340970225167,0.9996769172276984,0.9916850763422721,0.8682569721814895,0.9927104914016122
2019-06-10,1.5629273149249614,0.9974727224013944,0.9892200593592232,0.867246353984416,0.9922732856482618
2019-06-11,1.5652827695585254,0.9964029459594445,0.9888583667595021,0.8677658409891189,0.992248976822495
2019-06-12,1.5623706037599865,0.9947431373903757,0.9863666559931863,0.8668380032956987,0.9914629362018582
2019-06-13,1.572828584064374,0.9975625960332201,0.9920621513015173,0.871390569891776,0.9945055152197525
2019-06-14,1.5726295976612235,0.9987837568882114,0.9926290295327563,0.8734739997976404,0.992477988875469
2019-06-17,1.5725279017748546,0.9985639493382829,0.9922160801261435,0.8725244614851659,0.9913411067316944
2019-06-18,1.565120191440155,0.9972580628408322,0.9914735407096088,0.8733981027270187,0.9904362099625673
2019-06-19,1.5663286996963988,0.9970651519648087,0.993408085051297,0.8735088020101193,0.9899327478145209
2019-06-20,1.5459073899798794,0.9880169792963148,0.9798743574412971,0.8687728769953137,0.9728990885452939
2019-06-21,1.5464092506755078,0.9879132348114493,0.9794695553004154,0.8688293451557917,0.9704573580362941
2019-06-24,1.5451279747408724,0.9888989434967976,0.982507275244861,0.8766317082127282,0.9755622943150234
2019-06-25,1.5459331331053645,0.987179570155251,0.9872913789591518,0.876196072055866,0.9758638193116397
2019-06-26,1.5345916145570544,0.9786118086345584,0.9816625199228274,0.87646123522282,0.9727377751725762
2019-06-27,1.538271914095744,0.9797062847293114,0.9833974243815363,0.876476560238058,0.9764284408553207
2019-06-28,1.5369656851314306,0.9726984705387115,0.9800903190961441,0.8727107271784414,0.9771481471214469
2019-07-01,1.537336933050618,0.977783173803012,0.9821792074041764,0.8749684448520849,0.9727944870340764
2019-07-02,1.5354663203696834,0.9789824451976293,0.9822321051102727,0.8744813328128672,0.9716980902554407
2019-07-03,1.53654571625741,0.9793099920543327,0.9849795959445475,0.8743720776042536,0.9722511583354237
2019-07-05,1.5352830666043669,0.9763910611314247,0.9836541270263464,0.8748004997382938,0.9738930873052936
2019-07-08,1.5320125919023588,0.9718068349811911,0.9815289456965788,0.8726590798086854,0.970183435026117
2019-07-09,1.5347505887822785,0.9722813676660303,0.9838826854788161,0.8690171967345341,0.9713089024448547
2019-07-10,1.5298664963533448,0.9694448057125603,0.9821830198351347,0.8680629654413317,0.9646590443468835
2019-07-11,1.5311583232227968,0.9704794651908495,0.9834142546322008,0.8689427729586533,0.9667171030537182
2019-07-12,1.511183910919455,0.9710943170390822,0.9767898701978412,0.8697845047759997,0.9566156146680285
2019-07-15,1.5122617157401999,0.967968588718315,0.968724669343691,0.8709655994864176,0.9557827387234112
2019-07-16,1.5082302114636241,0.9638984441604445,0.9636905634959873,0.8673606383325517,0.9501167964627714
2019-07-17,1.5138792278802204,0.9664410094766753,0.9592226771391901,0.8712094479734549,0.9558647692783573
2019-07-18,1.515663531767471,0.9660372689229645,0.9593120834446666,0.8712737098338449,0.9562631734244292
2019-07-19,1.5165260816707895,0.9696755884720548,0.9556298353161397,0.8711913323353522,0.9568152025596609
2019-07-22,1.5158093577048224,0.9712147534965587,0.9595022929801602,0.8723861158107337,0.9580715863219661
2019-07-23,1.5199211109105901,0.9763375915415713,0.9611045983527144,0.8781836137864384,0.9631843044810285
2019-07-24,1.5232837044322602,0.9766189695228662,0.9601685268498718,0.8794212095890502,0.9628422164177557
2019-07-25,1.54462357947951,0.9822081462759882,0.9667813436884493,0.8847151587896329,0.9767694251503172
2019-07-26,1.5357696466450401,0.9808476933745996,0.9640213972612747,0.8749994190729458,0.9818245476319655
2019-07-29,1.5430531026975836,0.9857305417578652,0.9650197877834201,0.8855976325742144,0.9944617901240744
2019-07-30,1.5436184808413156,0.9898031614133393,0.9613871911982206,0.8971158424417883,0.9909252557550033
2019-07-31,1.535902192092906,0.9952313940419029,0.9681680807786139,0.9007653598128109,0.9870369549207999
2019-08-01,1.5371439017878807,0.9953164010436892,0.9711858193348933,0.9016445297291591,0.9845718814001906
2019-08-02,1.5346066193704186,0.9928281273384192,0.972465843337296,0.8992328111555882,0.9792329135336733
2019-08-05,1.5175834687186223,1.0039008228597601,0.9887458919786242,0.9060269262001657,0.9764668358670051
2019-08-06,1.5035405738821823,1.0049047910019964,0.9796983026746238,0.9062333430599704,0.9748658318706164
2019-08-07,1.5040010926002985,1.0051769315503516,0.9795653913976606,0.9057628434989935,0.9748186296106235
2019-08-08,1.4950590634090364,0.9997239316857395,0.9745015967389234,0.9007547872953858,0.9763502542396845
2019-08-09,1.4949209284499605,1.000503413083594,0.9749161726883644,0.8994341049148578,0.9772316274447915
2019-08-12,1.5043602915077428,1.0020459304865519,0.9820076866680365,0.8979430756865127,0.9850727578553787
2019-08-13,1.486373497949145,0.9929383510963404,0.9700477497422163,0.8901337452126036,0.9662899023683379
2019-08-14,1.4924279342415765,0.9901705348538019,0.9721647847540458,0.8860692890399854,0.9671031582631712
2019-08-15,1.4896795426068459,0.988896273606644,0.9723425389904962,0.885004454214419,0.9646668421633338
2019-08-16,1.49292373447297,0.994264511011643,0.977000140784259,0.904567877932016,0.9761728603922163
2019-08-19,1.4883455171409075,0.9912397336863894,0.9791027017167554,0.9136076328353112,0.9749554940966068
2019-08-20,1.4892804946854707,0.9916558509768966,0.9766424204619513,0.9139027318917147,0.9740852025726674
2019-08-21,1.4888229725485553,0.9887669982945961,0.9760569705816785,0.9130160940165934,0.968023416421448
2019-08-22,1.4881702440397144,0.9887189698287866,0.975750666769691,0.9134871327476239,0.9684858035614344
2019-08-23,1.4894172104287506,0.9931938452684748,0.985181978923642,0.902105829671112,0.9724661172640702
2019-08-26,1.4795176040754527,0.9894400825936537,0.9861462746569066,0.8998583601411692,0.9713206782915812
2019-08-27,1.4844226161067413,0.9896241486438323,0.9887203113152411,0.9009125051172572,0.9724071714378868
2019-08-28,1.4890545988467518,0.9896840913182794,0.9880755744671139,0.9050521201540668,0.9723040141977325
2019-08-29,1.4986381914186286,0.9933781919942037,0.9947097494994483,0.9101747747811161,0.9760733994900131
2019-08-30,1.5007277062177289,0.9952790482868064,0.9951561876159171,0.9113120236443338,0.975764505798146
2019-09-03,1.4976027971809915,0.9965695299655161,0.9971631857234775,0.9135999893097173,0.9720944180605634
2019-09-04,1.4988249289283646,0.9915493300269947,0.9963788911778388,0.9153636752173518,0.9767628756720267
2019-09-05,1.5031608629415343,0.9939991475100916,1.0019585208522261,0.9149072020688397,0.9836561301669218
2019-09-06,1.5009542750933027,0.9911891328251451,1.0022241009201107,0.9140928973707501,0.9846674268507353
2019-09-09,1.4983059497903015,0.9899570500069018,1.0012790886381735,0.9139404262210834,0.9829602222960807
2019-09-10,1.4980628881123979,0.990529571049975,1.001895109156332,0.9151544281673897,0.9828647371529786
2019-09-11,1.4998454505694503,0.9888156020300388,1.0023188536911667,0.9193730861851391,0.9834517892938334
2019-09-12,1.4984267823643624,0.9887245720835259,1.0023076965645716,0.9190910588527316,0.9818525226885435
2019-09-13,1.498297731386661,0.9883432541279386,1.0014912118877997,0.9184933232975833,0.9816891387062346
2019-09-16,1.5068338069308203,0.989573917444537,1.0016171526165971,0.915777506833022,0.9826885317418426
2019-09-17,1.5092222344602702,0.9897836731695066,1.0025738766167107,0.9155145675495415,0.9828575912687709
2019-09-18,1.5140310307880622,0.9909111033266883,1.0033177718848214,0.9188572757866906,0.9850405813382911
2019-09-19,1.5132376546442903,0.9924682659729758,1.0045173548197806,0.9200783071353265,0.9861505869598446
2019-09-20,1.5130768091314275,0.9918131239711158,1.00457786130375,0.9211005834037083,0.9839264390946673
2019-09-23,1.514401527126234,0.9931554614912796,1.0077633740394698,0.9258116527912466,0.985921701781479
2019-09-24,1.5175075887178668,0.9920476512230522,1.0055479103058491,0.9230764286410965,0.9837884027712852
2019-09-25,1.5154960446767178,0.9876544744083564,1.0038262246075744,0.9194453913156057,0.9792731414878637
2019-09-26,1.5148288362175226,0.9866324711588702,1.004398729190826,0.9193913610412373,0.9790492193500125
2019-09-27,1.515558541251105,0.988458699516446,1.005735769220324,0.9203788832666443,0.9812289617468509
2019-09-30,1.513657951897763,0.9853258031473386,1.0064065705573815,0.9180752041376967,0.9800046095814299
2019-10-01,1.5078811818616333,0.9846812753114909,1.0040078490336741,0.9182132670703848,0.9745993180824881
2019-10-02,1.5291636157451345,1.0060944581181597,1.0249121386858777,0.9250866819711916,0.9875907232814759
2019-10-03,1.524247406972258,0.994922440534776,1.0208733128246952,0.9241046641961409,0.9828750004053093
2019-10-04,1.525538656056674,0.9974143040362224,1.0200990683393962,0.9231357157164789,0.9857274331778492
2019-10-07,1.5216456294603187,0.9963066153768166,1.0162620904646655,0.9234012238490399,0.9866656742327617
2019-10-08,1.492969665670316,0.9873881022669635,1.0053291509527387,0.9147652838054977,0.98380115760821
2019-10-09,1.4986573967062962,0.9886236957544425,1.0089694859142921,0.9148789300533332,0.98549881457893
2019-10-10,1.4938700918033445,0.9822292162276565,1.0082243424542754,0.9133593237608643,0.9843945408525845
2019-10-11,1.4797185833914683,0.9870307198891686,1.004776108996409,0.9037293056814931,0.979228634597942
2019-10-14,1.4976391233073771,1.0340693287444322,1.0353568252301775,0.9159386170788203,0.990897357462898
2019-10-15,1.5165024046993063,1.0363803462396874,1.042161445432138,0.9168113935896847,0.9856557134865696
2019-10-16,1.5252101651759191,1.037336310750854,1.044996542962819,0.9197762331577908,0.9883718803625345
2019-10-17,1.5126601859656572,1.035845795299108,1.0413077765010723,0.9180977422187233,0.9797535601693063
2019-10-18,1.5095480443030995,1.0336469273306785,1.0396796267525286,0.9185791132393569,0.979440353665724
2019-10-21,1.4981854328082966,1.031725939649652,1.0395108585058745,0.9121163909046045,0.9751829356025955
2019-10-22,1.4991876838249882,1.0312663088799963,1.04083135099635,0.9125837299249582,0.9745993088900009
2019-10-23,1.5010623209608132,1.034127424399659,1.044203322573571,0.9129867116415853,0.9775965592887776
2019-10-24,1.5059138877741864,1.0321437172718497,1.0398606584381611,0.9150715134467604,0.9766369831741943
2019-10-25,1.4917599297529904,1.0278357493389034,1.0224566923334382,0.8888421495776334,0.9811857229066269
2019-10-28,1.4655542478230463,1.0120526077609155,1.0066018147604745,0.9605805367290204,0.966243251303574
2019-10-29,1.487353356578258,1.0192031267886699,1.011837214833969,0.9682320590895163,0.9603471729626787
2019-10-30,1.4883919747739092,1.0209562385741937,1.0147566804612669,0.9605560969734933,0.9602965337093142
2019-10-31,1.4646219906740148,1.0113868328139544,1.0182290782038759,0.9558028495650245,0.948951553989399
2019-11-01,1.4670637035514236,1.0213283426372533,1.0240681460801397,0.958090571392903,0.965334567619332
2019-11-04,1.4590966549248212,1.0174899666657442,1.0169381380257871,0.9481629849395224,0.9549083960771905
2019-11-05,1.460464447846748,1.0186730182305188,1.0198914604927047,0.9529999928823973,0.9563734811597583
2019-11-06,1.4647668869700834,1.0199783556578172,1.0191387697802599,0.9556164790497004,0.9573914620594934
2019-11-07,1.4695327062773125,1.0221667805885526,1.020330443044584,0.9554220645000548,0.9551160803054181
2019-11-08,1.4510229088759836,1.0200337222326608,1.0141650217763183,0.9558942910186299,0.9516270919112493
2019-11-11,1.4512611332405676,1.020556637916457,1.014467346398713,0.9554507814647243,0.9498760347752059
2019-11-12,1.4479750754803482,1.0242236742773967,1.0172139432266185,0.9569518363975009,0.9544108713338425
2019-11-13,1.4858630744938288,1.0409605375486057,1.022940381200579,0.9622489415179981,0.9664433531707158
2019-11-14,1.4890835932558186,1.0414300254161517,1.02482143863157,0.9641339901284532,0.9694819362204182
2019-11-15,1.4939892115002775,1.041160445500731,1.0224979724993666,0.9636127565682947,0.9679271112423544
2019-11-18,1.502858888970556,1.0479280326580178,1.0258530105402288,0.9618046345981787,0.9689233567643042
2019-11-19,1.5043506118852068,1.0483990903799891,1.0255256797414065,0.963158557674291,0.9687409469376574
2019-11-20,1.511123659586962,1.0698802815784907,1.0400564418538494,0.9745059438860398,0.9808912468195441
2019-11-21,1.5313231657869346,1.075757128717926,1.0544387015384749,0.9769207241778819,0.9934627310075391
2019-11-22,1.5309950594788713,1.075753984204912,1.053862869145499,0.9761050434264698,0.9918128944531264
2019-11-25,1.5499210361227453,1.0842025895592686,1.0635747414425205,0.9817079995317234,0.9963645969200773
2019-11-26,1.5629300711804734,1.102160542741807,1.096882375519277,0.9911642802267864,1.0123844426537008
2019-11-27,1.5613558162182377,1.0974655198096646,1.0950109057409656,0.9912255556386877,1.008347602160599
2019-11-29,1.578437846412883,1.110808887945457,1.1074195415619998,1.0080866101528456,0.9738222766164805
2019-12-02,1.5805678778269359,1.111061528346929,1.1096398628776665,1.0117134941285493,0.9727872148793968
2019-12-03,1.5763928538156664,1.10868258489571,1.1140784137165813,1.0090364078869984,0.9778567611961974
2019-12-04,1.593330839442868,1.122693407525741,1.1199391001463808,1.0168497565919967,0.9879792479525098
2019-12-05,1.559962426694827,1.0975343275026652,1.104410509113856,1.0278960571607625,0.9789390769250219
2019-12-06,1.5633965230398226,1.098012449903525,1.105512237052165,1.029054961770463,0.9813035732273624
2019-12-09,1.5017783428130083,1.0885693303080501,1.0774982698672064,1.0095440313175215,0.9303879856698106
2019-12-10,1.5027586458364308,1.0886799337926973,1.0783568591797945,1.010357761282144,0.9325587937324707
2019-12-11,1.5022602904044207,1.0874414193264708,1.078604374353064,1.0084458045498599,0.9311286404671476
2019-12-12,1.5098424034500977,1.0948074169959592,1.07918667260051,1.010422508722758,0.935827363142614
2019-12-13,1.5069399799910117,1.092117583744847,1.0780045817927062,1.0099124955245553,0.935286250732114
2019-12-16,1.5357446669674342,1.1178056019914349,1.102207944883783,1.0225276411360573,0.9720705236736515
2019-12-17,1.5563981877811224,1.1191370094619986,1.1071076844435153,1.0294440322974767,0.974732595233625
2019-12-18,1.5621382946791662,1.120523764193084,1.1095298422005428,1.0305611335164977,0.9779443473952587
2019-12-19,1.557903916488489,1.1197491309597059,1.1106927865681149,1.0309383838094501,0.981862536746375
2019-12-20,1.5697924594857655,1.1176886853645964,1.1068542491756235,1.0159378795018514,0.976715909117707
2019-12-23,1.5690490575554776,1.1116946592463397,1.0939387628798192,1.013141735572238,0.9747722261912674
2019-12-24,1.5828770761725317,1.1112508016148568,1.0955801723292373,1.0033969624188481,0.9695793353059251
2019-12-26,1.5590520479542045,1.125106284848585,1.0797689993588475,0.9958509811552074,0.9456721861236329
2019-12-27,1.5700198517199007,1.1284369407256467,1.0874283131719622,0.9990642394233546,0.9498312790067726
2019-12-30,1.5671968385598125,1.1279322399996583,1.0870691808228756,0.9985604397924679,0.9503771391649308
2019-12-31,1.5696398640384717,1.134843464186724,1.0879704195619215,1.0052662825218408,0.9497874073649372
2020-01-02,1.5705072734957832,1.1345385816256235,1.0929627261127357,1.0089692345186236,0.9486763371222279
2020-01-03,1.532995857645281,1.0361637593834983,1.0619076972514077,0.9962406331513212,0.9015315271699244
2020-01-06,1.492118552426166,1.0037064148821908,1.0637445010638011,0.9572136705539146,0.8942697672318858
2020-01-07,1.4823636208788527,1.006292892189476,1.0660529806221897,0.9589289089472961,0.8974882384885983
2020-01-08,1.5042958147598,1.0216272507726065,1.0780338717867375,0.9672192438324004,0.8971665580272992
2020-01-09,1.4958364888600144,1.0153279667350554,1.075167965922923,0.9568175711115825,0.8884699131267212
2020-01-10,1.5083475841170448,1.0128390623896157,1.081750492575347,0.9586257790796361,0.886592284881371
2020-01-13,1.5055962256658675,1.0115458134243815,1.0762309183797487,0.9560113132404475,0.8847194169736943
2020-01-14,1.508093357153382,0.9998311366528734,1.076454575589044,0.9596827547788085,0.8883216325377701
2020-01-15,1.51045385517726,1.0073164929053073,1.0733835751715084,0.9552585936638953,0.896850209687129
2020-01-16,1.5150689651960072,1.0059955303168486,1.070385494602994,0.953738733975724,0.8920812031328436
2020-01-17,1.5094461230312353,1.0024019653104976,1.0716237428927815,0.9481078253400222,0.8983171121129339
2020-01-21,1.523248786275306,1.021962850116479,1.1041419995750756,0.9467910761724239,0.9070679092796606
2020-01-22,1.5082995756723887,1.0149312753202595,1.0948284592757964,0.9397953082832816,0.905411730006132
2020-01-23,1.5115558890321177,1.0148595679152332,1.0955416701946272,0.9394907994347459,0.9060499767374286
2020-01-24,1.53189519372404,1.026070708136829,1.1136810972992155,0.9201445121079438,0.9058633604119593
2020-01-27,1.5515451215720149,1.04989673495162,1.1579368723888168,0.904098155614319,0.9355011784210578
2020-01-28,1.5992811251613144,1.0592760487419426,1.1548956771598646,0.9250526959822264,0.9461195041791106
2020-01-29,1.5987681835783494,1.0619680367580195,1.1602135482706528,0.9292724292004504,0.9436845368680137
2020-01-30,1.6275959977555314,1.034541061552535,1.1610574437503505,0.9192968988847723,0.9549846192191394
2020-01-31,1.6433168310648578,1.0556355029479958,1.1883137073678718,0.9276178799638699,0.9705431394235868
2020-02-03,1.6444717867551313,1.0547943322206639,1.1856201004433824,0.9269364174772473,0.9680066081327152
2020-02-04,1.6686090867955594,1.0723702943576248,1.220012729933544,0.9155028603243643,0.9731081187159241
2020-02-05,1.6729621372202617,1.0756990785141707,1.237193150997239,0.9275613735150887,0.9713835557340957
2020-02-06,1.6675968387727147,1.0732133951185114,1.234839476593921,0.9290564559796857,0.9654180014532128
2020-02-07,1.6630025192471356,1.078645579788125,1.231115647898736,0.9354364618019118,0.9751980029244076
2020-02-10,1.665023916184314,1.0734238470710291,1.2274448160992693,0.9338096244960623,0.9755864722269243
2020-02-11,1.6674703303959,1.0743062753746706,1.2284696730713507,0.9345597008092992,0.9760867937061201
2020-02-12,1.7079680603170067,1.1005081174373563,1.2572659917804871,0.9540759637248114,0.9848457299867593
2020-02-13,1.7076615185330435,1.099974160941539,1.2582615801562234,0.9532346314505725,0.982913415335363
2020-02-14,1.706883452793089,1.1006006957376544,1.2572313765768404,0.9533511476507561,0.9830729091509622
2020-02-18,1.7427432090585029,1.1005311023669875,1.2613863957783404,0.9646999882466947,0.9906154254636914
2020-02-19,1.7374356484670532,1.09927906856309,1.2566816576404416,0.96135212050699,0.9898080772793564
2020-02-20,1.7329895830004864,1.099454021480583,1.2529416323101439,0.9654776707976691,0.9887774777292849
2020-02-21,1.7382122796020691,1.0999853331985006,1.263377387351606,0.9635791774219381,0.9784470799186664
2020-02-24,1.7923714239969628,1.1599173524996174,1.2394501534724864,0.9929783560276962,0.9920813943510769
2020-02-25,1.8581717518826197,1.2095333672495263,1.2886048642952492,1.0906025476914176,1.0603574388619408
2020-02-26,1.8658804056212364,1.2145411318425616,1.3019457525143574,1.0930594311620436,1.0658604662555184
2020-02-27,1.8412985017216361,1.1477716441055759,1.2115177328175728,1.084675985647638,1.1349575322599512
2020-02-28,1.857930744814269,1.1561844956281888,1.223419136467015,1.0909344498659448,1.1450861083479316
2020-03-02,1.6823815487408564,1.103811571631192,1.1078200152345585,1.038004116230765,1.027434451468423
2020-03-03,1.682437704308729,1.0883793449749362,1.1238441654785256,1.0408274186768465,1.0539916318381375
2020-03-04,1.6273090822118714,1.0991491715591422,1.078862897764838,1.0318842486527569,1.0622939008434167
2020-03-05,1.736430598201355,1.1504599695214976,1.2129102740661248,1.0329504446253903,1.181127107469329
2020-03-06,1.7174293505277995,1.1256373014717298,1.1872322174845986,1.0119040296904918,1.1428860692404066
2020-03-09,1.5594226782626934,1.030370837472943,1.206122070943367,0.9238485180719568,1.024335041923036
2020-03-10,1.683977525226477,1.0104810427491238,1.3128304489563352,0.9265016088709007,1.0808900499265373
2020-03-11,1.6307927205057715,1.0282415002630272,1.309904906244725,0.9594697629863451,1.0415190692463963
2020-03-12,1.6589745591951488,1.2684119373050116,1.5708126957463766,1.0867437976449557,1.3229174877154601
2020-03-13,1.533571386259772,1.3189065587165607,1.5557632071231233,1.1738107619383515,1.272513317917623
2020-03-16,1.048777215947485,1.1837243437729583,1.5141483804462441,1.1086014593578262,1.2767952526076423
2020-03-17,0.9865331459109582,1.0395063420851183,1.3391095008308145,1.0764456731816732,1.2214256949514843
2020-03-18,1.1325868041222245,1.189822978726562,1.5083275064094575,1.0954425684321143,1.3411939368148071
2020-03-19,1.1277490895373972,1.1860778879323728,1.5077994750448949,1.0902299969854465,1.3393709749168856
2020-03-20,1.0902400802458836,1.1588549156364445,1.3749002551238445,1.0385399377281737,1.3208798367919898
2020-03-23,1.0827333533212038,1.1369353617628573,1.3396133965082389,1.0072903106382713,1.3038583977254292
2020-03-24,1.3850252817708752,1.2622457150466397,1.4988441410752213,1.0368361731254745,1.4035632606747785
2020-03-25,1.4025335328014399,1.2896714546594823,1.517599576089941,1.043408342582358,1.4062972205269877
2020-03-26,1.3600372306424382,1.2521782296178694,1.437261560963043,1.0350524347923349,1.4137578018133832
2020-03-27,1.381993487581127,1.2624845490302032,1.44845610424698,1.06531797313159,1.426976525639246
2020-03-30,1.314788228123583,1.2342085532975544,1.3991989453980151,1.0370039987971473,1.3891385311192816
2020-03-31,1.3109477020370972,1.2319887940156673,1.38704236767243,1.0318084997473749,1.3833522513059597
2020-04-01,1.3424181043291223,1.2863109907888575,1.4497477285759657,1.0590171485621724,1.3885382895004525
2020-04-02,1.3186575899416337,1.2649394648128862,1.4179630642894065,1.0482153855031844,1.3634382662833016
2020-04-03,1.3255807577619256,1.2628920734315163,1.417537742530078,1.0503367669342139,1.3597020294125814
2020-04-06,1.2715442459619535,1.1971117083350773,1.3866679978622114,1.003683111211435,1.3527485419603016
2020-04-07,1.2724999409474032,1.197079359228505,1.3869352577992964,1.0047104091891907,1.3538351607772432
2020-04-08,1.2971674047212356,1.1992850158887283,1.4165167602045563,1.0101651198066368,1.3395442114763172
2020-04-09,1.310666309876755,1.2043623482091887,1.4370248274826003,1.0177136860974214,1.3498293150143175
2020-04-13,1.3167996782399858,1.2076712086191492,1.4436347510906278,1.0227100262958082,1.355066276088704
2020-04-14,1.3168901637274237,1.2155588565701578,1.4535185100571126,1.018683026019271,1.3589614335983216
2020-04-15,1.303204441101187,1.21078116591943,1.4387498953034643,1.0260958296159435,1.3589614104138252
2020-04-16,1.2980360862693041,1.20733672198412,1.432785069921311,1.0226167435311564,1.355632315521911
2020-04-17,1.3023257596746356,1.2177369555056778,1.4330637350426578,1.0201389848315945,1.3629888346646306
2020-04-20,1.3055990368011576,1.2181012241894544,1.4361338616030888,1.017438124534111,1.3623436370631696
2020-04-21,1.2939037335677959,1.2127671642294036,1.4202766741158313,1.0168616947151394,1.3588694040423892
2020-04-22,1.2723782007224758,1.2010101041834542,1.3979207270343634,1.0078317396767225,1.346387842449811
2020-04-23,1.2725445488795972,1.2009806625167296,1.3981054323843751,1.007965795841143,1.3464376996200926
2020-04-24,1.2712845959585577,1.1984652096049686,1.3949306475632948,1.0024976987494034,1.3429680523682306
2020-04-27,1.2656108913988517,1.1945412700044942,1.388899334602837,1.0000241444226152,1.338699903763796
2020-04-28,1.2587442712816805,1.189126592618397,1.3825238250620902,0.9984820004024468,1.3317286733192661
2020-04-29,1.283071735539571,1.2139868081830656,1.4059580911013612,1.0034927543791523,1.3432458441556672
2020-04-30,1.2867815748893328,1.2175617755073485,1.4097370077625966,1.001776027062633,1.3472598984353015
2020-05-01,1.307672855944657,1.2271268615328825,1.4259910848324353,1.0114051002963,1.3572917808519385
2020-05-04,1.3041016084552985,1.2260652322868846,1.425415632279687,1.0101731394475575,1.3569263237694227
2020-05-05,1.3008162077614465,1.2221063165469315,1.4205019988622085,1.0058983521745894,1.3567823728430075
2020-05-06,1.3026130654469872,1.2260116409115056,1.423749799734221,1.0084829804883526,1.3600295024941669
2020-05-07,1.3050066048915727,1.228391032295774,1.4212740919884363,1.0099739791938873,1.36014568456475
2020-05-08,1.3129283096227564,1.2337783996266598,1.4374473766665912,1.019163399227114,1.3670377667857363
2020-05-11,1.3129956444551112,1.2339345946917333,1.437295379258407,1.0190882567415938,1.3665569631369088
2020-05-12,1.3114486297403292,1.2379175439908119,1.4430569918555827,1.0200392465977441,1.3761214962633446
2020-05-13,1.316820561759082,1.2472862329720473,1.4532759876257881,1.0247252088647303,1.379187858093163
2020-05-14,1.3164790594567395,1.2461759009176916,1.45038738403173,1.0272343667875272,1.3806463793691182
2020-05-15,1.3161502572756345,1.2458300918516125,1.4500230865756547,1.0251383751539984,1.3788353648189677
2020-05-18,1.3326213213812583,1.2776198242412449,1.5019021524114018,1.0574518059780733,1.4078613753989908
2020-05-19,1.3323996145679737,1.2764006477021888,1.5030019433436514,1.0540152497298891,1.4082031704383131
2020-05-20,1.3329997257183477,1.2804906431419403,1.5075771071178812,1.05854217532434,1.4138693209799014
2020-05-21,1.3306398937653756,1.2779584140442335,1.5036375415315417,1.0563836392418564,1.4083129018875007
2020-05-22,1.33112645110863,1.2798901280957524,1.504715863470416,1.054053564510268,1.4118301729674017
2020-05-26,1.3473613389292713,1.2937671993573985,1.5222659190239465,1.0676565258451862,1.425579134159506
2020-05-27,1.3557743222021172,1.2961371584489043,1.5256985211248568,1.0696291619348264,1.426351202319808
2020-05-28,1.3577619136786128,1.2965505594692948,1.52738558885369,1.0703089061408517,1.4270147559957156
2020-05-29,1.3561689149234497,1.2958506494437316,1.5260881758668616,1.0697607137276535,1.4267638395753337
2020-06-01,1.3563904228113222,1.29582426232499,1.527883369149251,1.068419209658915,1.4301525893154916
2020-06-02,1.3567082633716883,1.29648007484067,1.5286114668293775,1.0700679106227378,1.4302693415181715
2020-06-03,1.3525889218344909,1.3009293926068033,1.5409645771016582,1.0742216480286504,1.43867607381237
2020-06-04,1.3360713219034113,1.2959756365611137,1.5348859286886083,1.07096296270963,1.4358218315772673
2020-06-05,1.3561310652693743,1.3024990529049638,1.5464007721556001,1.0644613813737245,1.4304638897809088
2020-06-08,1.364387263654381,1.310628166415209,1.5621781107593469,1.070439496481407,1.4504236359389544
2020-06-09,1.3709252960691651,1.3162820398041621,1.5683477560378967,1.0750763795928058,1.4563343173147316
2020-06-10,1.3754717311747167,1.3203763697218196,1.574586210567559,1.07611605151002,1.4620402744610201
2020-06-11,1.4175206179839845,1.3555406352378268,1.613067783231473,1.1057931101429221,1.4937158883675083
2020-06-12,1.43191877539775,1.3665852963058926,1.6310406532798265,1.113774668064475,1.5003499852655682
2020-06-15,1.4305764056928472,1.3656635846618164,1.6285853768568332,1.1139955245081465,1.498041529635767
2020-06-16,1.429474703569111,1.3662445920114947,1.6289337068598433,1.1115081632676924,1.4952590449849066
2020-06-17,1.4306501259784135,1.3672938442121334,1.6303188864960376,1.1115717118154,1.4965285226193288
2020-06-18,1.4303662733053386,1.3672090561644334,1.6300973908382046,1.1116684635309642,1.496572749778699
2020-06-19,1.4353621393722267,1.3706649281568133,1.6358307746245984,1.1141528496667457,1.501863538717741
2020-06-22,1.4308361711250066,1.3699810747844112,1.6349110548979617,1.1134775246947148,1.5021860189261347
2020-06-23,1.4284359975534444,1.3703461839707716,1.63426439300274,1.1138179096786505,1.5025240854415323
2020-06-24,1.435720100308168,1.3816604803729446,1.6441137833913335,1.1250436149669565,1.5098722300122265
2020-06-25,1.4355667948253372,1.3830041741184544,1.6475433305355724,1.1261623049070828,1.5116133584444615
2020-06-26,1.4403771474847091,1.383784093679555,1.6495736149099134,1.1267286423929,1.51010297936112
2020-06-29,1.447695022517112,1.39015416715726,1.6561165361926677,1.1378736345235012,1.5173350776391592
2020-06-30,1.4438140095467071,1.3853957150981353,1.651927033435221,1.132967969641995,1.5144447242455366
2020-07-01,1.4425631202469609,1.3839340755446865,1.6510292609029433,1.1319722503711052,1.5131860532903203
2020-07-02,1.4406184662414359,1.3835926857250638,1.649598645121704,1.1320841641865345,1.5138155447572872
2020-07-06,1.4411854706172726,1.3845376411088877,1.65088746277885,1.130619483160091,1.513168066195011
2020-07-07,1.447674451365141,1.389181632165188,1.6573005998525634,1.1337698113817345,1.5152001326143212
2020-07-08,1.447659279044617,1.3886880832839397,1.6566997266590446,1.1331066021810219,1.5149539060709676
2020-07-09,1.45039054426221,1.3908190221312509,1.660374369482112,1.1349887359403563,1.5179573756287623
2020-07-10,1.4554884790323503,1.3947146888688124,1.6667067334213501,1.138888795853947,1.5200706869940144
2020-07-13,1.4556609032714476,1.3934978731828134,1.6670285418145894,1.1390407293585036,1.5204473017256332
2020-07-14,1.453207782098681,1.3886234544536709,1.664803410533648,1.1396961315032037,1.5204019404778986
2020-07-15,1.466391775387268,1.3966604341845432,1.6769577672003952,1.1459601100287842,1.5282886958472142
2020-07-16,1.4677346591114129,1.3979521341871377,1.6801658185381732,1.1467083417173376,1.5285488247822898
2020-07-17,1.466415997823168,1.3976331016718502,1.6797032639364615,1.1466173412330356,1.528174375233333
2020-07-20,1.462733396675005,1.3939012406982407,1.6755422836933256,1.1437296290478765,1.5251680210092573
2020-07-21,1.4628343241254333,1.3939143272029964,1.6758727073807704,1.1437927226198177,1.5254681576646965
2020-07-22,1.4610329923689624,1.3919824271410857,1.6733751426974082,1.141831677299044,1.5236537229738225
2020-07-23,1.453508738722533,1.3871314999584499,1.6649335321603578,1.1415055769073568,1.5199889456500009
2020-07-24,1.4510845999820718,1.3881034775355523,1.6646476297810004,1.143702941939623,1.5212561969438247
2020-07-27,1.4517750139110417,1.3869622443735568,1.6640068769121286,1.1451115712809892,1.518558030124185
2020-07-28,1.4486042393208798,1.3853089477638838,1.6612013117203415,1.1428920147929473,1.5159689511240688
2020-07-29,1.4436536203543997,1.3831116033216022,1.656740490525037,1.1398136575976405,1.5135842676289446
2020-07-30,1.4454194666369544,1.3832194328764917,1.6573734407386709,1.1400646330051554,1.5143312096697432
2020-07-31,1.4439247856767496,1.3830908424311992,1.6561570709151159,1.1395185426572478,1.514293425056526
2020-08-03,1.4433723947463868,1.3840797619192962,1.6569255488510217,1.1407865119004437,1.5142987537434944
2020-08-04,1.448762391336879,1.3864630470566848,1.6602466600744519,1.1415944589886196,1.520415761181603
2020-08-05,1.4557505109811368,1.3876973128006846,1.6648272451556732,1.1433016403930603,1.5226441512320725
2020-08-06,1.4574907526425078,1.3886577769866633,1.6655244303964352,1.1435072010787994,1.5232623143335438
2020-08-07,1.4593462255954248,1.3905764902144666,1.6684135935619966,1.1451612677394696,1.5241535650614155
2020-08-10,1.4609779677582484,1.3924845493656306,1.670802540956815,1.1468239254856343,1.5258276511769822
2020-08-11,1.4589770930325134,1.3909933079312196,1.670638231312324,1.146069825392562,1.524179966032526
2020-08-12,1.4585182937512766,1.3888187737389386,1.67012055404014,1.1467702840144134,1.5252746023882604
2020-08-13,1.457108984828034,1.393878619348091,1.676672072343162,1.1506934389245098,1.5301248726802477
2020-08-14,1.4575255792764104,1.393822268975438,1.6766423820500502,1.1508334853190618,1.530221347049306
2020-08-17,1.4569065524170224,1.3932779081688105,1.6762683472468902,1.1477805204613256,1.529043084882755
2020-08-18,1.4572290958192788,1.3943144753881174,1.6767174453625147,1.1473516113034468,1.5297068623883265
2020-08-19,1.4567681788109745,1.394220312748474,1.677020977320618,1.147030263337669,1.5302431071188691
2020-08-20,1.455483377663179,1.3943376773072735,1.6764161442523446,1.1468405409925204,1.531205125536289
2020-08-21,1.454789210887746,1.3939893732732294,1.6756597169513956,1.1471148551387615,1.5308934571886894
2020-08-24,1.462496450547914,1.4034137738474148,1.6860789069984192,1.1568407050226492,1.5379169469086027
2020-08-25,1.4641409503723393,1.4047163473847513,1.6855522317659968,1.1577148782346522,1.5386548195417726
2020-08-26,1.4596826295536882,1.403562278256234,1.6814780521450963,1.1553586603906993,1.5352232567099415
2020-08-27,1.4584730828785002,1.403739939814505,1.682257388179231,1.1553385688693212,1.5355296823001263
2020-08-28,1.4567390425016933,1.4047390925288932,1.6824839032161416,1.1556124073115073,1.5378156440847475
2020-08-31,1.458221595145848,1.4060340613658444,1.6836753433260359,1.156808422783057,1.5394202008815299
2020-09-01,1.458838768846201,1.4048763160173945,1.6826058775654495,1.1561434903296477,1.540365717840167
2020-09-02,1.4572638539488638,1.4058352658733644,1.6837095559262782,1.1582561795704502,1.5414520716921474
2020-09-03,1.4350196967003597,1.3874740597445367,1.657797039182062,1.1484986649544444,1.5224093964125525
2020-09-04,1.432198958620351,1.3847548330184625,1.6545151759241163,1.1461031722973951,1.5202411181855435
2020-09-08,1.4208316116795188,1.3675384614243122,1.648248241934519,1.1298727487344382,1.5035900730748664
2020-09-09,1.4087537589778805,1.3588582176856774,1.6368907858993762,1.1204546929670132,1.4945859330445095
2020-09-10,1.4038089813880745,1.354558011937959,1.629492434345386,1.1169920255261345,1.4886327883754855
2020-09-11,1.403721583922749,1.3543317558181218,1.629287864565871,1.1169248416583122,1.488803306782545
2020-09-14,1.4046904610337136,1.356819898090566,1.6296252451343822,1.1189388326887189,1.4902272613978773
2020-09-15,1.4017112976274193,1.3571411247724685,1.6287272395402161,1.1195152339315646,1.4902085986600755
2020-09-16,1.398617478582499,1.3553279517191663,1.6262792586487482,1.117659333712373,1.4888377362227974
2020-09-17,1.3984350539682164,1.3556662057203577,1.624639119690473,1.1203075930395427,1.4895405650334064
2020-09-18,1.4000040193806687,1.3573779568434676,1.6262812097533166,1.120153065888256,1.4903837009309933
2020-09-21,1.4061819560816904,1.366066612859466,1.6338670012115815,1.1248560605635611,1.4983307147680685
2020-09-22,1.4059267897178758,1.366163785316102,1.633326823796813,1.1254074850168747,1.4976848000977934
2020-09-23,1.4051770380518005,1.364458614795379,1.6320330271167816,1.1237743372141442,1.496602338392544
2020-09-24,1.4043846901663313,1.364097156501603,1.631652286993332,1.123568088458439,1.495993735849099
2020-09-25,1.4077256709763946,1.3654373731211487,1.6346844949848234,1.1220901321918437,1.496800889280698
2020-09-28,1.4104276116900911,1.3702570981515718,1.639099840891698,1.1242954255910724,1.4970572066385592
2020-09-29,1.4123832681435915,1.371611532450981,1.640777773294462,1.1251596838013271,1.497564406835369
2020-09-30,1.4135665709494694,1.3720292925788868,1.6425246481952944,1.1248963195369388,1.4993666686655889
2020-10-01,1.4098932325431468,1.369078979514203,1.6401320305118452,1.1245931961694986,1.4984208493900757
2020-10-02,1.4060767598772692,1.3681245922020788,1.6371185666854884,1.1215271715462787,1.4963687752290877
2020-10-05,1.403299559054747,1.3656089414024344,1.6346496405627866,1.1179387147527144,1.4925696198796568
2020-10-06,1.4069232571510204,1.3667044387417258,1.636906493531138,1.1193490996830207,1.4955686258832024
2020-10-07,1.416346023013601,1.3718703569774,1.6436475689833663,1.1236059313744409,1.4979367219113018
2020-10-08,1.414525356716221,1.372137594394463,1.643390700000463,1.1237859657782512,1.5001168182535525
2020-10-09,1.414155279777718,1.3728906698454748,1.6426499655020175,1.1247134860046624,1.4991794469219526
2020-10-12,1.4087858696371387,1.3706477849902694,1.6379581955283924,1.1209433801575148,1.4946255444671546
2020-10-13,1.4120166573077908,1.3718252917669613,1.6391996631118078,1.1205213950385193,1.4946371089955695
2020-10-14,1.4094559067769914,1.3710623799328137,1.6378516192710735,1.1203311923822752,1.4924922987848204
2020-10-15,1.409510546633138,1.3711456374584239,1.6391254946550982,1.1203677783608008,1.4926145772331596
2020-10-16,1.4093145092817012,1.3710130419275264,1.6391834624298092,1.1199883146083565,1.49208367375224
2020-10-19,1.40547035079719,1.3682609449917449,1.6299676486252157,1.1165558712886519,1.4878151171363176
2020-10-20,1.4055487043347812,1.3682391019343423,1.6303495347947756,1.1172967094407262,1.4865807468985515
2020-10-21,1.405306266722365,1.3687994273766362,1.6304292579161845,1.1173788780077516,1.486958390136175
2020-10-22,1.4064437450294085,1.3718011422177485,1.6322327950414224,1.1193581009014666,1.487800773811562
2020-10-23,1.4051055461059627,1.3719358889370363,1.632665186414298,1.1193681963543687,1.4883220377222335
2020-10-26,1.409909801572756,1.3776141387283936,1.6388047967192079,1.122347596141121,1.4947393199994434
2020-10-27,1.4109680311025372,1.378622827230764,1.6397597425836796,1.1227481080227486,1.496783812559415
2020-10-28,1.40245522289018,1.3739874942503556,1.635470657701831,1.124274854153789,1.4946775250083788
2020-10-29,1.403633764613564,1.3762934271081642,1.636771440255142,1.1267981022822682,1.49602531497566
2020-10-30,1.4007559868049382,1.3750820629954927,1.6338281377612036,1.1252311774637846,1.4909638840034445
2020-11-02,1.3982147423738978,1.3719440075008253,1.63236421880255,1.12189584515211,1.490624795945753
2020-11-03,1.39535054014684,1.3716270190588906,1.6293101198061544,1.12056293505652,1.487949099438589
2020-11-04,1.3858720075386106,1.3632727453952216,1.619037528376917,1.1166530250452205,1.4782138388998554
2020-11-05,1.3908896494234835,1.367801919576626,1.6244799531972662,1.1224704132343224,1.4799332022828018
2020-11-06,1.3910709371732393,1.3679718682310793,1.6245656741187968,1.1225890554101796,1.4803483247006306
2020-11-09,1.4057199844395352,1.3844900216908893,1.6431238890919884,1.1315857600143486,1.4998139723044606
2020-11-10,1.4069164089325588,1.3842061386813562,1.6438292744958547,1.1312056798426426,1.5002834706328223
2020-11-11,1.4052251009141403,1.3804660424667812,1.6410863333830084,1.128764780557349,1.4983723910165048
2020-11-12,1.4059131608986746,1.380704298063831,1.643400431351749,1.130440290543645,1.5009381654188825
2020-11-13,1.4089122215333028,1.3857564973781977,1.6478672821280669,1.1342435162186664,1.50495593300953
2020-11-16,1.4122969821213127,1.388709878105793,1.6519229564109614,1.1371830601796769,1.5095750967293806
2020-11-17,1.4121161998284002,1.3888012674113388,1.6518301701133207,1.136673672259608,1.5086673524644942
2020-11-18,1.409772370315702,1.3857497324290435,1.6480302499015511,1.135085607505389,1.5057694189499007
2020-11-19,1.408612270716518,1.384879417595159,1.6474699670283026,1.1349939687315989,1.505444046459381
2020-11-20,1.409056471884662,1.3854869058207162,1.648211124844937,1.135166242545227,1.505675737461092
2020-11-23,1.412255386508736,1.3870788767608362,1.6489699372248183,1.1361157007363607,1.507147546371667
2020-11-24,1.4220209235682102,1.3932294418798943,1.6592800869471667,1.1378390819652944,1.5119054767005984
2020-11-25,1.421748053919851,1.3929206330771642,1.6588362021618976,1.1377866614825685,1.5116992724306244
2020-11-27,1.422013997557715,1.3931590475401596,1.6587336399952675,1.1375994937746765,1.5116498927389295
2020-11-30,1.4243165177436599,1.394179839950552,1.65877523329036,1.1388320714347138,1.5119938486722944
2020-12-01,1.423236325879788,1.392562608700253,1.6581889239636824,1.1391663553071085,1.5106522736795243
2020-12-02,1.4225003147167814,1.392194664170683,1.6573349952054768,1.138823518020965,1.5099711978457724
2020-12-03,1.4217445277354062,1.391649147762278,1.6573157580935034,1.139132140943221,1.5097471610934199
2020-12-04,1.4223685468254617,1.3899893694126688,1.655565705880182,1.138231124298053,1.5088080789800653
2020-12-07,1.4204622705006429,1.3903988085483818,1.6558281571903566,1.1381284893718906,1.5094758741378678
2020-12-08,1.4207297884202044,1.390348952001509,1.655568070539672,1.137714022777738,1.5094502160414462
2020-12-09,1.421594169416466,1.3897327708980907,1.6557772347285509,1.1394954608763574,1.5090482884527479
2020-12-10,1.4211816330989946,1.3897718944142516,1.6553265867055502,1.1395537524137782,1.5090050233731738
2020-12-11,1.4206624827079004,1.3888361772935112,1.6554569281369258,1.1398701230833097,1.509292296323329
2020-12-14,1.4212689839743204,1.3896920603581169,1.6566224458329628,1.1402163916821535,1.5098125076047524
2020-12-15,1.420925716714511,1.3897762711381227,1.6559514345333592,1.141650864258375,1.510107778161296
2020-12-16,1.4209464627605326,1.3896899721678284,1.6558145962944852,1.1415383310879204,1.5101273477469057
2020-12-17,1.4204485739567774,1.3894443347296477,1.6553679490626128,1.1418395941603492,1.5100850218333142
2020-12-18,1.420464337665365,1.389449964181554,1.6560926299246315,1.1417962225133058,1.509675661461583
2020-12-21,1.4208034877226912,1.3899660928966764,1.6565235518218389,1.1416078326836239,1.5096180560554335
2020-12-22,1.4215328576137694,1.390511112511784,1.6569637059225453,1.1417153633702368,1.5094850072358212
2020-12-23,1.42153101533615,1.3905357555311926,1.6569717566020532,1.1417005239818119,1.5094904797382822
2020-12-24,1.420589659671735,1.3902043078054314,1.6565450127056018,1.1415664081860453,1.5098680428958136
2020-12-28,1.4212346264481743,1.3901453288999355,1.6566872795549121,1.140610946785131,1.5093826544762496
2020-12-29,1.4216904598635387,1.3902307187809029,1.6570345920503005,1.1406747192124915,1.5095706731975063
2020-12-30,1.4216189323096922,1.3903642493541646,1.6571433797273158,1.140751689312281,1.509670379655652
2020-12-31,1.4203214848391414,1.3899795192570903,1.6553125800494382,1.1402633054308577,1.509299728881181
2021-01-04,1.420069306269976,1.3917620480211406,1.6565265452923243,1.1425460428425258,1.5129315634769933
2021-01-05,1.421116616929533,1.3927535201451955,1.6585001242808153,1.1430899462193043,1.5133625169891118
2021-01-06,1.4211156067839883,1.3935377292732054,1.6581585889204147,1.1441595438642436,1.514491158004662
2021-01-07,1.4168777051746053,1.3900471166403965,1.6555975077290597,1.1438379548423199,1.511416563070082
2021-01-08,1.416117911120943,1.3898672343877407,1.6550477960927084,1.143709323080482,1.5113941080047557
2021-01-11,1.4153728653568483,1.3905125958049653,1.6550568840534559,1.142373500050484,1.5116739771721015
2021-01-12,1.4155168724622418,1.3905773545967066,1.6556093106361134,1.1426175022336122,1.5120020771453118
2021-01-13,1.415824160943451,1.3913863420855621,1.6560327413663063,1.1427826496396454,1.5121741876675423
2021-01-14,1.4132858489177276,1.3901363327424219,1.654052485604881,1.1418226104981477,1.5091933977674934
2021-01-15,1.4145729005324241,1.3922960624987695,1.65664896549762,1.1446374266874215,1.5115017828913782
2021-01-19,1.4147369039570155,1.3922308917810167,1.6572164181740507,1.144623372642953,1.5121012551671866
2021-01-20,1.4131119835733965,1.3933524699128934,1.6549282963786358,1.1454842719173854,1.511560977827292
2021-01-21,1.4131445210932296,1.3932762845210018,1.6547316556450808,1.1454777953001174,1.51162335572569
2021-01-22,1.4127857137750228,1.3936486678530948,1.6547932963417633,1.1455171303736924,1.5116769866300162
2021-01-25,1.4097162026086791,1.3918921420204255,1.651936972067296,1.1471910435496713,1.5114104864632314
2021-01-26,1.404731018621079,1.3900731116178469,1.6477627005965572,1.1491911129552164,1.512484614425531
2021-01-27,1.3803055665551625,1.386812915051077,1.6420666279146108,1.1496453441942955,1.5178698914393138
2021-01-28,1.385931586584361,1.3886953817068095,1.6436565996109702,1.1495962822907895,1.5199593929265836
2021-01-29,1.3895004781295741,1.392993267715323,1.647748159333063,1.1483270436161983,1.5212115174551863
2021-02-01,1.3827607049137172,1.389911880924264,1.6429288020638413,1.149636405912288,1.5220699444752803
2021-02-02,1.3787023134905312,1.3910158390775353,1.6435441516109375,1.15020625842112,1.5220195130205891
2021-02-03,1.3747208377628681,1.3892131094059061,1.639706561183877,1.1512270763060097,1.5225962841042213
2021-02-04,1.3714785018864837,1.3903820587140612,1.637027994649971,1.154265720863654,1.5252799030714292
2021-02-05,1.3717176162392155,1.390753987790059,1.6371746886788618,1.1544416974096983,1.5258508480989836
2021-02-08,1.3737378019029547,1.393332918007422,1.6394300010406453,1.1564048875320654,1.5287011133997386
2021-02-09,1.373663158904993,1.39429277009854,1.6403378598805265,1.15697187624422,1.5292119313978263
2021-02-10,1.373401769693183,1.3940509533607528,1.6400922230182777,1.1568783488957735,1.5288527019628446
2021-02-11,1.37256774564592,1.3937211314380604,1.6394471127089412,1.156752405198452,1.5285809797864565
2021-02-12,1.3728001858194123,1.3939420800137379,1.6394388078926765,1.1565696916592882,1.5285423086303525
2021-02-16,1.3724528060815064,1.3934447572732975,1.6388760090513002,1.1564212297257297,1.5278775334666712
2021-02-17,1.371930138106292,1.39352300212825,1.6392662993559417,1.156278351548179,1.5277171422302473
2021-02-18,1.3728844274933927,1.3932977944991805,1.640561570449588,1.1569188303545517,1.5278795366773288
2021-02-19,1.37209153647084,1.3927320525050713,1.6394915490735344,1.1565721059894465,1.5272964854205382
2021-02-22,1.3631109337304939,1.3890330400425897,1.6352190600425103,1.153511820949758,1.5264466827742318
2021-02-23,1.3509443729434474,1.3840850621530356,1.642235953575182,1.152274067028316,1.5307585855197607
2021-02-24,1.3402262481572882,1.3796485406257466,1.644361968411708,1.1417447474860438,1.5247311369188363
2021-02-25,1.3416305151682477,1.3773187806575913,1.6461538880600954,1.1387987499193684,1.5219444832412188
2021-02-26,1.3339303340418212,1.3916536720450523,1.666077883922715,1.1405513688542321,1.5183007121955976
2021-03-01,1.3259028646573474,1.3833666738726318,1.6580609018798,1.1342266071865965,1.5078673688069104
2021-03-02,1.350679213726636,1.3966646354026055,1.6869931083779568,1.1466901780037853,1.5350998393505266
2021-03-03,1.3393594888666727,1.3992204731998705,1.6805139400948257,1.144426548506374,1.5285805049196897
2021-03-04,1.350295659947246,1.4038806450632355,1.7032289548614161,1.150531892072254,1.535059622137984
2021-03-05,1.3100510274594221,1.3888202385706923,1.6683213518585878,1.1501702448951907,1.5062519564878425
2021-03-08,1.309471552276066,1.3935258666737569,1.6700165143153625,1.1510296956858472,1.5139468460002266
2021-03-09,1.3274141440147897,1.436973589657031,1.6882698607711806,1.1805801686580875,1.5679019340656284
2021-03-10,1.2839338208487896,1.451904178681789,1.6691330751342055,1.1886058742310222,1.5661954549963075
2021-03-11,1.294056470571396,1.4569285983348654,1.6788569938560538,1.1823236884098307,1.5923934044542687
2021-03-12,1.2352374293112125,1.3750753121494237,1.5764192164156623,1.137591265185997,1.4987084874005563
2021-03-15,1.2860488372338275,1.3535367365711881,1.593615972886369,1.0871777361266686,1.5525475509489068
2021-03-16,1.7233394696932307,1.4968365563898596,1.6388680877949902,1.1361309165766444,1.5988682215695749
2021-03-17,1.8201364040041148,1.6604408843078342,1.8287272246380342,1.1718820004530461,1.6728812553730117
2021-03-18,1.6750061406406385,1.5041097760833377,1.6404604082241923,1.1513638499784566,1.5481980274907157
2021-03-19,1.6741555547494105,1.5042239127667112,1.6404652273419487,1.1511398338003864,1.5479470771839183
2021-03-22,1.7310633547061267,1.5456164615410066,1.8094503072787456,1.2140464177199017,1.574511014601569
2021-03-23,1.755872608863019,1.5917669913945494,1.8771992435861555,1.2609344364366954,1.6092533728836174
2021-03-24,1.3971362011026047,1.4708030896447108,1.7189606556271435,1.2551403189604486,1.5066308340249832
2021-03-25,1.3772935888249895,1.436501838842539,1.6990287323993942,1.2501099293090692,1.5063073301281822
2021-03-26,1.4508543385090944,1.5133699968205467,1.8533073937322833,1.283759600324876,1.5013404049832955
2021-03-29,1.4077939340304477,1.497739576176351,1.8389352522157751,1.2276805934910608,1.4756964054901023
2021-03-30,1.5243088677448355,1.548881099670033,1.9341287851540143,1.2786963983564976,1.5425210026160776
2021-03-31,1.5298044045517407,1.5548783685498748,1.9618245174944404,1.2904806860722318,1.5517312551786788
2021-04-01,1.4624343541475135,1.4472444330249286,1.8455753993650694,1.2398641250038436,1.5417609370165617
2021-04-05,1.50866298333428,1.492571054328177,1.911859801628426,1.266137362037677,1.5934977253177272
2021-04-06,1.490248309942616,1.495566097302071,1.9132317822317566,1.2597169626532765,1.600228017729896
2021-04-07,1.6522664553609998,1.6904231342312614,2.0569648437097214,1.4035677077536148,1.6527524893761882
2021-04-08,1.652203983308867,1.6889714729373704,2.0562767497526515,1.4043866930587539,1.6542980512773513
2021-04-09,1.603197194707142,1.6973217862029757,2.0030324341939147,1.4035117745835421,1.6996915533356993
2021-04-12,1.574291962451228,1.688777398691656,1.9609750746932424,1.3881446719635464,1.6784569176332724
2021-04-13,1.5542251272419934,1.678314373143189,1.9411474920213816,1.3734170567826496,1.6615753797386932
2021-04-14,1.565688963075071,1.6735961129767427,1.9306554728638605,1.3942166943917813,1.6587191373485173
2021-04-15,1.5988755672627049,1.679528903548828,1.969621026537775,1.3712260124366096,1.6511434780158916
2021-04-16,1.6081847860806544,1.6857054147007082,1.9803942189890134,1.377162589872725,1.6570999240381294
2021-04-19,1.6107780574393689,1.6716551115353349,1.9992792085774196,1.3935106136405462,1.6475872886339549
2021-04-20,1.6129076108604279,1.680159881594,2.012922223860139,1.4118075114070754,1.6545199886238715
2021-04-21,1.6589933270682042,1.7106766219687162,2.07982659899134,1.428666395458212,1.6741045014554947
2021-04-22,1.7363699907535337,1.7555411500239024,2.154695981798849,1.4593053490085086,1.7206277207561795
2021-04-23,1.74533734594231,1.7573215308726136,2.159229433917479,1.4574444614430868,1.725791080336343
2021-04-26,1.753430068534067,1.7683560210664517,2.1734924674101896,1.4760169911729502,1.7381848128779995
2021-04-27,1.7764105986383503,1.783820832330665,2.1955928309458055,1.4877105129928494,1.7516312644641945
2021-04-28,1.8023596051924102,1.804573938422178,2.2197783727599223,1.4934245424254027,1.779773166977657
2021-04-29,1.7391465750708681,1.7430725189491485,2.168100219582358,1.4906283159191376,1.7545482929469145
2021-04-30,1.7193499415275366,1.7245670836568698,2.1496302343153713,1.4938708050409601,1.7397124230590908
2021-05-03,1.654621904589334,1.7022089157255222,2.109096244380906,1.469369511787581,1.7124357775666195
2021-05-04,1.6616283379495296,1.7127657250753323,2.115842402549292,1.4751160209826382,1.7198634385695288
2021-05-05,1.673685768931802,1.726077360913513,2.1320246337200524,1.4893948784567588,1.7222781602623651
2021-05-06,1.6647598776689692,1.7156616495282098,2.117168179440329,1.4727661467777395,1.7114332430558512
2021-05-07,1.6633143200058225,1.7143239006981776,2.131639053019719,1.4729279411560516,1.7136429098918866
2021-05-10,1.6408843398315254,1.7043846457010081,2.0883287382538436,1.4484211025747666,1.6960943186795538
2021-05-11,1.64292620892332,1.7049245833132467,2.0881832224800077,1.4514767570586113,1.6968646979894964
2021-05-12,1.6366026273498924,1.695386813114503,2.0726500810206954,1.4454976114969216,1.6647733282175952
2021-05-13,1.6180821117176543,1.664563496919432,2.037983869607887,1.432921084891358,1.6560073727923281
2021-05-14,1.637353436819334,1.6845087905398437,2.063632952325637,1.4354620621637066,1.6608874330462904
2021-05-17,1.6333550793808462,1.6846753520431572,2.06289727022483,1.4401512164241952,1.659833794491623
2021-05-18,1.586797285433815,1.594626248967504,1.9130874059513314,1.348275825493281,1.5820807171370272
2021-05-19,1.5862973698230916,1.6002359173009486,1.9138385911103526,1.3656587844608576,1.5840709314420425
2021-05-20,1.577784360721209,1.5807965171911569,1.8931026413702865,1.342914614778301,1.5592970502434826
2021-05-21,1.5810772746306583,1.5896069818546876,1.90700595062385,1.3494927758555177,1.5775454113409426
2021-05-24,1.5815155246472243,1.5911683752386991,1.9056664912714,1.348326519807008,1.5779290702773223
2021-05-25,1.5324029262351413,1.5481110970788698,1.8513248207825441,1.3075298732238596,1.538686760154054
2021-05-26,1.509047049503673,1.5472680791755495,1.8466557858955495,1.3007927091432985,1.5407294099448459
2021-05-27,1.4990787432975758,1.54434419856331,1.8397432163610024,1.2970026791166676,1.5365696097522168
2021-05-28,1.5045121938431592,1.54688732664756,1.8436405413108028,1.2991028116199104,1.5379790615170466
2021-06-01,1.4985776030834128,1.5439508204890442,1.837933566928295,1.2954386587705005,1.53306109398291
2021-06-02,1.5000391018939916,1.545008929713289,1.8382569813516518,1.2919945075410189,1.535578662880391
2021-06-03,1.4912669174670719,1.5262821913209133,1.8028036062516541,1.2827119633148323,1.5138274569178998
2021-06-04,1.5372968851879456,1.5409735845802854,1.8173249031873955,1.2881393396776948,1.5209358289253385
2021-06-07,1.4743634697984132,1.5270370205072066,1.7833635079061427,1.3195942359305317,1.5467311693537438
2021-06-08,1.4451732387950593,1.5012493528540451,1.733473464761043,1.3009285059891147,1.4848579356174776
2021-06-09,1.4228219349677247,1.482040478236943,1.7122712099317559,1.2846674587617333,1.4634172042638565
2021-06-10,1.4016312812044533,1.464400830242308,1.684546049392287,1.2779470372902457,1.4385282592451218
2021-06-11,1.2196979911451997,1.327690341302857,1.5283419194283747,1.1734203789314162,1.2933998864036471
2021-06-14,1.1539565241983403,1.2825247491066776,1.4529446918505162,1.1392164607738182,1.2646118541645734
2021-06-15,1.1593033720076327,1.28700112828031,1.4635792791539022,1.1387362893644677,1.274741194436965
2021-06-16,1.1591524048101336,1.2830901857357098,1.4574296814519074,1.1514490274874587,1.2849858078925391
2021-06-17,1.1613221431522305,1.2814333729290577,1.4549863051903467,1.1521433986338827,1.2826378055827097
2021-06-18,1.149098911566412,1.265617875575427,1.4352955037016049,1.1465927249075305,1.265911294902041
2021-06-21,1.1369916058164173,1.255259339557348,1.4154714018655552,1.1394244028800886,1.262989610700315
2021-06-22,1.1492408901306348,1.2558341016562815,1.4163045626059358,1.1395157686868729,1.2605021458214734
2021-06-23,1.157981498950197,1.2552701992534328,1.4189222898716685,1.1397553278347146,1.260725589890082
2021-06-24,1.1117381200069405,1.1992754179904883,1.3596329539087237,1.0864269564324258,1.2180895164389423
2021-06-25,1.1119834540563478,1.1934471489385103,1.3448686315492726,1.0818761933429422,1.2101859107948685
2021-06-28,1.0724125348533404,1.179955332903297,1.3214948536770728,1.0749254654172795,1.2033183930720144
2021-06-29,1.0383885190805335,1.1535644318906932,1.2909477961398406,1.028230525800287,1.1704401715070765
2021-06-30,1.0550940136307854,1.1710222860325075,1.309009511844768,1.0475998846155274,1.1873382459903115
2021-07-01,1.06353395928135,1.1791796269653279,1.313944097253696,1.0537945906948605,1.1955581228832897
2021-07-02,1.066268071754519,1.1771665943340537,1.312447133231873,1.0498413016556438,1.1868218631574128
2021-07-06,1.0653119365204888,1.1752886949276247,1.3090349810103472,1.0604111242018617,1.192029770664906
2021-07-07,1.0299385096899558,1.1527847004333653,1.2733142643593016,1.0437591625682103,1.1811386724577886
2021-07-08,1.0267608020508117,1.1564201958765155,1.2776621256077216,1.0454205529394793,1.1775777235459985
2021-07-09,1.0125412114646357,1.1452685609909627,1.2627919343156704,1.0428422257410237,1.1694892353607773
2021-07-12,0.9893792781831711,1.1271558513194102,1.2336746837220829,1.026337192778401,1.1596283791843478
2021-07-13,0.9889342819394887,1.133805374527177,1.2339039986426896,1.0272959456892452,1.1597800071461024
2021-07-14,0.9993908254522008,1.1558050939842064,1.2429456106471546,1.0248242807500598,1.1588633426488681
2021-07-15,0.9461496024842715,1.1211135244657173,1.1957871077527216,1.001513158091608,1.1314036589948933
2021-07-16,0.9421815242773296,1.121511127276126,1.1967660793367065,1.005067165036254,1.1373659734528732
2021-07-19,0.9664892015098558,1.1377582027520832,1.2256237536945056,1.0155043839471725,1.1500653138620704
2021-07-20,1.0210283174364885,1.1723369681364832,1.2714254194817318,1.0552246381867068,1.1818266236568309
2021-07-21,1.0306634641074677,1.176196918433127,1.2791503383759244,1.0618723283801432,1.1901303795974665
2021-07-22,1.0335175509433028,1.178402124546947,1.288893833640168,1.0636882471097258,1.191213384131056
2021-07-23,1.0571501590618286,1.186907143255299,1.3180202448962193,1.0524203025045102,1.2019485585712908
2021-07-26,1.0494884591222584,1.1800364555961784,1.3190571584544857,1.043351343319551,1.1907591734085277
2021-07-27,1.0586708527301252,1.1905614096905115,1.3283615905632464,1.0488949588372694,1.204589838495635
2021-07-28,1.0714923984249356,1.1983106220868047,1.3414983202386679,1.0583972666040602,1.2151411522350193
2021-07-29,1.0910428417255185,1.2092756390693193,1.3607086256608187,1.0718142465321452,1.223959328958071
2021-07-30,1.0966902663127849,1.2109413050413933,1.3645306062943636,1.071061440748594,1.2265780627990848
2021-08-02,1.10367146916794,1.2150991799415147,1.3730374496569147,1.0766854101434518,1.2348922695192388
2021-08-03,1.1019867515133412,1.214313604117559,1.3711489199242437,1.0757824127897506,1.2398762078521002
2021-08-04,1.1043823558187333,1.2212085106237753,1.3760084173453946,1.0854418859061103,1.2475719201789641
2021-08-05,1.1002096888243125,1.2239878646863107,1.375865142652107,1.0832087676899869,1.2475942201314305
2021-08-06,1.0928803652042522,1.2205259696438515,1.3733658254662737,1.082945609676545,1.245313276072369
2021-08-09,1.09485500565729,1.222879294794791,1.3754664073934677,1.0848997061249526,1.2469720479190978
2021-08-10,1.0891864072552078,1.2167991507266487,1.3682545093976042,1.081081023899768,1.2415156657539184
2021-08-11,1.0849424591680064,1.2265153333962928,1.3654727657282446,1.0891039681941737,1.2435192473359298
2021-08-12,1.0990017735122362,1.2456393456863766,1.3814157559562066,1.0972562593936817,1.2602248066903867
2021-08-13,1.0958105371217548,1.2435637322501882,1.3790146073826735,1.0949625241499732,1.2575134720832335
2021-08-16,1.095503073997472,1.2439118784559742,1.379212417714482,1.094775383743235,1.256906055716554
2021-08-17,1.1060290008704992,1.2545890911006565,1.3885585287936442,1.1053356745235186,1.2711460375833177
2021-08-18,1.105796703455747,1.2497427551454396,1.3839165095958792,1.1018121666376535,1.2675193157075617
2021-08-19,1.107797109808271,1.2509220765329678,1.3881098138541168,1.103215913818196,1.2660318579385106
2021-08-20,1.1026581643507982,1.2498630569822569,1.3868088032874706,1.099607299753281,1.265461794438129
2021-08-23,1.1138289198837188,1.2577312027533454,1.3980794398656382,1.1057630279520407,1.2680632130833376
2021-08-24,1.076461697371382,1.2257086738412042,1.3639324337727046,1.0850700867502705,1.2500783386627525
2021-08-25,1.0798974809152657,1.2258050124857462,1.3679806339516625,1.085331992757456,1.250335954040719
2021-08-26,1.0978227080107021,1.2347719452002353,1.3862111378239763,1.1015298295604938,1.267241714045403
2021-08-27,1.0979797002600225,1.2360482099715657,1.3843827098074235,1.1006655732136519,1.2671929778809792
2021-08-30,1.0881254182972229,1.222130267582271,1.3724643324011687,1.0891481960777887,1.2504039891586884
2021-08-31,1.0774928683750413,1.213594513576751,1.3639979182236075,1.0814775411023876,1.240354398142091
2021-09-01,1.080704781133273,1.2197476864837375,1.368976322549167,1.0822065150530713,1.243125280804381
2021-09-02,1.085004703249842,1.2226799420201564,1.3668631567849594,1.0711666426273676,1.2342946806340085
2021-09-03,1.16696398192253,1.3012602007906537,1.4737755904422751,1.1172174372253536,1.3049497090723345
2021-09-07,1.1769004498311983,1.3126217272537384,1.486355698908054,1.1298143968880998,1.313486233216373
2021-09-08,1.2278903709089832,1.4030930080464274,1.5135138712296476,1.2176190980360415,1.3953812133384742
2021-09-09,1.2752256054736981,1.4400002536805019,1.5654161657370436,1.2624237704206622,1.4323735311369055
2021-09-10,1.3185292819420615,1.480450257880867,1.6209230158112697,1.2853282764774827,1.4740701511937369
2021-09-13,1.3193606082057063,1.4815583553668945,1.6210568802599612,1.2863401462348776,1.4745864999375404
2021-09-14,1.3149768508699435,1.4745716724420534,1.626653601184791,1.2811116680096823,1.470712964571213
2021-09-15,1.3172962277974203,1.4691651929173806,1.622887550377379,1.2790598760974878,1.4645705373600637
2021-09-16,1.328220318287041,1.477010137247198,1.6334683666064351,1.288255475058264,1.4701663246677357
2021-09-17,1.325071571451718,1.4677656580585452,1.6315913146111374,1.2660756492410186,1.4578245998721024
2021-09-20,1.2646728745972062,1.4182880607496278,1.5790750274141878,1.2369369303701476,1.4279914980359523
2021-09-21,1.2280126740466075,1.3698358922480465,1.5365969449449641,1.2091063489937786,1.3858399936720434
2021-09-22,1.240885332434438,1.3778217886611832,1.5458166816388734,1.2158194169304668,1.3942021360489327
2021-09-23,1.234987446824281,1.3957364725804489,1.5672786125704938,1.2443507539638472,1.4148497491400172
2021-09-24,1.2365882978503524,1.397646738578267,1.5687095096219652,1.246025207512331,1.4176197426555817
2021-09-27,1.2164386725879262,1.3922570694017018,1.5505583052704557,1.2558733276997682,1.411395025085682
2021-09-28,1.1775023922597794,1.3444119283292697,1.5026613841666665,1.2165020483208138,1.3807626117667529
2021-09-29,1.1643549955784984,1.3385245351082313,1.4912699537337741,1.212569979694099,1.3744307861744938
2021-09-30,1.174232510750394,1.3432630831338703,1.4966310285166078,1.221518999903625,1.3891776631610377
2021-10-01,1.1930863846649982,1.3692297931200759,1.5314239824209699,1.2449180811930225,1.4153599960540122
2021-10-04,1.2161077549171562,1.3821849784474658,1.5388685084472755,1.2422688992168665,1.4201472930337578
2021-10-05,1.2231845678794802,1.3875193225522193,1.5465637421487988,1.2565660497907984,1.4305114695742263
2021-10-06,1.1908373757797863,1.375614819601559,1.5310055183651294,1.2505005652553776,1.4112417642055364
2021-10-07,1.1593713523607119,1.3574298452001143,1.5049840080414343,1.2383700367247776,1.399924742083968
2021-10-08,1.1618670949771568,1.3562283539909303,1.5041289371796207,1.2387564542715928,1.3876582667842245
2021-10-11,1.160762569973105,1.3573420602624071,1.503476693699667,1.2504150907683755,1.3986347923495497
2021-10-12,1.1937815130745153,1.378261103748357,1.5385846285495144,1.2767269025216148,1.4240481517962145
2021-10-13,1.1679266269368027,1.3613922376639116,1.5234902288665866,1.276137535756648,1.4187570409017034
2021-10-14,1.158048365541048,1.3482301265496583,1.509190862334643,1.2661448911927133,1.4139465246120935
2021-10-15,1.1594037801437753,1.3411903860103918,1.5009889116570538,1.2532661349974006,1.4098765838986183
2021-10-18,1.1599250298119608,1.341309912558972,1.4985368698809505,1.2538960979753928,1.4120772462976816
2021-10-19,1.173163124788246,1.3523011191373353,1.543936085269464,1.269298729552102,1.4298026222018048
2021-10-20,1.1700907057783319,1.3493499296953697,1.540576149140135,1.2683813861679278,1.4292822665924634
2021-10-21,1.1708517623090704,1.3471882551202037,1.539679371545748,1.2659659892193849,1.4269401358018947
2021-10-22,1.1696035108597982,1.3336282513652808,1.5297849205438703,1.2572169267372195,1.4284606866954628
2021-10-25,1.1747379657632335,1.3301833393352696,1.5255764143272188,1.2529530145249776,1.4248511988598047
2021-10-26,1.1262319921817914,1.2896052200982262,1.478361871685152,1.2352984649423138,1.3732861452723797
2021-10-27,1.1187095666839189,1.2838447384532656,1.4754032738490348,1.2339257674162942,1.3741923746313705
2021-10-28,1.1435630322592671,1.3001600874185628,1.4807988255487616,1.2312781567515756,1.368998076687399
2021-10-29,1.139930351855489,1.2866351375881555,1.4726405001990996,1.2172845539557873,1.3600840890277264
2021-11-01,1.1564261374227742,1.2946442697391116,1.4914012013169926,1.2271828333897599,1.3937263510508373
2021-11-02,1.1695276219667976,1.3108273071349226,1.5017725313890156,1.2513988281537474,1.3953547569940172
2021-11-03,1.196289757497268,1.3151353010408982,1.525724762364735,1.2628485810244947,1.418566137223978
2021-11-04,1.2629699700926118,1.3736575237147468,1.599102404259108,1.2952959372115473,1.4872169443727399
2021-11-05,1.2368755561064855,1.3550443160903092,1.5733453103255683,1.267865696171796,1.486897384279339
2021-11-08,1.2351124380390568,1.3531648201288327,1.5713350090498255,1.2658759870120417,1.4848377416858751
2021-11-09,1.1304401171689091,1.2345697436775132,1.4393883326760735,1.204489613354905,1.3441681753653667
2021-11-10,1.133860426775081,1.2412415194043596,1.4392083372626447,1.2170643103916305,1.3497513503499188
2021-11-11,1.1503885977803834,1.2684475228640189,1.4604569127216276,1.236308167693614,1.3655785809325929
2021-11-12,1.1138076984739054,1.2480939541580678,1.4217896324587318,1.2139228116717131,1.3302909975729293
2021-11-15,1.0912727381512952,1.2098576137537724,1.38753969055349,1.1864242250056336,1.299892550277035
2021-11-16,1.0618500011764758,1.1810167013675907,1.3544216948789536,1.1601198784808164,1.2611009410581533
2021-11-17,1.0601639312392834,1.180564914010022,1.354883020841316,1.164247766698483,1.2679899563257147
2021-11-18,1.069555598535473,1.199328632657483,1.3758367603571067,1.1730595415741305,1.2843807873652782
2021-11-19,1.0708135589662184,1.2017803306462889,1.3826040934093817,1.1689103302766046,1.2804540307730594
2021-11-22,1.0573003493012099,1.193571778248563,1.3704804927410925,1.1608650518276966,1.2738723503393214
2021-11-23,1.031633908213634,1.1803792049380701,1.3643044913763867,1.15320053481391,1.261813566527522
2021-11-24,0.9499100717565879,1.1314675669750083,1.2811063203310695,1.1387112511897175,1.2254499012794389
2021-11-26,1.0594671442710049,1.2237411355850558,1.3906855691197695,1.1660588234793732,1.2858004718551133
2021-11-29,1.049084725379856,1.211326734155982,1.3849058586885121,1.1504667252742364,1.2770442071326713
2021-11-30,1.0062993140059728,1.1740060470273752,1.3560446060192122,1.1142907022249506,1.2641571628999746
2021-12-01,1.0621592927546981,1.2338110232635757,1.408507827865532,1.130829288989827,1.2982494521757237
2021-12-02,1.1097722699327455,1.3027108171729311,1.4495059557762642,1.1771708404242234,1.3459669525515616
2021-12-03,1.1390134120646682,1.3097166245788725,1.4616566019499855,1.1854540337112291,1.3526646557191466
2021-12-06,1.1805968757756429,1.3539929039542293,1.5215855433475667,1.2036931234873822,1.3779161314114767
2021-12-07,1.1580148117611477,1.318436089802813,1.468629989023002,1.166454614236475,1.3309915149616374
2021-12-08,1.1571148760541907,1.3206053408307443,1.4734480038524673,1.1681901928749794,1.3333673963796127
2021-12-09,1.1454402653883287,1.3242605824441833,1.4727658588027446,1.1688197535353197,1.3291575089741445
2021-12-10,1.1406407971916193,1.3153308586813441,1.4647690955465063,1.1460063175584227,1.327440344676804
2021-12-13,1.1576214373253078,1.326001613694486,1.485167369566414,1.1585248670615964,1.3324580250787583
2021-12-14,1.1543371184608084,1.3191638437058333,1.4746886464947349,1.1544078345412616,1.3247999052356416
2021-12-15,1.1400110309223528,1.2942736962386248,1.4597522394954388,1.1274229326890184,1.3001068771898585
2021-12-16,1.1506320623533481,1.3004811095918665,1.473295375298372,1.1297658890356757,1.3056203171630085
2021-12-17,1.1253621422309597,1.2757281209839035,1.45055468748071,1.1150048614899812,1.2825285375112472
2021-12-20,1.0982216179852011,1.267630761110024,1.4277867135252769,1.110383840224065,1.2848685246394227
2021-12-21,1.121124413662856,1.3039067320671374,1.470548602230039,1.1307608659614,1.3195347740798207
2021-12-22,1.1133981497918666,1.3017037686352038,1.46758287846169,1.1275228602673637,1.3151044471017166
2021-12-23,1.1115373522609724,1.3012079979010605,1.4674097645617992,1.1317258843074802,1.3180806106150424
2021-12-27,1.0987706822913241,1.2847100611848,1.4511252836225002,1.1205517555967939,1.2979799650050132
2021-12-28,1.0890678852713924,1.2823016411774226,1.447396092022007,1.1240782354721768,1.298790902477602
2021-12-29,1.0869246674190531,1.2822651555394375,1.447114229714175,1.1247755283581287,1.2973891333424068
2021-12-30,1.0855715357506945,1.281611236017402,1.4470638776332208,1.1206139164474331,1.2968464421090766
2021-12-31,1.0931473284677038,1.28379270485094,1.4567494116751454,1.1191644558457179,1.3006485718957617
2022-01-03,1.0811738952300272,1.2746448834281334,1.4509859144804886,1.1100987275856216,1.2790625157344624
2022-01-04,1.0756130197157698,1.269202526825086,1.4377536924978518,1.1063121039776416,1.2751760065140987
2022-01-05,1.0726313252460709,1.243860816327338,1.417223672902065,1.092086517988631,1.2520487506688218
2022-01-06,1.0940173774650404,1.2617338377179816,1.4323153110485698,1.0943625147252187,1.2705472773306064
2022-01-07,1.0883006701543456,1.2532731322588528,1.4250723101088714,1.086806633422009,1.265281274957045
2022-01-10,1.0906750023517275,1.25291715291209,1.4251552612195308,1.0950614341121652,1.2634428398038147
2022-01-11,1.0927040563153505,1.255910605941674,1.423862618102453,1.0976852784134379,1.2672907155489441
2022-01-12,1.0888114024231206,1.2539397858381185,1.4222240218038271,1.0965657587387558,1.265388806318718
2022-01-13,1.0528463743339835,1.2278415124880728,1.3867022399381144,1.0772628537220346,1.2469652987225692
2022-01-14,1.0377795779310168,1.2159848754235407,1.3676643242209763,1.0600261948574525,1.2366467881960619
2022-01-18,1.0503980683188292,1.2126676671887626,1.3630675653715703,1.0489321152497835,1.2235046518806523
2022-01-19,1.0662461723729473,1.2031680519141792,1.377212746898017,1.0449544629526972,1.2190013385753256
2022-01-20,1.0800494891393084,1.1934743778105361,1.3904019529462632,1.0380010364350993,1.2165354597280824
2022-01-21,1.0878799996215158,1.1919953069567806,1.3901783722670806,1.0379898859704335,1.2255887991638932
2022-01-24,1.0937472788676808,1.1972819152599676,1.3965643242174468,1.0472357400912038,1.2284089587317613
2022-01-25,1.082990162290522,1.1726916740737834,1.380224664070637,1.0387480065380084,1.204101049470263
2022-01-26,1.2200045048002053,1.184664510680623,1.4187085427694093,1.0237765981346523,1.1627792059790591
2022-01-27,1.1885556239259423,1.1718185943517114,1.4070004758387913,1.0276657626438401,1.1462921412192628
2022-01-28,1.1045384571538814,1.0956969903801201,1.3212271997369909,1.0043095357963245,1.0824327535866758
2022-01-31,1.17163874152754,1.1326091253202244,1.366515248418164,1.0262340980710536,1.106943633284583
2022-02-01,1.2005459812178791,1.1290904249997011,1.3695737854724126,1.0237107221217316,1.10484920954849
2022-02-02,1.1988104995230422,1.1240839916485847,1.3648313995781225,1.0088176572972742,1.0952078439894408
2022-02-03,1.205424310439997,1.1038961956284155,1.3562944757599278,0.9747338241862649,1.0723202349527987
2022-02-04,1.2056100499610316,1.1032415314523705,1.3556509325312538,0.9721530655158286,1.0740491573952222
2022-02-07,1.184294031639838,1.0803623344201616,1.3304834555336829,0.9526506302961798,1.0485051103616267
2022-02-08,1.2030928256425713,1.092996098273575,1.3471968354451973,0.9623434445596776,1.060952373908518
2022-02-09,1.2107113149393058,1.1046389043894724,1.3674540159479018,0.9682444228570373,1.0637155140815324
2022-02-10,1.192615249426125,1.0839419242008743,1.3365459962030846,0.9602353903478468,1.0431811134769642
2022-02-11,1.2282363738185615,1.0971648213898013,1.3567262063310943,0.9634039802069074,1.0549983096548141
2022-02-14,1.2319270560657984,1.1005209321584002,1.3590826872438402,0.9642947705943278,1.0567989090668322
2022-02-15,1.282137460980813,1.13536867483458,1.4032414185653452,0.9869972438667473,1.0848297938377585
2022-02-16,1.2795211721312638,1.136582794877188,1.3983814792348643,0.9859397774197922,1.0858882832294163
2022-02-17,1.2912727189753321,1.1403790682842319,1.4145641108849523,0.9883160331419628,1.0908108271621295
2022-02-18,1.3392687515608308,1.1645503882448405,1.4375302502430578,1.0082485175384308,1.1014956652512449
2022-02-22,1.3442928616806171,1.16920108097657,1.4411412370108554,1.0046625455079201,1.1020520505965377
2022-02-23,1.340415864664052,1.1789876507351444,1.4279467296497466,1.0005842700173864,1.1137151076649943
2022-02-24,1.3272462847100714,1.171909828603636,1.3878895822522155,1.007304063364504,1.1066737831965698
2022-02-25,1.3321182900943278,1.1777458754986347,1.4072402967268622,1.0053673108366872,1.1072192509555
2022-02-28,1.3574415850921824,1.214011262227542,1.4374171640417013,1.0390904959869445,1.1459436314804965
2022-03-01,1.3950265195350096,1.2503390329320054,1.4696856497778237,1.061487387301108,1.1938649233154681
2022-03-02,1.4156548417864083,1.2547956145819372,1.4915470724193973,1.0644656892979798,1.1978741042520828
2022-03-03,1.4095816369086487,1.2559715837505547,1.4854369889926862,1.05670016374828,1.1996152045247372
2022-03-04,1.4927555942896564,1.31064638812685,1.5712843155005973,1.0653755366520694,1.2298155172125074
2022-03-07,1.6192401892510755,1.4529608510712102,1.7447997250709522,1.1629782926116496,1.3537186342831182
2022-03-08,1.6028645780514397,1.4496828651919231,1.7488868496046912,1.1660449819480747,1.3448418461394136
2022-03-09,1.625503744571032,1.466398487976458,1.797051043566868,1.18088968603403,1.358497504530548
2022-03-10,1.6231297979828394,1.4669184135463325,1.7989539138476998,1.1821705839272167,1.364862543409459
2022-03-11,1.6142440844200585,1.4618061190168916,1.7872458648455611,1.1816725528219751,1.3555850495893047
2022-03-14,1.5841641978305316,1.4526860132459456,1.7599286654062276,1.1757449707471552,1.3314668473052769
2022-03-15,1.6434491317892312,1.5085294263686295,1.8153249282689026,1.1993720840972752,1.3459549112980598
2022-03-16,1.6634537401606027,1.5336959325830617,1.8488315105552473,1.1972319803808882,1.3700330095568463
2022-03-17,1.6612581112531548,1.5265289312308423,1.8422524954531694,1.1895834239448804,1.3477081411342335
2022-03-18,1.6611609554005577,1.52623402534705,1.8448737677763736,1.190051152911925,1.3497915531614064
2022-03-21,1.6820420274054333,1.5386397669056864,1.8642243339139581,1.2018886789037453,1.364646306673809
2022-03-22,1.6682296853453766,1.5292127988529611,1.8507927138708204,1.1912348213498536,1.352932771674963
2022-03-23,1.664180120838738,1.5310647971829332,1.8451499827343039,1.185811427445857,1.347171215964996
2022-03-24,1.6613170178645353,1.5304446855008578,1.8404549294916168,1.1837593846102012,1.3501405861825355
2022-03-25,1.6761610364905406,1.5392512881471776,1.850742659671255,1.1809355408976276,1.3628418888725684
2022-03-28,1.6782919365541593,1.5395635885052115,1.8515922329186234,1.17909527982656,1.3585321548054303
2022-03-29,1.7036068488057854,1.552549979066843,1.8687481004733244,1.1863269380145693,1.3677010679686286
2022-03-30,1.703800078140494,1.5532221386199851,1.8659340350223372,1.1843771004170431,1.3688921280756388
2022-03-31,1.684075240840189,1.5323087550912102,1.8424493091851464,1.1696516153101124,1.3570923383666131
2022-04-01,1.6881429808652493,1.5259908939838307,1.8404573490335059,1.162141636229584,1.3537165803675708
2022-04-04,1.6830280057488167,1.524178969895803,1.8336193648719117,1.1603458321796758,1.3470685713723263
2022-04-05,1.6823368566118084,1.5182341301359972,1.8295764392339953,1.1601605794359475,1.3396791639257553
2022-04-06,1.6892911360065743,1.5303330066433254,1.8392401749861178,1.1701574673605304,1.347919171079534
2022-04-07,1.6874670165368248,1.5328003730508755,1.8432049873127443,1.1652417043621672,1.3434843103493646
2022-04-08,1.6894991536714477,1.5334646501316176,1.8436280780307912,1.1682880932316417,1.3456132246152301
2022-04-11,1.6505253906401018,1.4829435556160535,1.8091359675470067,1.1246933624295514,1.3209087493067
2022-04-12,1.6472594998188457,1.4805534658674304,1.808399121326037,1.12319567089576,1.3194566971914505
2022-04-13,1.703235645782498,1.5229416313100739,1.8413343789401015,1.160153498132627,1.3516285317746346
2022-04-14,1.6907611389566986,1.4947696168450746,1.8293288193137538,1.1441629175550685,1.3336522745815333
2022-04-18,1.6876930309661062,1.4941248563761989,1.8278714391045052,1.1443684259378808,1.3334820483170333
2022-04-19,1.6942340437717434,1.4841618387869597,1.8153293202463439,1.1401611989270757,1.3308836938599162
2022-04-20,1.688160829252761,1.4777750304143231,1.8088712413649188,1.129352965192097,1.3236608544458577
2022-04-21,1.6339478020608416,1.4409193178082107,1.7290702353454332,1.1008732312515546,1.3030668868964206
2022-04-22,1.5684772688047746,1.4171214069140976,1.6495298797402027,1.1027871466990185,1.2957528547998651
2022-04-25,1.5607395117201355,1.411753009902133,1.6458014418704687,1.098937686535929,1.2935422286999367
2022-04-26,1.57850085996378,1.400491771442788,1.6455491872905144,1.0959721819882569,1.3023040385523694
2022-04-27,1.5791826667638271,1.4033103216703409,1.64828253920069,1.0978817684063953,1.3027921294219322
2022-04-28,1.5707601590022449,1.3987652504750545,1.6392048997366182,1.0915774148334896,1.2958437623952757
2022-04-29,1.5444202168369987,1.3726177793839625,1.5961639647161394,1.0431362246148217,1.261153142131666
2022-05-02,1.5392743957528383,1.3697139548733834,1.5927993232719664,1.041925567815267,1.2547903381803165
2022-05-03,1.539913092356188,1.3636560761419092,1.5906569552181284,1.0405805794507168,1.2486318397004414
2022-05-04,1.5165684046067036,1.330442929460798,1.5481543461394276,1.0257371831595323,1.2166394077050326
2022-05-05,1.5220024554699263,1.3248874119022451,1.55619115848508,1.0095496890379914,1.2185362951837715
2022-05-06,1.5246894921381784,1.324621922361559,1.555001482181676,1.009619360176271,1.2193736840772715
2022-05-09,1.568821965114245,1.350674447397949,1.5977895500076877,1.0293325582940966,1.2400566498641212
2022-05-10,1.5682911615040824,1.3489945151572182,1.5959581517512993,1.0259581672217388,1.2369091317446177
2022-05-11,1.571436814495678,1.3449843756233046,1.5951242354313608,1.0332628788446456,1.2559434658173523
2022-05-12,1.5709988112655373,1.34360042539482,1.592705697671306,1.0262202800362241,1.247250138587212
2022-05-13,1.5811483367042178,1.3373341115222939,1.580887205087008,1.0068195964878457,1.240584885205866
2022-05-16,1.584437614771122,1.338243265594972,1.581465735884213,1.0055422768614442,1.2439549835500652
2022-05-17,1.622192625095293,1.3688866018538148,1.6167538292937202,1.0255865036662308,1.261786368434246
2022-05-18,1.6027322223152367,1.3414814764705516,1.5961592582983175,0.9943142524894533,1.2326356734250865
2022-05-19,1.613729156350622,1.3506864540315064,1.6062853161965804,1.0019338803581117,1.238946989763825
2022-05-20,1.6131996778272324,1.3503253503929784,1.6061175438888158,1.0016554512762592,1.2386281434234916
2022-05-23,1.6126169555695504,1.346425586026424,1.6052143149472655,1.001080001041907,1.2282285218340134
2022-05-24,1.6281890468063471,1.3587018757317462,1.6204166133573723,1.0081339873133122,1.2365283251658814
2022-05-25,1.6340347918799234,1.3648651241633734,1.6257569153003295,1.0101403676712575,1.2386013846411121
2022-05-26,1.6567287578933962,1.3838675254322341,1.6487521529293938,1.0355247225571402,1.250960461759894
2022-05-27,1.6660525571741214,1.384801818749184,1.6576234587331093,1.0308135760820147,1.2505306548846133
2022-05-31,1.6673596440298981,1.3856885260849332,1.6594409811172814,1.0294184348937636,1.249923053413484
2022-06-01,1.6697155226304379,1.3956291765093216,1.6667220203116921,1.0367405185080072,1.2569770128926656
2022-06-02,1.654643484026265,1.383849369808109,1.6483445290232988,1.0271104254876386,1.2506805382981232
2022-06-03,1.6865273182860812,1.394637986934505,1.6569432946411216,1.027383200726577,1.2274248982523104
2022-06-06,1.6866235049672447,1.3954779857866222,1.657455235024089,1.0283006943278041,1.2272174833441514
2022-06-07,1.6891367169397267,1.3970586632359707,1.6637911273322723,1.0286287839640786,1.2268569530417945
2022-06-08,1.6928193717957514,1.4040415079869724,1.6704518834803386,1.035376092093302,1.2299163486749054
2022-06-09,1.6966176503505601,1.4088467389557315,1.6754813620019988,1.0416457698006782,1.2405924275116718
2022-06-10,1.6957335446822295,1.4112675128358791,1.664717896139771,1.0532498189638877,1.2467965344327403
2022-06-13,1.7277785104362993,1.4422641667293843,1.7042569979101891,1.0763199349848052,1.270249423675473
2022-06-14,1.7291628250456323,1.4435855892778138,1.703731749723969,1.076790476415997,1.270542888721829
2022-06-15,1.7326124036148673,1.4441614499797804,1.7061445100827404,1.0710637423710336,1.2696940039874935
2022-06-16,1.7570276494730503,1.466910862191593,1.728075594633335,1.0918880353120426,1.28508463409556
2022-06-17,1.7707874976802949,1.4784895393437052,1.7434852394002216,1.096204579447898,1.298185456822086
2022-06-21,1.7532568095713597,1.4501413044730496,1.7223635930331616,1.0703561648877136,1.274695055900125
2022-06-22,1.7564657118375742,1.452443467854048,1.7247034684810214,1.0719794687296713,1.2774305920479911
2022-06-23,1.7498261763828276,1.4449303032873697,1.7137415473658557,1.0711622100846034,1.271171679342654
2022-06-24,1.7635749144012807,1.455909311862139,1.7351508276428644,1.087343273410979,1.2820644943046857
2022-06-27,1.7662116190706139,1.4590494723625487,1.7390174306280366,1.0891555907831114,1.2845947336785877
2022-06-28,1.7519312583428641,1.4471749693100298,1.7254908897944916,1.0834764491531237,1.2735493741497081
2022-06-29,1.7526606846674095,1.4475685659566657,1.7260579699300098,1.0837356761827868,1.2740871756301535
2022-06-30,1.7548409656859252,1.44933777688406,1.7246163175323146,1.0820598183297747,1.27389886692754
2022-07-01,1.758965371186868,1.4482829747407668,1.726749775743399,1.0824061293893723,1.2762963294520049
2022-07-05,1.7649595520298227,1.451230129179081,1.731224290161897,1.0842571952980642,1.2809233448579587
2022-07-06,1.763826763029369,1.4492534258059628,1.7290784712883762,1.0826736804780297,1.2786874134499366
2022-07-07,1.7634161490176223,1.4480748280021407,1.722190413662082,1.0831873861908239,1.273562321437439
2022-07-08,1.7668270470966556,1.448392196260897,1.7225389787564827,1.0843367143930476,1.2763067927254732
2022-07-11,1.769634779731034,1.446184650168026,1.7224226241885592,1.0737103743148897,1.27169022459781
2022-07-12,1.745791044485598,1.4308913984828469,1.703459348100134,1.061685711038962,1.2613288330841836
2022-07-13,1.7459510122585251,1.4331063489255933,1.70067799389555,1.0584247175070411,1.2598041020978765
2022-07-14,1.7446232479528596,1.4336545254698383,1.7010472901936358,1.0583865380071367,1.260328485466922
2022-07-15,1.7358274397315745,1.4273037118896625,1.6967060132492597,1.062950034716543,1.2545669160532118
2022-07-18,1.728455086065053,1.4143302916797682,1.686907272495334,1.0541620262850842,1.245769348810865
2022-07-19,1.7199948725387486,1.4142577608097993,1.6810959123469285,1.056595710611024,1.2386990527527766
2022-07-20,1.69745694804141,1.4017356833615366,1.6652984303352534,1.0392105999033936,1.2280147998006608
2022-07-21,1.6683763563473486,1.3886479941665038,1.629661275870134,1.0276762741426668,1.2178127229537474
2022-07-22,1.671916360229723,1.3908722697977813,1.6332629709914015,1.031065402855395,1.2171633065897307
2022-07-25,1.6758854946256336,1.3987044245873466,1.6398711596775877,1.0370581572490591,1.2198980157039243
2022-07-26,1.6740689081440547,1.3989913491917632,1.6396536346930952,1.039293613288603,1.2218007581423471
2022-07-27,1.6704110656166786,1.3928434441559703,1.6311979062281465,1.0404623407777653,1.2213959669434675
2022-07-28,1.6596209422054176,1.3895694447698952,1.6277276908872187,1.0168977613720591,1.2184563626312803
2022-07-29,1.6528887089867978,1.3843777267165982,1.6215477186142178,1.0124144540297446,1.2168272183366373
2022-08-01,1.64641215909517,1.3802807705543454,1.6162196629901395,1.0101873451809256,1.2142913362236738
2022-08-02,1.64647844993346,1.38042107711773,1.6159585032808885,1.0112466800422235,1.2145809073145977
2022-08-03,1.6558751175824393,1.3898827952818649,1.6211850765219669,1.0172539863578023,1.223034458073017
2022-08-04,1.6537250354578539,1.386509380892015,1.6189558088909108,1.0139682114087172,1.219625712696871
2022-08-05,1.643869543861572,1.3816014304052486,1.6145515622354103,1.0098659637544873,1.2144991400027325
2022-08-08,1.6432084572347234,1.3806899857221988,1.6137299907347282,1.0094649697935956,1.2141630679444209
2022-08-09,1.6446866567835292,1.3812577560976218,1.614787071933278,1.0104813060671813,1.2155275415247602
2022-08-10,1.6425185821260564,1.3767318707141623,1.608825971647072,1.011572930427303,1.2117159268551991
2022-08-11,1.6418814682896596,1.3756690190810572,1.60838574524235,1.010801276085427,1.210835827853062
2022-08-12,1.6409427012872075,1.3744142549184752,1.6062498645399494,1.010625468146883,1.213738898437926
2022-08-15,1.6421987752025435,1.3760635031649777,1.60770937527163,1.0112740119676213,1.216358568914494
2022-08-16,1.6430028019181109,1.3765284563616502,1.6085047323315487,1.0119110517969265,1.2164549579469122
2022-08-17,1.6452496899343803,1.3756284256083888,1.6103717012444003,1.011376127330788,1.216078706635612
2022-08-18,1.6464887264216117,1.3782952283695888,1.613354340139888,1.0127690350424055,1.2178250183951755
2022-08-19,1.6544825240141232,1.3845382140694604,1.620113401973682,1.0179644918737512,1.2215977594530976
2022-08-22,1.6580317314203352,1.3843500629281877,1.6205230462196496,1.0144880138827304,1.223024501319104
2022-08-23,1.6534596897355123,1.3799354245620856,1.6153922670084486,1.010118467080473,1.2215881941901463
2022-08-24,1.652582981368784,1.3793476476965898,1.6146753553802404,1.0088714295243675,1.2215130720838405
2022-08-25,1.6545105217181864,1.3788547505903899,1.6145864849900569,1.0105895461312238,1.2213091307044246
2022-08-26,1.6471218335376479,1.3719528759661117,1.6064202669634733,1.0025347974434469,1.2110238227132482
2022-08-29,1.6475189122221292,1.3721771129229876,1.606943009747188,1.0010733862883636,1.2090115790973361
2022-08-30,1.6507734956707882,1.375647833595153,1.6080562997506278,1.003779619947975,1.2078243943436662
2022-08-31,1.6534565495852633,1.377668378682373,1.6106990151747964,1.0050066376902056,1.2113904043529964
2022-09-01,1.653029341148404,1.3774161362312771,1.6108354633786268,1.0047428050163834,1.211395211833981
2022-09-02,1.6477847987098304,1.3746877512955833,1.6055726207631722,1.0016339918198534,1.208209220947927
2022-09-06,1.6460488163899312,1.3737466079785319,1.6024807366610945,1.0013772482217564,1.20741871010674
2022-09-07,1.6558053266717354,1.3778200674638923,1.614093885721985,1.0056950690926325,1.2194222375398671
2022-09-08,1.6545706720550493,1.3755942726634676,1.613102820812565,1.0040762619329975,1.2166477571468288
2022-09-09,1.6570162524526275,1.3777583040116246,1.6101923075003601,1.0078392846318496,1.220088968684153
2022-09-12,1.6492669970155849,1.372508270624314,1.5995381219728941,1.0046663097571285,1.2137998163527575
2022-09-13,1.6324336190993216,1.3556378936278748,1.5690337419911669,0.9935397760135444,1.2010158210474497
2022-09-14,1.634566901637345,1.3565408324070556,1.5684756766510752,0.9935826349949011,1.2017245124720066
2022-09-15,1.6270917572003696,1.3497267441388034,1.5641954026653566,0.9976255923806269,1.198717236245143
2022-09-16,1.631504516482817,1.353994661082489,1.5684719850541928,1.0058090556553865,1.2039024932911289
2022-09-19,1.6367233866960211,1.3586953401466872,1.5751416023943228,1.0122304492240777,1.2097904985390513
2022-09-20,1.6564393388670053,1.370088351372583,1.5889289265909852,1.0242306083351642,1.2161271505448648
2022-09-21,1.6647434516540347,1.3789189159620006,1.5983139238274462,1.0274193243582754,1.222928155909725
2022-09-22,1.6640683305671846,1.3797446790917445,1.6013893429222053,1.026751328298231,1.22477005773802
2022-09-23,1.668162627299512,1.3804825248647434,1.600758006091556,1.0246159748342303,1.2195052726312774
2022-09-26,1.6694233835333807,1.3835425179820242,1.6034100716732052,1.0261230725087158,1.2258009654479112
2022-09-27,1.668248184625912,1.383162138647644,1.602553713997888,1.0260921399384466,1.2259493780766548
2022-09-28,1.684610039996058,1.3950734438302348,1.6132871812527356,1.0403504770752547,1.2405114967668331
2022-09-29,1.68708942726548,1.397824551356515,1.6116936505754103,1.0414498845713753,1.2425996880515042
2022-09-30,1.6836023597420513,1.3951683254556415,1.6066159125284327,1.0421866659859138,1.232717815951266
2022-10-03,1.6444315352357555,1.366305440467669,1.5723188534016774,1.0226689614990268,1.21355373844464
2022-10-04,1.6701712199020533,1.3982794771681568,1.5955117919850323,1.0506450077670486,1.2376044424126535
2022-10-05,1.673066308897606,1.4025798719564733,1.600646162502311,1.0552007464944728,1.2418698998810693
2022-10-06,1.676287313831028,1.4009204198542964,1.6017272874677255,1.0558210011641966,1.2413771058445269
2022-10-07,1.680011426686346,1.4049437067472934,1.5995779539289896,1.0531147425248655,1.2389808060536733
2022-10-10,1.679621450976339,1.4031522107067111,1.59634665571426,1.0527654451671695,1.238533047637821
2022-10-11,1.678420302518726,1.4051682546499658,1.5976806336685032,1.048390470313442,1.2370776934014567
2022-10-12,1.6766330466418027,1.4046516726781515,1.597438024262046,1.048339350078632,1.23632543548104
2022-10-13,1.671044009826371,1.4114763216167254,1.5965327893623358,1.0500060312867132,1.2302884114608874
2022-10-14,1.6615523851277256,1.394182010819416,1.589082916283274,1.0387227668574366,1.222858335356724
2022-10-17,1.64237312699777,1.3790588420286665,1.5787083002064568,1.0295433614064637,1.2038986547967012
2022-10-18,1.6476364492064206,1.3833904514636342,1.5833244278394998,1.0321152726267853,1.2058812749246988
2022-10-19,1.6481591223991838,1.3848319474182564,1.5811204134141537,1.0342738922288273,1.2090821857211267
2022-10-20,1.6524762671445246,1.3857303906955174,1.5806439288688072,1.034424329545766,1.2145204445654951
2022-10-21,1.641124083135919,1.375882216469928,1.5780697611203653,1.028070966518909,1.2153828602835521
2022-10-24,1.6427946669423037,1.3766949107498463,1.581815631539299,1.0295463027528342,1.2207646213526597
2022-10-25,1.6392392976039076,1.377107538863117,1.5802058212505155,1.03383704983788,1.2212065850456786
2022-10-26,1.6401594377158182,1.3757094469741071,1.5792200641741763,1.0336521886206018,1.2215491027401244
2022-10-27,1.6387234967486375,1.3737951705234295,1.576291281832476,1.0294490082521341,1.2183545959116546
2022-10-28,1.6231905516738763,1.3685872314148437,1.5686799405695482,1.0296476564308419,1.2189984208824525
2022-10-31,1.6202545940251547,1.3703043461849334,1.5693250057828751,1.0283042241410132,1.218020244707291
2022-11-01,1.6189857198084243,1.369273175599502,1.5680180381697424,1.025188705841105,1.2161191645244367
2022-11-02,1.618008102381876,1.3756941219509242,1.5678864544462303,1.0194989898373263,1.2129982870049394
2022-11-03,1.6092666941819216,1.3722021332315977,1.5644114793378454,1.0146834390706607,1.20719546762381
2022-11-04,1.611251077831181,1.3747639011220893,1.5698843925417663,1.0127986236544224,1.209724097033001
2022-11-07,1.6071329035571518,1.3698850472985507,1.5624739997904216,1.0079513798213648,1.20360332737554
2022-11-08,1.6051034480933193,1.3696161712856594,1.5597181905481985,1.0079755974026532,1.2033198453251495
2022-11-09,1.6001929019770076,1.3608735653719,1.5465391704309064,1.002358600696595,1.2015586306708474
2022-11-10,1.5785759598807587,1.3459494331044741,1.5072658942954793,0.9894062249752126,1.1950335980401132
2022-11-11,1.5754673541157107,1.3434556024392328,1.5062058841705828,0.9858470190814966,1.1943163100923289
2022-11-14,1.5839174929581294,1.3502446157981105,1.512441382486418,0.9897345490217234,1.1999381819284365
2022-11-15,1.5810325066122244,1.349297549039385,1.5101638493924014,0.9919268634387415,1.2002676372852252
2022-11-16,1.5862669379666579,1.353709567477915,1.5134289550019446,0.9957410241150615,1.2051084454925005
2022-11-17,1.5866550170231426,1.3534501829771204,1.5130856618060593,0.9959649594032911,1.2046359588799185
2022-11-18,1.5886148909175435,1.355247259985756,1.5157832608607373,0.9983852400806865,1.2072146872983314
2022-11-21,1.5890162154079224,1.3551910093032202,1.5154451818728867,0.9989598935049316,1.2075658664072004
2022-11-22,1.587016590647953,1.350890536694869,1.5107193953955493,0.999314763990293,1.2021738392495356
2022-11-23,1.5898195225099254,1.350980714406219,1.5101368378474715,1.0005061361714958,1.2024746132216835
2022-11-25,1.5901038881603469,1.3510480994019338,1.510432439394769,1.0006917220670213,1.2025269673541945
2022-11-28,1.575805128941761,1.3344021800808168,1.488787574232318,0.9929281013813736,1.189105075597551
2022-11-29,1.579738775855166,1.3385276933293189,1.4912877436227983,0.997292371041127,1.192016053109676
2022-11-30,1.5725465284037734,1.3349404656765238,1.4777849264247644,0.994471885325711,1.1821874139565267
2022-12-01,1.561095201273167,1.3237530623007063,1.466498636944066,0.9886653079262373,1.1757442856580524
2022-12-02,1.5487376876104353,1.3042920644096065,1.4551033466171537,0.9752299268612458,1.1621701628132812
2022-12-05,1.5325609837339016,1.2956209172080366,1.4376894235616837,0.9696607582816995,1.154504538214287
2022-12-06,1.510885321877426,1.2812476260900503,1.414623788757182,0.96157588113445,1.1468333016658805
2022-12-07,1.5244107564218774,1.293100574042186,1.431550113038896,0.9727010117154415,1.1585582079826988
2022-12-08,1.5223749306281724,1.2871935461399748,1.4235705154228944,0.9704407414697634,1.1554892544001674
2022-12-09,1.5222044430078707,1.2849490190734856,1.4207253932729071,0.9646295895027978,1.1539043936005813
2022-12-12,1.532966113758754,1.29101375082505,1.42631899468204,0.9753194901471234,1.1574951243407825
2022-12-13,1.51881642425126,1.2806136192731246,1.4090658998349321,0.9661052789241237,1.1523764061353725
2022-12-14,1.5184517076245845,1.2768359551923114,1.410931607580059,0.964530873726769,1.1510917855288108
2022-12-15,1.5216270012195272,1.2821302475307612,1.4186962549390074,0.9694039366536605,1.1621746619667452
2022-12-16,1.5179590640295104,1.27853318795082,1.4129519390559249,0.966440207507846,1.1558872835696796
2022-12-19,1.5269924494005356,1.283836849313542,1.418625236756508,0.9710433401080386,1.1635667660295728
2022-12-20,1.5334138664704706,1.2850763848964357,1.422808628280799,0.9714171042090762,1.1633147422559265
2022-12-21,1.5315920944735406,1.274772747109913,1.4065347743560102,0.9624349107932518,1.1526426907696
2022-12-22,1.5363813079019664,1.2754059217730045,1.4064322433884922,0.9673116925695396,1.1558326979944593
2022-12-23,1.5378542353163924,1.2758296548806347,1.406103598917046,0.9672131313276984,1.1551772704249448
2022-12-27,1.5452210533123516,1.282764359297548,1.4131179983299285,0.9746157976429245,1.1625031676287942
2022-12-28,1.544801467357791,1.2852727052182529,1.4145922324245481,0.982601447626091,1.1642329015340454
2022-12-29,1.5466850214943766,1.2855727530975274,1.4122781064504228,0.9889459818126424,1.169703573195814
2022-12-30,1.5466875652494718,1.2853435035327532,1.4122440897280966,0.9891392545855147,1.1694773598762906
2023-01-03,1.5461408353653368,1.2856272248803007,1.4125594124691407,0.9909690848121515,1.1704748057872998
2023-01-04,1.5501346896906878,1.2894323717092235,1.4172498085593845,0.9920099119567763,1.1730314635474528
2023-01-05,1.541503476420723,1.2823570816603924,1.4073822951360195,0.9903067191669072,1.1712604062372625
2023-01-06,1.5361194129945919,1.2844935587193191,1.4086807677059319,1.001093649561662,1.174166879314057
2023-01-09,1.536086928072568,1.2844687830136872,1.4086797142196936,1.0010844295495231,1.1741356723403258
2023-01-10,1.5422859609364672,1.2901058345499357,1.4165876433012896,1.0045137827079795,1.1792296241137388
2023-01-11,1.5397146621843418,1.2865607931137573,1.4216719932075672,1.0002085692131968,1.1775613279619057
2023-01-12,1.5464801233022176,1.2884172243586964,1.4277085284585902,1.0012498733625312,1.1789058986415721
2023-01-13,1.5485614102156753,1.2864102916261637,1.4283952397140756,1.001882524361015,1.1808796110338216
2023-01-17,1.563377710674671,1.2950029799841303,1.4406360500728408,1.0078675721287507,1.190189240690345
2023-01-18,1.564574372706905,1.2895046730675592,1.447472292703577,1.0088927669971994,1.1907441072940934
2023-01-19,1.5643513537983247,1.2894464100714764,1.4475722368675297,1.0103304333353111,1.1913764326379623
2023-01-20,1.5528177358145705,1.2861573484575908,1.4434390259770946,1.0077460692018887,1.1869552546103064
2023-01-23,1.5437355501832488,1.285575239113603,1.4351282449826952,1.0048593436966318,1.1855264511142474
2023-01-24,1.544521793671948,1.28542013838144,1.4344443836680427,1.0041936699613523,1.1821872738688826
2023-01-25,1.5447028791314188,1.285924127322666,1.435669307374549,1.0036772858099205,1.1837499981671804
2023-01-26,1.5497420387804326,1.2898179442662125,1.4344669615426888,0.9980881745549998,1.18824244386715
2023-01-27,1.5486952590186593,1.289316548777651,1.4334253236370906,0.9986150885883397,1.1880803211249407
2023-01-30,1.5490441792951355,1.2873938252333261,1.4316422130335957,0.999147724055226,1.1894765126707676
2023-01-31,1.5665722265286954,1.3017045898769009,1.4459531041758371,1.007044835712897,1.2065948521294299
2023-02-01,1.5621539442734276,1.2987836648670674,1.4411489688426837,0.9966104456828362,1.1979506758637497
2023-02-02,1.5605379262821324,1.2926269921010853,1.4443300608805767,1.0011266753773331,1.202789793420044
2023-02-03,1.559586703953638,1.2938197650331444,1.4479583459324246,1.0064095240261983,1.2044538991350355
2023-02-06,1.5644331100199491,1.2970739756237715,1.4512196223034513,1.008591295432646,1.2087243941467798
2023-02-07,1.561380105154492,1.293079617451289,1.4469789247282685,1.0066698962920113,1.2023853072585744
2023-02-08,1.5611421661859302,1.2928879772915935,1.4463955357593268,1.01045690547562,1.2031450840757176
2023-02-09,1.5556670516737205,1.2885844301903093,1.4415846545242628,1.0073080819078968,1.1991712903357739
2023-02-10,1.5534110874553446,1.2847255498155914,1.4346809981346536,1.005198241678278,1.198337721778224
2023-02-13,1.5601188979812446,1.2911048353425958,1.4420170329686097,1.0084418648427989,1.204664357769162
2023-02-14,1.5502519631816685,1.2874395925440165,1.4355511656059747,1.0080264102104652,1.2023665125514202
2023-02-15,1.5496430299678705,1.286815204686774,1.435214382227162,1.0082475475307662,1.202179518623151
2023-02-16,1.534707106045426,1.2760002785159839,1.4203961114567676,0.9992637920792924,1.1946474886160177
2023-02-17,1.5347100515557734,1.275863059115274,1.4199288873953844,0.9991446247273537,1.1944132776364182
2023-02-21,1.5385787135562763,1.2793101007521768,1.4176072342290942,1.0077220301454815,1.1960993082447653
2023-02-22,1.537660174223076,1.2790372560587844,1.4161220041375524,1.0076301477054928,1.1968745164515449
2023-02-23,1.5371750167844898,1.27813857376319,1.4171226853948196,1.0080098826962423,1.196088330130596
2023-02-24,1.532087005185923,1.2708434630862144,1.4067491197487636,1.0010644693184214,1.1911292521733736
2023-02-27,1.5331603001242018,1.2756142882597385,1.4117059336101265,1.0026816889608658,1.194626380659613
2023-02-28,1.5333581521234878,1.2739030417740718,1.406672178170148,1.0036832385746646,1.1951812681090273
2023-03-01,1.5324536138509024,1.2718230681179028,1.404656281389608,1.0021570680677496,1.1934505060110756
2023-03-02,1.5225637765787434,1.259671969822493,1.3931950151194497,0.9951186141554842,1.178061366292068
2023-03-03,1.5275060080544154,1.2612546987249011,1.3935345593888768,0.9958473724606702,1.1807908960909814
2023-03-06,1.5243453954705695,1.2581871181432451,1.3895768473214234,0.9947941470508689,1.17912639730323
2023-03-07,1.5056819409591338,1.2422500891236805,1.3645887121477738,0.9900646801978183,1.165834842509335
2023-03-08,1.464920682039849,1.1933720228177023,1.304625458425946,0.9604124272949796,1.1250430426535187
2023-03-09,1.4790576563103244,1.2029443488161042,1.3161288484983045,0.9707267238992179,1.1401196272743848
2023-03-10,1.4720704453298077,1.1993212446677655,1.2955211064094938,0.9632403976017292,1.1382832347593672
2023-03-13,1.4727969925471531,1.2000679393063118,1.2974055129933797,0.9654298091887207,1.1404322754816167
2023-03-14,1.4623851715612075,1.1918775979906646,1.275199167594325,0.9541488859640309,1.1239608990348262
2023-03-15,1.4710117550036088,1.1992430858259384,1.2835016761694018,0.9568876475694069,1.1313343664278206
2023-03-16,1.444447242143947,1.172689446421962,1.2539947495477068,0.9483069566544226,1.1183221825722933
2023-03-17,1.432551643553323,1.1609415083691625,1.2339452101296808,0.946816273929337,1.108124036274266
2023-03-20,1.4328717792074857,1.1619288907373169,1.234367662413203,0.950055025840278,1.1109046659417374
2023-03-21,1.4362044994708154,1.163418989577684,1.2351818360887492,0.9548028051120585,1.1146354221870205
2023-03-22,1.4405338260291618,1.167551025157615,1.239011169808306,0.9590534154960706,1.1173849230047932
2023-03-23,1.4368757871429405,1.1639168881864967,1.233376465185429,0.9589531261103242,1.1154762216933498
2023-03-24,1.4358148523798437,1.1594465775327656,1.231143594491885,0.9603438206263486,1.1151830810625079
2023-03-27,1.4336313113452976,1.1568876398241978,1.2285360904355862,0.9579168480088811,1.1110389998214314
2023-03-28,1.4324552228262468,1.1553046683802888,1.22783259344902,0.9566115919761481,1.108046643886489
2023-03-29,1.433023999767216,1.157425920600687,1.2287109719666987,0.9609655161742536,1.1110582805020819
2023-03-30,1.425541660674573,1.1555213770413335,1.222500464879605,0.9595960660163071,1.1095152856515667
2023-03-31,1.4255943630694377,1.1576838109622434,1.222205502363641,0.9635033600873948,1.11201117589486
2023-04-03,1.4327557489521328,1.1628763106819247,1.2284493746282084,0.9671453497526461,1.1169740243749207
2023-04-04,1.4339865729050656,1.164144923240042,1.230590139297308,0.9663957774986975,1.1167649192873355
2023-04-05,1.436716733358378,1.165860822811693,1.2336835124640038,0.967564737686987,1.1202987845870924
2023-04-06,1.436248087882995,1.1672611511091906,1.2337458219995585,0.9667872366367768,1.1224122375236159
2023-04-10,1.4343790052192733,1.1628160161732939,1.2294064956344928,0.9631509141700706,1.1189078479515424
2023-04-11,1.437576004229833,1.1647334925492052,1.2318096214877567,0.9666690191451784,1.122444295216817
2023-04-12,1.4430011474543545,1.1658092516206746,1.2358292453657496,0.9662760048951119,1.1232895947519472
2023-04-13,1.4524291423049471,1.1780880107793494,1.2447059586020608,0.9789600197118873,1.1314505944323172
2023-04-14,1.4538307887585347,1.178455523218524,1.2456816847504328,0.9801758718611217,1.1329216183351098
2023-04-17,1.435760711292592,1.1693370956020945,1.2375382571889575,0.9673690499648805,1.1253006499959097
2023-04-18,1.440894671626502,1.1806316031730466,1.2411683649198781,0.9738824447150165,1.1322777177329328
2023-04-19,1.4410413743259145,1.1806423650112936,1.2412293605246532,0.9739376762885468,1.1322534850053352
2023-04-20,1.4320697396065438,1.182711061700903,1.2361978766283452,0.971312279961929,1.1295020478019924
2023-04-21,1.4321240302645286,1.1826976553992548,1.2361521072042236,0.9713029857015346,1.1299325022132676
2023-04-24,1.4488854655040293,1.1953239831865425,1.2670671615693858,0.9819362148432681,1.1351205718635569
2023-04-25,1.4727762783353762,1.2036644101006218,1.2953118279644429,0.9832340368906964,1.1369330932933408
2023-04-26,1.4747187268580508,1.2058316358785208,1.296740389731688,0.9852815560166196,1.1378289995805264
2023-04-27,1.4588739173618082,1.2059241536178413,1.2881449135989462,0.9654645846520598,1.129416169917988
2023-04-28,1.4661534255434645,1.2077796016473101,1.2887472266633806,0.9656051480057131,1.1295402044121365
2023-05-01,1.4714805506625173,1.208196792538688,1.2892321522230825,0.9663138811243306,1.13179544954737
2023-05-02,1.485224126072814,1.2180389710463726,1.3018180392431473,0.9928138603810732,1.1455257048586027
2023-05-03,1.485735325774052,1.220144434021346,1.3023197139327687,0.9887908226747452,1.1475985950275007
2023-05-04,1.4847822810198057,1.2221951612862847,1.3043591225574935,0.9933910173988948,1.1512765940452308
2023-05-05,1.4962458272856662,1.2389861230941517,1.329815866304343,0.9987465971101984,1.1690287626198874
2023-05-08,1.4956052261832593,1.2430692408968855,1.322195815355519,1.0097091082292933,1.167595329449501
2023-05-09,1.4906461502807526,1.2401247203550911,1.3180551976596246,1.007615504309988,1.1647880029435502
2023-05-10,1.4640572483805656,1.2203097288146378,1.284058546217799,0.9953702920307922,1.148351810452425
2023-05-11,1.46420560227552,1.220547969968438,1.2837275067602716,0.9949108169216633,1.148219380107969
2023-05-12,1.4599838666100247,1.2203234392644733,1.2833035708842813,0.9890491850350633,1.142817107645814
2023-05-15,1.4600670661908166,1.2201495859746359,1.2820494291089024,0.989504806109983,1.1428019167184744
2023-05-16,1.4412139491540952,1.210024793462361,1.2744035217588432,0.994188725848214,1.1402333988272169
2023-05-17,1.4499853739574975,1.222330914555635,1.2848351796806294,1.0043548540508325,1.151655455187012
2023-05-18,1.428457515921852,1.2014396497416713,1.2611490108765275,0.9920809910960745,1.1359597739293936
2023-05-19,1.4344166392444802,1.2147142439863878,1.262339295952417,1.0127136107006152,1.151071786614055
2023-05-22,1.434610203165817,1.2156356235834624,1.2620730301071477,1.011694516528806,1.1527259186337624
2023-05-23,1.4358479945951719,1.2086658414269513,1.2559454178725404,1.0069080313188576,1.1497999500969132
2023-05-24,1.4355877639532253,1.211461027819882,1.2570888643120481,1.0085587506502414,1.156884951951082
2023-05-25,1.4299524677842932,1.2053037094759504,1.247200045720558,1.0040201908757853,1.1526410199238037
2023-05-26,1.4188848525076243,1.1970378837455653,1.2365152073116088,1.002857924119881,1.1461835127976099
2023-05-30,1.4007013156412447,1.1818214860334448,1.2168275627063636,0.9844063488853995,1.136899972886578
2023-05-31,1.3882196150060067,1.1774799004126568,1.2059065806826108,0.9858015097037524,1.136891187612856
2023-06-01,1.383623954832506,1.1747589132537877,1.2019298069033695,0.9799070646604204,1.1346541007166877
2023-06-02,1.377174678791247,1.1670789704397453,1.1969390507052036,0.9812409162762025,1.1336274001798163
2023-06-05,1.3840206382567588,1.171350629727609,1.204373408218809,0.9844609578723083,1.1349625798602418
2023-06-06,1.365817388498571,1.1654150099691067,1.2009226168671328,0.9855038618261092,1.1553458873074527
2023-06-07,1.363975285396772,1.163148562300654,1.199317189739007,0.9831941806693653,1.1535847437214626
2023-06-08,1.3617510562094841,1.1635860488679142,1.1940298379200907,0.9812147906481624,1.1537098781958768
2023-06-09,1.3577984887358157,1.1570479630096533,1.1872599662856465,0.9756708387410158,1.1505138506708226
2023-06-12,1.355697221532671,1.1534317837451427,1.180104389491963,0.9762893800415163,1.143784740174584
2023-06-13,1.3501105026058509,1.1493799246387455,1.18244210844017,0.9690566996399288,1.1379518791073029
2023-06-14,1.3087221145299242,1.1116010933250213,1.128274752684626,0.9455784128033982,1.1122080951845037
2023-06-15,1.3027436730041726,1.1100270561114238,1.1253792372241473,0.945242973329785,1.107160911538567
2023-06-16,1.3003885160520179,1.10922098359561,1.1227604986357569,0.9481072722405331,1.1071878900333745
2023-06-20,1.2630385269313786,1.0762824970667824,1.0845673477246318,0.9208897676781255,1.088069771637846
2023-06-21,1.2602476274589467,1.0737772763993674,1.082108350818587,0.9200323054599295,1.0856131069160424
2023-06-22,1.2755118547590738,1.0956633624052556,1.0960339724373176,0.9394473043464314,1.1014184854354245
2023-06-23,1.275257268788484,1.0944353776035098,1.09655099861082,0.9408297233002063,1.101381200852624
2023-06-26,1.2784944737284718,1.0994075765908904,1.103201871157135,0.9404085883492105,1.104441428571965
2023-06-27,1.2651154194639291,1.0984863107404004,1.081161822185277,0.9309022696880426,1.099333394671154
2023-06-28,1.2627290035963081,1.0959583225414926,1.0775109530767526,0.9290685308548869,1.0968183766955324
2023-06-29,1.274244274694355,1.1046381642582725,1.0812507884632236,0.9357768764969974,1.1072585809055364
2023-06-30,1.2739197463658722,1.1073334388438087,1.082024775832893,0.9343027547838172,1.1081289578335816
2023-07-03,1.2698816841764469,1.1038376216586536,1.082096261269956,0.9360400446818407,1.1076150158708382
2023-07-05,1.2634663166888735,1.1015582735040255,1.0771990317339204,0.9337008285365337,1.1028573760090532
2023-07-06,1.2651430222584605,1.105302120126491,1.0801637082156694,0.9329185944487025,1.1044447018361243
2023-07-07,1.2629496541652832,1.1052497511367791,1.0794521747513173,0.9321593922687917,1.1037996189964996
2023-07-10,1.2650768842355802,1.107631344524752,1.0865430811686876,0.934117521821726,1.1128955144802815
2023-07-11,1.2652898471286889,1.106679602612202,1.0846003156415465,0.9363231922856169,1.1138114807669814
2023-07-12,1.252546547002039,1.1006601065033044,1.073592505625147,0.9363743955064494,1.1101760003077223
2023-07-13,1.277950184220849,1.115932462659259,1.0943040926624277,0.9417496955347284,1.11446359575307
2023-07-14,1.2745370104915255,1.1103126200722628,1.095062513030378,0.944439635428603,1.1146476315422338
2023-07-17,1.274243302860342,1.1107809422420618,1.0947463289086137,0.9435788187072129,1.1132915409684696
2023-07-18,1.28203170789349,1.1209441400732274,1.0966513946348218,0.9388743821005214,1.1205055924293783
2023-07-19,1.285495642123349,1.131603224477074,1.1021633684469079,0.9438954385586167,1.1246507647198647
2023-07-20,1.2909179045203802,1.1185410175004766,1.0769304184947535,0.9338074272933364,1.1248063216142872
2023-07-21,1.2917207708561884,1.118695764405259,1.0770140391767629,0.9344792501184254,1.1237212094879296
2023-07-24,1.311061518894334,1.1262166831834937,1.1037460272410908,0.9402042996361952,1.1259580435262246
2023-07-25,1.3054837205458345,1.122025518808263,1.0958943760480138,0.9357499765381043,1.1202638293091907
2023-07-26,1.3053413252732384,1.122053538913044,1.0958481755192602,0.9352942304141775,1.1200477574021697
2023-07-27,1.3031076562531665,1.1194349950480122,1.0940062881031636,0.9476072741250902,1.1155261392726337
2023-07-28,1.2987537273222138,1.1176059348468348,1.0946451447358239,0.9464769393527155,1.1152756307137595
2023-07-31,1.3093322518168706,1.120883645847983,1.0967072785378236,0.9725777104491469,1.118613316265332
2023-08-01,1.3213347169361225,1.1282433914597854,1.1052353938648625,0.9800604227690711,1.123391226760562
2023-08-02,1.3254586313187826,1.129216646013554,1.1066891529888645,0.9757196274669405,1.119118111484877
2023-08-03,1.3235417805192398,1.1290421904898555,1.1062047178408951,0.9763910539062953,1.1192316344252267
2023-08-04,1.3153386225139154,1.1156261884404652,1.0966477516912143,0.9638151279945912,1.1085870311280384
2023-08-07,1.3153879136771343,1.116630776941071,1.1000580750500515,0.9636289818506223,1.1070658077612587
2023-08-08,1.3125954307302368,1.1137459378378098,1.095265527851613,0.9598943330647678,1.1047964140049864
2023-08-09,1.3170616542011275,1.1169660094088165,1.1014800086714271,0.9595052474674199,1.106111043797041
2023-08-10,1.3143518893702895,1.1153974247195615,1.0991170428040884,0.9576597639122716,1.1037936799777242
2023-08-11,1.3126364892309177,1.117431298996443,1.09990230690412,0.9547078457374669,1.1063936021642302
2023-08-14,1.313688266185675,1.1165851769877484,1.0989591674504255,0.9531915437900961,1.1059448127708493
2023-08-15,1.3180011969710836,1.123737654930107,1.1024718656085906,0.9547344783545775,1.1049703401411208
2023-08-16,1.3174614824112827,1.1228636506274619,1.1027204285755488,0.954221942875429,1.104941736867037
2023-08-17,1.3204939216539828,1.1254837157715867,1.105977602958906,0.9569384807834447,1.109018381890122
2023-08-18,1.3150675600999322,1.1221547786466555,1.1003449041943731,0.9535589799109511,1.1035922565450742
2023-08-21,1.3158765751200925,1.1222131632537968,1.100954467864586,0.9513319014485269,1.1032542959940304
2023-08-22,1.306422671459758,1.1136211503209548,1.09065050883773,0.9462993090183697,1.0988505874704149
2023-08-23,1.2973231307182924,1.1115527291670937,1.0871053789672893,0.9499125385770053,1.0916549523162806
2023-08-24,1.2966889239334811,1.1098234321085203,1.0908534960077951,0.9489661753715333,1.0911935726784951
2023-08-25,1.2943531554293888,1.1064546136428224,1.0866190609437771,0.9472689380933276,1.0869343255043589
2023-08-28,1.2896631578433901,1.1064395458221665,1.083199574211597,0.9426560205207781,1.0854848722259263
2023-08-29,1.283082503609828,1.1110244492302648,1.076506685101173,0.9536909520643132,1.091505663821613
2023-08-30,1.2797932635619482,1.1062096370860939,1.0735960864581602,0.9537481797164925,1.0910197347736743
2023-08-31,1.2801258815949432,1.1072664726530743,1.0769598189351535,0.9555241446460478,1.0973269046777743
2023-09-01,1.2759569695697648,1.1039121339900009,1.0720873962261874,0.9539695564206585,1.092030717472705
2023-09-05,1.2796853976392237,1.1074623864142856,1.075294483309213,0.9557742492790907,1.096406820140656
2023-09-06,1.2834914126325723,1.1083174403035778,1.0793105710816175,0.9647770379723294,1.0971290011002135
2023-09-07,1.288710569361816,1.1111529211930697,1.085878437229356,0.9670042408724432,1.0996474153999911
2023-09-08,1.2736826713875253,1.1040144979179456,1.0668382687836175,0.9604290036713387,1.0828360535653445
2023-09-11,1.2741935506426314,1.1047152084705851,1.0664624189184924,0.9602956393480843,1.0873023387072551
2023-09-12,1.2739237736603855,1.1047892510635737,1.069214773535588,0.9574892979740607,1.0860743422837829
2023-09-13,1.2705964088369202,1.103303212239383,1.0725152093839807,0.9566778825197694,1.0871865159967047
2023-09-14,1.268713699374611,1.1065485604790106,1.0821031288300642,0.9707020681449378,1.098378910848099
2023-09-15,1.2582317415047122,1.0925123160036603,1.0729032184153038,0.9531792151959342,1.0891977154326018
2023-09-18,1.2709933184093216,1.1048881293045658,1.082517171816157,0.9462174988635368,1.0971463215947346
2023-09-19,1.26299634793903,1.095990735075473,1.0732718162736603,0.9326067719683665,1.0878092424229613
2023-09-20,1.2564249548693782,1.0934718346081114,1.0708192011443192,0.9274742295517383,1.0824197897666075
2023-09-21,1.2436036344732229,1.0944249086066762,1.0688280699250179,0.9188591872644355,1.0798949940633038
2023-09-22,1.2260286316172482,1.0779264579522603,1.0487465499633637,0.9130092938066005,1.0687594976149561
2023-09-25,1.2169637131184574,1.0679969876276976,1.0363636328298749,0.9030821971737729,1.0597347345848458
2023-09-26,1.2051026993143497,1.0628505093588092,1.0186010231307836,0.9059502497915058,1.0539838532120973
2023-09-27,1.1993503228633906,1.054198743889117,1.009542056427495,0.9018501278661307,1.04092096082919
2023-09-28,1.206626515144205,1.0565770286801026,1.0130502809535418,0.9045501219019648,1.0430675907023514
2023-09-29,1.1969651556507068,1.0474855088787316,1.0046262665568175,0.8965889914181938,1.0332165329197829
2023-10-02,1.18688419901175,1.0375365293416465,0.9983696808352462,0.8929332870669271,1.027791447158527
2023-10-03,1.1974870360571408,1.0484709173994902,1.006805781468116,0.8875512200853918,1.0438796252435902
2023-10-04,1.241156091387607,1.0709693720281739,1.0267095709327088,0.8988652249785724,1.050997560798718
2023-10-05,1.1871849328433166,1.0100786143655425,0.9773444226128636,0.8585245336139238,1.0102675460143808
2023-10-06,1.1784254740373281,1.010758435489579,0.9779054338154065,0.8508501097046498,0.9992268835827051
2023-10-09,1.1692050458389351,1.0050540900290423,0.9651109701956712,0.8439492212651986,0.997222599987258
2023-10-10,1.1579153231588597,0.9935859122862175,0.9617805968086769,0.8487546001766136,1.005692040325392
2023-10-11,1.1592239755093388,0.9966311369974209,0.9686380189734279,0.8467574448408203,1.004528548553647
2023-10-12,1.172943250154131,0.9974536574162968,0.9741689525589793,0.8522449167554662,1.0086777785305951
2023-10-13,1.1840566340404848,1.0054784951638887,0.9810811198598646,0.8532600780788538,1.0135451028439506
2023-10-16,1.1893835460361162,0.9917003979240662,0.9768208588040813,0.8486148775422211,1.0323395496678975
2023-10-17,1.2198290861186842,1.0339950712520807,0.9989104582596096,0.8770369320624759,1.053805908761542
2023-10-18,1.2605354914436622,1.0756490280236533,1.0534449108717638,0.9156253154756882,1.1068897684536347
2023-10-19,1.2420853382243335,1.067487234635851,1.0430949828001201,0.9131567233966636,1.104819238586998
2023-10-20,1.2598324774505758,1.0738777577966685,1.0673831993564955,0.9108805475658776,1.0985790490450376
2023-10-23,1.248309826932984,1.0735439351182292,1.0694114621227833,0.9101631149979404,1.0834991666106588
2023-10-24,1.2541489424367458,1.0830102029765882,1.0553538273313072,0.9154710371709431,1.0722518949262636
2023-10-25,1.244796439582224,1.0807897276719376,1.0393670856936683,0.9098273313983101,1.053927619326956
2023-10-26,1.2348199819588697,1.0695120355405563,1.030588873353099,0.8992720459349168,1.0417516513493685
2023-10-27,1.2344324403729332,1.0772624736657517,1.0370197210913004,0.9075494216513621,1.0427133685381988
2023-10-30,1.2405667623712333,1.0832075931166132,1.0486769877610855,0.9147659019315456,1.049730856197703
2023-10-31,1.2637422766127313,1.0897454024863176,1.0555205717539415,0.9041729033487689,1.0439196512679372
2023-11-01,1.265519289723882,1.0791090229041251,1.0468690623598165,0.9047355105123528,1.035645996398228
2023-11-02,1.2661800064001727,1.0854202006271516,1.0536663319092194,0.929491140202361,1.0488552658586194
2023-11-03,1.2756680662492104,1.0764187119208892,1.057696262129631,0.9500937745952448,1.068897268581029
2023-11-06,1.2855752310515454,1.0794695344397998,1.0599243569763757,0.9610156292904132,1.0762895125938297
2023-11-07,1.2799543233272388,1.0750571173258707,1.0450093000580187,0.9659439321717247,1.0715144902976952
2023-11-08,1.2785039096134674,1.0718954566723582,1.0470687544303439,0.9653969367892475,1.0732815012468824
2023-11-09,1.2843616524142927,1.0756728885687312,1.0544208310153829,0.971896234170074,1.0746094639716648
2023-11-10,1.2831794459015569,1.0935190492893967,1.0807754976614192,0.9729304227556704,1.083362803807462
2023-11-13,1.2862947075651017,1.0901568499915304,1.1129311228195258,0.9931993405697854,1.0745823820619882
2023-11-14,1.3075722035222082,1.1049788638234137,1.1250593718128354,1.034048988099674,1.1042607161741451
2023-11-15,1.3080049252910702,1.1008929699333911,1.12387315672656,1.0337565092673655,1.1016928105098942
2023-11-16,1.3131303511203232,1.101802065622523,1.12666073388365,1.0264649802983963,1.0992627025291093
2023-11-17,1.3035165908819448,1.096754098029351,1.1239447851377347,1.0243821224942613,1.0936240747363966
2023-11-20,1.3026331287454471,1.0984761848078923,1.124078817815259,1.0260287086781903,1.0979955541733664
2023-11-21,1.304653808792529,1.0990593718435344,1.1239397767245225,1.0262593797920898,1.0972432781515702
2023-11-22,1.3046085963047722,1.0981999807203207,1.1239907640101554,1.0257157181996739,1.0973960066220436
2023-11-24,1.3091066545916255,1.1073560906806894,1.1330572156953442,1.0260906552341142,1.1105016517193829
2023-11-27,1.3030902453278566,1.107688260298446,1.1343144781325443,1.0255119744796777,1.110514782019502
2023-11-28,1.30335353515655,1.1085158779432207,1.1348976058010636,1.0265511691188127,1.1110765330095846
2023-11-29,1.2827256483903482,1.0931532545491873,1.1238800075784818,1.0265828428265038,1.105718687358125
2023-11-30,1.2878246280731531,1.0966417138624796,1.1261115309676244,1.0303762525334037,1.109006889898252
2023-12-01,1.3301068205865065,1.123413977475457,1.168815629155177,1.063547733809093,1.148104448066528
2023-12-04,1.3180093481242574,1.1207783016959558,1.1642779545660336,1.0547784370201227,1.1892952172507458
2023-12-05,1.318756253360632,1.1222992990602083,1.1653324355180716,1.0544201879333273,1.186421334296901
2023-12-06,1.3448703852058896,1.1348462160798054,1.2029650454248457,1.0598258157764964,1.2070558648721286
2023-12-07,1.3823188132216095,1.1612774812090076,1.2337687021520523,1.0906207898290585,1.2156393284822615
2023-12-08,1.3725608857682607,1.1549217115712507,1.2267057752005193,1.0837578236730845,1.2077972255447278
2023-12-11,1.3737178843186357,1.1672762947261972,1.238670777942951,1.0908219271780484,1.212896846524305
2023-12-12,1.3799560152675556,1.1772811485343535,1.2474041143179242,1.1073701656743653,1.2307885633247941
2023-12-13,1.3470766393778586,1.1562804903189425,1.2361468194518948,1.063207876381459,1.2371085671795805
2023-12-14,1.3741957700724587,1.1779402212924235,1.2711128345989704,1.0793027913169018,1.2453831479796948
2023-12-15,1.3751484809439731,1.1916928407766691,1.2640343195041281,1.0892365566293274,1.2531900692341926
2023-12-18,1.372352886880358,1.1798562957698333,1.2440409122376663,1.096188606729636,1.2368093603250139
2023-12-19,1.3767336210366723,1.1845724250306664,1.251297849372727,1.1106468900019153,1.2614835475653376
2023-12-20,1.3718322874021742,1.1895579182348583,1.2604569196966797,1.0967565658162792,1.2386553956821718
2023-12-21,1.3784796747708405,1.1935066304066135,1.270961345260382,1.1012348516517196,1.2394852417799302
2023-12-22,1.362368153432094,1.1888992915985075,1.2761881133930577,1.1082633208152983,1.2387532340717256
2023-12-26,1.3447744566902342,1.1817229998232957,1.2734838420922192,1.0933887502817468,1.2325587579593607
2023-12-27,1.3429455277501479,1.181255235512211,1.2740557007029527,1.0898824635247029,1.2307691422723759
2023-12-28,1.3406395742480706,1.1803686237449982,1.2740523779707063,1.0744117612603976,1.2253901548467996
2023-12-29,1.3439369577783982,1.1717423127034219,1.2711566773697964,1.0484330785124598,1.2242324226548547
2024-01-02,1.341779888720733,1.1649372588389373,1.2786066184826435,1.0316048319523456,1.2124394693114702
2024-01-03,1.3561787860867904,1.1838429923732667,1.287901398776852,1.0509577808930768,1.2347122868090343
2024-01-04,1.3547384063940364,1.1792601228716535,1.2788883862906966,1.036487247354245,1.2273381134281085
2024-01-05,1.332797929612605,1.1618094025442773,1.256329745466967,1.0278478552407504,1.211009396137679
2024-01-08,1.4082738150071745,1.197633716807228,1.3034015739952016,1.023936444565167,1.2049710138412808
2024-01-09,1.4335095239341662,1.2008348284945665,1.307259302761936,0.9904667001733094,1.2058069983182864
2024-01-10,1.4337293612044093,1.1994444659466925,1.3125933963773542,0.9950311342538135,1.202998114128619
2024-01-11,1.4208095341908509,1.188735980121046,1.2945478634640855,0.9903669466440856,1.19263201012714
2024-01-12,1.426625960234862,1.1983426843499718,1.275618053644649,1.0035768009300141,1.1965390517374486
2024-01-16,1.4089986383853434,1.1982183169196645,1.267268113503923,0.996292838004424,1.1948686020439756
2024-01-17,1.4114085062420672,1.2060762813387846,1.2735238334279047,1.0021021038499542,1.197601908208279
2024-01-18,1.4412857592606316,1.2145204169499768,1.292712177371856,1.0328117632553253,1.2139683788367095
2024-01-19,1.420334620373832,1.2129878518481623,1.2415949748237287,1.021388705192818,1.2040887733390808
2024-01-22,1.415248400148983,1.2169073297281796,1.2412668114011949,1.0283190005186456,1.2105563381935809
2024-01-23,1.4417043212135459,1.2243914464807002,1.2463722665905355,1.0331942136723458,1.2271010376402471
2024-01-24,1.45998788705491,1.2332062385753713,1.2584504389544107,1.048029862591262,1.231997272993992
2024-01-25,1.4869643885971566,1.2459456907324362,1.2722842717515095,1.040346830006623,1.2430643317525156
2024-01-26,1.4890631135318926,1.2479609975068013,1.2738213167528016,1.0415115624532683,1.2458144779750921
2024-01-29,1.4746077926731127,1.2599757276724057,1.283760854554304,1.0670395494037543,1.2518505789486418
2024-01-30,1.478340542743421,1.2625966191254914,1.286029331980358,1.0656073575343474,1.253604745441988
2024-01-31,1.46578137853637,1.2567226484196412,1.27490136958488,1.0506250421868792,1.255370530589131
2024-02-01,1.4657723421930287,1.2563931655059022,1.2668898408217406,1.0534821463709303,1.2472950659198856
2024-02-02,1.454274437962202,1.2474464868121737,1.2492199543452687,1.0598806330390753,1.2392287743779313
2024-02-05,1.4559783694723911,1.2661771255033714,1.2347586847584668,1.0472884802086897,1.228328732307009
2024-02-06,1.472439504285471,1.2736076428924041,1.2328115502920014,1.052646631273157,1.24068096852627
2024-02-07,1.4696025562139376,1.2737346958875695,1.2315487254988202,1.0438634834253133,1.2273542238867385
2024-02-08,1.4817329694995385,1.2872345416267335,1.2454910585360492,1.0487080421492376,1.247142143669545
2024-02-09,1.4920214655730026,1.2948944469931585,1.261141987225689,1.0393210882139272,1.2590632415349368
2024-02-12,1.4891495653968754,1.2953381359695033,1.2555907357489318,1.0366203258582722,1.2577906412286264
2024-02-13,1.4909651245747306,1.2932531928466906,1.270652576341488,1.0306722816612295,1.2609675469369106
2024-02-14,1.4950227101784346,1.300731630459187,1.2855884945137932,1.043946246367043,1.2673774238056428
2024-02-15,1.494228457184072,1.3002341414161256,1.2843422476498398,1.047934891699206,1.2704012995914153
2024-02-16,1.497865592694374,1.3064706343502246,1.2896591500241819,1.0482531349669826,1.2708384906727155
2024-02-20,1.4899108656207651,1.2979525979383053,1.2722387724311865,1.0526477101190435,1.248252807958653
2024-02-21,1.4906613688593489,1.299290456600395,1.2761490786462273,1.0531250545478883,1.2492101303123202
2024-02-22,1.4786375969024568,1.3001034345898528,1.2766156147155996,0.982189777746044,1.2248277994316727
2024-02-23,1.4780235926524452,1.3002809448757766,1.2788890820346503,0.9820773028566403,1.2249350010223174
2024-02-26,1.4690683588049898,1.295883292453212,1.2717831769165457,0.9783143898926965,1.2306522742457124
2024-02-27,1.4679649810411068,1.3038151968270562,1.2777079604266854,0.9858510859187593,1.2367958825826886
2024-02-28,1.468140497625604,1.3018943200425275,1.2766039707869323,0.9863359805632372,1.236269536672281
2024-02-29,1.4790964574366483,1.3082162454659065,1.2887014509212724,0.9866126624966117,1.2342963110263063
2024-03-01,1.474918358885124,1.3038808217497488,1.2800527693191088,0.9791284073856213,1.228289915248324
2024-03-04,1.4842283443151258,1.3107094391267227,1.284026265479139,0.9777032686554452,1.2337697207833576
2024-03-05,1.4863189688854765,1.3053463321836827,1.2892241520566563,0.9668812246310475,1.224462087577729
2024-03-06,1.4883037942300505,1.30497754277563,1.2897522954221607,0.9666423547599331,1.2212922769896537
2024-03-07,1.5248615885203582,1.34920427816473,1.3410266799024069,0.9760758430445854,1.2576537073837195
2024-03-08,1.5261905507014524,1.3503453108945906,1.3449260635934241,0.9802398359993966,1.261296639023155
2024-03-11,1.5086917001372064,1.3414011857052859,1.3287704737354555,0.9746700096716365,1.2459879185614569
2024-03-12,1.4645641492020578,1.3205468096157713,1.3085064736223235,0.8752897840277178,1.2500421459599422
2024-03-13,1.4565428966425544,1.3073079980603919,1.2965194364837052,0.8687719246710792,1.237902552915647
2024-03-14,1.4939591004851753,1.3402921807446608,1.3764369380806105,0.9025534017688467,1.3093267856183057
2024-03-15,1.465404478930835,1.3053349666121579,1.3302163148229376,0.8832540465981834,1.2846798470061875
2024-03-18,1.4731722389451571,1.3150148260291903,1.341161350829013,0.8649544481462804,1.3048585332516085
2024-03-19,1.475134841360066,1.3087518180081024,1.3459001760454514,0.862096265125308,1.2878210514383934
2024-03-20,1.5037268798512469,1.3280810722890313,1.3735467023803098,0.8754588606216519,1.3036517448690548
2024-03-21,1.4957345864338876,1.324870514134479,1.3661901929199352,0.8554238390890049,1.2920789546650044
2024-03-22,1.4783253903888414,1.3120472053952974,1.354900106544565,0.8354645555585467,1.2851328301132168
2024-03-25,1.476599703984086,1.314648694917773,1.3670107611085192,0.8357756080504627,1.2856318621757439
2024-03-26,1.476519392899508,1.3220753290077278,1.3696743935958746,0.8378057271060104,1.2906328639595204
2024-03-27,1.4834883834446966,1.3315451144688044,1.3850996265943099,0.8500196465848749,1.313431938266419
2024-03-28,1.4848984659381954,1.3337757814765634,1.387511332701546,0.8550329806276314,1.3173458421206665
2024-04-01,1.4770637397339295,1.3249025961618561,1.3833171776533304,0.8393259399473043,1.313673195985442
2024-04-02,1.5079583347116658,1.3300045605823676,1.398719815411977,0.8493515515227189,1.320954255905108
2024-04-03,1.5084019146365042,1.3249468117087806,1.4049276982090684,0.8374840016487419,1.3144922638872178
2024-04-04,1.5176613288291219,1.327957221997895,1.4233767408287592,0.8343569227755968,1.3003045929536714
2024-04-05,1.4995387657405543,1.3176066583577295,1.4082212968761691,0.8415534312605101,1.306373529625929
2024-04-08,1.495318274318049,1.3140503655361178,1.4061123629101475,0.8407935921581714,1.3073884704826977
2024-04-09,1.4944558995147492,1.313756747072746,1.4038212943994406,0.8413719785472943,1.3078954846020998
2024-04-10,1.5130544290105667,1.3219207551888887,1.4116300620599713,0.864723504334382,1.3164097202650422
2024-04-11,1.5165693219690053,1.332699233373608,1.4163496773990742,0.8728713667976007,1.3214138298811329
2024-04-12,1.498192500424894,1.323291214223857,1.4033923301717628,0.8924640972634026,1.3273844801351213
2024-04-15,1.5149975455041351,1.3379100885162456,1.407278101267411,0.880102531410095,1.3238824358436683
2024-04-16,1.510982317798489,1.3415779375828631,1.4036665300877578,0.874735959755041,1.3223973216279767
2024-04-17,1.4691344506548352,1.3196530141188652,1.3094749532121785,0.8550871018070236,1.2917640522219462
2024-04-18,1.4665303601107753,1.3195630453174358,1.2973523938611042,0.852368966144269,1.2824340275173731
2024-04-19,1.4544924770641006,1.316961451014265,1.2952651012880383,0.8398962377077345,1.2671245931710702
2024-04-22,1.458467504325535,1.3146388033256076,1.3082519797229255,0.8419305628021154,1.2699731053178764
2024-04-23,1.4288667970099107,1.3051924978029286,1.297222237484414,0.827322377870861,1.2508402686380031
2024-04-24,1.4309493411145224,1.307853637716971,1.299782789342126,0.827743232727654,1.2526589477320291
2024-04-25,1.407993103135528,1.2806605851523525,1.27753910915211,0.8344071310284119,1.2302453445690011
2024-04-26,1.3886149113308017,1.27086064410899,1.2607164150719268,0.8217765601040617,1.2150947036469582
2024-04-29,1.4119799064440928,1.283708293307726,1.271374878241615,0.8893155653216553,1.2237354883765805
2024-04-30,1.3977479039666725,1.2585025367955802,1.274914262601118,0.9082297644040501,1.2278043674741288
2024-05-01,1.3973401683458295,1.259475788667639,1.2803445312516033,0.9117803603054164,1.232620977086064
2024-05-02,1.4099963967102722,1.27169170430291,1.3011950083942752,0.9168982011831555,1.2445379143251143
2024-05-03,1.4024660191387375,1.2644420061100883,1.291993278201663,0.9201273737730583,1.2387307440163935
2024-05-06,1.4273788138413805,1.2599511429358825,1.2985643320150706,0.9231154327315843,1.2362838901601472
2024-05-07,1.4256149269981655,1.2572441147298923,1.2715505757212604,0.9277126117152034,1.231583457153403
2024-05-08,1.4267003483069094,1.2575540839272228,1.2723830413193955,0.9271198557109248,1.2317507578581903
2024-05-09,1.4318020248672483,1.2599366461833115,1.2741438619948189,0.9294379571617063,1.241050064305083
2024-05-10,1.4357015050171222,1.2648999463130022,1.2807185727302242,0.9341082505450887,1.2473276508577247
2024-05-13,1.4300042845100673,1.2610585684099307,1.2771046628079146,0.9311342808798211,1.2474708673322352
2024-05-14,1.4330546929533148,1.2598509121695833,1.2793549721126394,0.9298855846899436,1.244723464801775
2024-05-15,1.402126541255231,1.2474128598153151,1.2643387339171293,0.9076164802389285,1.224590442827719
2024-05-16,1.4064068390582665,1.2565424218330168,1.271503216411088,0.8989148292014221,1.2207776837841546
2024-05-17,1.3774959141880787,1.2172353284184396,1.2395916214053535,0.8677028183356217,1.180683426284996
2024-05-20,1.3790929081095027,1.226050700256371,1.2418491639609424,0.871021439896158,1.1894611654582725
2024-05-21,1.37289738937932,1.2227545883724913,1.2364907210182052,0.8673242434916555,1.186915282639781
2024-05-22,1.3684716116531608,1.2253403644307472,1.2385716742056523,0.8670763170243831,1.1870506077726293
2024-05-23,1.3693164470891512,1.2491571286439753,1.263305897875112,0.9059124867123706,1.2109131399469566
2024-05-24,1.3614031884184126,1.238877130865223,1.2498542284307832,0.8998954658710738,1.2065063438762775
2024-05-28,1.3436365220934399,1.2324722682113909,1.24607224493645,0.8981449198766356,1.1979680383689773
2024-05-29,1.4381560148096078,1.2434659281942222,1.2442216275100186,0.9141699744259808,1.2218518901320183
2024-05-30,1.4414117089635297,1.236742846090149,1.2453062736073781,0.8963117097247488,1.2087287797399604
2024-05-31,1.4484036410166146,1.2449119505705268,1.2568797034916543,0.9136516378534245,1.2163452138071167
2024-06-03,1.4596891374019019,1.2521382633425975,1.2653830280199225,0.9353089110486247,1.2245607373265686
2024-06-04,1.4676557291532302,1.2530041890581856,1.25967497395649,0.9136935519424079,1.212048002972632
2024-06-05,1.4636175977673231,1.2575813716736173,1.2562129458226816,0.9254684136579946,1.1961437783671909
2024-06-06,1.4640510543672587,1.2570875418127594,1.254760105864669,0.9259456544545798,1.1946049124024358
2024-06-07,1.4702009331227257,1.2637357981366502,1.2613590476359515,0.932226020968112,1.2036689791093738
2024-06-10,1.468638923217403,1.257143693426322,1.2598126333566813,0.9481383412095046,1.2056902993590017
2024-06-11,1.4652903325941813,1.2539415362246105,1.2568293980584624,0.941648459345275,1.202528495848671
2024-06-12,1.4594224598516436,1.2557691423199988,1.256544041543288,0.9330430680393659,1.209558860489809
2024-06-13,1.4540751345380736,1.2433730769988296,1.2420215457160986,0.9211612773666251,1.200146164133686
2024-06-14,1.4540475620610174,1.2438725275161138,1.2431680905179425,0.9204971683557337,1.200696387506622
2024-06-17,1.4677334809113625,1.2487084500512617,1.254892651750398,0.9232105839613893,1.2214793574306155
2024-06-18,1.4648858178970279,1.2488925045591233,1.2540115130512666,0.9266961026201126,1.2249867750972057
2024-06-20,1.4642366206918929,1.2474243298206356,1.253126849413189,0.9381243538764881,1.2198153116469734
2024-06-21,1.468370982565009,1.254756095054242,1.2604166309459306,0.9369707532059215,1.2244603677230779
2024-06-24,1.4668790512223768,1.2532262822829316,1.251542188083405,0.9348489723579748,1.2176293090330388
2024-06-25,1.4707663128533486,1.2549877936673448,1.2497560196052886,0.9331785477027909,1.213088370026794
2024-06-26,1.4788600452872542,1.2597181767707377,1.2574037769417705,0.9360645654236336,1.2216705869529654
2024-06-27,1.4456479086513851,1.2153547741497497,1.2263773814586734,0.9135699507073607,1.1991989007075265
2024-06-28,1.441021210135008,1.2231017226946177,1.2203035403854554,0.90991477287234,1.2004846923148844
2024-07-01,1.4387109757741363,1.224995686442144,1.2315200790931577,0.9055572541287678,1.2012089931442058
2024-07-02,1.4312757536370104,1.2078673645413291,1.2196943752775975,0.9081543763166215,1.1894594070777176
2024-07-03,1.4319352862256105,1.2106394039616664,1.2203092773443114,0.9099559378617318,1.192546489175875
2024-07-05,1.4305261978210868,1.1999167301722184,1.2086558311409932,0.8876649604101355,1.1741402453820322
2024-07-08,1.4233970657662833,1.1899062631658346,1.2008440915959873,0.8918437435125203,1.1707699583599644
2024-07-09,1.4329522077456516,1.194425218681881,1.2073106627120678,0.8968214016477364,1.1776338904549313
2024-07-10,1.434806469603862,1.185015020996164,1.1972066572348883,0.8933431672564653,1.1608298292285095
2024-07-11,1.4491601812090082,1.2081932508558295,1.2165610563813147,0.8974041509655818,1.1292699363657832
2024-07-12,1.4564185123277125,1.2054918026956707,1.2178581579714964,0.9170054470543003,1.1403159172653057
2024-07-15,1.4639846706926323,1.2106441693691163,1.2225616504328496,0.9431894439463793,1.1608934207721646
2024-07-16,1.4813447107552467,1.2337337923199432,1.241136708529734,0.9540217277433836,1.176073498891836
2024-07-17,1.4720431766970923,1.2178600046987884,1.2225827206099293,0.9533270709295225,1.169141563364251
2024-07-18,1.4761189517602,1.2099408308561288,1.2129757311292773,0.9653412698582128,1.1999469156664555
2024-07-19,1.47112651370555,1.1974104006024546,1.1878269607631085,0.9637630435634612,1.1810518269941719
2024-07-22,1.4404579482236988,1.169647531815808,1.2083023931942276,0.9712940271987583,1.1914277352838585
2024-07-23,1.4433887199068196,1.1699082870973696,1.2089248102495904,0.9744816402809806,1.194248975776496
2024-07-24,1.442128508476097,1.155116427674468,1.2473461612446333,0.9704963455696783,1.157582846929908
2024-07-25,1.420606229758545,1.1499421122918225,1.2421240383656738,0.9494143623296477,1.1586260242504218
2024-07-26,1.4120678715948154,1.1524871315418073,1.2434366830950032,0.9194701870213432,1.1651672563283557
2024-07-29,1.412715065952485,1.149434551421733,1.2354994066128409,0.874120103471358,1.1621630981726683
2024-07-30,1.3929591610968641,1.15186789187421,1.22935901670291,0.8502908157119357,1.154185958833372
2024-07-31,1.357277531120144,1.1249692971156378,1.1784251437156106,0.8304557906447081,1.1038200126415827
2024-08-01,1.3782484450175039,1.141265757754503,1.2279537096958388,0.8350345633979782,1.1168362082276677
2024-08-02,1.4139113436591362,1.170354001921163,1.2741701541656378,0.8928860322010185,1.1738289590212778
2024-08-05,1.400608776217583,1.193465377927159,1.3109036556977711,0.9394338882306883,1.190817804191308
2024-08-06,1.39672738186401,1.1977245041679347,1.3231581038849756,0.9580664342768014,1.199579830179679
2024-08-07,1.3933393433798074,1.2019025625652002,1.309999323147183,0.9543030611602972,1.2002361447965908
2024-08-08,1.4569960224214904,1.2594612821688056,1.3698278851535974,0.9881264898643792,1.2139937806943908
2024-08-09,1.448743051913983,1.2531839038709425,1.3603234591625113,0.9908974972339523,1.2127749875498621
2024-08-12,1.4492225041034468,1.2531970502084173,1.3606902199578212,0.9910580865188606,1.2129024961643262
2024-08-13,1.4486854402043847,1.243827974467296,1.3514483386648342,0.9775688425727774,1.219954236903723
2024-08-14,1.4444768128922503,1.2416476896423592,1.3500191690818135,0.9797916650481636,1.2170518875391405
2024-08-15,1.4582219875078755,1.2516531969700255,1.389800863996926,1.0122198335532429,1.2116913872518698
2024-08-16,1.461347294889104,1.2527114757510351,1.3885153538257566,1.013080409323112,1.2065330615000538
2024-08-19,1.463113372382987,1.245546964422009,1.3796312749214303,1.0103599425302556,1.1961105043888727
2024-08-20,1.4626090054544671,1.2462481474218214,1.3810731516754602,1.0111317258986616,1.1948390128310324
2024-08-21,1.463481522877436,1.2463092633430675,1.3801953903638875,1.015508838472572,1.1951900422487713
2024-08-22,1.466029016032337,1.2409219868819705,1.3808309700253567,1.0003901415157854,1.196288691468008
2024-08-23,1.4844401996867609,1.251630495852086,1.3971682146129898,1.0283710985423942,1.2196469944000883
2024-08-26,1.4957589928368875,1.264020658844972,1.4002477798791546,1.0316096704600068,1.2274513909004117
2024-08-27,1.498509160893447,1.268833664710696,1.4067978006810486,1.0346939815797036,1.2332634743561948
2024-08-28,1.493082705225549,1.2656114394796294,1.4116822888630034,1.0415733529393263,1.2304221318855202
2024-08-29,1.4982082014692002,1.2504978949785952,1.4066113761088694,1.0332451764907344,1.2381247741395585
2024-08-30,1.506659497067492,1.2604736381095882,1.4201597544448847,1.0336297506459367,1.2390471126260305
2024-09-03,1.4634416450338654,1.2263720726149756,1.3827326804014741,0.9717383902799089,1.2098835440091138
2024-09-04,1.4621600663381316,1.2258464241250775,1.3808426079726743,0.9709477782194996,1.2083327569384055
2024-09-05,1.4517220695824968,1.2195129554225121,1.3692941073965277,0.9647348896154734,1.1880637824094629
2024-09-06,1.428778350073769,1.2031298405818103,1.3239061081152999,0.9410052860905291,1.1780393005757652
2024-09-09,1.4407291507222455,1.2179321801632408,1.3513129021865666,0.9314810328465599,1.2061639899399181
2024-09-10,1.435411268306062,1.2158614933031335,1.348982975824991,0.9271194223075411,1.2054442307663504
2024-09-11,1.416136421317665,1.2232136455773193,1.3429677752229137,0.9164964022865542,1.1911743898670457
2024-09-12,1.420843105467787,1.220050659609993,1.3519741493240771,0.9146067960041088,1.1921874286319878
2024-09-13,1.4154202277644505,1.2242536767664483,1.353756253196449,0.9119441321387141,1.2022005947623375
2024-09-16,1.4224792595340636,1.2318141335298927,1.3635774825389546,0.9127710838913957,1.2037556272660146
2024-09-17,1.4399949269366459,1.2552645605964006,1.381709831662994,0.9439233084385293,1.2189958130402376
2024-09-18,1.441234596090403,1.2522477427792218,1.3783927279053847,0.938420975766169,1.2249651726996875
2024-09-19,1.4279253736438229,1.2391091251307493,1.3517101931509168,0.9238023805466998,1.2017142635025855
2024-09-20,1.4320942268972108,1.2376587369812937,1.3484242344621198,0.9199664373572944,1.199105564771347
2024-09-23,1.4607455169150279,1.2445467239385286,1.357210623582357,0.9298714819094374,1.2124367262913995
2024-09-24,1.4595861862784656,1.2427234987967186,1.3570820988509034,0.9288612165596698,1.208997718347485
2024-09-25,1.459864774514817,1.2392638203889965,1.3560488059223892,0.9426565045216336,1.205480034467937
2024-09-26,1.4793237454500099,1.2467514326926563,1.3848150906252372,0.9312154710081433,1.2176509699691123
2024-09-27,1.4817249807347839,1.2471595264371733,1.3861787565621468,0.933783633810269,1.214437499280674
2024-09-30,1.4707321771438762,1.243449483888958,1.3826943037090373,0.9307480452628564,1.2130232466646225
2024-10-01,1.4799287256854048,1.2478816269968156,1.3859265916551997,0.9187661663598574,1.2094436630013286
2024-10-02,1.480401589257286,1.2480214468250406,1.3847029537475213,0.9198413413726364,1.2099127181870792
2024-10-03,1.4643701130705717,1.2357880486113997,1.3774139524382294,0.9117739416464956,1.2053743043653706
2024-10-04,1.4805162269124725,1.244053360524851,1.3995139674187829,0.916856820420969,1.1972768633784285
2024-10-07,1.4703717991318057,1.2350693014617449,1.391345484027879,0.9161765439512233,1.1875033564313908
2024-10-08,1.497705629578927,1.2407686008665348,1.3948832167348963,0.9187366796477361,1.2055523327898348
2024-10-09,1.5111798886136716,1.2585466373328829,1.4071444782676317,0.9252145431659274,1.2115421014893806
2024-10-10,1.5142993591242537,1.257879173178231,1.4019940710102812,0.9263585720038988,1.2082620126886041
2024-10-11,1.510272247774874,1.2616102790181822,1.4055400975887367,0.9312062104752691,1.221115347205943
2024-10-14,1.4976461452381233,1.265697275580424,1.403008570493258,0.9132224778541449,1.2083479565224835
2024-10-15,1.474234882270196,1.2553990430649584,1.3835437153892804,0.9073034054417828,1.1890850488184115
2024-10-16,1.4849118183186043,1.2705627158981392,1.4039986624206222,0.9093406485651923,1.1775174142785072
2024-10-17,1.485401779901164,1.2725962294768733,1.403888266950535,0.9119219775562534,1.1790882189786942
2024-10-18,1.4616526325461352,1.2462624779163687,1.328213743635861,0.8873295422201665,1.140719617093029
2024-10-21,1.4774478517054932,1.2466462047181506,1.3314355454822897,0.8866840509598223,1.1319289440913844
2024-10-22,1.4653094478575386,1.2473326671108982,1.3203891800690004,0.889955317708994,1.1406722442687607
2024-10-23,1.4668572285225874,1.2408025340353437,1.3246544271886131,0.8798475989515472,1.1395953549201567
2024-10-24,1.4736150127966607,1.2451852707832123,1.3328289336515244,0.8861187820406379,1.1517615509183272
2024-10-25,1.4776184151291434,1.2445734950632588,1.3427306134769084,0.8846150449042677,1.1613988935446145
2024-10-28,1.5076643070901696,1.2654794791358948,1.3596288908209828,0.8892010597550833,1.182057896429248
2024-10-29,1.5025306443730988,1.255459464048586,1.3495197740955558,0.8724251015450978,1.177377413365227
2024-10-30,1.4931824851025977,1.2463164611453708,1.3283183328967165,0.8697346745993448,1.1716114279940064
2024-10-31,1.5090846364927224,1.2459017755751418,1.3334483314887895,0.8925182840300832,1.124562973060984
2024-11-01,1.520361214618993,1.2607431829463425,1.3514840619073876,0.8982545917266381,1.1480950433096135
2024-11-04,1.535062927855978,1.2614130664257202,1.359112303952158,0.873116249151231,1.1435755058431913
2024-11-05,1.51265669685835,1.2517898569052055,1.3544113206109953,0.8748143655365449,1.135429213519558
2024-11-06,1.5537465080949011,1.3111548644281463,1.448680273086148,0.879717528634789,1.191168723403943
2024-11-07,1.5370016845649799,1.2922969013929289,1.4324555922802034,0.8750447292549554,1.181209913626943
2024-11-08,1.5395493241663603,1.2938370886320305,1.43667999200572,0.8782206686010995,1.1809984850090647
2024-11-11,1.5336632216627473,1.2860683474425991,1.4303450108326263,0.8651580353500062,1.1784452288312246
2024-11-12,1.5552861287535213,1.2865754414666577,1.4366634849367834,0.8916469983154268,1.175988506400587
2024-11-13,1.5550000870508613,1.2868295578985371,1.4368047658746181,0.8906916829892387,1.1763203786293441
2024-11-14,1.5264031495594177,1.2733075749323832,1.4204584818183301,0.8439526295561397,1.125739423124749
2024-11-15,1.4976077306691336,1.269614319393337,1.4043970173175992,0.8273122054136614,1.0915838790320425
2024-11-18,1.4952397041892076,1.265792028113854,1.4011948960995866,0.8250152704791035,1.0865020586122813
2024-11-19,1.4948680709369753,1.2688006473013378,1.4072194444522255,0.8244412127677626,1.0864590156696328
2024-11-20,1.4951667603882237,1.2692098839594923,1.4100562259350125,0.8227367176269795,1.083695384321192
2024-11-21,1.4838683956268273,1.2621368555992662,1.4034512811471047,0.8173409105091636,1.0738347537342376
2024-11-22,1.4832196167316294,1.2622116960223437,1.4034858856013954,0.817762485838456,1.0731253102438942
2024-11-25,1.4882691082554536,1.2642475506151514,1.404760602386782,0.8196633145988865,1.0756977539671375
2024-11-26,1.4796764224649637,1.2594207345684416,1.3986951078340943,0.8110606476084922,1.0697440233338469
2024-11-27,1.4781778558140657,1.2609937788270775,1.3984878924177804,0.8070935651900091,1.0702747323543544
2024-11-29,1.4733450530595367,1.2611814816609206,1.3972194953754797,0.8078927441979536,1.069815472601274
2024-12-02,1.4714133279541697,1.260414968532253,1.3980211773907958,0.8075206338452763,1.069661294549145
2024-12-03,1.459105877984889,1.2540292244435938,1.3955114212529636,0.795124949839387,1.056009926349536
2024-12-04,1.480943731419108,1.264148417082922,1.4094315590448052,0.8172007894974557,1.0055161843481304
2024-12-05,1.4461350138950242,1.257892472192047,1.400774165331461,0.812594264175858,1.0042336709202402
2024-12-06,1.4578301649937921,1.2710700813942752,1.4128894589084446,0.823532569764184,1.005048363513317
2024-12-09,1.4510600059629484,1.2724960661010096,1.4312145059051944,0.8097476652140116,1.004478671402706
2024-12-10,1.4475566745038009,1.2703226236272465,1.4322383363852018,0.8143732683401935,0.9687017011685576
2024-12-11,1.446525634766353,1.2710268579626407,1.4408555585989502,0.8123034729348767,0.9853830369153664
2024-12-12,1.447483965697828,1.2781790587862143,1.4504886218893647,0.8080871363572605,0.9794788339365585
2024-12-13,1.4629745129691665,1.2951417119098552,1.4605438090262612,0.8515749444417501,0.962740395206726
2024-12-16,1.4519670126989084,1.2883989267846563,1.4534984274798661,0.8459372325457091,0.9631091632890616
2024-12-17,1.444587367939174,1.2879174226068157,1.4539236929938308,0.8389317284968724,0.9623061676070359
2024-12-18,1.3952770140377535,1.2859543906598931,1.4570438173658677,0.8116862370252398,0.9310755216149376
2024-12-19,1.3957259244459224,1.286985655951611,1.4566266270043735,0.8062525465309144,0.9223690485734527
2024-12-20,1.3915836004981563,1.2796305937870975,1.4452900142372254,0.8120503917845947,0.9334831985527452
2024-12-23,1.3886051443066931,1.2764430831690028,1.4387373829914063,0.8103285835548051,0.937101606870724
2024-12-24,1.3828248006838202,1.2780182946182395,1.438177849501436,0.8141729956402124,0.9307542020146162
2024-12-26,1.3868755003891808,1.2813345173008586,1.4425493443298587,0.8173495026323505,0.9351083685086904
2024-12-27,1.3765458606143925,1.2857265730225407,1.442762874299439,0.8143382580602847,0.9427533807490931
2024-12-30,1.3519285802707106,1.2816409812123946,1.4432036037790164,0.8184322665993107,0.946965980266436
2024-12-31,1.3504201734265262,1.279887336963051,1.4419862272100625,0.8135146776592882,0.9420761107914849
2025-01-02,1.349071576696396,1.2894067246629726,1.4423501664828617,0.8107805452781975,0.9372260838819144
2025-01-03,1.320570835793795,1.2575484087101938,1.4176707481237045,0.7882514019610227,0.8984602817943609
2025-01-06,1.3320020868868596,1.2645927364630047,1.4305646212573224,0.7954636716839805,0.9016618081778338
2025-01-07,1.3121047605694187,1.2385984513208994,1.3985915989308444,0.8094383973725099,0.88084833108582
2025-01-08,1.266778585174494,1.2314006325780695,1.3947686269610582,0.8200861396702134,0.8948841926945009
2025-01-10,1.2006177748365885,1.1247510926915527,1.34493495986847,0.801333321909689,0.8518816091300753
2025-01-13,1.2014659648696115,1.1271739244107815,1.3419298624473122,0.7980945291057555,0.8551686619639655
2025-01-14,1.2039031624962777,1.1279146841868954,1.3429676002929138,0.7988951922240126,0.8552547158917568
2025-01-15,1.170820416256622,1.0909643284229285,1.285776817547583,0.7721804961704098,0.8237011346668819
2025-01-16,1.1690046322181546,1.082350598229559,1.2783357682999126,0.7776577363900028,0.81597619193811
2025-01-17,1.1560454389108765,1.0707814986201083,1.2668420650765053,0.7654168643179075,0.792861470929839
2025-01-21,1.1325670002212804,1.0772208019475447,1.2569321542140974,0.7503949148790326,0.7923159246677346
2025-01-22,1.1494355266375742,1.0983670688927736,1.277684856765858,0.7446329705811529,0.7952277585523967
2025-01-23,1.1239734849246432,1.0957747094318087,1.263301097843258,0.7438704228886263,0.7996564301937595
2025-01-24,1.1212793416253997,1.0935775712252371,1.2529333784980674,0.737976435085094,0.7928727806854574
2025-01-27,1.0938697888948197,1.0726497339367282,1.2241359090330368,0.7165130365800808,0.7778864818639525
2025-01-28,1.0616736333407462,1.05459809424466,1.2045503848615626,0.710656340787705,0.7695688816862838
2025-01-29,1.0548305252787058,1.0478947286536704,1.1963589842508053,0.7104529672971346,0.7630465060158576
2025-01-30,1.0554697673082718,1.0457432081007105,1.2065595770455957,0.7067681751071319,0.7680003840843811
2025-01-31,1.0501901055893461,1.0498227739664305,1.2162944433780767,0.7119178764233871,0.7716819480261319
2025-02-03,1.0492548117952853,1.0591545690870432,1.2290911186866726,0.7150989210819438,0.7548483906885839
2025-02-04,1.0542654695988996,1.0695870418706213,1.2503766884880874,0.7166748100627549,0.7624384798726531
2025-02-05,1.0522939617851443,1.0727592470296021,1.2588404461691531,0.7174022096390272,0.7681137583347393
2025-02-06,1.0478904879543545,1.0647355353597943,1.2507457582937098,0.7130934947906208,0.7596618741076614
2025-02-07,1.0327378469426103,1.0551371281846487,1.243501225117925,0.7055678944829958,0.742381125025459
2025-02-10,1.0220570803269224,1.0458448269226435,1.2350883427974788,0.7005186317128851,0.7445035855152593
2025-02-11,1.0221945934093808,1.0460277166217267,1.235383121714937,0.7019144949447421,0.7452745307015742
2025-02-12,1.0268266908187007,1.0403971352153174,1.2308532085427915,0.699819148629762,0.7383771801510662
2025-02-13,1.0016400456420267,1.012638108306245,1.2035795540383742,0.6975539476082746,0.7224105014203046
2025-02-14,0.9940107278991708,1.010270997393873,1.1845848833986774,0.6989226587971253,0.7082654205833665
2025-02-18,0.9902851980992614,1.002382186449884,1.1746168120564882,0.6812380048256182,0.7013270628767418
2025-02-19,0.9911086558777005,1.004641439451109,1.1811674287086043,0.678116339679668,0.7006790909441868
2025-02-20,0.9879771190232571,1.0034756186938631,1.1863589315688652,0.6711888213644445,0.7037999907083428
2025-02-21,1.016858826333713,1.0573587528058512,1.253558279434573,0.6875945167642742,0.7844749212649356
2025-02-24,1.0134410159457965,1.0478520783803422,1.245948408515574,0.6810940466928257,0.7738276468388254
2025-02-25,1.003382899335719,1.0311918773494253,1.2500630709238338,0.7076489980570221,0.7940908463810703
2025-02-26,1.0033335303940862,1.0312204575918422,1.2499969250875438,0.7074440393065967,0.7939619782133692
2025-02-27,1.0343708766592055,1.046693966965412,1.284777658685426,0.7006905532670428,0.7923778792077586
2025-02-28,1.0077406223797267,1.0364299014040645,1.2809920681778333,0.7030197403246067,0.7933783385400485
2025-03-03,1.023851172606338,1.0480893981678878,1.2835503295357782,0.7047584406487458,0.8150877576147688
2025-03-04,1.0400420014410594,1.0868712506747964,1.3164648630131592,0.7275618356723192,0.8623410397037725
2025-03-05,1.0725887293072167,1.1094133499987802,1.3570995166673967,0.7414418483565831,0.875513621138336
2025-03-06,1.1101816441114039,1.1219760810523045,1.390814017326715,0.7422637919845007,0.9265837777310623
2025-03-07,1.105102625669791,1.1208068792029011,1.3778546826080134,0.7516950897105465,0.9274553801205223
2025-03-10,1.1186135079986503,1.1608075074208746,1.4222668002084038,0.772881421833294,1.0255949851183839
2025-03-11,1.1591631542054397,1.188541130428105,1.4353323626032513,0.7279627256589021,1.0398430903588953
2025-03-12,1.142673288895903,1.176603512343535,1.4153679159667456,0.7205968210268497,1.0315087975767472
2025-03-13,1.1482448042784288,1.1887326858861251,1.4286564493068445,0.6891469943732502,1.0340479808020862
2025-03-14,1.1771026155134707,1.2391460973161308,1.4729559529761027,0.7879329231088119,1.0252943215415564
2025-03-17,1.1909936893524486,1.239680285320708,1.4713265390630141,0.788619782178377,1.0328168556488717
2025-03-18,1.1963422620485566,1.2419138239160026,1.4836246920242298,0.7781204790391447,1.0538895109994943
2025-03-19,1.2132828221508414,1.260653304792233,1.5083825305061866,0.79938185800147,1.068612475617244
2025-03-20,1.2146033289895601,1.263096314516495,1.5125405695439598,0.8012406520914354,1.0745136773730877
2025-03-21,1.2196459630299719,1.2631618357022256,1.5130340450350868,0.800978612339438,1.0793136978069324
2025-03-24,1.2194741009740153,1.2720352179758831,1.5380244304645223,0.7797721990385207,1.0766534006714326
2025-03-25,1.2147444468574584,1.269837580546926,1.5346557324207817,0.7803399371415982,1.072549216506463
2025-03-26,1.2091943988407838,1.267130813560698,1.5320840951759083,0.7790864735620923,1.0645212342755996
2025-03-27,1.214696976715807,1.273101802149433,1.5355020807573727,0.7816644946844846,1.069066315073665
2025-03-28,1.2297582166463885,1.30053635584429,1.5537192340845016,0.7759587256828373,1.0918580030811698
2025-03-31,1.2159105458577064,1.287782982444943,1.5335095735206408,0.7642349043791068,1.0635322780388177
2025-04-01,1.2127757647632575,1.2842755268122419,1.5315599838360798,0.7562023829718258,1.0632777070659811
2025-04-02,1.2204470421430285,1.290003499016762,1.541433365976776,0.7573210628721598,1.074645828551932
2025-04-03,1.2954294014084637,1.383298880227443,1.7196537523058022,0.8806638273414874,1.1821091252682128
2025-04-04,1.127875808941678,1.2809574185216959,1.587849639454064,1.0031268774208089,1.097477561538145
2025-04-07,1.1216218553941721,1.2813385006948033,1.579731092178995,1.0076814365989388,1.103219304188708
2025-04-08,1.1576470003976256,1.2957958668732976,1.6010140096791916,1.0257501170799381,1.1311072478432609
2025-04-09,1.4640116471838807,1.5809371407635788,1.8669607320665305,1.1589153319350147,1.4408613434968698
2025-04-10,1.5562088206796836,1.628577870404143,1.9065518570637079,1.2116745100580517,1.5008403189736268
2025-04-11,1.5458482123984918,1.631608799296663,1.9089967474521918,1.2022118174186422,1.4986768830746775
2025-04-14,1.5391734573416913,1.6208771270838302,1.9044041038233968,1.1913487768669584,1.4899773463243393
2025-04-15,1.5319516688876982,1.6219179470817833,1.900874836565711,1.1837208205543754,1.48378818429454
2025-04-16,1.538377997572731,1.6093591093861301,1.8785506962429905,1.1984006150518922,1.483256204703838
2025-04-17,1.5390760861781188,1.6095701589530684,1.8788074829599546,1.1987791330149176,1.483419012137457
2025-04-21,1.5532237875231003,1.612541215286663,1.8907074567376936,1.203659516654361,1.4911141896154851
2025-04-22,1.5460079369496398,1.6002734535494256,1.878032704994086,1.2036465024602208,1.4871636451696446
2025-04-23,1.5429131021401157,1.6031693692310796,1.8760021369917905,1.213708857830718,1.494267403729258
2025-04-24,1.5393551790157312,1.5903569015486279,1.8560999630866177,1.2195331370821672,1.4274926292984793
2025-04-25,1.550809818396962,1.5906970864148193,1.8576320279783132,1.2248740804418752,1.4349496937268993
2025-04-28,1.5503269839627642,1.5900972093400045,1.8570252681296608,1.2247591684221486,1.434473326329041
2025-04-29,1.552300042378294,1.594274691785649,1.857805103571312,1.2200904525830047,1.4369012673822827
2025-04-30,1.5592133580624428,1.597285201599288,1.8647404153063065,1.224500400796051,1.4428470781517495
2025-05-01,1.5587226905440537,1.5946131528846936,1.8636251721180348,1.2275979338216958,1.4418263154614284
2025-05-02,1.5653937384106107,1.6175194639930954,1.878935257989389,1.2310853290920096,1.454576374421157
2025-05-05,1.5627608525575307,1.6116943630989697,1.8746988947139047,1.2281402929108738,1.4462198655211864
2025-05-06,1.5627297795804318,1.6106022252494983,1.875113754494572,1.2239410368987238,1.4379656076185234
2025-05-07,1.5689919661504261,1.6137251888344912,1.8840199666350748,1.2323627977471545,1.4433450889275226
2025-05-08,1.564068523513603,1.6209809965259716,1.8844596291850515,1.2263781980375272,1.4471259867436044
2025-05-09,1.564040390465079,1.6212786603429012,1.8860193463084285,1.226436313986745,1.447961943260707
2025-05-12,1.5641271516019286,1.6252298309968718,1.849466091165791,1.1962726579362704,1.4324574904750773
2025-05-13,1.5711744014138245,1.6294721620158337,1.8573570605759537,1.195607036544796,1.4341421182885803
2025-05-14,1.57065403560113,1.628774941442189,1.8566137287106543,1.1956060278129423,1.4339659041415593
2025-05-15,1.5697298538417295,1.6275130921413894,1.8526942618254885,1.1968028383908589,1.4309425052524318
2025-05-16,1.5686001342483389,1.6284765361908722,1.85315182885133,1.1993410483464422,1.4322619690348928
2025-05-19,1.5785740293437414,1.6330735033190766,1.8607863122611092,1.207370457476051,1.4394509408968363
2025-05-20,1.5792933541508427,1.6341163071348273,1.8630679107929462,1.2079073626259111,1.4410779957878095
2025-05-21,1.5824790546305303,1.6366209625554176,1.8667658300804002,1.2092016193239166,1.4521000257066068
2025-05-22,1.5826684813911245,1.636540064965302,1.8668142673586015,1.2090878452951204,1.4518968575081403
2025-05-23,1.5855613908767145,1.6374097034294126,1.8695480600570462,1.209684249902858,1.4483946055216967
2025-05-27,1.5905130812656596,1.6355801992815433,1.8725272297015332,1.2242371107027337,1.4505757108815498
2025-05-28,1.5903435190537143,1.6375041681836493,1.8723646046971945,1.215376228454677,1.4483537626903484
2025-05-29,1.590870772630529,1.6365231612093865,1.8748568936605534,1.2171905461234573,1.448756228222292
2025-05-30,1.590819261604453,1.6366194026150505,1.87445629007584,1.2176034089128789,1.4496456798378907
2025-06-02,1.5668802887628535,1.6366641498906553,1.8822240510780297,1.2101569188720391,1.4455084829759703
2025-06-03,1.566011413361623,1.6391887524882431,1.8808490918834433,1.2127757321562334,1.447980155925469
2025-06-04,1.5678362478335115,1.6382961880188973,1.8778817975915232,1.2096245688827023,1.4464195167456806
2025-06-05,1.568493083038412,1.6375712812947534,1.8789276256399268,1.2079751842044424,1.446596472362457
2025-06-06,1.5754364271146541,1.6440853652752645,1.8855244971051186,1.212295694010801,1.4513367471176
2025-06-09,1.5775791456088,1.644070140211319,1.8889426056773213,1.2098594138752476,1.4580890314019563
2025-06-10,1.5771184563542,1.6440204321953868,1.887167183069297,1.2115254284621684,1.4564808491485999
2025-06-11,1.5825898062793762,1.6477681030674112,1.8912097640545116,1.2132798188444982,1.459911056220234
2025-06-12,1.5812575107701337,1.6470012435738273,1.8896490857167876,1.2066691247807324,1.4596146896084128
2025-06-13,1.5907880111148103,1.653485351310571,1.8975528341238712,1.2128632568410902,1.4688843566683671
2025-06-16,1.5973850637742595,1.6587389155635637,1.9065639474395961,1.2128353392882245,1.468309534963265
2025-06-17,1.6013670423518955,1.6653899165265782,1.9174833929825177,1.215902320258361,1.4755278183871972
2025-06-18,1.6013563100736246,1.6653632461886239,1.9174688398159467,1.2159578911839672,1.4755108229772131
2025-06-20,1.600451237603212,1.664229601089254,1.9178200626153896,1.2145741655433693,1.473649417152816
2025-06-23,1.603804873065023,1.6659578147382188,1.9225166654053814,1.215778056579563,1.4736654056854523
2025-06-24,1.6103888717960257,1.6687014635689763,1.922740008382118,1.2113984547704704,1.4791057578770448
2025-06-25,1.6103408715128078,1.6686127008349427,1.9221206038380518,1.2119508733512623,1.4790031715693568
2025-06-26,1.6095206836035612,1.6693917128812015,1.923491795849443,1.2120606185863991,1.4800189496494875
2025-06-27,1.610793655423044,1.6712866442356553,1.9262690353907101,1.2138563661350092,1.4822910701417489
2025-06-30,1.6095747763249186,1.6699303284584468,1.9259736674062722,1.2141870348535537,1.4818578357949959
2025-07-01,1.6086691301577385,1.669840710118179,1.9259135959203921,1.2135396864690389,1.4815384655438613
2025-07-02,1.6101347645191622,1.6694791277395362,1.9278007819408638,1.2156465319967507,1.4817431958672762
2025-07-03,1.6098491274279658,1.6702464889335586,1.9282143791951576,1.2150708982299905,1.4806000300674331
2025-07-07,1.6105279818693747,1.673303163140853,1.9311496668012926,1.215230938030165,1.4832044088033716
2025-07-08,1.610574617170905,1.6723085032323204,1.9314694903498046,1.214672594022013,1.4828315005391328
2025-07-09,1.6102515766594037,1.6762364927838285,1.9335502449688375,1.2238077085517642,1.4878947843515007
2025-07-10,1.616905952783933,1.6822672977873347,1.9408599499420711,1.227722931384345,1.4924596848055953
2025-07-11,1.6218035701684956,1.6818550881514545,1.9446217185908172,1.2279450238938239,1.4952191013389962
2025-07-14,1.6222628559877517,1.6865056528328588,1.9498813952875214,1.2299494756140494,1.5007729204248044
2025-07-15,1.6181986179028947,1.6848280182856223,1.9486840778055863,1.2280672810738331,1.5105950160755395
2025-07-16,1.6204451319107693,1.6899637446538545,1.9544839438373174,1.2265719474978538,1.5098277657935446
2025-07-17,1.621535688784318,1.6913937931467773,1.9575871725750429,1.2219942163103,1.512477481939923
2025-07-18,1.6158359102592945,1.6837146909526577,1.9510719514389712,1.2183383145665299,1.5068483860299025
2025-07-21,1.6175400103736957,1.6896579653996906,1.958796123030373,1.2195307200396055,1.5095176116362194
2025-07-22,1.6127372748433877,1.6886035114967988,1.9592678539776245,1.214719631333958,1.4976589585118847
2025-07-23,1.6140309232576286,1.6908785808028923,1.962834310006768,1.2137777370506169,1.5028308138121487
2025-07-24,1.6163041354598815,1.703445836408556,1.9667959807702886,1.2136780490634778,1.5021827569749668
2025-07-25,1.615113985872057,1.7028976272608654,1.967346828705101,1.2122169523032857,1.502983200337492
2025-07-28,1.619047659784913,1.715742753504287,1.9653591573778237,1.2162497040225273,1.5177866976681493
2025-07-29,1.6273196456625223,1.7201556566171021,1.9701645192763613,1.2286877995911,1.5221098320155626
2025-07-30,1.6309144975111305,1.7219331936100961,1.9728986659575345,1.2405195851478152,1.5221511110589332
2025-07-31,1.6303405105144235,1.7215696030921144,1.9745792957023904,1.2391088940541852,1.5222875118443773
2025-08-01,1.6414283781991428,1.7278569238479902,1.9801848529011805,1.25069307189673,1.5247915376703787
2025-08-04,1.6546984750173312,1.7405941034206767,2.0017762853743304,1.2524984027195671,1.5442727919015433
2025-08-05,1.640314588808663,1.7344607398239564,1.9847626953221609,1.2494056901413788,1.5377721277818395
2025-08-06,1.6301559229752765,1.7322207920891035,1.9760484127520983,1.2338446528856428,1.5276044735273826
2025-08-07,1.638571119904563,1.7344050857863007,1.9748978359129525,1.2202889681047284,1.5258057807249286
2025-08-08,1.6372064860591236,1.7338459249384275,1.9736084192590138,1.2156765684310429,1.5192060995737882
2025-08-11,1.638304157617283,1.731440723996778,1.9753809025187774,1.218298025802334,1.5218817174341928
2025-08-12,1.6469736418771586,1.7378755324053283,1.986832758771668,1.2242978931997022,1.5449266219201911
2025-08-13,1.6481948848334014,1.739993988937426,1.9874998367728416,1.2246516888817909,1.546683381061414
2025-08-14,1.6484089039230663,1.740096693343019,1.9874238250731413,1.2248436150382573,1.5469757824079935
2025-08-15,1.6485575415132754,1.7453075878780306,1.9949688108517576,1.230030290591742,1.546289902585678
2025-08-18,1.6493374669637553,1.7465843458040686,1.9962107874453188,1.2305372502882652,1.5478971760494165
2025-08-19,1.6443264676324514,1.7435188738766014,1.9853447046585841,1.217723645383272,1.5528913363371168
2025-08-20,1.647074137363219,1.7454999350589253,1.987965094906478,1.2190301723519243,1.5552427332599528
2025-08-21,1.6462460729050366,1.7494543501180702,1.9940293393488828,1.2181359072404632,1.5593836003301471
2025-08-22,1.6660900116612118,1.7637674323147927,2.003168598756822,1.231310054740843,1.581487912928837
2025-08-25,1.670194246886769,1.765998786958457,2.0035029202019197,1.2318220340569905,1.5801120133464637
2025-08-26,1.6678511861877676,1.7689779196410393,2.004010886043448,1.2387198526560903,1.5793171806956103
2025-08-27,1.665940028334523,1.7659720959148213,1.9982721888268038,1.2298547159975048,1.5760002000330018
2025-08-28,1.6650479048524225,1.765790568720308,1.9973218882959893,1.2293246891037386,1.5762491232505105
2025-08-29,1.6619844989045829,1.7648038617202355,1.9962602565627812,1.2279622893293796,1.5758309734693603
2025-09-02,1.660407222055943,1.764466927523246,1.992647403304313,1.2289132219945718,1.5754843039226258
2025-09-03,1.6600462864049326,1.7638711806499372,1.9931301178349392,1.2291123140890854,1.574051079750304
2025-09-04,1.6472962290683326,1.757367606911412,1.9865405382218375,1.2208983395905595,1.5739345399722
2025-09-05,1.6629756848280832,1.7741651324186778,2.0048925016761525,1.2465545932208681,1.5870662601926266
2025-09-08,1.6627961251621761,1.7745818587560114,2.005657346469746,1.247364415727525,1.587779848524146
2025-09-09,1.6637379067611422,1.7736065660738294,2.0065894427691155,1.2474926972548603,1.590867532813648
2025-09-10,1.6768413364765553,1.786053621522999,2.030945339617295,1.2558082225972818,1.5999578133816417
2025-09-11,1.6705842485531945,1.7748557415874466,2.0211226493315615,1.261143548689791,1.5900601676622246
2025-09-12,1.6732123048704943,1.7764818302533045,2.023601456047254,1.263150400997948,1.5910519604762638
2025-09-15,1.6779140109219854,1.7719933861336141,2.0252484743752546,1.2684400250622705,1.5882214530008294
2025-09-16,1.6790800507184023,1.7755209527991573,2.024333285128453,1.269757069910834,1.5901403002888865
2025-09-17,1.6817479614377495,1.773222583807263,2.023769920882919,1.270278415989901,1.5853105343242135
2025-09-18,1.6816043101169587,1.7734794910671146,2.0221253186978965,1.27028194700458,1.5827366099663747
2025-09-19,1.6798804841966544,1.7733115118128828,2.0220051248421766,1.2704106101076553,1.581415826928585
2025-09-22,1.6773571122249975,1.7719492507607975,2.0197682334359053,1.2710947468166196,1.5735246043896614
2025-09-23,1.6868393082630497,1.7819712106059158,2.0371102331817004,1.2733975246031617,1.5882324588105574
2025-09-24,1.6880080431773703,1.783166129322519,2.038955807380522,1.2742220786774685,1.591053955608308
2025-09-25,1.6937002824249565,1.7843814622136307,2.041163644288407,1.2774045077727916,1.5925948952903566
2025-09-26,1.6914588547877127,1.7836099318767786,2.036733029924141,1.2789296545280646,1.5906446556549894
2025-09-29,1.6916125300189122,1.7856386877376744,2.037665063807911,1.275789941100927,1.5917215130796436
2025-09-30,1.6844760017105238,1.7790067936318845,2.028428576803764,1.2690521110051707,1.586653136951404
2025-10-01,1.6833658337400552,1.7776744851881547,2.0246468559257402,1.2689266355770294,1.5853271427001587
2025-10-02,1.686449411417025,1.7797013203627965,2.0270066422076027,1.2690556655706566,1.5855363604226655
2025-10-03,1.682377416368363,1.7796060318700113,2.027100157512057,1.2741060226138912,1.588641071078006
2025-10-06,1.6834343844928055,1.780155510951897,2.0277485837131755,1.2738165201189686,1.5869269165352278
2025-10-07,1.6851209360873074,1.7815836381822099,2.0275377474595127,1.276308827823749,1.5827309633807938
2025-10-08,1.6746938717035251,1.776365716608319,2.0177295223353147,1.272663506836173,1.5860458524784145
2025-10-09,1.68034043760493,1.7769088295622293,2.0183277369918162,1.2759665242792424,1.5897376426263297
2025-10-10,1.6487251939009397,1.7658733578400643,2.0144731678371284,1.264906482007214,1.5892838762217083
2025-10-13,1.6482089836613092,1.7646117076736922,2.0164450539450556,1.2666034018399994,1.5900542040323968
2025-10-14,1.6454913143870538,1.7618702864980174,2.015463585097024,1.2637239195781411,1.58918946684674
2025-10-15,1.648282491613245,1.7603846796100702,2.0136202610102742,1.263442618383927,1.5832451419029787
2025-10-16,1.6568011899441983,1.7573061847308913,2.020148347673987,1.2669756114973432,1.5875931866495367
2025-10-17,1.6612050389085438,1.755502228701203,2.024792491757463,1.269985404956447,1.5914235498488636
2025-10-20,1.6573935196883578,1.7541069435551357,2.0137179814612067,1.2727451808029935,1.592244166777436
2025-10-21,1.6570193981962653,1.7536402748194948,2.0142164770257045,1.2721922220193382,1.5917963373360575
2025-10-22,1.6574635177960995,1.7576392764525866,2.0183056411357,1.2732017723136837,1.596422061017149
2025-10-23,1.6635986655553319,1.752876652378016,2.0158346260529076,1.2626758654390395,1.5938057932652483
2025-10-24,1.6764840189385024,1.7572536354633583,2.020201723314278,1.2641881051416626,1.5794396598200962
2025-10-27,1.6646713473567802,1.7525724442138204,2.012885283575148,1.2655314643071132,1.5840471001871381
2025-10-28,1.6622055457371683,1.7503372279799692,2.010376260436838,1.265707431572016,1.5822235064325152
2025-10-29,1.6629409371102204,1.7498892898742038,2.010370083599773,1.266272929114034,1.5824627858373164
2025-10-30,1.6597725244796686,1.7512457241084578,2.010931457162119,1.2659763419106222,1.5827833220061152
2025-10-31,1.660947681255827,1.7504651189024214,2.0107906718957014,1.2656910648499167,1.5842951739308266
2025-11-03,1.6627785931660262,1.7534827864932958,2.0164072369937713,1.2676048176792092,1.5850901475650045
2025-11-04,1.6702763704871284,1.769932252265862,2.033707933631616,1.269208835954597,1.6081888130121893
2025-11-05,1.6737926975053996,1.7719437457074205,2.03597652142886,1.2738605863383299,1.6083974041987226
2025-11-06,1.6714495430209868,1.7681196637304424,2.0295427698797495,1.269166670033659,1.6053053624965004
2025-11-07,1.6729503852120515,1.7670537200551313,2.026222221421874,1.2666662213576032,1.6026250425382647
2025-11-10,1.6400721669103608,1.7377713053375077,1.9804410116919526,1.2656327377512158,1.5724592405776694
2025-11-11,1.6462210023036377,1.7450500922656467,1.9871127156635036,1.2671898877884324,1.5763417450534012
2025-11-12,1.645401618661162,1.7445897040257703,1.9854208071315167,1.2659680970058063,1.576778955953984
2025-11-13,1.6456661475558032,1.7351028998668052,1.9829291567438252,1.26020227341324,1.5755226520516743
2025-11-14,1.6449641079844741,1.7369229016101195,1.9836490068752008,1.2588853631515566,1.5756502808091999
2025-11-17,1.6493446497121127,1.744259426965195,1.992627817334894,1.2634575017890879,1.587429161273297
2025-11-18,1.6508771564915476,1.7381782220271842,1.9887046502710983,1.261856649090045,1.590733825186428
2025-11-19,1.661178202104399,1.7412293402420682,1.9967167591415147,1.2691352041609918,1.6043414432733873
2025-11-20,1.6545161835348337,1.738174253634917,1.9912149278525337,1.272013759108768,1.6044622938140798
2025-11-21,1.6635023614538644,1.7440486074046435,1.9894031047169565,1.2821768460528984,1.6119927852628881
2025-11-24,1.6614191158451654,1.7479586077767517,1.992502143864556,1.2805767090349358,1.6107392433847543
2025-11-25,1.6674964661372755,1.7515719062565138,1.997732358710991,1.2859988263112088,1.616046473959614
2025-11-26,1.6708736832287152,1.7555449793399827,1.9997596584266373,1.2877603718835609,1.6194583754698022
2025-11-28,1.668585390906753,1.7531908686546993,1.998176618659577,1.2852934537196714,1.6184665003143073
2025-12-01,1.6715155371974628,1.7535894247159003,1.9995722661254538,1.2871544693101393,1.6203278156716225
2025-12-02,1.6726053333713287,1.7537755913621333,2.0009409372550784,1.28923735700385,1.620523094942896
2025-12-03,1.6764795875509035,1.7570661726295798,2.0043708864960172,1.2905844729087521,1.6263576669762476
2025-12-04,1.6763253140960688,1.757333088062324,2.0041824078570594,1.2900633340123837,1.6262121267833867
2025-12-05,1.6772738936183669,1.7571065136822281,2.0040624337486346,1.2918547383039665,1.6277140557521177
2025-12-08,1.6738018307235285,1.7540380151138306,2.0003918586370975,1.287293753564044,1.6242750186256634
2025-12-09,1.683233887093924,1.7554118384647512,2.0019566058168614,1.2883464021813984,1.6256930141240167
2025-12-10,1.6828254939552498,1.7602081279469235,2.0037745416233714,1.2945819375865777,1.6320906310498182
2025-12-11,1.681562036611756,1.7565454711698363,1.9990690364065329,1.295168622861718,1.6334881557850656
2025-12-12,1.6783983339957183,1.7554162447665964,1.9980298016682552,1.2871327012758804,1.647777274359564
2025-12-15,1.678118512518806,1.7545360539684496,1.9955856935452227,1.287488198221405,1.640749202300355
2025-12-16,1.6724997211190094,1.7512969174028725,1.9883600190054591,1.2856622634243253,1.639269753574439
2025-12-17,1.6754144456672806,1.7514988338679567,1.987557461217394,1.2899137831678977,1.6400175680724167
2025-12-18,1.6773000812948127,1.7516658479533749,1.989497740480148,1.2884911242359862,1.639500691576675
2025-12-19,1.6788718911186253,1.751392816819918,1.9880825754436684,1.2896692695098042,1.6376545669030385
2025-12-22,1.710624264753136,1.768222224603762,2.0065915734920314,1.3139868074705503,1.6710780408970989
2025-12-23,1.7061855879759655,1.7659838729925679,2.0048048473913713,1.3119927055714073,1.6673484357068122
2025-12-24,1.7077072817832477,1.7695648103443289,2.0064982903801885,1.3117477222258005,1.6679718139134672
2025-12-26,1.7062463084796027,1.76969631529658,2.0053030249845585,1.3104775652266463,1.6659779789022553
2025-12-29,1.710969954743508,1.7717777889144528,2.0084361043313548,1.3105382173496074,1.6718400112150489
2025-12-30,1.710206082165767,1.7717578902354296,2.0082266453867144,1.3102967771405303,1.6717027369920028
2025-12-31,1.7129214833823279,1.7688906168830827,2.0071730761506554,1.310670844958169,1.6684193687987592
