date,AAL,DAL,UAL,LUV,ALK
2015-01-02,,,,,
2015-01-05,,,,,
2015-01-06,,,,,
2015-01-07,,,,,
2015-01-08,,,,,
2015-01-09,,,,,
2015-01-12,,,,,
2015-01-13,,,,,
2015-01-14,,,,,
2015-01-15,,,,,
2015-01-16,,,,,
2015-01-20,,,,,
2015-01-21,,,,,
2015-01-22,,,,,
2015-01-23,,,,,
2015-01-26,,,,,
2015-01-27,,,,,
2015-01-28,,,,,
2015-01-29,,,,,
2015-01-30,,,,,
2015-02-02,,,,,
2015-02-03,,,,,
2015-02-04,,,,,
2015-02-05,,,,,
2015-02-06,,,,,
2015-02-09,,,,,
2015-02-10,,,,,
2015-02-11,,,,,
2015-02-12,,,,,
2015-02-13,,,,,
2015-02-17,0.3396277852414827,0.26355129461643334,0.3047365103178204,0.2345946324627459,0.23349634441063044
2015-02-18,0.3396239551055442,0.2590831698257236,0.30462344276956466,0.22350175119228494,0.2298122022217546
2015-02-19,0.3366048951142898,0.24991256994283723,0.2980145622293672,0.20786390037654837,0.23083092450701828
2015-02-20,0.33660090062206377,0.249441047307351,0.2980145622293672,0.20786390037654837,0.23083092450701828
2015-02-23,0.33660090062206377,0.24990816653700282,0.2980145622293672,0.20794551547807835,0.23083092450701828
2015-02-24,0.3247365917422097,0.23716410888363282,0.2926021316051188,0.19378172760270562,0.22613682166772897
2015-02-25,0.3116299782211907,0.242555584009549,0.30611452123799016,0.20556821539768858,0.2304802150806963
2015-02-26,0.31241591652270806,0.2491461306479995,0.3107693017227016,0.20558501497065668,0.2304802150806963
2015-02-27,0.318770082382078,0.2516884271114017,0.3086130093148151,0.19942621542698635,0.2309644984458252
2015-03-02,0.318770082382078,0.2511383989183205,0.30845240398526147,0.1954386427785109,0.23094098118963322
2015-03-03,0.318770082382078,0.2511383989183205,0.30845240398526147,0.1958789425694852,0.23094098118963322
2015-03-04,0.318770082382078,0.254285878997447,0.3087637021450954,0.1958789425694852,0.23157215074872278
2015-03-05,0.32042919269065034,0.2589234800345291,0.31038206102763893,0.1958789425694852,0.2368654278386098
2015-03-06,0.3213231781684976,0.2619686313404562,0.31493200223585066,0.20281242466152746,0.24035399009868516
2015-03-09,0.3213594812374207,0.26184631905562117,0.315742243548239,0.20281242466152746,0.24035399009868516
2015-03-10,0.3289519705748757,0.2712997596685551,0.3228711595544938,0.2051257844346051,0.24035399009868516
2015-03-11,0.2958866177291559,0.2654446973557575,0.31482072417572965,0.202537973316523,0.23841773385491957
2015-03-12,0.27288033160619857,0.26203154003216905,0.31206317606617606,0.20247490333341148,0.23476362160776632
2015-03-13,0.27288033160619857,0.26203154003216905,0.31214792727990864,0.20463394383086245,0.23556666244907745
2015-03-16,0.209111727213535,0.2015915685821434,0.26561197519027097,0.1714990603840924,0.19611751550231976
2015-03-17,0.20802828339985902,0.19554347494926752,0.26561197519027097,0.16635275865885762,0.1947059999568915
2015-03-18,0.19495766861040878,0.19997498100951824,0.2623072619318707,0.1469745379354207,0.17505685007393101
2015-03-19,0.19495766861040878,0.19997498100951824,0.2623072619318707,0.1469745379354207,0.17505685007393101
2015-03-20,0.19226438987155697,0.19346507420304587,0.24959912134672693,0.14655959510528274,0.17505685007393101
2015-03-23,0.201064186553257,0.19621027245449055,0.24722518702889226,0.15596543419445943,0.17788414411745182
2015-03-24,0.17760948415499328,0.18738384192737673,0.2108468616475038,0.1486148508431053,0.14455098571831249
2015-03-25,0.20540724902234903,0.21012458069736906,0.22874831102321647,0.16757373943764586,0.17748473787341737
2015-03-26,0.2076601328313143,0.210863025866486,0.22919078345141206,0.1703490202799397,0.17334064507259228
2015-03-27,0.2076601328313143,0.21057830294930108,0.22919078345141206,0.1703490202799397,0.154254490242287
2015-03-30,0.2076601328313143,0.209621537952324,0.22415644265484752,0.16982700935889933,0.15400465328222446
2015-03-31,0.21157497203726824,0.21306816372762807,0.2204676162988081,0.16405501444839582,0.15324643733218646
2015-04-01,0.24753792890867712,0.23959849235413588,0.26096686479579795,0.1732239346015438,0.18055215292003993
2015-04-02,0.25790814335854,0.24897044466888837,0.27686827555558746,0.17763839237514692,0.18094116277251074
2015-04-06,0.26593033320137993,0.2512291964072485,0.2888793622485691,0.21419899169364057,0.18354188344601882
2015-04-07,0.26821883917328193,0.25090280918641983,0.2900936098144688,0.21411976021581988,0.18354188344601882
2015-04-08,0.26821883917328193,0.25090280918641983,0.2900936098144688,0.21411976021581988,0.18354188344601882
2015-04-09,0.25429392571888043,0.24061728185057213,0.2757974070985523,0.19917890855981935,0.1804866546938976
2015-04-10,0.2534153855411321,0.23378642655744797,0.27059180288787366,0.19916156862303083,0.18073589273682755
2015-04-13,0.2386789461315747,0.21671030560762528,0.25288540119798986,0.19139347029889053,0.18222651167807005
2015-04-14,0.23973144280099584,0.21671030560762528,0.2554496048136765,0.19220288825583806,0.1858679275999588
2015-04-15,0.23973144280099584,0.21671030560762528,0.2554496048136765,0.19650851357773105,0.18736516547810594
2015-04-16,0.23973144280099584,0.21300831840635606,0.2550732490117403,0.19650851357773105,0.18658451443000126
2015-04-17,0.23752828521029695,0.2078750432419406,0.25525449668102257,0.19902578700021048,0.18143700033865148
2015-04-20,0.23631751728346773,0.20402411207903337,0.24961914159648352,0.19195557933049265,0.1767896361235484
2015-04-21,0.23626814770963506,0.20402411207903337,0.24859347843974436,0.19195557933049265,0.1767896361235484
2015-04-22,0.22523131543933564,0.1898247871753496,0.23926156442601418,0.18986895069652238,0.17894276397668563
2015-04-23,0.22523131543933564,0.18992695664570916,0.24555357771091765,0.18986895069652238,0.17894276397668563
2015-04-24,0.22523131543933564,0.18992695664570916,0.24555357771091765,0.18986895069652238,0.17894276397668563
2015-04-27,0.2299183060240154,0.19272079968424558,0.255183632751256,0.20387906946146106,0.18193800215280911
2015-04-28,0.23303669324012238,0.19335109274534656,0.2565237187705395,0.20571374396166833,0.18628123702780958
2015-04-29,0.26722910588796794,0.20681376585227335,0.2667471365847607,0.21574924699953443,0.19268719392323516
2015-04-30,0.268810323122681,0.20168897147579568,0.26356957808300663,0.21550118637219703,0.19781143777517407
2015-05-01,0.268810323122681,0.20168897147579568,0.26356957808300663,0.21550118637219703,0.19781143777517407
2015-05-04,0.2700474761016621,0.2030517244136975,0.2632145989956359,0.2217772496222638,0.20074191028924818
2015-05-05,0.2848204875132447,0.21565393903255298,0.26429194421459223,0.23235783333074567,0.20660273376439575
2015-05-06,0.28371767613037385,0.21292136126891065,0.26429194421459223,0.2299784919604823,0.20543866493254256
2015-05-07,0.2642890664777739,0.19051475241257546,0.24895951688448584,0.2165537404581598,0.17776163912218412
2015-05-08,0.2610549338508854,0.18844688874874527,0.24761723703286856,0.21357460372539216,0.17776163912218412
2015-05-11,0.2610549338508854,0.18844688874874527,0.24761723703286856,0.21403807095654087,0.17776163912218412
2015-05-12,0.2651990435834054,0.19350623803130634,0.25265151908616357,0.22023498390081636,0.1847273097558058
2015-05-13,0.261968568480303,0.18970453588742384,0.2512126732291252,0.2295458803446889,0.18590368131021778
2015-05-14,0.22829032703071928,0.15484965544731216,0.20883024806299835,0.2227079420003734,0.15951667422447496
2015-05-15,0.21668915679131712,0.14141356112525716,0.1853600514916835,0.21977357864108438,0.15385660760039807
2015-05-18,0.20676522668230327,0.1373607238671922,0.16602139851532471,0.18432204499669394,0.15074460888820912
2015-05-19,0.21484025867454318,0.15438848377079933,0.17707353514175594,0.20280788113730647,0.15167521778768764
2015-05-20,0.36101487569042606,0.22410774363481428,0.34735817079111936,0.33254565462378066,0.20047472899270624
2015-05-21,0.35922795582018535,0.22388260450718525,0.3480407960485719,0.3325394647337727,0.19829029222671232
2015-05-22,0.3591661254917061,0.22704461497063194,0.3487982926872395,0.3337845599697146,0.1984888385744869
2015-05-26,0.3661981974276333,0.24372838344622905,0.36164344345421534,0.34054104537347857,0.2167481011849212
2015-05-27,0.3655100470004619,0.24372838344622905,0.359836776515446,0.34008486264935067,0.21363369213521335
2015-05-28,0.3659792136165962,0.24447419191230027,0.36001522887149234,0.337654664429113,0.212321773944616
2015-05-29,0.3659792136165962,0.24447419191230027,0.36001522887149234,0.337654664429113,0.212321773944616
2015-06-01,0.36596688523064486,0.24402475358649625,0.35849193750975256,0.3361770432795985,0.21093923703617037
2015-06-02,0.3669064461880402,0.25514355615937123,0.3589704745191027,0.33618489073657903,0.21156236516388585
2015-06-03,0.36942103006179283,0.25514355615937123,0.3589943953219694,0.3362722132469076,0.21156236516388585
2015-06-04,0.3750115474240073,0.25604358037993635,0.36527366049882865,0.33745619174540203,0.21030913186261546
2015-06-05,0.3762846688226705,0.2559713613217975,0.36197277999231914,0.3376572257891145,0.21030913186261546
2015-06-08,0.39785210828376305,0.29431199171483374,0.3834254424044415,0.34762575514603805,0.25163081131916015
2015-06-09,0.3951620149703357,0.292497947355869,0.3770146420723092,0.3596272852358905,0.26353838960378606
2015-06-10,0.39333108842815584,0.2920816851028359,0.37620751433487565,0.35877280896569363,0.26048650666339995
2015-06-11,0.3721128171496725,0.28330408673152435,0.3690291008277308,0.3528290454696082,0.25578421515078303
2015-06-12,0.37097217402849536,0.2821899273116837,0.3689754384260881,0.35174763721455127,0.2494031849737939
2015-06-15,0.3737597716076005,0.28388727224190524,0.37053749511726425,0.3580858414115637,0.2523328180086217
2015-06-16,0.37530101264252924,0.2830655845444952,0.37414679599278144,0.3550273674606262,0.2506249287142593
2015-06-17,0.3572907856387492,0.26872615913945236,0.36540575439187506,0.34346346328790994,0.2409129644081778
2015-06-18,0.3572907856387492,0.26872615913945236,0.36540575439187506,0.34346346328790994,0.2409129644081778
2015-06-19,0.3572907856387492,0.26872615913945236,0.36540575439187506,0.34346346328790994,0.2409129644081778
2015-06-22,0.3572888319816895,0.26872615913945236,0.36538693320520493,0.34346346328790994,0.2409129644081778
2015-06-23,0.3578597353053038,0.26872615913945236,0.36538693320520493,0.34362046644182653,0.2409129644081778
2015-06-24,0.35635292948790454,0.26675214391565466,0.36417280912977446,0.3402286149448635,0.2360263617448854
2015-06-25,0.3557122363130805,0.2667833052852863,0.362974636112561,0.33352103446260684,0.23750392454852587
2015-06-26,0.35992266176275045,0.26732500793810476,0.36378489759570465,0.33382685929693956,0.23940636897102807
2015-06-29,0.37872871980423317,0.2791950932511555,0.37440992650726795,0.34707082139196305,0.24269823543104907
2015-06-30,0.37872871980423317,0.2792093263451675,0.37440992650726795,0.34715985084395545,0.24269823543104907
2015-07-01,0.3816436470145547,0.2760189510387293,0.3753615974632846,0.33920227089713323,0.24218836231537197
2015-07-02,0.24794448891665424,0.22399913758625922,0.22739208294043564,0.21377121589522283,0.2036429659164425
2015-07-06,0.2447435463477378,0.2239991375862592,0.2263458912488114,0.21377121589522283,0.2036429659164425
2015-07-07,0.2447435463477378,0.22079351678241396,0.22511649519644775,0.21182184938426446,0.20322806922068565
2015-07-08,0.25336042587556606,0.21408731287320618,0.2187936519533418,0.22043738201987126,0.19019244808178612
2015-07-09,0.25336042587556606,0.21408731287320618,0.2187936519533418,0.22043738201987126,0.19019244808178612
2015-07-10,0.2526822412808346,0.21323525018019393,0.21849989210229395,0.21998576790008276,0.19019244808178612
2015-07-13,0.2526822412808346,0.21323525018019393,0.21849989210229395,0.21998576790008276,0.19019244808178612
2015-07-14,0.2538765276320706,0.21323525018019393,0.22111740005395258,0.22006699149729542,0.19019244808178612
2015-07-15,0.2550463566604194,0.1997976927612276,0.22066409870001039,0.22005500315902424,0.18949906246471826
2015-07-16,0.2516080787790842,0.1997976927612276,0.22229004959565768,0.21992154003851025,0.18949906246471826
2015-07-17,0.2431971670424419,0.19864298937687985,0.21181358541796327,0.21776322458637612,0.18887207507998216
2015-07-20,0.24845384275881935,0.20606389424828414,0.21028425067439005,0.22066471530642745,0.1904442133763901
2015-07-21,0.21221018803718128,0.1461646943093642,0.16801395672388625,0.20460120495249906,0.13107579543233838
2015-07-22,0.21221018803718128,0.1461490997306228,0.16801395672388625,0.16425015497393042,0.0979174564807481
2015-07-23,0.21221018803718128,0.1461996902936125,0.16900757090912671,0.1638307045449876,0.1251682394304572
2015-07-24,0.2919841237052855,0.16020454410823526,0.16925809128204491,0.20165861795809356,0.1251682394304572
2015-07-27,0.2919841237052855,0.16059361524189092,0.16925809128204491,0.20165861795809356,0.13210378906158515
2015-07-28,0.28840720436078915,0.15757373192154905,0.16581055556986818,0.19017657233045399,0.12641799205543508
2015-07-29,0.286909478828373,0.16420494597791938,0.1670194438611653,0.19361712744931145,0.12519007642212565
2015-07-30,0.288770610071533,0.16449945812937042,0.16806796751594227,0.19352466538490648,0.12464828935870263
2015-07-31,0.28902966351352083,0.16449945812937042,0.16962706393673546,0.19372375038689352,0.12464828935870263
2015-08-03,0.28902966351352083,0.16449945812937042,0.16962706393673546,0.19372375038689352,0.12464828935870263
2015-08-04,0.28902966351352083,0.16449945812937042,0.16962706393673546,0.19372375038689352,0.12499377226135101
2015-08-05,0.2883225029316944,0.16449945812937042,0.17458211279685826,0.19295641479381456,0.12499377226135101
2015-08-06,0.2900683507482669,0.16263328147417724,0.17245791584095213,0.1920884805380784,0.13278777661990304
2015-08-07,0.29391731723812403,0.16258215937708173,0.17676974558498193,0.1928958658972983,0.12843735860841993
2015-08-10,0.28874601639663466,0.1617008009325803,0.1750961955512112,0.19236611843361906,0.12485535534516609
2015-08-11,0.2634460852116887,0.13806405954338621,0.1508832955704584,0.1665427124858064,0.11832935299795572
2015-08-12,0.26372925867995767,0.1414225484105621,0.15263195708229046,0.16635705006348397,0.12903860494776093
2015-08-13,0.25041926928380936,0.12936198117881803,0.13449174671739283,0.16118321619327852,0.1289060030608505
2015-08-14,0.25041926928380936,0.12789406957165828,0.13406915168501854,0.16088660994969212,0.1289060030608505
2015-08-17,0.25041926928380936,0.12789406957165828,0.13406915168501854,0.16088660994969212,0.1289060030608505
2015-08-18,0.2513068484568205,0.1334334921376575,0.14416694403636726,0.161433756498083,0.1289060030608505
2015-08-19,0.23196192304821311,0.11421543705684511,0.12105334359037129,0.13328218506015482,0.11722068717494664
2015-08-20,0.2538836591117853,0.14197928430624743,0.14600329516057872,0.16638249186941137,0.13697147431481607
2015-08-21,0.29691740063761524,0.19508107689581877,0.1649810110652181,0.18698825985269804,0.172756016199149
2015-08-24,0.3350809893417287,0.21759467003994104,0.2197786494341561,0.19449534613439246,0.20793118952759562
2015-08-25,0.33430489005492214,0.22410699130539022,0.21751833472316104,0.2016956774064483,0.20793118952759562
2015-08-26,0.3323790420325566,0.22410699130539022,0.217189211921991,0.2016956774064483,0.20793118952759562
2015-08-27,0.3322142217361461,0.22410699130539022,0.21780352388786292,0.2017909750810175,0.20795338904788715
2015-08-28,0.3336064244335673,0.22410699130539022,0.21780352388786292,0.20244933372064636,0.20859489710860538
2015-08-31,0.3282564625556615,0.2175550450926596,0.21792640960851878,0.20138100493907135,0.21032011671298664
2015-09-01,0.3282564625556615,0.21755605183841512,0.21792640960851878,0.2031632085955942,0.21033293449831558
2015-09-02,0.3282564625556615,0.21755605183841512,0.21792640960851878,0.2031632085955942,0.21033293449831558
2015-09-03,0.3310984399316902,0.22527940344641317,0.21698700498632206,0.20438155698462915,0.1973359413707124
2015-09-04,0.26260854017358415,0.21476237947960602,0.21863746491018768,0.16788681257788296,0.1973359413707124
2015-09-08,0.26260854017358415,0.21447159797094184,0.21863746491018768,0.16788681257788296,0.19276190192659368
2015-09-09,0.26260854017358415,0.21748537157732747,0.21863746491018768,0.16788681257788296,0.19276190192659368
2015-09-10,0.26077534221593596,0.21232145481138273,0.21376691225576017,0.16217943615148064,0.19351124126453736
2015-09-11,0.25871289667954656,0.2120933585286842,0.2129733754912744,0.16217943615148064,0.19351124126453736
2015-09-14,0.2584234543509316,0.21210145950882475,0.21173369961649904,0.16194157637490375,0.19760287001172602
2015-09-15,0.2584234543509316,0.21210145950882475,0.21190732338494325,0.16194157637490375,0.2008367396627618
2015-09-16,0.2584234543509316,0.21210145950882475,0.21190732338494325,0.16194157637490375,0.20184338427176374
2015-09-17,0.2584234543509316,0.21210145950882475,0.20784402905869903,0.16191271971762353,0.20184338427176374
2015-09-18,0.2564242857498058,0.21731632917649718,0.21393223032421935,0.16180370829857624,0.19932624791904602
2015-09-21,0.2525983088900245,0.21731632917649718,0.2103834331726729,0.1609760109378428,0.19932624791904602
2015-09-22,0.2872484252427412,0.22264570340774795,0.2355597021209055,0.18152907046852498,0.23341313848477135
2015-09-23,0.2872484252427412,0.22264570340774795,0.23558546067127697,0.18152907046852498,0.23341313848477135
2015-09-24,0.2953017554238091,0.2245304936254156,0.25174257920222637,0.18412373218380654,0.23106104686189904
2015-09-25,0.2953026320880722,0.2245304936254156,0.2560596722905707,0.18422389814664694,0.23106104686189904
2015-09-28,0.3068943108979523,0.24075045311046944,0.2710543785453641,0.19055174592924712,0.24908125281842844
2015-09-29,0.3068943108979523,0.2440894863256826,0.27944878515889204,0.19055174592924712,0.24908125281842844
2015-09-30,0.3072606715581581,0.2411059384218594,0.2743757518578055,0.19008843047567717,0.24908125281842844
2015-10-01,0.3071888712241049,0.24049631008821915,0.2740385876147571,0.19008843047567717,0.2483940226303617
2015-10-02,0.29238754128365463,0.227845178702175,0.27024457514307354,0.16192512301704115,0.24063864490293815
2015-10-05,0.24857080251005328,0.18443133157657335,0.2590952693120926,0.13761638616828492,0.2163873865633024
2015-10-06,0.2444109277510302,0.19504967078291585,0.25544388497022663,0.1589523173156504,0.2926812179197783
2015-10-07,0.24423602372276262,0.18753098664050272,0.2551260578951929,0.14959074134258665,0.2926812179197783
2015-10-08,0.24423602372276262,0.18754052843843355,0.2551260578951929,0.14959074134258665,0.29279084668140076
2015-10-09,0.24423602372276262,0.18754052843843355,0.2531495371992554,0.1494621642949241,0.29277507998849644
2015-10-12,0.24233092659483155,0.18754052843843355,0.2531495371992554,0.14856918743783004,0.29231836818616574
2015-10-13,0.24399266492583682,0.19281423398662198,0.2542741567904448,0.1479441680108251,0.3271197315484928
2015-10-14,0.24399266492583682,0.19281309805507973,0.2542741567904448,0.14548710139331464,0.32763014376150834
2015-10-15,0.24399266492583682,0.19281309805507973,0.2542741567904448,0.14548710139331464,0.32763014376150834
2015-10-16,0.24504887420392293,0.18368975683491026,0.26966382322890514,0.15150477474448248,0.32648653707370645
2015-10-19,0.24418521558882464,0.18368975683491026,0.26816945088725763,0.15071110550724218,0.32648653707370645
2015-10-20,0.24418521558882464,0.18381997565987576,0.2729891836856473,0.15072570879603026,0.32680078158888504
2015-10-21,0.24615269083890987,0.1848557364695382,0.2800266290693235,0.15259531325533957,0.33353558974499226
2015-10-22,0.24615269083890987,0.1848557364695382,0.27733994777109733,0.15259531325533957,0.3331013959219557
2015-10-23,0.24697738423648893,0.1848557364695382,0.2773170273525277,0.15259531325533957,0.3331013959219557
2015-10-26,0.24697738423648893,0.18484644143693624,0.2773170273525277,0.15259531325533957,0.33069055962338323
2015-10-27,0.24697817249917195,0.18658516205288306,0.27721042265637336,0.15377320150062618,0.3317082899635303
2015-10-28,0.24979827390623832,0.1911644433045968,0.28498393234931907,0.15382075471729262,0.3465104920711233
2015-10-29,0.24979827390623832,0.1911644433045968,0.28498393234931907,0.15382075471729262,0.3465104920711233
2015-10-30,0.24761661544086896,0.18449818998862133,0.27884125652497915,0.1538137485371252,0.34478370556020727
2015-11-02,0.24700962662202577,0.1846707050003237,0.27884125652497915,0.15367173596960337,0.34478370556020727
2015-11-03,0.2056890942505659,0.1781994068493067,0.25792491549026436,0.12874577704998824,0.32268415441729026
2015-11-04,0.21271683409064224,0.17858183998659558,0.2592288593548314,0.13025190138725953,0.32284133399334947
2015-11-05,0.20102570204996453,0.1736351511778651,0.242476883801627,0.12655754614746986,0.3204214209272692
2015-11-06,0.20170245273696302,0.1736351511778651,0.2379134497837028,0.12641169483800516,0.3204214209272692
2015-11-09,0.18880906381868082,0.15376415631972917,0.2295387453224336,0.12037494181283315,0.30795224970114454
2015-11-10,0.1890944813296065,0.14960408851245008,0.2192845049747953,0.12037494181283315,0.30795224970114454
2015-11-11,0.18742689623593847,0.15073603505913002,0.2202191545179387,0.12037494181283315,0.31015372835440136
2015-11-12,0.19013767665584794,0.15073603505913002,0.2210163131555728,0.12038933853634548,0.311931298457045
2015-11-13,0.18777365930287426,0.1575727358445065,0.21150583198225031,0.13020943310317415,0.3105826139868367
2015-11-16,0.19227391772126912,0.1695929983535741,0.21446254483863733,0.130553559347635,0.3105826139868367
2015-11-17,0.12722796629928707,0.12464003711157196,0.16735955388575813,0.08861620661675129,0.2103141160412857
2015-11-18,0.13269193538241522,0.12464593779312176,0.16735955388575813,0.08861620661675129,0.2103141160412857
2015-11-19,0.13269193538241522,0.12463158087627826,0.16735955388575813,0.08861620661675129,0.21016146846846262
2015-11-20,0.1328687065370966,0.12463158087627826,0.16735955388575813,0.08861620661675129,0.21016146846846262
2015-11-23,0.1328687065370966,0.12463725216118668,0.16781244020434513,0.08861620661675129,0.21634069470550166
2015-11-24,0.14906629449075173,0.14619560564713097,0.18740334781577786,0.11310804888089962,0.15741481580902253
2015-11-25,0.14906629449075173,0.14794754632720405,0.18972579341879806,0.11521672485360136,0.15633246643884133
2015-11-27,0.14906629449075173,0.14794754632720405,0.18972579341879806,0.11527907294700215,0.15633246643884133
2015-11-30,0.1439581791870668,0.15374148178798544,0.17612430586893288,0.10490725929299739,0.1562315302553597
2015-12-01,0.1439581791870668,0.15374148178798544,0.17612430586893288,0.10490725929299739,0.1562315302553597
2015-12-02,0.1439581791870668,0.15358576280644182,0.16855720422939685,0.10488627690750375,0.1555731310002018
2015-12-03,0.14519811477419683,0.14814999292221728,0.16717809495210945,0.1030249949289773,0.14635583732985685
2015-12-04,0.14519811477419683,0.14814999292221728,0.16717809495210945,0.1030249949289773,0.14635583732985685
2015-12-07,0.14379085999088567,0.14814999292221728,0.16717809495210945,0.1030249949289773,0.14635583732985685
2015-12-08,0.16352237864396066,0.17056332952291262,0.18965317523998204,0.2809737995397827,0.14828419975942825
2015-12-09,0.17368755856514898,0.17425847320921403,0.19359218777193365,0.28247633402893985,0.15851467843865716
2015-12-10,0.1696066273611286,0.1692223206304375,0.18195524696575124,0.28245044203255176,0.12081460572168355
2015-12-11,0.21459504660924167,0.20350333636455936,0.21891146823742685,0.3058050842365886,0.13259004059397583
2015-12-14,0.21572332650350026,0.20350333636455936,0.21891146823742685,0.3058050842365886,0.13435571953372785
2015-12-15,0.21572332650350026,0.20334679917635246,0.21891146823742685,0.3058050842365886,0.13435757243866286
2015-12-16,0.21572332650350026,0.20334679917635246,0.21891146823742685,0.3058050842365886,0.13435757243866286
2015-12-17,0.21461812143540404,0.21186638392016416,0.23034507756114986,0.3163723136337855,0.14549874492195458
2015-12-18,0.2340987455126955,0.22030278873393033,0.23123130795690852,0.3205028881030484,0.1514822768604115
2015-12-21,0.23351479253664412,0.22030278873393033,0.23123130795690852,0.3205028881030484,0.1514822768604115
2015-12-22,0.22931136397934224,0.21792712216372964,0.22245224889265122,0.31912437705294616,0.1512639357072954
2015-12-23,0.22907606020891874,0.21710753128511642,0.2224099753189749,0.31919378836681916,0.1512639357072954
2015-12-24,0.22898340315405435,0.2163231637504674,0.2214845710807692,0.31919378836681916,0.14670385900128632
2015-12-28,0.22996135416795058,0.21700530521535233,0.223807629903899,0.3192320587749316,0.14288534739750977
2015-12-29,0.22803412694841152,0.20927395029871151,0.22272250857484271,0.31534596383053215,0.14152008737515456
2015-12-30,0.2290511848615087,0.20724213525259233,0.23664242527349785,0.32177741348149475,0.14898609637587093
2015-12-31,0.22826909532000408,0.20879371975039768,0.23428927032682934,0.3223610827516397,0.1526179430773366
2016-01-04,0.2457606082532597,0.23888331470579754,0.2493963183323128,0.3307541867505828,0.1704753224522674
2016-01-05,0.24730887431528517,0.23894344280714563,0.25103823221254573,0.3307541867505828,0.17722039502755527
2016-01-06,0.24721394753084522,0.23894344280714563,0.25103823221254573,0.3307541867505828,0.17722039502755527
2016-01-07,0.2532215030519019,0.264880365623488,0.2847395469199508,0.33630936371310777,0.23047322054962577
2016-01-08,0.2424441766842198,0.250567397390961,0.27413441008644585,0.32767716471627634,0.2688151134951908
2016-01-11,0.2424441766842198,0.24953696976915274,0.2729491515263938,0.32714995507571604,0.2688151134951908
2016-01-12,0.2424441766842198,0.24953696976915274,0.2762644852994546,0.3271279904448918,0.2688151134951908
2016-01-13,0.27399985245683955,0.2757961364129963,0.3141494979754576,0.36191764989398,0.3021189092321979
2016-01-14,0.27399985245683955,0.2757961364129963,0.31445554475294196,0.36191764989398,0.3021189092321979
2016-01-15,0.3023976950221383,0.2809746557701096,0.34060751170394604,0.36537304718370106,0.3021200852774327
2016-01-19,0.30020177061520104,0.280897210650263,0.33697422423281315,0.3653366534022663,0.3076218002209115
2016-01-20,0.30020177061520104,0.2814127749210493,0.33699620629160537,0.3659958185826348,0.3076218002209115
2016-01-21,0.30020177061520104,0.2814127749210493,0.33699620629160537,0.3659958185826348,0.3076218002209115
2016-01-22,0.2899264496041047,0.26842079076270625,0.32487941087139305,0.2587791399475861,0.3066969174826899
2016-01-25,0.29860071044439507,0.2696533599832298,0.3229927243104348,0.2632370543079716,0.322296919277285
2016-01-26,0.29860071044439507,0.2696533599832298,0.3229927243104348,0.2632370543079716,0.322296919277285
2016-01-27,0.26810027656362384,0.25994039956862863,0.29918185260803853,0.24941977955114036,0.32206304064420926
2016-01-28,0.29017770792263264,0.2779807681678891,0.31457416411569333,0.26366572247116316,0.3268875583103102
2016-01-29,0.29017770792263264,0.2779807681678891,0.31457416411569333,0.26366572247116316,0.3268867967322811
2016-02-01,0.29017770792263264,0.2779807681678891,0.31457416411569333,0.26366572247116316,0.3269181696051468
2016-02-02,0.3341435021491134,0.29003456007895384,0.3370019270349767,0.28623815949333437,0.33598528128338756
2016-02-03,0.3207911517244813,0.28359648445354374,0.33639446458358563,0.28160543940366406,0.3346267565229875
2016-02-04,0.3207911517244813,0.28359648445354374,0.33639446458358563,0.28160543940366406,0.3346267565229875
2016-02-05,0.3393682898866286,0.3134877841792022,0.34895038480024776,0.31608858364187153,0.38039087495070156
2016-02-08,0.3503393246408177,0.32495016016322004,0.3565008196784058,0.32568758407664067,0.38630530410414804
2016-02-09,0.3503393246408177,0.32495016016322004,0.3565008196784058,0.32568758407664067,0.3863027269676595
2016-02-10,0.34823170769990536,0.3244950157914689,0.35454082717480484,0.3256447502834698,0.3863027269676595
2016-02-11,0.35168854145876266,0.32673329268829443,0.3573034439902783,0.3260529564004535,0.3863027269676595
2016-02-12,0.34858232263292066,0.3219756360215408,0.3464274286162994,0.31956715736376295,0.38348516930906357
2016-02-16,0.34724778001764295,0.320825762331096,0.34626573738213545,0.3189783757868037,0.38205430954795455
2016-02-17,0.3329704637494199,0.2990940958637509,0.33554865441148746,0.3102668848577905,0.37442742478098057
2016-02-18,0.33182213154553514,0.29904606227946234,0.33432204390777476,0.3102668848577905,0.3712824579475829
2016-02-19,0.33182213154553514,0.29904606227946234,0.33432204390777476,0.3102668848577905,0.3712824579475829
2016-02-22,0.32726065029169266,0.276332217553401,0.30588072623883367,0.3042365588999479,0.3369041009634144
2016-02-23,0.32883482789443536,0.2752837177081502,0.30316123498226144,0.3042365588999479,0.3057911654957314
2016-02-24,0.32883482789443536,0.2752843539364435,0.3027859110900048,0.3040125852286211,0.3057911654957314
2016-02-25,0.32883482789443536,0.2752843539364435,0.29976404293345466,0.3040125852286211,0.3057911654957314
2016-02-26,0.30351440256475976,0.257817166669403,0.2541714259360499,0.2631898467889125,0.27325049907936305
2016-02-29,0.30351440256475976,0.257817166669403,0.2537926933832561,0.2636237656804231,0.2744885396575067
2016-03-01,0.2752318036781191,0.2521635245324812,0.21743859779589084,0.2588134685985355,0.2744872452244739
2016-03-02,0.275733684559854,0.25301525850104406,0.21651803412238887,0.26132234258902776,0.2651873883446535
2016-03-03,0.275733684559854,0.25244170435307084,0.21648381889322799,0.26039834453277905,0.2651873883446535
2016-03-04,0.27627595016276413,0.25254235652201446,0.21714176415143197,0.2629505090274381,0.2660560247117334
2016-03-07,0.27627595016276413,0.2530921619179368,0.21801454632596776,0.260382581136417,0.2666334832167166
2016-03-08,0.2766740014701246,0.27993687773216364,0.22651887047611335,0.2535044653249187,0.2389179799299967
2016-03-09,0.2766740014701246,0.27993687773216364,0.22651887047611335,0.2535044653249187,0.2389179799299967
2016-03-10,0.27667750039287786,0.26595331286679424,0.22670087748070392,0.2400550466723369,0.23550752420122595
2016-03-11,0.25246697957039194,0.24703616836712716,0.2048076269366257,0.22431459751419847,0.2277313764495235
2016-03-14,0.25246697957039194,0.24703616836712713,0.2048076269366257,0.22431459751419847,0.23043026128029984
2016-03-15,0.2545712656759179,0.24716140880823514,0.20984439727381593,0.2247043368199482,0.2303857495020457
2016-03-16,0.1867964640777313,0.2248735968569833,0.15361698354045794,0.17639329422050953,0.20939814475697868
2016-03-17,0.18734950456192787,0.22505020827502195,0.15361698354045794,0.18005067895877327,0.20732011638212186
2016-03-18,0.18734950456192787,0.22505020827502198,0.15361698354045794,0.18005067895877327,0.20732011638212186
2016-03-21,0.15111572950472177,0.18110762383028983,0.12242063042272135,0.10866405931365497,0.09751213675003566
2016-03-22,0.13232516092920277,0.16511694209868533,0.10372865256201586,0.07875529254165839,0.07099102312827965
2016-03-23,0.14405402830160013,0.16750218012528015,0.10977684441368729,0.07961889445790146,0.07793244223949525
2016-03-24,0.17432764409284915,0.17910127429789247,0.14334497398243204,0.08319667192425345,0.08020005853067125
2016-03-28,0.16724419137645283,0.17498467697972847,0.1363129803522211,0.08322317050347036,0.08020005853067125
2016-03-29,0.16724419137645283,0.17498467697972847,0.1363129803522211,0.08322317050347036,0.08020005853067125
2016-03-30,0.16724419137645283,0.17498467697972847,0.1363129803522211,0.08322317050347036,0.08020314688430054
2016-03-31,0.16924012088667306,0.17910357870128685,0.1363129803522211,0.08402738658280402,0.08094228075271631
2016-04-01,0.19932571020430379,0.204851216220822,0.2041927753633256,0.08544985042135442,0.08094305004038849
2016-04-04,0.19962904789230942,0.204851216220822,0.2089759978241922,0.09032376149275964,0.13592982145167487
2016-04-05,0.20223986456893225,0.204851216220822,0.20944517408785968,0.0956714907993179,0.13592982145167487
2016-04-06,0.1996002946111345,0.204851216220822,0.2106878261643024,0.0956714907993179,0.1359376098808405
2016-04-07,0.20361477903452982,0.22215692183493232,0.23499052012112917,0.09568068448651386,0.14466723693879746
2016-04-08,0.20361477903452982,0.22215692183493232,0.2350309916905131,0.09568068448651386,0.14466723693879746
2016-04-11,0.20069875497079329,0.20766007241414577,0.23459725752901986,0.09170364204335248,0.14573634655357853
2016-04-12,0.20069875497079329,0.20766007241414577,0.23459725752901986,0.09044867928974935,0.1433909325954577
2016-04-13,0.20069875497079329,0.20766007241414577,0.23459725752901986,0.09044867928974935,0.1433909325954577
2016-04-14,0.20000867781619922,0.20662146003099804,0.23338467017018424,0.08199080944932464,0.14339137059698928
2016-04-15,0.2008444056764692,0.21492728054714957,0.23338467017018424,0.08199080944932464,0.14339137059698928
2016-04-18,0.2000978247111873,0.22249253840602298,0.23277264094872815,0.07339496216892895,0.1418586956896817
2016-04-19,0.2000978247111873,0.22186691745222575,0.23195539593491693,0.07338168443528009,0.1408338377018687
2016-04-20,0.17696685243910898,0.1805863897441862,0.22298236224790152,0.07354639431912323,0.1388125815435648
2016-04-21,0.19755255149267742,0.20709637978344675,0.3648955223082016,0.07354639431912323,0.15964401983763624
2016-04-22,0.23669956874203557,0.20832124918766595,0.38128657977397235,0.07900431555246974,0.18186791033148392
2016-04-25,0.25387050918070214,0.2130879637607366,0.3892341953884885,0.08272652081565415,0.20249900981115448
2016-04-26,0.2539478312318063,0.2142652960721678,0.3894683137196103,0.09252928072827346,0.19946047413038026
2016-04-27,0.2523773420402663,0.21412081537845354,0.38695762930732164,0.09925858211877824,0.20170618108695565
2016-04-28,0.2590513697122959,0.2210865286046383,0.39045116003351366,0.13811355469694228,0.21097320101043562
2016-04-29,0.27845559958195937,0.23510707746833823,0.41335587858960665,0.13331054438218032,0.22034914464715885
2016-05-02,0.2787781495152021,0.23510707746833823,0.41335587858960665,0.1388930650193716,0.22034914464715885
2016-05-03,0.2787781495152021,0.23510707746833823,0.41335587858960665,0.15024582603375458,0.2204042973718302
2016-05-04,0.29776047301687636,0.2522240069671497,0.423325401712023,0.1784971318160427,0.22676010739725208
2016-05-05,0.29434373599865854,0.2506463123843309,0.4232997715537747,0.17834305762190894,0.2244691651835525
2016-05-06,0.27748814478568834,0.24249389230134533,0.4131414656033459,0.17670237218939117,0.22522264188465435
2016-05-09,0.27760048413464505,0.24249389230134533,0.4131414656033459,0.17593547526774586,0.22522264188465435
2016-05-10,0.27760048413464505,0.24249389230134533,0.4131414656033459,0.17593547526774586,0.22522264188465435
2016-05-11,0.2883775351594481,0.2464289753755534,0.419716164163392,0.1829165921663193,0.23654788645660987
2016-05-12,0.3173339084726076,0.25762584876047046,0.438750076257823,0.19255179652131504,0.2518151367721092
2016-05-13,0.2993531179657011,0.2376660452525999,0.41156793912812617,0.1919247745927817,0.2518148894945785
2016-05-16,0.29915091713355496,0.2376660452525999,0.40915998137908566,0.18967976736942974,0.22690438418224407
2016-05-17,0.2973921067603795,0.2376660452525999,0.40892001305885806,0.1870507876203982,0.23006845799254436
2016-05-18,0.2973956531933584,0.2376660452525999,0.40827580491670784,0.1870507876203982,0.23006385622873438
2016-05-19,0.29748429189408804,0.22719442187801997,0.4029457144060565,0.1934389614909097,0.22912851348912525
2016-05-20,0.2977518950078652,0.22719442187801997,0.4029221094082329,0.1934389614909097,0.22912851348912525
2016-05-23,0.29882924160191476,0.22741823228940286,0.40336476259082754,0.1932536172878124,0.22807092084179906
2016-05-24,0.29882924160191476,0.22741823228940286,0.40336476259082754,0.1932536172878124,0.22807092084179906
2016-05-25,0.29882924160191476,0.22758214836207216,0.40336476259082754,0.19411647921384023,0.22807092084179906
2016-05-26,0.30468756329190605,0.23286166554475013,0.40538878339500195,0.20055973232362156,0.23049654074760018
2016-05-27,0.30413731624877816,0.22521822107063907,0.40538878339500195,0.20055973232362156,0.23049654074760018
2016-05-31,0.30413731624877816,0.21763093906485753,0.4054298935935744,0.20055973232362156,0.23116285868814584
2016-06-01,0.30413731624877816,0.21763093906485753,0.4054298935935744,0.20055973232362156,0.23192071034169287
2016-06-02,0.3051445412019446,0.22818859796819588,0.4054622737444266,0.2020779764789892,0.23119513105162456
2016-06-03,0.3026509769996016,0.21307870209546825,0.2899796274932042,0.20475302748082042,0.22059630382772213
2016-06-06,0.2731226876391896,0.2128438666247826,0.2679085319231026,0.20266796490723896,0.19964409537995295
2016-06-07,0.25724006864065907,0.20807156010180936,0.25622485931931316,0.20117730644705725,0.17868366644414474
2016-06-08,0.25716373647655305,0.2075736826672439,0.2559814686023187,0.19686116448772828,0.1786412477396854
2016-06-09,0.25663478337156154,0.2075736826672439,0.25570953397254287,0.1931028726445827,0.17610165429553468
2016-06-10,0.2509127267267216,0.20164534023720185,0.2532825082421828,0.1715066826560759,0.16675637929016754
2016-06-13,0.2570094877556439,0.21084510307970755,0.24876304267442845,0.19735797491415094,0.1916709684137486
2016-06-14,0.28826856229161835,0.2352327550216602,0.2804921694700898,0.2489928953453013,0.22876088825322433
2016-06-15,0.28826856229161835,0.23579706619383237,0.2804921694700898,0.24231165304695176,0.22933574079270974
2016-06-16,0.2939075771683803,0.2228911493137872,0.2727012311851638,0.22127603455684958,0.22602791395928895
2016-06-17,0.2918271978955946,0.22289245246714795,0.2703633451856528,0.22111034327566811,0.22724874471867942
2016-06-20,0.2918271978955946,0.22289245246714795,0.2703633451856528,0.22111034327566811,0.22653788582176515
2016-06-21,0.2917203372005599,0.22289245246714795,0.2703633451856528,0.22111034327566811,0.22653788582176515
2016-06-22,0.29199021986707935,0.2230738289300939,0.2703633451856528,0.2218910724990945,0.22960289702284434
2016-06-23,0.28135158521887865,0.21946195487163783,0.2600395173061694,0.22148793936402109,0.21948817575570168
2016-06-24,0.39898198539756763,0.3116621745055759,0.34759886412355917,0.2325618629105004,0.23972007065466008
2016-06-27,0.4422218309818869,0.3458540972433366,0.41882339620323644,0.26045294483943154,0.24347305887165832
2016-06-28,0.4422218309818869,0.3458540972433366,0.41882339620323644,0.26045294483943154,0.24347305887165832
2016-06-29,0.4422218309818869,0.3458540972433366,0.41882339620323644,0.26044481414280185,0.24048541451484798
2016-06-30,0.4422138103871734,0.3458540972433366,0.41882339620323644,0.26044481414280185,0.24048541451484798
2016-07-01,0.44031991106386675,0.34218835879456755,0.41098143130369297,0.255732491695061,0.23624809243692782
2016-07-05,0.44191025371840587,0.3539907491888288,0.41788809026561785,0.25732049141330005,0.23631042293994486
2016-07-06,0.4449924224980624,0.3538619688262358,0.42337137678006354,0.2573884252808948,0.2363523023698822
2016-07-07,0.4449924224980624,0.3538619688262358,0.42337137678006354,0.2573884252808948,0.2363523023698822
2016-07-08,0.4449924224980624,0.3537565704069967,0.42337137678006354,0.25673829975487833,0.2363523023698822
2016-07-11,0.44100188264032436,0.35030385393104313,0.42143372987235056,0.2517370767957718,0.23398712541819955
2016-07-12,0.44100188264032436,0.35030385393104313,0.42143372987235056,0.2517370767957718,0.23398712541819955
2016-07-13,0.4413513519556943,0.35342308952746526,0.4218149586417524,0.2534909820335195,0.23330568717439865
2016-07-14,0.4413513519556943,0.35342308952746526,0.4218149586417524,0.2534909820335195,0.23251388911949208
2016-07-15,0.440619875829544,0.3534462408954111,0.4225503051393123,0.2522352617809805,0.232512229033063
2016-07-18,0.4335339760428392,0.3483019979852658,0.41884677761122613,0.2500686577742222,0.2321722388475992
2016-07-19,0.4335369628657807,0.3477146404506563,0.41884677761122613,0.2519675370158411,0.23277158020202757
2016-07-20,0.43359747145143446,0.34846673736516376,0.41884677761122613,0.2562792367189128,0.23340937053915523
2016-07-21,0.4404618794009434,0.3687428033568546,0.4301852786676816,0.4137225380512051,0.23340937053915523
2016-07-22,0.4404618794009434,0.3687428033568546,0.4301852786676816,0.4137225380512051,0.23346136405560308
2016-07-25,0.44214276489525145,0.3679208012222481,0.43045935866103585,0.4136594724528155,0.2321292809243476
2016-07-26,0.42632935335236893,0.3536882176327309,0.41128246138950897,0.40196832099485014,0.20226190684756196
2016-07-27,0.4065739453062105,0.3399125315814727,0.39073079300043023,0.3750737465923159,0.15911032367471276
2016-07-28,0.4065739453062105,0.3395213126382312,0.3907384337346904,0.37507454421231956,0.1582038189681257
2016-07-29,0.3915643742015307,0.336286434558604,0.3853806796935985,0.3765794805382763,0.1624276585786308
2016-08-01,0.3915643742015307,0.33628557082298294,0.3853806796935985,0.37656820410311365,0.16071518342679528
2016-08-02,0.42693579402691445,0.40564081142993147,0.42582948129217657,0.3944354316440907,0.19858574969982978
2016-08-03,0.42693579402691445,0.40564081142993147,0.42582948129217657,0.3944354316440907,0.19858574969982978
2016-08-04,0.42675126111093675,0.40554109546483724,0.42582948129217657,0.3939967583431943,0.1950339031429041
2016-08-05,0.42675126111093675,0.40513949638005375,0.42582948129217657,0.3910332442695526,0.19326276115295785
2016-08-08,0.2897158791729054,0.3292097901156963,0.33434466707603877,0.3808736099774199,0.1440379986503372
2016-08-09,0.21808660554867138,0.2939409585202926,0.24259065336214275,0.3623727230105795,0.14282622920268667
2016-08-10,0.22077571823415287,0.2962149242770988,0.24617035210278793,0.3641926958847024,0.14298277504394422
2016-08-11,0.22077571823415287,0.2962149242770988,0.24617035210278793,0.3641926958847024,0.14298277504394422
2016-08-12,0.22080062500260347,0.2975016817477192,0.2463909268461594,0.3684783185486641,0.14652068878176486
2016-08-15,0.22080062500260347,0.2975016817477192,0.2463909268461594,0.3684783185486641,0.14652068878176486
2016-08-16,0.2172339307804336,0.28335608873989737,0.23448928964746926,0.3679420276506918,0.14642014011437898
2016-08-17,0.209652636793865,0.28333740224423587,0.22364135310491823,0.36789450871724894,0.14635252845655172
2016-08-18,0.209652636793865,0.28536979184024497,0.22634657909678438,0.3678953475538665,0.14635252845655172
2016-08-19,0.21013474501906446,0.2863321032179545,0.2284667444023136,0.3699094681984765,0.14881683596143203
2016-08-22,0.2137084782332083,0.2866096862179611,0.2286291746262502,0.3699515806094807,0.14909326718723045
2016-08-23,0.2137084782332083,0.2866096862179611,0.2286291746262502,0.3699515806094807,0.14909326718723045
2016-08-24,0.21298581710514178,0.2827543493949492,0.22785191663367957,0.36875963192957684,0.14904817960781727
2016-08-25,0.21298581710514178,0.283741359790321,0.22789177660981086,0.36875963192957684,0.14904817960781727
2016-08-26,0.2164688652420665,0.2764402641930553,0.23001563412533585,0.3702484206531333,0.15580302258402456
2016-08-29,0.21652206611016186,0.2764402641930553,0.23001563412533585,0.3702484206531333,0.15199325381453827
2016-08-30,0.21651608560391314,0.2764402641930553,0.23001563412533585,0.36895878751875705,0.15107378709388447
2016-08-31,0.22420723382523997,0.2773412995769379,0.2323661718507033,0.3667232971611964,0.15008897657419548
2016-09-01,0.21045646682681676,0.24915820688758647,0.21049856219698235,0.17180853778596442,0.1505356292225206
2016-09-02,0.21045646682681676,0.24915820688758647,0.21049856219698235,0.17180853778596442,0.15045498135389873
2016-09-06,0.20566791999153236,0.2506482896845518,0.20638118737217118,0.16799238780029113,0.15045498135389873
2016-09-07,0.20566791999153236,0.2506482896845518,0.20638118737217118,0.16799238780029113,0.15045498135389873
2016-09-08,0.20378668976114434,0.24799314455342383,0.2056285466943174,0.1566932803991344,0.15045498135389873
2016-09-09,0.21340377546597816,0.27277409566914607,0.22945005151376857,0.18927841413271979,0.18063925313857074
2016-09-12,0.2029303655703336,0.2690503306556374,0.22732108952253946,0.18590408275523804,0.17284309984507232
2016-09-13,0.21577168209972244,0.27766100766725443,0.24362605832308815,0.19306971808742324,0.18330738790169562
2016-09-14,0.1529141184006465,0.16322267308093902,0.1668274674962015,0.1550750554128307,0.15696742898470567
2016-09-15,0.1529141184006465,0.16322267308093902,0.1668274674962015,0.1550750554128307,0.15696742898470567
2016-09-16,0.1695457169984665,0.1681519368896015,0.1715080320055285,0.1582104882691611,0.164187337052899
2016-09-19,0.16959489412693923,0.1681519368896015,0.1715230961775051,0.1582104882691611,0.16418792886269545
2016-09-20,0.17107731884361674,0.16721825661843345,0.17546162264953502,0.15521764367265553,0.1636025159854528
2016-09-21,0.17559602786553208,0.1657045521289061,0.17075153363917675,0.15521764367265553,0.15905966937618005
2016-09-22,0.17220283029058625,0.16160446877355333,0.16554899300325457,0.15089793753933933,0.16148584055406867
2016-09-23,0.17220283029058625,0.16160446877355333,0.16562785803058888,0.1510596431750553,0.16192001601403622
2016-09-26,0.17943702405712322,0.16855414898872478,0.18602323897876344,0.14320713523199785,0.16688954766588746
2016-09-27,0.17943702405712322,0.16855414898872478,0.18602323897876344,0.14320713523199785,0.16688954766588746
2016-09-28,0.17989880669099725,0.16855414898872478,0.18601932212399816,0.14607442350645453,0.16688954766588746
2016-09-29,0.17951668729498743,0.16920039585408586,0.18601932212399816,0.14607442350645453,0.1713779504426061
2016-09-30,0.17951668729498743,0.16574962857498823,0.18271800445838288,0.14607231084387176,0.1713779504426061
2016-10-03,0.1789521111017117,0.1640816386268553,0.18005996146916836,0.14089390364444188,0.16924247049119306
2016-10-04,0.17475157503716862,0.16359628734703358,0.17985367255574763,0.1470009138808603,0.1689990004792077
2016-10-05,0.17475157503716862,0.16359628734703358,0.17985367255574763,0.14706796528624985,0.1698391991135844
2016-10-06,0.17475157503716862,0.16586091745920278,0.17985367255574763,0.14704886986786356,0.1698391991135844
2016-10-07,0.1779166101976719,0.17919767866680827,0.19028469066548026,0.15590391948745236,0.17474388212988365
2016-10-10,0.17366205357817036,0.17663478793898563,0.18598004074595495,0.1523330334758049,0.1687489328556147
2016-10-11,0.1810514029361696,0.18670434520911014,0.18950140084910805,0.1523330334758049,0.17016519272965225
2016-10-12,0.19144258342670287,0.18670434520911014,0.1926446356855591,0.1523330334758049,0.17016519272965225
2016-10-13,0.18223096689798116,0.1839454806997745,0.1898028181559788,0.1505275915939454,0.17016302585692028
2016-10-14,0.18730769725017338,0.1839454806997745,0.19163705235844983,0.1488513565703906,0.17172039668051964
2016-10-17,0.18738122889286124,0.19060559736931224,0.19186071896175547,0.1489570778320865,0.17235954979599696
2016-10-18,0.18738122889286124,0.1886418317504332,0.19186071896175547,0.1489570778320865,0.17235954979599696
2016-10-19,0.18738122889286124,0.1886418317504332,0.19186071896175547,0.1489570778320865,0.17235954979599696
2016-10-20,0.1874029554603592,0.1886418317504332,0.19186071896175547,0.1489570778320865,0.17235954979599696
2016-10-21,0.1831260208246748,0.15195918656019025,0.17002964162754428,0.10447046840440727,0.14319106941527485
2016-10-24,0.18284804489496986,0.15195918656019025,0.17251724973388005,0.10469352091047004,0.14787604356910006
2016-10-25,0.16781095976469632,0.13605029931351958,0.15016502387769734,0.09445670751696059,0.14286441161506036
2016-10-26,0.15203178797655112,0.13231475866513348,0.1498281766275455,0.26177973959350814,0.13407460027977589
2016-10-27,0.15203178797655112,0.13231475866513348,0.1498281766275455,0.26177973959350814,0.13407521959025218
2016-10-28,0.13323153534006069,0.12631826223050255,0.14444681159624723,0.2599345812064696,0.12512975913714802
2016-10-31,0.13316893048930822,0.12631826223050255,0.14442892335129232,0.2599345812064696,0.12512898259804323
2016-11-01,0.1429439926122747,0.12631826223050255,0.14012010729375124,0.2613099593181021,0.12881046645914085
2016-11-02,0.137511559940421,0.12631826223050255,0.14004429187575096,0.26135996719725557,0.13021440809899815
2016-11-03,0.13853746148629464,0.12632015164939714,0.14042440545636495,0.26135996719725557,0.1376687771184598
2016-11-04,0.13853746148629464,0.12632015164939714,0.14033137702012438,0.2612665386359337,0.1371578554322008
2016-11-07,0.12898759301942234,0.11357074720526414,0.11141001173286084,0.2596747675861821,0.12709842442298833
2016-11-08,0.12898759301942234,0.11357074720526414,0.11141001173286084,0.2596747675861821,0.12709842442298833
2016-11-09,0.12834276024215754,0.11357074720526414,0.11141001173286084,0.25725811714245456,0.12709842442298833
2016-11-10,0.1285525501517325,0.11260569170737282,0.11178578787933822,0.25725811714245456,0.120978215861461
2016-11-11,0.1285525501517325,0.11260569170737282,0.11178578787933822,0.25725811714245456,0.120978215861461
2016-11-14,0.1285525501517325,0.11260569170737282,0.11178578787933822,0.25725811714245456,0.120978215861461
2016-11-15,0.12843987167455226,0.11260569170737282,0.11178578787933822,0.2537565859351608,0.120978215861461
2016-11-16,0.12999887105350028,0.11379693558043215,0.11445390958148856,0.2549529302787562,0.12105440600386484
2016-11-17,0.12999887105350028,0.11047010383276427,0.11445390958148856,0.2549529302787562,0.12105440600386484
2016-11-18,0.12563239736996756,0.08391985812522622,0.09602401530807522,0.2496364049484573,0.11385999484748645
2016-11-21,0.1261375713635392,0.08566205314518337,0.09602401530807522,0.2496364049484573,0.11660755592375843
2016-11-22,0.11518050947924591,0.06065742443704694,0.08887297760274614,0.2501429447670981,0.11410140886816543
2016-11-23,0.09693243791406363,0.06065742443704694,0.08183661413652668,0.2501429447670981,0.11410140886816543
2016-11-25,0.09693243791406363,0.06065742443704694,0.08183661413652668,0.2501429447670981,0.11433701293997449
2016-11-28,0.08882166678575466,0.07502108355944902,0.08487677274319248,0.25010764482780057,0.1119457348871124
2016-11-29,0.0886664367072648,0.05597864860634427,0.08436996448626172,0.2506271507555004,0.11095912666226211
2016-11-30,0.09292675445539009,0.06108725486539051,0.09023792157595055,0.25359016424231895,0.1123867691342781
2016-12-01,0.10241944669991268,0.0658780524059131,0.09246603641581487,0.25359016424231895,0.1123867691342781
2016-12-02,0.10237968689363006,0.0658780524059131,0.09246603641581487,0.25359016424231895,0.1123867691342781
2016-12-05,0.09287025783268893,0.06923240661483908,0.08869048648695754,0.25863139902021715,0.12350892239298211
2016-12-06,0.09273098438975512,0.06923240661483908,0.083748910258835,0.25854118822183825,0.11785928902430796
2016-12-07,0.09216962213778972,0.06831897108074375,0.08091828271017981,0.25722873415611197,0.10780090384388842
2016-12-08,0.09509442108397119,0.06831897108074375,0.07320241722650611,0.07888780285646889,0.0950596316121697
2016-12-09,0.09509442108397119,0.06831897108074375,0.07320241722650611,0.07888780285646889,0.09505875811438287
2016-12-12,0.15286874845756934,0.12185622796823853,0.10438382046743741,0.0824704659931747,0.13663561066005764
2016-12-13,0.15286874845756934,0.12317554083532858,0.10789591146841551,0.0824704659931747,0.13663561066005764
2016-12-14,0.1418007220282067,0.12317554083532858,0.107242662422709,0.07958578874072038,0.13390816224012864
2016-12-15,0.14164916058691834,0.12317554083532858,0.107242662422709,0.07942140866894903,0.13254335180376878
2016-12-16,0.14627927342365374,0.12470956032650755,0.10770315101565577,0.08796239504080015,0.12940894361344624
2016-12-19,0.14627927342365374,0.12470956032650755,0.10770315101565577,0.08796239504080015,0.12940894361344624
2016-12-20,0.14627927342365374,0.12470956032650755,0.10770315101565577,0.08796239504080015,0.12940894361344624
2016-12-21,0.14627927342365374,0.12470956032650755,0.10843493384459425,0.08901800920623741,0.1301562801732735
2016-12-22,0.15325116716103726,0.1400586613643599,0.1232384245630407,0.09191344264707424,0.14515120491793237
2016-12-23,0.1535762399502057,0.1400586613643599,0.12289767138270791,0.09191344264707424,0.14515120491793237
2016-12-27,0.1535762399502057,0.1400586613643599,0.12298562334985991,0.09191344264707424,0.14515120491793237
2016-12-28,0.1634834712524492,0.14835605081284614,0.13070344069658785,0.09373109457578425,0.15676711037575955
2016-12-29,0.16546562134058548,0.14881724501982532,0.13107437529702431,0.09373109457578425,0.1568542753366543
2016-12-30,0.1677971828429057,0.1480764117036285,0.1297194665388808,0.09267799472350889,0.15588499542575657
2017-01-03,0.16953459054384132,0.1480764117036285,0.1298955105822643,0.09267799472350889,0.15769824511635314
2017-01-04,0.16953459054384132,0.1480764117036285,0.1298955105822643,0.09267799472350889,0.15769824511635314
2017-01-05,0.1764704688460154,0.1571809816846587,0.15412462745788652,0.10386545554527751,0.1623736005036175
2017-01-06,0.1764704688460154,0.15720800005872354,0.15412462745788652,0.10722151797568111,0.16440412515000433
2017-01-09,0.1764704688460154,0.15720800005872354,0.15416795939293482,0.10722151797568111,0.16440412515000433
2017-01-10,0.1764704688460154,0.15720800005872354,0.15416795939293482,0.10722151797568111,0.16424035845066415
2017-01-11,0.1753552011361862,0.15088245571757458,0.15020410949347934,0.10722151797568111,0.16385751819480235
2017-01-12,0.17828277820663774,0.15403185300068165,0.15548229851692322,0.11232407256767399,0.16470472037647332
2017-01-13,0.17817506442501813,0.1520781645458249,0.152151745205802,0.10546418621296104,0.16373389028390753
2017-01-17,0.18135204735622099,0.15846768765982114,0.15249479844445257,0.11739444873549305,0.16610447619787125
2017-01-18,0.18135204735622099,0.1584771001977455,0.15249479844445257,0.11739444873549305,0.1667708233352626
2017-01-19,0.18125205724333326,0.1595180469452797,0.14652265209022933,0.10731849360179009,0.15620221882872629
2017-01-20,0.18125205724333326,0.1595180469452797,0.14652265209022933,0.10731849360179009,0.15620221882872629
2017-01-23,0.19222057466301007,0.18789342616422078,0.17512485578046932,0.1255921627917243,0.16406683735949343
2017-01-24,0.18886786762614716,0.18789342616422078,0.17512485578046932,0.12587827291285866,0.16419708794046736
2017-01-25,0.18886786762614716,0.18789342616422078,0.17512485578046932,0.1263659520074713,0.16419708794046736
2017-01-26,0.14609984971915568,0.15824013468856366,0.15852863156084912,0.12397830968654396,0.13163419419714417
2017-01-27,0.2124898560154634,0.1714218860107622,0.1604624379933345,0.14025316091177986,0.13367523394186828
2017-01-30,0.24731832743980856,0.20832555662473118,0.191846082518054,0.14068405229770758,0.13592338022936787
2017-01-31,0.25085211532292034,0.20995953344348517,0.1983848670235055,0.14070149876469232,0.13632568903612463
2017-02-01,0.24795572942944377,0.20905087363428587,0.19786602893865052,0.1355259715636717,0.1289219381124832
2017-02-02,0.24796969951736522,0.20905087363428587,0.19786602893865052,0.1355259715636717,0.1289219381124832
2017-02-03,0.24796969951736522,0.20905087363428587,0.19786602893865052,0.1355259715636717,0.12962581114440766
2017-02-06,0.24796969951736522,0.20905087363428587,0.19746594457974392,0.1348349581768362,0.1288753984802766
2017-02-07,0.2438644087649392,0.19920332461635562,0.2077439365004748,0.1328882066723839,0.1159595175590915
2017-02-08,0.24364608301535462,0.19922604282043066,0.2077439365004748,0.1330498661868005,0.1159595175590915
2017-02-09,0.24364608301535462,0.19922604282043066,0.20769188051835769,0.1330498661868005,0.1159595175590915
2017-02-10,0.23711227271741517,0.19317049950042017,0.20348399670434597,0.13177567962711448,0.10447056203475386
2017-02-13,0.23573333111875,0.192815422813464,0.2032452569316085,0.13177567962711448,0.10433964508295
2017-02-14,0.23880359652916422,0.19303396580251367,0.20266661546413042,0.1319466638143098,0.11607426460671556
2017-02-15,0.2375733042545215,0.19303396580251367,0.20255382828618762,0.1319466638143098,0.11359854836264666
2017-02-16,0.24010128893947794,0.19399226902214187,0.20257695525005884,0.14042659337692834,0.11359854836264666
2017-02-17,0.23480907398347767,0.18589867772186658,0.18481305602900236,0.13236618139763606,0.1038375423592212
2017-02-21,0.2348903296301434,0.18587927411016075,0.18600066028115947,0.1286826591862527,0.10059177390509193
2017-02-22,0.2368416061767185,0.1859307545370435,0.18596474588125028,0.1286826591862527,0.10059177390509193
2017-02-23,0.23724130519718165,0.18768596411489866,0.18894535600291085,0.1327307143859996,0.10845038935189735
2017-02-24,0.23724130519718165,0.18768947791407867,0.18894535600291085,0.1327307143859996,0.10845038935189735
2017-02-27,0.23504921708462975,0.18511715949549734,0.18462631695316414,0.1274175849457394,0.10715935939172948
2017-02-28,0.23347994598908545,0.1874223408672518,0.1902259001319563,0.13119365418509296,0.1071609976779434
2017-03-01,0.22697205183222166,0.18037358141848167,0.18887640852543414,0.12063586895318314,0.10344838924732314
2017-03-02,0.24212847045866817,0.19032799411418544,0.20555817296233003,0.13678863882805947,0.15187139767692467
2017-03-03,0.2410222817156198,0.18716185448961548,0.20555817296233003,0.1356211638302727,0.15187139767692467
2017-03-06,0.258512896509365,0.2012612199241798,0.2260055135035404,0.14996889882026573,0.16626432828705945
2017-03-07,0.252262392507695,0.1892136292309636,0.20559967806636895,0.13872387048805787,0.16485197478429703
2017-03-08,0.252262392507695,0.1892136292309636,0.20559967806636895,0.1379116012058724,0.16472224204186697
2017-03-09,0.27162564957806945,0.19092907609851364,0.20864507144948238,0.1384352551348946,0.16521770942589456
2017-03-10,0.27162564957806945,0.19092907609851364,0.20879804161747473,0.14061877794559327,0.16521770942589456
2017-03-13,0.24531007813284472,0.18147389646343454,0.22844350810283853,0.14377335804797847,0.16357320826418004
2017-03-14,0.22463030783991642,0.15234245760722973,0.24470083229332712,0.16623342517395456,0.17256582596817108
2017-03-15,0.2206770185721573,0.15008249814354999,0.23943028471485603,0.16621865858362037,0.17224818168526562
2017-03-16,0.22028787137470915,0.15008249814354999,0.24083076144762613,0.1663866173583746,0.17609622919064224
2017-03-17,0.222070672791827,0.1598495714025263,0.24308555835536627,0.17429852052969422,0.17772600737109334
2017-03-20,0.2220750163449328,0.1598495714025263,0.24308555835536627,0.17429852052969422,0.1772132864880713
2017-03-21,0.23923197175606198,0.1797818652582183,0.26095532498270524,0.19397763200293094,0.1956169577739945
2017-03-22,0.23914003223751712,0.17966042446356276,0.24597431439479156,0.1939707122614551,0.19313217693870083
2017-03-23,0.23903585428026405,0.17963523184149766,0.24597431439479156,0.1939236256266817,0.19313217693870083
2017-03-24,0.23903585428026405,0.17963523184149766,0.24597431439479156,0.1939236256266817,0.19313217693870083
2017-03-27,0.23903585428026405,0.17958814434641143,0.2455109321421195,0.1939236256266817,0.19059248291400044
2017-03-28,0.23903585428026405,0.17958814434641143,0.2455109321421195,0.1939236256266817,0.19059248291400044
2017-03-29,0.23748097569873944,0.18281944572345873,0.24817299482930122,0.19639566298062283,0.19357025531110525
2017-03-30,0.23748097569873944,0.18281944572345873,0.24817299482930122,0.19639566298062283,0.19456706548720212
2017-03-31,0.2354931616088268,0.18283629116392355,0.24822032383429718,0.19046196360616677,0.19960457269395807
2017-04-03,0.23546405302192164,0.18283629116392355,0.24822032383429718,0.19046196360616677,0.199586340032732
2017-04-04,0.25807810766958,0.19788855081904372,0.2556254410907436,0.1968941356913479,0.21067895463333713
2017-04-05,0.25628856821111023,0.19784957543246806,0.2556254410907436,0.1968941356913479,0.21074973814272147
2017-04-06,0.2559186193312367,0.19618531763560487,0.25343027697662424,0.19418827179690948,0.2077759450891662
2017-04-07,0.2559186193312367,0.19626659916362232,0.25343027697662424,0.19418827179690948,0.20794672638345438
2017-04-10,0.2559186193312367,0.19668230516132093,0.25343027697662424,0.1948553523343157,0.20798965699946664
2017-04-11,0.2559186193312367,0.1944869097062629,0.25140669391617365,0.19233323786672252,0.20809067179035212
2017-04-12,0.2559186193312367,0.19509243956379263,0.25343135989363175,0.19233323786672252,0.20817351707095955
2017-04-13,0.24495285376599776,0.1966571149972446,0.24273033697917232,0.19172780259621336,0.1911868589318237
2017-04-17,0.24495285376599776,0.1966571149972446,0.24273033697917232,0.19172780259621336,0.1911868589318237
2017-04-18,0.2280835853528973,0.1822018167024204,0.255715173021179,0.18142338141853173,0.17925985305210554
2017-04-19,0.2260935289355943,0.16746298359275066,0.2549464388644802,0.17861878235438783,0.17344438368709972
2017-04-20,0.2260935289355943,0.16746298359275066,0.2549464388644802,0.17845487741876356,0.17344438368709972
2017-04-21,0.20247032367244377,0.16741799636609303,0.252656807819205,0.17847461910746984,0.1729724826322324
2017-04-24,0.20247032367244377,0.16741799636609303,0.25253040647466124,0.17675935284704944,0.1729724826322324
2017-04-25,0.17547341172290873,0.16402943611209903,0.231993273275722,0.16138898095103815,0.1729701410838839
2017-04-26,0.15705181905320398,0.15203514507842805,0.18727544565080925,0.13700777085045088,0.1900587729017741
2017-04-27,0.2179786572612587,0.1570516831985273,0.18901684080141765,0.1498000814791513,0.2191137259306184
2017-04-28,0.23568413183054507,0.15819793893939643,0.18830363261595945,0.14961350352336633,0.21595353951606602
2017-05-01,0.23685426893516448,0.14834408360866855,0.18538372375931342,0.14031654433336888,0.21582420312409809
2017-05-02,0.23685019641626595,0.14834408360866855,0.18538372375931342,0.14031654433336888,0.21582420312409809
2017-05-03,0.21950715732461365,0.12343554408493063,0.15924833461917368,0.11186031339820642,0.19929536219717317
2017-05-04,0.21945076110754724,0.12343554408493063,0.15924833461917368,0.11186031339820642,0.20310563210092036
2017-05-05,0.21945076110754724,0.12343554408493063,0.15924833461917368,0.11174973347995275,0.20320788712648527
2017-05-08,0.21945076110754724,0.12389952433686605,0.15972392767861537,0.12071718670559252,0.21136220121965835
2017-05-09,0.21945076110754724,0.12389952433686605,0.15972392767861537,0.12071718670559252,0.21136220121965835
2017-05-10,0.21945076110754724,0.12389952433686605,0.15972392767861537,0.12071718670559252,0.214257669181283
2017-05-11,0.22007111941431143,0.1196231154377899,0.16158589425357736,0.11542937418499949,0.20536778286079668
2017-05-12,0.22333964146628138,0.12639902897010685,0.16545921197174654,0.12332133002899164,0.20443422524483626
2017-05-15,0.22274026588967732,0.12489862451495021,0.16535987294219362,0.12326370618019881,0.19951869582427617
2017-05-16,0.22274026588967732,0.12489862451495021,0.16535987294219362,0.12326370618019881,0.1995759618646588
2017-05-17,0.2323145970882823,0.13546789175231122,0.18525458481967694,0.12823915528279028,0.20695001257387127
2017-05-18,0.23296681087828722,0.13554122215995337,0.18541077800388622,0.12823915528279028,0.20687792898831797
2017-05-19,0.2329668108782872,0.13554122215995337,0.18541077800388622,0.12823915528279028,0.20591334172126877
2017-05-22,0.2329668108782872,0.1354186280362587,0.18541077800388622,0.12823915528279028,0.20574087256284534
2017-05-23,0.2329668108782872,0.13480925297406668,0.18541077800388622,0.1271066338421334,0.2056974726090732
2017-05-24,0.2329668108782872,0.13480925297406668,0.18251195278870322,0.1271400741110109,0.209819759773669
2017-05-25,0.2329668108782872,0.1339314479857732,0.1796899676639488,0.1271400741110109,0.20973756475163707
2017-05-26,0.22946914875288654,0.11675432382076081,0.17621153500100714,0.1112675752676217,0.19541873388187245
2017-05-30,0.23410991595509958,0.15325305951696724,0.19010578426082408,0.12494866407824523,0.19728923189367548
2017-05-31,0.23248667495346828,0.15325305951696724,0.14437328812424488,0.12393427727344547,0.19688183183002578
2017-06-01,0.23248667495346828,0.15325305951696724,0.14437328812424488,0.12393427727344547,0.19688183183002578
2017-06-02,0.23248667495346828,0.15325305951696724,0.14437328812424488,0.12393427727344547,0.19688183183002578
2017-06-05,0.232443384621813,0.15116034865261593,0.14458948107672653,0.1228207406749958,0.1968820993795187
2017-06-06,0.232443384621813,0.1514294240981555,0.14539249065110457,0.12989854197352022,0.19690885848574943
2017-06-07,0.232443384621813,0.15134840844301362,0.14538733355191283,0.13007393203327497,0.19690885848574943
2017-06-08,0.23207631172382934,0.14969230935075203,0.15091248467769505,0.1354861937912368,0.17318984258460243
2017-06-09,0.18783835873614055,0.14442036429219157,0.16068494688835055,0.12119229996285191,0.13596888018194916
2017-06-12,0.17124676184677573,0.1490719896584826,0.16447424760402207,0.12333853622880274,0.13896125296202425
2017-06-13,0.16727235627955417,0.1505332550716579,0.16473818789966124,0.12333853622880274,0.1371398217644866
2017-06-14,0.16730931894574586,0.1505332550716579,0.16473818789966124,0.12333853622880274,0.1371398217644866
2017-06-15,0.16811416283504654,0.15179636287240536,0.1649431905502622,0.12304897382974284,0.13934680524158796
2017-06-16,0.1691703027542287,0.15179636287240536,0.16627282399910395,0.12304897382974284,0.133732104347554
2017-06-19,0.1691703027542287,0.15179636287240536,0.16627282399910395,0.12304897382974284,0.13357667511182147
2017-06-20,0.19408395426871872,0.1569745890454487,0.17312151081547983,0.11766159385243749,0.12807706036897634
2017-06-21,0.19408395426871872,0.1569745890454487,0.17312151081547983,0.11766159385243749,0.12807706036897634
2017-06-22,0.19408395426871872,0.1569745890454487,0.17320047679786021,0.11766159385243749,0.12317209381260699
2017-06-23,0.18948579106925373,0.1561323129142625,0.16935317731570962,0.11683737029669644,0.12317209381260699
2017-06-26,0.18562210850844754,0.15072415801799124,0.16557097892548414,0.10876617529458593,0.12547874778464804
2017-06-27,0.18636606265496303,0.15073313399282842,0.1700459381294454,0.10934791230485173,0.14004699530029974
2017-06-28,0.18636606265496303,0.1507331339928284,0.1700459381294454,0.10934791230485173,0.14094899986994677
2017-06-29,0.13847854785578415,0.11931699279832639,0.14154750718563927,0.09111235458490814,0.110986317248939
2017-06-30,0.1373784745356346,0.11942308257571628,0.1415312158970105,0.09111235458490814,0.110986317248939
2017-07-03,0.1373784745356346,0.11942308257571628,0.1416825860850907,0.09117082286343581,0.110986317248939
2017-07-05,0.1373784745356346,0.11942308257571628,0.1416825860850907,0.09117082286343581,0.110986317248939
2017-07-06,0.1373784745356346,0.11942308257571628,0.1416825860850907,0.09117082286343581,0.110986317248939
2017-07-07,0.1373784745356346,0.11942308257571628,0.14164413952679,0.09112418374570397,0.10277499636230476
2017-07-10,0.1388587821204967,0.12416005874716189,0.14382757392785137,0.10397860472832308,0.10687699012445641
2017-07-11,0.1504041203027095,0.12728365468992853,0.15204152284541772,0.1197600771814676,0.11509952095320071
2017-07-12,0.14307353663379713,0.07966304432267783,0.13426436804730382,0.10540768822770359,0.11186304239762977
2017-07-13,0.14307353663379713,0.09469511442047733,0.13488806276915147,0.10544489749814343,0.11513630315298663
2017-07-14,0.14307353663379713,0.09469511442047733,0.1353832332455586,0.10552875616044531,0.12014222083491632
2017-07-17,0.14429157876730822,0.0981362472666082,0.13540707227899249,0.10552875616044531,0.12136841832525656
2017-07-18,0.14940080280142018,0.1045550906649994,0.13854709104893212,0.10882589956824619,0.12838511798795596
2017-07-19,0.15227504467136455,0.10456445459068853,0.2196917678749357,0.10055403125843022,0.1292563105521055
2017-07-20,0.1529997646268284,0.11665896985846552,0.23531919321612244,0.11107522720403973,0.1346042091965114
2017-07-21,0.15484150139251504,0.1207772725277325,0.23271989223325193,0.1042861413327804,0.13251921541647252
2017-07-24,0.14470615710217005,0.12738194790203275,0.22932381422085604,0.10670632030627161,0.1372534473127463
2017-07-25,0.14247559829411807,0.12239588448090283,0.22908971696456074,0.11472982127902366,0.13422300604736276
2017-07-26,0.1424647609046057,0.120568499464627,0.22889999124365998,0.11472982127902366,0.134156279308981
2017-07-27,0.1535478532476152,0.13445875122626852,0.24549021075526564,0.18384142990214045,0.134156279308981
2017-07-28,0.15266623627152123,0.13303112749467857,0.2455152910650809,0.1838421435117204,0.1427518785652175
2017-07-31,0.15152084659739296,0.144282253304919,0.24476576872255854,0.19155379030789269,0.14736857680567073
2017-08-01,0.15152084659739296,0.144282253304919,0.24476576872255854,0.19155379030789269,0.14736857680567073
2017-08-02,0.12291238596101031,0.13825985305946187,0.24032466714600337,0.18948905320794088,0.1406270153878358
2017-08-03,0.12291238596101031,0.13825985305946187,0.24032466714600337,0.18948905320794088,0.1423371540866237
2017-08-04,0.12291238596101031,0.13825985305946187,0.24026776309539635,0.18948905320794088,0.1423371540866237
2017-08-07,0.1219019601263208,0.13825985305946187,0.23999363338210244,0.19936858177736583,0.1423371540866237
2017-08-08,0.1263511947834362,0.14049812148471513,0.2413368652825324,0.2013548164411429,0.14318715049124392
2017-08-09,0.1299903680382788,0.14524563708618674,0.24024091548537801,0.20113958888697722,0.1318879861888429
2017-08-10,0.13726448331375976,0.14982548056913525,0.2527902438306807,0.20434222049819273,0.13219434306409694
2017-08-11,0.13778273138916722,0.14982548056913525,0.24826606922391783,0.2041283103106088,0.13219434306409694
2017-08-14,0.13778273138916722,0.14966214165574154,0.24815873436528899,0.2041283103106088,0.13219434306409694
2017-08-15,0.13885455670894586,0.1499137835747626,0.24807234290688096,0.2041022030421873,0.13816919302435385
2017-08-16,0.13900995795133497,0.1499137835747626,0.2480783848222561,0.2041022030421873,0.1382123820772652
2017-08-17,0.19906518451585667,0.21229707407533108,0.26605860562574957,0.23338466709531186,0.1904738038844286
2017-08-18,0.20134645701305542,0.21229707407533108,0.26605860562574957,0.23338466709531186,0.19599016051017096
2017-08-21,0.20032842944889429,0.20956192432007842,0.26488464067935563,0.22794839209185377,0.19456008763366114
2017-08-22,0.19275280714966334,0.211498378200969,0.2602808355799139,0.21974547553157436,0.19254606313267206
2017-08-23,0.2135430895034546,0.21974254678503874,0.27342844979043074,0.23852054911737938,0.20955091551109556
2017-08-24,0.22447886038849624,0.22219796716717186,0.2801308709737971,0.24512775157079228,0.2146178291232022
2017-08-25,0.22447886038849624,0.22219796716717186,0.2798918978929747,0.24509166167329174,0.2118561484926663
2017-08-28,0.22452160620880915,0.22069974689781138,0.2800451643235174,0.2503753462140409,0.2162833261976183
2017-08-29,0.22257974743931158,0.21868320453513848,0.2784702485481604,0.24948920754394044,0.21219313439826074
2017-08-30,0.2211748903125287,0.21849248565558646,0.22327372007694,0.24937548201162077,0.21186279083138124
2017-08-31,0.22067417918406373,0.21228136094195002,0.20675678065156824,0.24477733053669384,0.2085059779070752
2017-09-01,0.21938580350819634,0.2099655731127526,0.20573730708350074,0.24470959611048357,0.20666464931064324
2017-09-05,0.23409022795712456,0.23009823528631523,0.2097832602325949,0.2505438379547744,0.21819984065097936
2017-09-06,0.231007123728715,0.22905028449599957,0.20931979072968113,0.24590791099702014,0.21819984065097936
2017-09-07,0.23304369107233514,0.22964398895658417,0.22557182290804423,0.24590791099702014,0.21915646747829112
2017-09-08,0.22642445016684637,0.22179713466525205,0.207630256676223,0.19958948176988553,0.21915646747829112
2017-09-11,0.22642445016684637,0.22179713466525205,0.2074377577995182,0.19958882446332282,0.21222432533583918
2017-09-12,0.226406248280001,0.21464827325062869,0.2072619214365752,0.19219983871042912,0.20904488912293892
2017-09-13,0.226406248280001,0.21467756152880552,0.2072619214365752,0.19219983871042912,0.2090866290469986
2017-09-14,0.22925054088776994,0.21872221302066439,0.20738160849591503,0.19289860579876159,0.2090866290469986
2017-09-15,0.22956030443926603,0.21872550956080364,0.21843711905330981,0.19289860579876159,0.2237536240233335
2017-09-18,0.2336406613215636,0.21941812034038574,0.23328876727424197,0.19576340679743645,0.23938484272239755
2017-09-19,0.24076797214307138,0.21944807264734426,0.2339947278191201,0.1880163296523427,0.2416379929955898
2017-09-20,0.23846316249962818,0.21800464207008524,0.2326091016419777,0.1857172305039739,0.23993404954236972
2017-09-21,0.235913260261917,0.21486448086922116,0.2305057639753386,0.18560881594168246,0.23837153899461977
2017-09-22,0.23175638884557367,0.21169639960093764,0.21666955790588588,0.18207697189585387,0.23762107003164518
2017-09-25,0.2314486575486554,0.21188632261906962,0.21666955790588588,0.18207697189585387,0.23762107003164518
2017-09-26,0.2315634660791884,0.21188632261906962,0.21666955790588588,0.18207697189585387,0.23762107003164518
2017-09-27,0.23516478879099512,0.21677865204413888,0.21666955790588588,0.18207697189585387,0.2341973342293439
2017-09-28,0.23507296185720566,0.21677865204413888,0.21666264011689174,0.18207697189585387,0.23417184865320648
2017-09-29,0.18696555329690848,0.15628892103416986,0.19461362067993263,0.1429596444231089,0.19405887584681203
2017-10-02,0.18450655829601564,0.15654877961013816,0.19578917732803275,0.1429596444231089,0.1884860054336385
2017-10-03,0.18450655829601564,0.15654877961013816,0.19578917732803275,0.1429596444231089,0.18768457160971672
2017-10-04,0.18352347807183142,0.1513497538068413,0.19567437270702356,0.14310457181563893,0.1848781517293396
2017-10-05,0.1591483191746162,0.1391097591524644,0.17696589932854057,0.10906376402282077,0.1699102281205186
2017-10-06,0.14331112939848023,0.12508161847952584,0.16564683171418165,0.09322819698484174,0.16117453640282764
2017-10-09,0.1486677730964932,0.1259832596256602,0.16743864501310493,0.10093492701899717,0.16126483968541808
2017-10-10,0.14742079583947781,0.1259832596256602,0.16716286941131117,0.08700556374338803,0.15432031377034006
2017-10-11,0.14567096392190237,0.1243252672810878,0.1672979213704288,0.08547607497501818,0.15432031377034006
2017-10-12,0.14516841746786036,0.1243252672810878,0.16567778637897612,0.08547607497501818,0.1590767385042868
2017-10-13,0.14516841746786036,0.1243252672810878,0.1656540576235927,0.08547607497501818,0.1590767385042868
2017-10-16,0.1470819952287382,0.12565937433545366,0.16777512794542654,0.08628205087484561,0.16004101820980451
2017-10-17,0.11768921997722136,0.08632758198270356,0.15600033844116248,0.06402382133362695,0.1380353775010235
2017-10-18,0.11771027480204917,0.08632758198270356,0.1516642610746984,0.06402382133362695,0.1380733726176983
2017-10-19,0.11725908115641803,0.09069873933610371,0.3720444491859228,0.06477750252959447,0.14822285600292257
2017-10-20,0.11618055026891032,0.09069873933610371,0.371912837083319,0.06477750252959447,0.14822285600292257
2017-10-23,0.12770708125981298,0.10548710917902265,0.3739217743400591,0.07129456228303109,0.1521964919480217
2017-10-24,0.12770708125981298,0.10548710917902265,0.3739217743400591,0.07129456228303109,0.1521964919480217
2017-10-25,0.13784424347139593,0.11721521289528118,0.3739217743400591,0.10778406695777795,0.4113920867265381
2017-10-26,0.1877468196203453,0.13136477015325154,0.37342481875185174,0.14883441145653262,0.43749815547110055
2017-10-27,0.1975501462911318,0.13303600723430495,0.36706736687139113,0.157852745768997,0.42961874056736454
2017-10-30,0.19363082332456005,0.13254784774558717,0.36251553677970677,0.15428561185340334,0.42114146471707364
2017-10-31,0.18614456116952302,0.13361976918821775,0.36244313532422473,0.15829740241782414,0.4202712908147763
2017-11-01,0.18614456116952302,0.13361976918821775,0.36244313532422473,0.15829740241782414,0.42041452940741647
2017-11-02,0.18840228187391875,0.13362101324716621,0.3629041834941355,0.15829740241782414,0.4307469714546606
2017-11-03,0.18840228187391875,0.13362101324716621,0.3629041834941355,0.15829740241782414,0.4307469714546606
2017-11-06,0.18840228187391875,0.13331964248439457,0.3629041834941355,0.15829740241782414,0.4307469714546606
2017-11-07,0.19885958997495995,0.13858180411333929,0.36759325750705396,0.16202485421909166,0.43790810773806
2017-11-08,0.19390542022069873,0.13050808519608678,0.36759325750705396,0.16202485421909166,0.43794380591788823
2017-11-09,0.19749863762444547,0.1398909440153948,0.3685165960063237,0.16469106504498007,0.43794380591788823
2017-11-10,0.19749863762444547,0.14089979344130388,0.36827764416111153,0.1643989571691876,0.43794380591788823
2017-11-13,0.19756345238781667,0.14062227022332388,0.3693317750952894,0.16491256687563902,0.4391482255442588
2017-11-14,0.19756345238781667,0.14062227022332388,0.3705957681042545,0.16491256687563902,0.4391522421760749
2017-11-15,0.19756345238781667,0.14062227022332388,0.3705957681042545,0.1647868203848733,0.4391522421760749
2017-11-16,0.19732458239222117,0.14062227022332388,0.3705344115750795,0.1647262325484617,0.43741003350576746
2017-11-17,0.19811043530728836,0.14520512232318544,0.3712920785888163,0.16732329440853838,0.43741003350576746
2017-11-20,0.1941229446243819,0.1444340923715499,0.37048749052555824,0.1628214441292558,0.4373767484416832
2017-11-21,0.1941229446243819,0.1444340923715499,0.37048749052555824,0.1628214441292558,0.4373767484416832
2017-11-22,0.1938149799565012,0.145197745916418,0.3702355483390213,0.1637890436695629,0.4381915495748101
2017-11-24,0.19365485923416892,0.14621849186122363,0.36900635669138115,0.1637890436695629,0.4364511012108657
2017-11-27,0.19383506995562513,0.14927975395868295,0.36937869965081166,0.16623023683884,0.4364546990731941
2017-11-28,0.19238708494688128,0.14815849171782616,0.3684201365367817,0.16581332494544077,0.43610203572856965
2017-11-29,0.19206720224768978,0.1406772850680258,0.3684201365367817,0.16564882585365748,0.43610203572856965
2017-11-30,0.1920542993117515,0.1406772850680258,0.3684201365367817,0.16564882585365748,0.43609000766175204
2017-12-01,0.2082337103557039,0.14478221737980423,0.12012066609103675,0.16919247211985297,0.44251289667363014
2017-12-04,0.2082337103557039,0.14478221737980423,0.12012066609103675,0.16919247211985297,0.44251289667363014
2017-12-05,0.20313315525556883,0.13737524538150242,0.11513806648479462,0.16717987431999448,0.44122815004237503
2017-12-06,0.20313315525556883,0.1374654511805439,0.11513900974894747,0.16866728713362317,0.4413777349283188
2017-12-07,0.19639537140620708,0.12756292612924,0.11513900974894747,0.14803433139034444,0.22071967572626294
2017-12-08,0.14081338790632456,0.10483315130857258,0.11513900974894747,0.1054026022582185,0.1629600817172932
2017-12-11,0.12613126224156526,0.10269698713146522,0.11513900974894747,0.09134610219883076,0.16296220106957382
2017-12-12,0.1332332633017784,0.10941337364350842,0.10698283048504333,0.09134610219883076,0.16287844933702794
2017-12-13,0.13240697133718626,0.10804087421528326,0.10448668067627258,0.07998194435859445,0.16500519776063885
2017-12-14,0.13240697133718626,0.10804087421528326,0.10448668067627258,0.07998194435859443,0.1646398998854359
2017-12-15,0.1291742385167462,0.10803933560475038,0.10287393442876822,0.07998194435859443,0.13527361789623002
2017-12-18,0.1291742385167462,0.1080504480003501,0.10287393442876822,0.07998194435859443,0.13527361789623002
2017-12-19,0.12920489386851733,0.1093092225564584,0.1030393347295775,0.07998194435859443,0.136056831506497
2017-12-20,0.11220975959484303,0.10255592024235458,0.08480417403885146,0.07213269474304944,0.11086434951877515
2017-12-21,0.11206921418521482,0.1030226214208231,0.08480417403885146,0.07218065350537418,0.11072324812389019
2017-12-22,0.10617758698874971,0.08986959779841548,0.08070774039334211,0.06592334101762698,0.1118603196512857
2017-12-26,0.10617758698874971,0.08811424982923129,0.08070774039334211,0.06592334101762698,0.1118603196512857
2017-12-27,0.10889011093157654,0.08952341718538698,0.07331589657509203,0.06463375252963378,0.10857087283302455
2017-12-28,0.10889011093157654,0.08952341718538698,0.06663300570186417,0.06475461597339771,0.10855462504251978
2017-12-29,0.11145141647713738,0.09131530250955898,0.0669032833574527,0.06733993187707063,0.1161093242330485
2018-01-02,0.11145141647713738,0.09131530250955898,0.0669032833574527,0.06733993187707063,0.1161093242330485
2018-01-03,0.11564846293344476,0.09952482332850501,0.0653597671791693,0.08551365950004661,0.11689412011217232
2018-01-04,0.11564846293344476,0.0995094997667013,0.0653597671791693,0.08596754266253555,0.12104957051272652
2018-01-05,0.11565369716837044,0.0995094997667013,0.0653597671791693,0.08763660087154582,0.12112650325226106
2018-01-08,0.11914348957978753,0.11892502901512428,0.07438068415281787,0.08701764120576365,0.1243877748959626
2018-01-09,0.11902698553242792,0.12073294871202132,0.07331250116775509,0.1138161814645145,0.13708448402440082
2018-01-10,0.11873328701438568,0.11692667499294318,0.07141281642950623,0.11022015400940265,0.13707302858455114
2018-01-11,0.11873328701438568,0.11692667499294318,0.07141281642950623,0.11022015400940265,0.13707302858455114
2018-01-12,0.11873328701438568,0.11692667499294318,0.07141281642950623,0.11022015400940265,0.1458997856923275
2018-01-16,0.12119214230038908,0.11921628427751348,0.07893982419219586,0.11022015400940265,0.17054172516118318
2018-01-17,0.08586068399509034,0.10951835447384356,0.07881271693380994,0.10423458206714858,0.14306283657624105
2018-01-18,0.08586068399509034,0.11029948804490523,0.07952194321900774,0.11325974931591351,0.1491435538619981
2018-01-19,0.08278025652271462,0.10655815596642297,0.07744420303269818,0.11233058997973783,0.15366714662841524
2018-01-22,0.08278025652271462,0.10644176049991858,0.07744280064188369,0.11031516800563795,0.15386473670867612
2018-01-23,0.08278025652271462,0.10687739719280853,0.07744280064188369,0.11031516800563795,0.15386473670867612
2018-01-24,0.19271069420080075,0.1852988024547649,0.3404950536306891,0.17469207147508364,0.25187876080936206
2018-01-25,0.2135632833514326,0.21129689057306494,0.3625981065963801,0.19842784661589435,0.2778865699313328
2018-01-26,0.2083516454704048,0.20747998717335614,0.36041797390508756,0.19842784661589435,0.2778865699313328
2018-01-29,0.20829747608178145,0.20747998717335614,0.3616998890424254,0.19919475140120377,0.2759927144071433
2018-01-30,0.20835632322564474,0.20747998717335614,0.3616998890424254,0.2008138082705951,0.2817477238815452
2018-01-31,0.20835632322564474,0.20747998717335614,0.3616998890424254,0.2008138082705951,0.2817477238815452
2018-02-01,0.20967474546238052,0.20824228015412913,0.36283138710097784,0.20216774675342655,0.29098966373714963
2018-02-02,0.23048503621023445,0.22724655301509197,0.36829075908762965,0.21629580798533468,0.29062428443095967
2018-02-05,0.2621270048465276,0.2530965911853689,0.3817858739867023,0.23236494959435264,0.30189078767027844
2018-02-06,0.2621270048465276,0.25290698037419157,0.3817858739867023,0.23235005640287051,0.30189078767027844
2018-02-07,0.2618969178638864,0.25290698037419157,0.3817836869005303,0.23266915625739276,0.30147131578775094
2018-02-08,0.30580542214041556,0.28956213610182074,0.391848999461785,0.2587221427657622,0.30159320917344784
2018-02-09,0.3051439280298401,0.292387471124414,0.3921298704016407,0.2588093026629282,0.301043474680113
2018-02-12,0.3051439280298401,0.292387471124414,0.3921298704016407,0.25877908884040635,0.301043474680113
2018-02-13,0.30421777534754757,0.29183281347831086,0.3920838473924482,0.25811840439171435,0.2982111753300716
2018-02-14,0.30421777534754757,0.29183281347831086,0.39208483971595715,0.25811840439171435,0.2982643607869254
2018-02-15,0.3021333353536549,0.2868619535079181,0.391628158119238,0.2509678026913545,0.29905659907010584
2018-02-16,0.30217549869630045,0.2869141628046978,0.3917446749286983,0.2507925536404259,0.299910396166461
2018-02-20,0.302173495400429,0.28766992640247113,0.3917446749286983,0.2516516029701417,0.30099343476925183
2018-02-21,0.3008146071619151,0.27980669433371114,0.39013120980140087,0.25123814410015816,0.2984676615303397
2018-02-22,0.3008017627442818,0.2789995517271122,0.3903449313038172,0.24289087100969278,0.2936709139131128
2018-02-23,0.3008017627442818,0.2789995517271122,0.3903449313038172,0.24289087100969278,0.2936709139131128
2018-02-26,0.3008017627442818,0.2789995517271122,0.3903449313038172,0.24289087100969278,0.2936709139131128
2018-02-27,0.3033188044817893,0.28470349329000666,0.39471680385630237,0.24792042259784494,0.29460572302158056
2018-02-28,0.30234523370464994,0.2837523638306848,0.39329198800087967,0.24994116428423807,0.2815994023778124
2018-03-01,0.3051309589705334,0.2852893468526926,0.39196225316513134,0.24994116428423807,0.2809776035524997
2018-03-02,0.3055637609088906,0.2850301995190519,0.3918210943313435,0.24618594176381509,0.2835721627768754
2018-03-05,0.3052469806373692,0.2850301995190519,0.3920327156002595,0.24618553929762985,0.28104271102569395
2018-03-06,0.3052469806373692,0.2850301995190519,0.3920327156002595,0.24608243262179139,0.28069951134714094
2018-03-07,0.3052469806373692,0.2853555122901486,0.3920327156002595,0.24839744312056147,0.2810250346709798
2018-03-08,0.25078053831755437,0.24189853293046762,0.20916537936572271,0.20821480784201918,0.19800635638129346
2018-03-09,0.2332788332925913,0.2195544817562072,0.16795728791836556,0.18573342884631627,0.15946093823228555
2018-03-12,0.2332788332925913,0.2195544817562072,0.16795728791836556,0.18573342884631627,0.15946093823228558
2018-03-13,0.23271702875540676,0.2195544817562072,0.164487354036127,0.18443532851613162,0.15946093823228558
2018-03-14,0.23776114406617185,0.22070788996083593,0.18047063834641777,0.18582829688631014,0.19874065749292585
2018-03-15,0.2378310821001856,0.22070788996083593,0.18213716531824758,0.18582829688631014,0.19874065749292585
2018-03-16,0.23666956322336952,0.2199833385724228,0.1798725694981028,0.1843543969870216,0.184944976820925
2018-03-19,0.22024947968848257,0.2030659449576031,0.17108216128940212,0.1681615350090179,0.19488428173618896
2018-03-20,0.18144591081109787,0.1697612717586421,0.13837172964520375,0.14515064108929,0.17693024130616133
2018-03-21,0.19254925934289646,0.1720897036580759,0.14014220350808687,0.2009499422569595,0.18221588803235386
2018-03-22,0.2148765161485497,0.18442150156346307,0.15314138413980716,0.20434371679902485,0.19271493399940667
2018-03-23,0.1625822632159961,0.1256716283839708,0.13296545496640289,0.17075377897120164,0.19734823135778548
2018-03-26,0.1619510715420382,0.11787989532596092,0.13176363872628963,0.17061937866212895,0.19734823135778548
2018-03-27,0.17060642498135037,0.12517587639920877,0.13237398012250567,0.17652882498562203,0.19980546874997507
2018-03-28,0.1706301907092371,0.12641087235325998,0.13287061301232095,0.17795643222106505,0.19980546874997507
2018-03-29,0.1706301907092371,0.12641087235325998,0.1328676847591121,0.17795643222106505,0.19972606619694566
2018-04-02,0.20952518932642913,0.1971066398312309,0.17419075950337165,0.23194298492129461,0.27931274442644705
2018-04-03,0.20946437711897978,0.1970306347196216,0.17392856175233795,0.23194298492129461,0.2766142615867296
2018-04-04,0.20946437711897978,0.19592555034893847,0.17392856175233795,0.2303826567199888,0.27540155482295103
2018-04-05,0.20946437711897978,0.19592555034893847,0.17392856175233795,0.2303826567199888,0.27540155482295103
2018-04-06,0.23334601618802267,0.20482508071479022,0.1929149667922209,0.24129416710922066,0.28144838037086267
2018-04-09,0.2349128527415311,0.20656703805647744,0.19297088878676416,0.24239402338873578,0.28514803205217387
2018-04-10,0.27209070721859824,0.20686125772034508,0.19693956730565831,0.24536159114380293,0.28514803205217387
2018-04-11,0.29721756287984,0.2049467493091512,0.22126113290874608,0.24263463926473777,0.282356633489559
2018-04-12,0.2972170832614722,0.2049467493091512,0.22124093396976066,0.24055252754536371,0.28181881508728057
2018-04-13,0.29756278211685927,0.20282834456913837,0.22098259722923655,0.24055252754536371,0.28181881508728057
2018-04-16,0.29711832565935264,0.20276939378050327,0.22097884767238635,0.24053151063562123,0.2760077214209836
2018-04-17,0.29987961149897085,0.20276939378050327,0.22060319802920647,0.2427490416048835,0.2761808536297904
2018-04-18,0.29987961149897085,0.20276939378050327,0.22060319802920647,0.24274891368657597,0.2761808536297904
2018-04-19,0.3045973799285654,0.20221510596036713,0.22107087539388479,0.24614441537144544,0.27655716537017966
2018-04-20,0.3046601119031742,0.20221510596036713,0.22107087539388479,0.24614952440094662,0.276616945004462
2018-04-23,0.3047230944421468,0.20639551427724445,0.22839099519974684,0.24614952440094662,0.276616945004462
2018-04-24,0.31086066347192837,0.21071699945316022,0.23536480218148778,0.25288734283216074,0.3202898832097738
2018-04-25,0.3118036848383686,0.21071699945316022,0.23609034911279075,0.2529016454289962,0.3202898832097738
2018-04-26,0.3589587400402921,0.22448162387073092,0.2379452527353531,0.2522105124140768,0.29285377270743335
2018-04-27,0.35891240584023243,0.22448162387073092,0.23667202541552715,0.2522105124140768,0.29285377270743335
2018-04-30,0.36028215138749664,0.23494732048940983,0.23706631214860827,0.25504223266092674,0.29673726474920026
2018-05-01,0.35796383019291717,0.2319641765808401,0.23507434105353978,0.25464230510238933,0.2903063304068638
2018-05-02,0.36570838172537495,0.23290224992887198,0.2358814922264562,0.25775928940836207,0.3041726837032158
2018-05-03,0.36009663263660396,0.23333013513744638,0.2354534381198227,0.21708910749243104,0.30180208187961477
2018-05-04,0.34723606511648725,0.22371081294711923,0.22721328128058718,0.21353426904174,0.29526027976399516
2018-05-07,0.3403752220929554,0.22130032068276506,0.22530704523508047,0.21732165726497507,0.2968410590500331
2018-05-08,0.3403752220929554,0.22130032068276506,0.22530704523508047,0.21732165726497507,0.2968425495326768
2018-05-09,0.3509968218837352,0.22118597931701026,0.23948752991908553,0.21678545561597057,0.3008987494042548
2018-05-10,0.35098526925774115,0.2204824909819886,0.23921234875722547,0.21561509234879125,0.3008987494042548
2018-05-11,0.35098526925774115,0.2204824909819886,0.23921234875722547,0.21561509234879125,0.3009021747380708
2018-05-14,0.32938615477487715,0.16646523978190889,0.21137881570694472,0.1567390900610035,0.22866824026987062
2018-05-15,0.32938615477487715,0.16646523978190889,0.2113788157069447,0.15917863976592875,0.23712007335950638
2018-05-16,0.32938615477487715,0.16646523978190889,0.2113788157069447,0.15917863976592875,0.23712007335950638
2018-05-17,0.33059838750566173,0.16773422058671777,0.21163399294125504,0.1618934971810757,0.23838451154661142
2018-05-18,0.3146363917905392,0.15606280478338688,0.19911577410352882,0.1415788386705205,0.2308446777088597
2018-05-21,0.3134682981206016,0.15374970411435482,0.19906157838753694,0.13968743703585804,0.22625882492548552
2018-05-22,0.29632750416663056,0.15532990367754218,0.19516411749772636,0.15442437500894146,0.22625882492548552
2018-05-23,0.2683536958429987,0.14745398647096963,0.15758421404032305,0.15369304633310912,0.22300118588496493
2018-05-24,0.2683536958429987,0.14745398647096963,0.15758421404032305,0.15369304633310912,0.22300118588496493
2018-05-25,0.2647939379509474,0.1474174459478159,0.15758421404032305,0.15369304633310912,0.22300118588496493
2018-05-29,0.27815933788671793,0.17020515562860947,0.18016786889892505,0.1708047613089039,0.23116682872155372
2018-05-30,0.27585490596931056,0.17020515562860947,0.18016786889892505,0.16787996521458712,0.231376455376316
2018-05-31,0.27585490596931056,0.17076972831756485,0.18037876731267954,0.16847240236386346,0.231376455376316
2018-06-01,0.27063655828576455,0.17061153148692867,0.18036199115522764,0.1600767184310305,0.23053027535509837
2018-06-04,0.27056593790655953,0.17061153148692867,0.18036199115522764,0.1600688621793316,0.2304585414109983
2018-06-05,0.2740394803271101,0.16776726538777487,0.17316902460534106,0.16347775884695984,0.23205718503304026
2018-06-06,0.267057014455982,0.16445640486788168,0.16356456726676813,0.1530866031728267,0.16667891919054934
2018-06-07,0.2665846479370343,0.1687867645635646,0.1659886270657377,0.1531918143305453,0.16667891919054934
2018-06-08,0.1984161084994219,0.14829303443861164,0.14546261475966796,0.15078890456693636,0.16530057342512489
2018-06-11,0.1984161084994219,0.14829303443861164,0.14546261475966796,0.15078890456693636,0.16530057342512489
2018-06-12,0.2020068500878478,0.13230606744218493,0.14481914083181868,0.1459493725023522,0.16054403214482182
2018-06-13,0.2046387669290624,0.13230606744218493,0.14481914083181868,0.1459493725023522,0.16328322662184258
2018-06-14,0.1904534278831393,0.13064768148311093,0.14350070033990195,0.14037119222043012,0.1357135072832568
2018-06-15,0.19138419243943436,0.1267807005011856,0.1424819504761224,0.14037119222043012,0.13400134842868805
2018-06-18,0.19268625370549047,0.12834212667386496,0.1424819504761224,0.14037119222043012,0.13446150725885142
2018-06-19,0.2017205611032998,0.1370699763879306,0.1500340829475634,0.13857715846384605,0.12431812461360153
2018-06-20,0.2017205611032998,0.1370699763879306,0.1500340829475634,0.13857715846384605,0.12431456564831206
2018-06-21,0.17848213181880654,0.13076889540871398,0.1255308709786269,0.1318519780736407,0.10978912573653388
2018-06-22,0.1787498921193091,0.14166380273855206,0.13813096061615618,0.14817878292767822,0.12130416693720412
2018-06-25,0.21366500361473478,0.16148445606347833,0.1522260397743267,0.15229642697539272,0.13273311464682938
2018-06-26,0.2177594649450126,0.1558574425697336,0.1522641590886357,0.15174494834255042,0.1407301373590604
2018-06-27,0.22628799973341215,0.16963475703911096,0.16335806780013387,0.15591348180450923,0.12940874355639806
2018-06-28,0.2263336315610164,0.1697153101096791,0.16344781352563925,0.15591348180450923,0.12940874355639806
2018-06-29,0.22529630393685596,0.16913946811411387,0.16311727225442266,0.15309261489901263,0.12706445904951852
2018-07-02,0.2246833802509732,0.1689411998040485,0.15689373811783625,0.15230940743160645,0.1255919057013806
2018-07-03,0.22936170159980993,0.18144346512995072,0.1599383615513734,0.15231356125032,0.1255919057013806
2018-07-05,0.21026143200836783,0.17975451271921916,0.15990412588742917,0.13197600378652125,0.1255919057013806
2018-07-06,0.2101918885959395,0.17963704060930538,0.15881464700180514,0.12847249587928655,0.1255919057013806
2018-07-09,0.2101918885959395,0.17963704060930538,0.15881464700180514,0.12847249587928655,0.1255919057013806
2018-07-10,0.21065818183569623,0.17963704060930538,0.16004192899837977,0.12924916240182632,0.12854385980502947
2018-07-11,0.30319898150301916,0.16409316285670136,0.16632068462503727,0.10827505359846247,0.1682185764118948
2018-07-12,0.3025852417758535,0.16409316285670136,0.16632068462503727,0.10789986749600335,0.16764523978043602
2018-07-13,0.3025852417758535,0.16350553809954013,0.16609193665099928,0.1069724907060435,0.16764523978043602
2018-07-16,0.3025852417758535,0.16360516370125358,0.1654872269921086,0.10675692892391435,0.16764789489510973
2018-07-17,0.3025852417758535,0.16360516370125358,0.1654872269921086,0.10675692892391435,0.16764789489510973
2018-07-18,0.2993789204608643,0.16131004213976088,0.16321410578543336,0.10145986829789796,0.16542798689033214
2018-07-19,0.2999272441434503,0.1591173478410823,0.16321410578543336,0.10130543325190956,0.16542798689033214
2018-07-20,0.299650696344747,0.1640907452566895,0.15968069651359454,0.10285481271416753,0.21904274673295052
2018-07-23,0.29573883412572227,0.1640907452566895,0.15968069651359454,0.10244631911011462,0.21904274673295052
2018-07-24,0.29913574076357297,0.16700604564481392,0.16890673666021117,0.13589389674379362,0.24935321103548874
2018-07-25,0.2950580663012493,0.1660382603901877,0.16890673666021117,0.1358927066121653,0.24786537690691404
2018-07-26,0.29323881912461647,0.1660382603901877,0.16890673666021117,0.1358927066121653,0.24606954145217594
2018-07-27,0.29421108639295623,0.1660382603901877,0.17451360895234008,0.1358927066121653,0.25103396510881676
2018-07-30,0.29814334335825676,0.16982359417125642,0.17451360895234008,0.13796625009297256,0.25760860562377813
2018-07-31,0.2973034980242869,0.16864666518388233,0.17451360895234008,0.13796625009297256,0.257309358600484
2018-08-01,0.3080366901409461,0.16578738471865764,0.16517189725927442,0.15614047663501848,0.2693191742319223
2018-08-02,0.30844977644400845,0.16578738471865764,0.16517189725927442,0.15614047663501848,0.2693191742319223
2018-08-03,0.3061938898029262,0.16568160890709666,0.16517189725927442,0.15614047663501848,0.2693191742319223
2018-08-06,0.30603765389011806,0.1564681006790583,0.1547888656594488,0.14074033130490568,0.264332685876393
2018-08-07,0.28299459422224776,0.13591787956829615,0.1409503033962896,0.13627395531161288,0.2587785320424641
2018-08-08,0.27969405938150615,0.13524012381541728,0.1403863458284848,0.13613204041788377,0.2534782103210581
2018-08-09,0.27504246562397083,0.11749673484088399,0.1273137968110515,0.12836958737502685,0.2523873823751653
2018-08-10,0.27959320586785597,0.12192955048608294,0.13221532098743927,0.12836958737502685,0.25349215888590537
2018-08-13,0.28138469812738565,0.12374029793024138,0.13344682793511772,0.12858096349004605,0.260827302792253
2018-08-14,0.28138469812738565,0.12374029793024138,0.13344682793511772,0.12858096349004605,0.260827302792253
2018-08-15,0.2775845448516237,0.10455170627365537,0.1297822077589808,0.1285760429607346,0.260827302792253
2018-08-16,0.2775845448516237,0.10455170627365537,0.1297822077589808,0.1343353134227485,0.260827302792253
2018-08-17,0.27900340665421525,0.10455170627365537,0.1297822077589808,0.1343353134227485,0.260827302792253
2018-08-20,0.27900340665421525,0.10455170627365537,0.1297822077589808,0.1343353134227485,0.260827302792253
2018-08-21,0.27865150525677046,0.10455170627365537,0.1282657183957616,0.135413859447125,0.2596116320903786
2018-08-22,0.1718980660613562,0.10120014454050989,0.09075821056264398,0.13423733688099937,0.23942876403355168
2018-08-23,0.17394747324361035,0.10120014454050989,0.09075821056264398,0.13423733688099937,0.23959529373942545
2018-08-24,0.17394907633543558,0.10120014454050989,0.09075821056264398,0.13424069566767682,0.23959529373942545
2018-08-27,0.17394907633543558,0.10103900560935018,0.09075821056264398,0.13429340253349187,0.2395934359292001
2018-08-28,0.17394907633543558,0.10103900560935018,0.09075821056264398,0.13429340253349187,0.2395934359292001
2018-08-29,0.17447469408610794,0.10191204453381429,0.09075821056264398,0.13439397029943706,0.2395934359292001
2018-08-30,0.17367791968929427,0.10198901731491315,0.09097810785879121,0.1355680642267849,0.2397185259294291
2018-08-31,0.17263513616651704,0.08573945747541382,0.09097810785879121,0.1342494705509695,0.1919678765420162
2018-09-04,0.17263513616651704,0.08573945747541382,0.09097810785879121,0.1342494705509695,0.1919678765420162
2018-09-05,0.18411132605248537,0.11464493221970587,0.07251545607729935,0.10398053976400524,0.1505136760120398
2018-09-06,0.20360682672674443,0.12109946764074055,0.08044897918167902,0.10543714717792425,0.16087297665226008
2018-09-07,0.2036416455215545,0.12109946764074055,0.08044897918167902,0.10543714717792425,0.16102160824536177
2018-09-10,0.2022344220843781,0.12109946764074055,0.06742791878002662,0.10543714717792425,0.15316698702446385
2018-09-11,0.19528058691219793,0.11573129152924438,0.06742791878002662,0.1027089750249833,0.1418308283166238
2018-09-12,0.20624830949396836,0.12373168740076686,0.07993320511011472,0.12664317068557795,0.15066976152397124
2018-09-13,0.17890639336651676,0.11556657075715364,0.07875067360857167,0.09674319188956897,0.1272194817509228
2018-09-14,0.1781932531608458,0.11556657075715364,0.07875067360857167,0.09674319188956897,0.1272194817509228
2018-09-17,0.1781932531608458,0.11556657075715364,0.0789393421702378,0.09674319188956897,0.1272194817509228
2018-09-18,0.1781932531608458,0.11574927442281141,0.07895570566105416,0.0967704512914814,0.12723048043881605
2018-09-19,0.17783343576104674,0.11574927442281141,0.08265311776300244,0.0967704512914814,0.12723048043881605
2018-09-20,0.17783343576104674,0.11574927442281141,0.08298913271410484,0.10074356997904979,0.12723048043881605
2018-09-21,0.1744077566542271,0.11574927442281141,0.08297731745992246,0.10074356997904979,0.12594042658505905
2018-09-24,0.19867081410465026,0.15411342456903873,0.10081309995222391,0.12723726452329578,0.16916192381946485
2018-09-25,0.21132504134995408,0.1527155431203868,0.09917719667264129,0.12845860366852987,0.16508814625296372
2018-09-26,0.21132504134995408,0.1527155431203868,0.09917719667264129,0.12845860366852987,0.16508814625296372
2018-09-27,0.21132504134995408,0.1527155431203868,0.10127836963403704,0.12845860366852987,0.16508814625296372
2018-09-28,0.21165825708629146,0.15295165908221742,0.10127836963403704,0.12301147392824249,0.16516513901947535
2018-10-01,0.24198676919422246,0.1649064015560175,0.1117315461475041,0.1278413003720664,0.17153127328519518
2018-10-02,0.255253029192134,0.19172826880115734,0.11563043245136809,0.13015379848014663,0.1831379120556539
2018-10-03,0.255253029192134,0.19272829729207877,0.11563043245136809,0.12825330629934104,0.18281679376218526
2018-10-04,0.25052595469244976,0.1938637472790703,0.11795417053395892,0.1269946208562278,0.16736638611122726
2018-10-05,0.27358764822657666,0.19937122464662796,0.13419923836331416,0.12942136462010292,0.17018212356768786
2018-10-08,0.2769373275657274,0.20173581812159372,0.1351314240118372,0.13101799130723074,0.17350084756366232
2018-10-09,0.3356902812306303,0.21391515404225403,0.15599188928475866,0.1416689682525756,0.21085268879395863
2018-10-10,0.37519920141762425,0.22372820425325424,0.17958566902811948,0.1764760430549313,0.2379010065340969
2018-10-11,0.37624876561801385,0.2233318723600597,0.17958566902811948,0.17705032489005895,0.2387579105288149
2018-10-12,0.37765759723138764,0.22329673168241956,0.17947436918748216,0.1760347141666242,0.23863231697879253
2018-10-15,0.37765759723138764,0.22360267477007872,0.17947436918748216,0.1760347141666242,0.23863231697879253
2018-10-16,0.37765759723138764,0.22360267477007872,0.17947436918748216,0.1760347141666242,0.23863231697879253
2018-10-17,0.3694731887605408,0.2079439916079064,0.179438048040477,0.1738599591979862,0.23863231697879253
2018-10-18,0.3820302265882319,0.21358591326301593,0.1818983891115122,0.18332376830528616,0.2505936354654521
2018-10-19,0.3820159448933503,0.21358591326301593,0.1818983891115122,0.18332376830528616,0.2504981565417753
2018-10-22,0.3820159448933503,0.21358591326301593,0.1818983891115122,0.18378151561509348,0.2504981565417753
2018-10-23,0.3820159448933503,0.21771749596997628,0.19659198843941764,0.18481659198796216,0.2517512595340891
2018-10-24,0.41817909654432406,0.2378048748855047,0.2369036891099793,0.22338798551014827,0.26129660868387494
2018-10-25,0.41817909654432406,0.2378048748855047,0.2369036891099793,0.3341244741941817,0.26129660868387494
2018-10-26,0.41817909654432406,0.23893425217393993,0.23916939069980278,0.33467353997314775,0.2713230995901134
2018-10-29,0.41817909654432406,0.23893425217393993,0.23910718579592877,0.34862093446630854,0.2722265752289053
2018-10-30,0.41817909654432406,0.23884579671637685,0.2391017828981701,0.34861336876543786,0.27222143494798545
2018-10-31,0.41817909654432406,0.23972451779714152,0.23812575904580244,0.3486258343050807,0.2847136526079582
2018-11-01,0.41817909654432406,0.23972451779714152,0.2380088629619599,0.3474985261780931,0.2847136526079582
2018-11-02,0.4181912436205749,0.23972451779714152,0.2380088629619599,0.3474985261780931,0.2847136526079582
2018-11-05,0.40614252897038133,0.214567450218815,0.22818579110678158,0.33943433048901706,0.26028487225545816
2018-11-06,0.40052281787016397,0.21433040881935683,0.22818579110678158,0.33889387738971627,0.25561155665747604
2018-11-07,0.40052281787016397,0.21433040881935683,0.22818579110678158,0.33889387738971627,0.25561155665747604
2018-11-08,0.4006156415122833,0.21435229269368522,0.2272610029176649,0.339007339506943,0.2564742099450472
2018-11-09,0.4035892857268553,0.2142228543254556,0.22735611192268507,0.3390301661198813,0.25642463464506193
2018-11-12,0.3851444034347218,0.20516217988994398,0.22531476908191775,0.3388619996116049,0.252379182538328
2018-11-13,0.3764833317032577,0.18034941717083364,0.22333895016780964,0.3379805343548436,0.2440875553186819
2018-11-14,0.3764833317032577,0.18038067739835775,0.22477324351833342,0.3382597386705906,0.24460279895436662
2018-11-15,0.371355786699468,0.1765788791127762,0.2202690076471113,0.3382271115589057,0.2446027989543666
2018-11-16,0.363088263293492,0.17064912990077655,0.2107657147140014,0.3391575594866453,0.2424877513170253
2018-11-19,0.3679237315131379,0.1678471639313562,0.21023710973896664,0.33870460996745505,0.24064670009538347
2018-11-20,0.31578552207464733,0.1572543761110578,0.1955200795985015,0.3374311733099476,0.20904528492006702
2018-11-21,0.26764532523515944,0.14294867105577955,0.17409927779446843,0.3206027128936235,0.1776566874874615
2018-11-23,0.2658236060192707,0.14294867105577955,0.17409927779446843,0.320243742256704,0.1765033928253743
2018-11-26,0.26372115524783013,0.14475814125737402,0.19805913977597828,0.320243742256704,0.1777834611633508
2018-11-27,0.26372115524783013,0.14428511245449663,0.19805913977597828,0.320243742256704,0.1777834611633508
2018-11-28,0.26372115524783013,0.14428511245449663,0.19805913977597828,0.320243742256704,0.1777834611633508
2018-11-29,0.2665460412526022,0.1442859533777736,0.19805913977597828,0.320243742256704,0.19099511956920737
2018-11-30,0.23248951757946076,0.13007143062316076,0.19267813859059993,0.3144371105417553,0.1655342874447149
2018-12-03,0.23537793732777104,0.1330860725740004,0.1928123617438323,0.3146949874962417,0.16636612498731385
2018-12-04,0.3197137053904132,0.20301114750125454,0.23584074497381585,0.3233384660345419,0.2004466727970634
2018-12-06,0.3197137053904132,0.1985738157530747,0.2237397395024036,0.3227479456562142,0.19962875773986782
2018-12-07,0.3725403247386726,0.19602559106701292,0.23044294147986008,0.31241390713620015,0.26490700410403945
2018-12-10,0.3725403247386726,0.19602559106701292,0.23044294147986008,0.18978828551122617,0.27280316564349677
2018-12-11,0.3725403247386726,0.19590119126274586,0.22848499899888014,0.18884899563219326,0.26716930101208575
2018-12-12,0.3725403247386726,0.19590119126274586,0.22848499899888014,0.16198171468357825,0.2669281769762032
2018-12-13,0.4052363590749854,0.24084151893416125,0.23882782631009192,0.16509036373671204,0.2688130321179839
2018-12-14,0.40526094355534487,0.23997665524407197,0.2385518427185961,0.16569039804641675,0.2555446964823168
2018-12-17,0.40660940704168336,0.24752532565190072,0.24384677199556085,0.17056900126981003,0.2598284316367691
2018-12-18,0.4065969139583986,0.24752532565190072,0.24384677199556085,0.17056900126981003,0.2598284316367691
2018-12-19,0.41596065339003396,0.25371794111558205,0.24837369198729933,0.17575299341035033,0.2614574151658014
2018-12-20,0.4162651779232022,0.2597505297826182,0.25693438485595804,0.20300652235481725,0.26895852347452553
2018-12-21,0.42831488817109015,0.27272448905365315,0.27605357241247147,0.21440050469715857,0.2764688491413393
2018-12-24,0.4397060934644375,0.286349017661504,0.28843480819341977,0.23547545956860572,0.2887606159939306
2018-12-26,0.436816992125186,0.2863198579874511,0.28835984532544967,0.23513576352581886,0.2887606159939306
2018-12-27,0.43739296063420746,0.2863198579874511,0.2872972947987616,0.23279014301414613,0.28862304565019387
2018-12-28,0.43780529210445557,0.28690826346292475,0.2872972947987616,0.2328033257957336,0.2893514331720876
2018-12-31,0.43780529210445557,0.2866742822490453,0.2861765386243147,0.23304455727127293,0.2889160038555867
2019-01-02,0.4372494519666602,0.286172806291017,0.2861765386243147,0.23304455727127293,0.2889160038555867
2019-01-03,0.48072326281241545,0.3859823784622903,0.32032582029282713,0.24880918120688203,0.33034748132213176
2019-01-04,0.47509518024574254,0.3859823784622903,0.32028129691820717,0.24858865583545775,0.32996718740590686
2019-01-07,0.4747305815279609,0.3838798969748164,0.3201229172890271,0.24441461092698663,0.3297467749921408
2019-01-08,0.4770140261971507,0.38456925329285924,0.32148841671858336,0.2452299411900591,0.3297467749921408
2019-01-09,0.4770140261971507,0.38456925329285924,0.32148841671858336,0.2452299411900591,0.3297467749921408
2019-01-10,0.49179773890756934,0.3838917994364441,0.3182405976033909,0.24528752567169337,0.3290583903099345
2019-01-11,0.49227668852760686,0.38402490730649824,0.32159158878648275,0.24685857816860046,0.3290583903099345
2019-01-14,0.49234502586525425,0.3870559559591593,0.32164373084552406,0.24685857816860046,0.3290583903099345
2019-01-15,0.4908214340389732,0.3870556424822307,0.32164373084552406,0.24685857816860046,0.32159015315975703
2019-01-16,0.4908214340389732,0.387571813689708,0.32164373084552406,0.24685857816860046,0.32159015315975703
2019-01-17,0.4894394901201097,0.38654700246918655,0.3215632874594548,0.24652975265880456,0.32187519422510646
2019-01-18,0.43901814820715684,0.354909389772362,0.29399865781152035,0.2347212155463793,0.301831839879976
2019-01-22,0.4513864543158124,0.360087313253428,0.30371064919349444,0.24175372776081078,0.3040027653544805
2019-01-23,0.3783509273261481,0.34583572981944577,0.26482796030866135,0.20922302314180766,0.2339643619606743
2019-01-24,0.37835092732614817,0.34583572981944577,0.26482796030866135,0.20885439253737703,0.22470753504484411
2019-01-25,0.37835092732614817,0.34512706253226233,0.26448773797252045,0.20882670649497778,0.241794803073912
2019-01-28,0.37835092732614817,0.34512706253226233,0.26448773797252045,0.2085768036359546,0.24104444951777426
2019-01-29,0.34381919321515264,0.31541294961969635,0.2551870445091903,0.20612503658727108,0.23894064549737418
2019-01-30,0.34379021505578156,0.3154055185696466,0.2551870445091903,0.20562188463078843,0.23894064549737418
2019-01-31,0.34520075966592606,0.3132828554007931,0.2502200610843438,0.20492493226774414,0.23642701124609544
2019-02-01,0.34520075966592606,0.3132828554007931,0.2502200610843438,0.20492493226774414,0.23642701124609544
2019-02-04,0.33135604495645193,0.30826785924991773,0.24572715826767283,0.19924458275344276,0.23462430732641984
2019-02-05,0.32795104298798455,0.30296582992157145,0.23676158696122604,0.1726020464590359,0.22598641150296547
2019-02-06,0.31233466297212803,0.2913439543642781,0.21416291074791677,0.15880276328962112,0.2167337559958022
2019-02-07,0.29959081064375004,0.27801912695343933,0.20640191924230378,0.12531188292486928,0.1989575324392424
2019-02-08,0.29990033817226613,0.27801912695343933,0.20640191924230378,0.12531188292486928,0.1989575324392424
2019-02-11,0.2990596854020565,0.27801912695343933,0.20472137963025902,0.12531188292486928,0.19894325193314222
2019-02-12,0.30578232421596524,0.2804593958332479,0.20828461458877714,0.12856458619148195,0.19788235922230787
2019-02-13,0.30578232421596524,0.2799927431684795,0.20828461458877714,0.12738785832122002,0.19788235922230787
2019-02-14,0.3058870496655525,0.2799927431684795,0.20875925389811545,0.12738785832122002,0.1979629633883695
2019-02-15,0.23275264765370057,0.10583788125665926,0.15122435716781574,0.08719877967571883,0.11632855944053502
2019-02-19,0.23275264765370057,0.10583788125665926,0.15122435716781574,0.08721179332478438,0.1394567363277022
2019-02-20,0.2351512530628817,0.11069744529000541,0.15312216733505155,0.18560135538356803,0.14982596637649884
2019-02-21,0.23057883563280804,0.10827829476354925,0.15023407808749403,0.18459962008428546,0.15142729471009667
2019-02-22,0.23057883563280804,0.10827829476354925,0.15023407808749403,0.18823615252814577,0.15290535632742533
2019-02-25,0.1970887227519621,0.10845497545856479,0.12542383353977202,0.18816110895861973,0.15290535632742533
2019-02-26,0.19588936306724522,0.10921335432004681,0.11657479695235924,0.18665934144016735,0.15290535632742533
2019-02-27,0.20077349390549348,0.10545481184017863,0.13213503677568342,0.18665934144016735,0.15916734055568163
2019-02-28,0.20083260341784806,0.10935286887780643,0.13213503677568342,0.18665934144016735,0.15966433158266835
2019-03-01,0.21637686566743786,0.11345377056930443,0.1353609560325484,0.20632913795274554,0.1607118605369525
2019-03-04,0.22966063253227573,0.11389923922327905,0.16092394143966535,0.20811449229951448,0.18080343443510788
2019-03-05,0.23349045904362986,0.11370718345100556,0.15626900468955246,0.20866308651418308,0.19927192928173232
2019-03-06,0.21256860833953664,0.0960596976955218,0.13862559291274013,0.20127181333046348,0.21831008352925368
2019-03-07,0.1953385914077384,0.09631412237579591,0.14985174431089618,0.20419248025432055,0.21801595613632588
2019-03-08,0.19731892054234404,0.09631412237579591,0.15003275108378591,0.20742638197548738,0.21868510128761645
2019-03-11,0.19731892054234404,0.09631412237579591,0.15003440096209278,0.2076196601281803,0.19406792874499254
2019-03-12,0.22220865673717416,0.0996358476505672,0.1744507923990423,0.21845627914291096,0.20615563780050608
2019-03-13,0.2210978528941931,0.0996358476505672,0.1744507923990423,0.21845627914291096,0.20615563780050608
2019-03-14,0.2210978528941931,0.09973943390129447,0.1744507923990423,0.21845627914291096,0.2080393439724656
2019-03-15,0.22539896845517846,0.08719206703661068,0.1743248723984024,0.21533416190131735,0.2055907271202925
2019-03-18,0.22544612956874457,0.09083802197924949,0.1776210241631242,0.2159548615637971,0.2055907271202925
2019-03-19,0.22544612956874457,0.09083802197924949,0.1776210241631242,0.21681480165422817,0.2055907271202925
2019-03-20,0.23273780772700425,0.10997524946155836,0.18559108083881362,0.22387973665302668,0.21101133320066223
2019-03-21,0.23235508811082192,0.10996927135504066,0.18559108083881362,0.22347115474140491,0.21101133320066223
2019-03-22,0.2416642652138062,0.11411184554888844,0.18199444088220856,0.23764594092917893,0.2170662710471046
2019-03-25,0.2436821447939231,0.12177585255071958,0.19011170681223413,0.24051243780540715,0.21982643831119342
2019-03-26,0.2436821447939231,0.12177585255071958,0.1915431424726136,0.24051243780540715,0.21982643831119342
2019-03-27,0.2344226557713984,0.11458285185794556,0.1876622978427077,0.23877669505561283,0.21982643831119342
2019-03-28,0.23445260186744282,0.11458285185794556,0.1876622978427077,0.23877669505561283,0.21982643831119342
2019-03-29,0.2343159515957784,0.11458285185794556,0.18713415673762698,0.23877669505561283,0.2197538536601042
2019-04-01,0.21832451288291585,0.11458285185794556,0.18713415673762698,0.23830564268638046,0.2197538536601042
2019-04-02,0.21832451288291585,0.11458285185794556,0.18713415673762698,0.23830088043936912,0.20585409549679193
2019-04-03,0.2157389072428215,0.10989523490609074,0.1855844839671095,0.17304722879285256,0.19920010052788978
2019-04-04,0.21563750212485916,0.10989523490609074,0.1855844839671095,0.17296521256122946,0.1979855415623946
2019-04-05,0.21563750212485916,0.10989523490609074,0.1855844839671095,0.1690004005114025,0.19684626554079263
2019-04-08,0.2161808027223436,0.10972546897203639,0.18592600950261834,0.1834255169716503,0.19712063580270664
2019-04-09,0.2216117084742428,0.11501823161026538,0.18626254606700893,0.182872659818085,0.1986185617898512
2019-04-10,0.2170417232105227,0.10816121954123434,0.17547139879229173,0.182872659818085,0.19363661529142032
2019-04-11,0.21698702927507377,0.10421860112805123,0.17547139879229173,0.182872659818085,0.19319343490232707
2019-04-12,0.2017374048014332,0.09916028988688307,0.17321812132275585,0.16035088489776078,0.19232290542691755
2019-04-15,0.2023380840659303,0.10309643231963903,0.15333625843433096,0.1645362897775228,0.17438305041605665
2019-04-16,0.19790632110721346,0.10309643231963903,0.15333625843433096,0.1638400100256717,0.15293798866297273
2019-04-17,0.19361429818747714,0.10309478253801926,0.15136052103615447,0.16286154316214668,0.11756986561201553
2019-04-18,0.1876296628553701,0.10366253170671744,0.1427854587546111,0.16234142209429128,0.11756986561201553
2019-04-22,0.2001492236470378,0.10575357368376197,0.14454120765699352,0.1603281596252382,0.13295080759536496
2019-04-23,0.2001492236470378,0.10575357368376197,0.14453949507542,0.1600777918279596,0.13254170826866327
2019-04-24,0.17209817256893972,0.10444903580720499,0.11388111406224312,0.1449402525570148,0.112906467528038
2019-04-25,0.1790632508238826,0.11904439728675492,0.1202195998433946,0.1449402525570148,0.13705915091224696
2019-04-26,0.18161913777941305,0.11895762265388078,0.12021959984339459,0.14632743316249722,0.1341826710317904
2019-04-29,0.17028930310576856,0.11895762265388078,0.12021959984339459,0.14632743316249722,0.13423717566470317
2019-04-30,0.17022686155651137,0.11619735928357963,0.11781810994643534,0.1454098234117251,0.13423717566470317
2019-05-01,0.17175952842493708,0.12225834901577441,0.1215792647162525,0.14519953135004984,0.13423717566470317
2019-05-02,0.16174178741658554,0.10537596807163163,0.1090261278170637,0.13552113964202964,0.12554434941153683
2019-05-03,0.16174178741658554,0.10537596807163163,0.1090261278170637,0.13552113964202964,0.12554434941153683
2019-05-06,0.1399817772855245,0.10073883718828781,0.10012165521356603,0.10883117464456188,0.11554378972438382
2019-05-07,0.14920173323472274,0.09555555744590742,0.10888634492895845,0.1233310680917407,0.12154194665045481
2019-05-08,0.14982713502487574,0.10228958748535477,0.11201581652444176,0.1233310680917407,0.12301454236283929
2019-05-09,0.14982713502487574,0.10228958748535477,0.1134221940565694,0.1233310680917407,0.12441644199619538
2019-05-10,0.14978027041724903,0.10228958748535477,0.1134221940565694,0.1233310680917407,0.12441644199619538
2019-05-13,0.21752744878717128,0.13835599686088668,0.14665899811568317,0.15471947469954123,0.1356002652831856
2019-05-14,0.21752744878717128,0.13835599686088668,0.14665899811568317,0.15471947469954123,0.1356002652831856
2019-05-15,0.21812478941421218,0.13875320333166527,0.15155323899894807,0.15471947469954123,0.1356002652831856
2019-05-16,0.21812478941421218,0.13875320333166527,0.15155323899894807,0.15471947469954123,0.13447312606567063
2019-05-17,0.22423996740702362,0.14110301956163473,0.15622139827038709,0.15591727579038672,0.1349696947865604
2019-05-20,0.23527955340453952,0.14473244291156914,0.15622139827038709,0.15643855140982232,0.13503516640135232
2019-05-21,0.23478045299217598,0.1447289589552358,0.15581477772446842,0.13924523497736252,0.1346343320373145
2019-05-22,0.2628171369147826,0.14541775313110594,0.16000038457290428,0.14583862926081648,0.15998699356276086
2019-05-23,0.2659474868254424,0.14545332145239825,0.1636428450716694,0.17072694756775153,0.15998699356276086
2019-05-24,0.26791640863380456,0.14545332145239825,0.16369929394792332,0.17072694756775153,0.16406898855431917
2019-05-28,0.2712759196686795,0.14504160640343303,0.16655218371724226,0.18214054808231614,0.1660898646243336
2019-05-29,0.2616580570723752,0.14641916879767958,0.16496707418496176,0.17837261648950453,0.16810904047293815
2019-05-30,0.26280106503731315,0.14674706462568923,0.16496707418496176,0.17864942352078902,0.16980803045087947
2019-05-31,0.280031455684173,0.1688993568463789,0.177819687335659,0.2072384679173139,0.1721993668445438
2019-06-03,0.2800483868545894,0.16840624038963337,0.17506502112526998,0.20477475759281544,0.1721993668445438
2019-06-04,0.26980490456203554,0.16710105904850006,0.17346183158742096,0.20310387726222162,0.15970961651162624
2019-06-05,0.26980490456203554,0.16710105904850006,0.17346183158742096,0.20310387726222162,0.15970961651162624
2019-06-06,0.26980490456203554,0.16649332619470494,0.17346183158742096,0.20357563809691412,0.16264307064938158
2019-06-07,0.2652335192461182,0.15639072933861675,0.16913060920842948,0.20357563809691412,0.14427162129246032
2019-06-10,0.2639164292966323,0.15741104350574034,0.17041502115896276,0.2026208879802908,0.14427162129246032
2019-06-11,0.2644608150768135,0.15741104350574034,0.17041502115896276,0.2026208879802908,0.1442209089735063
2019-06-12,0.2644608150768135,0.15741104350574034,0.16867974835091334,0.2026208879802908,0.1442209089735063
2019-06-13,0.2634679705423706,0.15275129792568198,0.16598929762527814,0.20185187911672506,0.1442209089735063
2019-06-14,0.265904046365929,0.15515029852396803,0.16598929762527814,0.20221817790411845,0.1442209089735063
2019-06-17,0.26611693742578485,0.15603209574675864,0.1663971954538219,0.20536162902088126,0.14682870428934475
2019-06-18,0.2661198937283385,0.1559926092738344,0.1647646396260243,0.20522216017054654,0.1462111536149246
2019-06-19,0.2588215775124886,0.1534382544785628,0.14931514205457053,0.19363012198206375,0.1369791864883003
2019-06-20,0.2745162519521386,0.15037696305860296,0.15338300624810908,0.19363012198206375,0.16774569959981253
2019-06-21,0.2794513039092658,0.15037696305860296,0.1529850723474363,0.19422495686462618,0.1667085670503369
2019-06-24,0.2794513039092658,0.15037696305860296,0.15309053543995418,0.1942323645166865,0.1667085670503369
2019-06-25,0.23624282334858565,0.11829677473182586,0.13146099954130464,0.17074430901182125,0.1593125633573025
2019-06-26,0.23624282334858565,0.11829677473182586,0.13146099954130464,0.17159332021387627,0.15931874612020705
2019-06-27,0.23569140587338364,0.11783062990803198,0.12578740746840514,0.17159332021387627,0.15931874612020705
2019-06-28,0.23569140587338364,0.11788471812640826,0.12578740746840514,0.17159332021387627,0.15931874612020705
2019-07-01,0.2298810552804721,0.11506170550243941,0.11994053047714918,0.17050567880111306,0.15915692922682229
2019-07-02,0.22687372610046097,0.11046165928226205,0.11994053047714918,0.1701399895344184,0.16158207718229403
2019-07-03,0.22687372610046097,0.11046165928226205,0.11994053047714918,0.1701399895344184,0.16158207718229403
2019-07-05,0.1888742676406826,0.10502988676458994,0.11376519686806467,0.16450067922875303,0.13433742923036063
2019-07-08,0.1844404258402126,0.10498062353571327,0.10846041830435829,0.13849797336276512,0.13433742923036063
2019-07-09,0.18550382785948757,0.10687155950848082,0.11507020349590819,0.14018819396985488,0.13671752742986953
2019-07-10,0.18027874126141688,0.1060958839063763,0.1105520440148464,0.1250009643906995,0.1385254633938781
2019-07-11,0.1773649694992889,0.0997869794748978,0.10801284723715887,0.12200478050078793,0.1333119209682606
2019-07-12,0.1756669332903263,0.09930414537103092,0.10801284723715887,0.12159909643598127,0.13114095681888593
2019-07-15,0.14737157751244218,0.053563247857151136,0.08521190955067827,0.0627963248437453,0.13400137235527565
2019-07-16,0.1473369868702503,0.053563247857151136,0.08521190955067827,0.0627963248437453,0.13400137235527565
2019-07-17,0.16828288506275516,0.0679171527730996,0.08521190955067827,0.08237231790952115,0.15222603562582931
2019-07-18,0.16828288506275516,0.0679171527730996,0.08521190955067827,0.08237231790952115,0.15222603562582931
2019-07-19,0.17757636738681537,0.10483690651592753,0.09595037415387847,0.0844522175371459,0.15408999685502997
2019-07-22,0.17827528102334447,0.10483690651592753,0.09595037415387847,0.0844522175371459,0.15538949204013142
2019-07-23,0.17764332380032857,0.10329859908695634,0.09365018865370232,0.08435610436092787,0.15538949204013142
2019-07-24,0.1768318676947686,0.10329859908695634,0.09365018865370232,0.08435610436092787,0.15538949204013142
2019-07-25,0.30187851650410963,0.11176669216722457,0.10031617963854578,0.08435610436092787,0.17279707226429364
2019-07-26,0.3044325087150301,0.11181424004529215,0.10184627809176744,0.1216259854675975,0.17279707226429364
2019-07-29,0.30584532779547746,0.10846090614968266,0.10184627809176744,0.1193242104958384,0.17792565936331248
2019-07-30,0.30567319326928116,0.107188471356583,0.1011784790969967,0.11525710846151103,0.17577981238391982
2019-07-31,0.30623471512082384,0.13001256787877005,0.1188356590985989,0.1282534210644887,0.1782266573864523
2019-08-01,0.3127787293721827,0.1344321052000044,0.12699214251240887,0.1317698545583879,0.17847253615950234
2019-08-02,0.3011773797432557,0.13324078172383963,0.1216991061424818,0.13318105343336714,0.1487178238235555
2019-08-05,0.3101153014761201,0.1736383220462879,0.17350173489957463,0.16291087942710314,0.1689475723414908
2019-08-06,0.3101973958775795,0.1736383220462879,0.173464549709902,0.16290204749798282,0.1689475723414908
2019-08-07,0.30597503576683893,0.1734651228068076,0.16613368118254093,0.16242569362696696,0.16747105654025046
2019-08-08,0.30597503576683893,0.1734651228068076,0.16613368118254093,0.1615285035778632,0.16746517475841743
2019-08-09,0.3074324351313452,0.1751368350090147,0.16751883449006505,0.1615448182061933,0.1696195319372855
2019-08-12,0.32816836048261594,0.1801505388342546,0.18380382942875326,0.16317104493771395,0.18862316926312023
2019-08-13,0.3284513529539319,0.1801505388342546,0.18387546555802786,0.16334460718833413,0.1934436850178269
2019-08-14,0.3553134819542181,0.19683302054149315,0.20448172798215805,0.17657590348421467,0.21230626122462742
2019-08-15,0.3634810201225208,0.1969268152932122,0.20481450725659664,0.17957665643182602,0.21255479841663574
2019-08-16,0.3627506780023202,0.19568856480323746,0.20479854191766605,0.17957578947694294,0.21255479841663574
2019-08-19,0.3627506780023202,0.19568856480323746,0.20479854191766605,0.17957578947694294,0.21255479841663574
2019-08-20,0.3619978416934397,0.1963126222751529,0.20111309077698164,0.18004194771649473,0.20913820383039472
2019-08-21,0.3619978416934397,0.1963126222751529,0.20111309077698164,0.18004194771649473,0.20684096326849835
2019-08-22,0.3619978416934397,0.19632852010519866,0.20111074506053178,0.18003847758327532,0.2068772899303979
2019-08-23,0.38176828617898956,0.21515177739932523,0.2257880505047024,0.18353789636120194,0.22455893227226462
2019-08-26,0.3823898027592093,0.21515177739932523,0.2257880505047024,0.18301843294631953,0.22102136116104304
2019-08-27,0.39175388920695337,0.21527252998052,0.2328398736580937,0.18337535152736475,0.2217833437429236
2019-08-28,0.3832233917752591,0.21118367371654448,0.2328398736580937,0.175455690143918,0.20969371338343168
2019-08-29,0.3832233917752591,0.21118367371654448,0.2328398736580937,0.175455690143918,0.20969371338343168
2019-08-30,0.37900810527822204,0.1950578654498293,0.22899371468022794,0.17391338489922564,0.2063276759652392
2019-09-03,0.37867985726327275,0.19713652465970385,0.23243979196526343,0.18154148010055127,0.20437727379600762
2019-09-04,0.37867985726327275,0.19715988929416933,0.23243979196526343,0.18154148010055127,0.20437727379600762
2019-09-05,0.37867985726327275,0.19715988929416933,0.23243979196526343,0.18154148010055127,0.20437727379600762
2019-09-06,0.2890282079704864,0.1927699043919746,0.22964163130072035,0.18274857637820624,0.19038192276425514
2019-09-09,0.28633684947422655,0.19274232861618115,0.22896713817179823,0.16037491752218797,0.19038192276425514
2019-09-10,0.28255439975865004,0.19274232861618115,0.22896713817179823,0.15910552210602347,0.18559785677280008
2019-09-11,0.2825402445011149,0.19274232861618115,0.22896713817179823,0.1580741159232864,0.18559785677280008
2019-09-12,0.2819090499499069,0.17814518187623596,0.22032049637191348,0.1477250390458303,0.18336842582630758
2019-09-13,0.2746304419417377,0.17483415777142614,0.2157221146175625,0.14420428638100696,0.1830920651868135
2019-09-16,0.3442252521224406,0.18040132331241587,0.2283327451763069,0.14290198664599724,0.19067566573948047
2019-09-17,0.33210462114732364,0.1419418066821762,0.19143804803135017,0.1067930940442728,0.17300554450053007
2019-09-18,0.3320526174645236,0.14197202141359902,0.19138743051991478,0.1067930940442728,0.17300554450053007
2019-09-19,0.33344143670522397,0.1451688267611684,0.19314785235056797,0.12214028111092126,0.17370950607258773
2019-09-20,0.33494943580872716,0.14519906250195871,0.19344378318506825,0.12602405211790416,0.17370950607258773
2019-09-23,0.3374484827152025,0.14631910244771326,0.19436538674245696,0.1260042611884907,0.17235564652238405
2019-09-24,0.32166530509752234,0.14005792805512368,0.17904361412734174,0.12389113051733754,0.151322683428193
2019-09-25,0.32137633713150376,0.14005792805512368,0.17897004396902064,0.12366220695676691,0.14482587164245314
2019-09-26,0.286205042964898,0.11544350080398037,0.15676524768162586,0.10448680539006511,0.11394253324149343
2019-09-27,0.27642482216410297,0.1178900796342129,0.15665988218055182,0.1000559058720875,0.1148205016800154
2019-09-30,0.2764581437297083,0.12264442979930971,0.15665988218055182,0.10159221177013009,0.1148205016800154
2019-10-01,0.2770610970273209,0.12618622688837167,0.157770368007094,0.10724029027178436,0.1148205016800154
2019-10-02,0.31587893164967706,0.18320657251303898,0.2089042470004556,0.12680061612001764,0.15019559422983006
2019-10-03,0.3160854518585875,0.20033631255239237,0.20941000183055475,0.12680061612001764,0.15075201065728622
2019-10-04,0.3160854518585875,0.20032073278854415,0.20941000183055475,0.12680061612001764,0.15070215563856057
2019-10-07,0.2918996847125965,0.18157764507820318,0.18253174215670298,0.12168027883853776,0.1228113949916509
2019-10-08,0.2907193874140499,0.18178549058645277,0.18261353745594666,0.12168150798004963,0.12779624672213066
2019-10-09,0.277972325535931,0.18164247780084986,0.17353253599187513,0.12114295949266199,0.12646925003316858
2019-10-10,0.277972325535931,0.18691359047615244,0.17353253599187513,0.12114295949266199,0.12646925003316858
2019-10-11,0.277972325535931,0.18709282469360886,0.173647029872675,0.12114295949266199,0.12646925003316858
2019-10-14,0.27797014417333876,0.1870901452801285,0.17326282133898874,0.12114295949266199,0.12593607396781056
2019-10-15,0.27797014417333876,0.184898577549632,0.16861159430045441,0.1093808625155612,0.12593607396781056
2019-10-16,0.2788837188196341,0.18660971457728842,0.16861159430045441,0.11247994635939222,0.12776198669688973
2019-10-17,0.27915920707409514,0.18660971457728842,0.16878981670023144,0.11247994635939222,0.12776198669688973
2019-10-18,0.27915920707409514,0.18631634007016057,0.16878981670023144,0.1123839321905173,0.12716795054634053
2019-10-21,0.27915920707409514,0.18631634007016057,0.16878981670023144,0.11319770393701299,0.12716795054634053
2019-10-22,0.28152963612677934,0.18631634007016057,0.17221204905851237,0.11444916391671409,0.12716795054634053
2019-10-23,0.28152963612677934,0.18777356489089858,0.17221204905851237,0.11444916391671409,0.12770769338961266
2019-10-24,0.28152963612677934,0.18777665114359554,0.172236492302573,0.11444916391671409,0.1276927532667538
2019-10-25,0.28152963612677934,0.18777665114359554,0.172236492302573,0.11444916391671409,0.1276927532667538
2019-10-28,0.18642675277272602,0.18220612709010553,0.1513703173023973,0.11444916391671409,0.13081156624413562
2019-10-29,0.1908102344122458,0.18220612709010553,0.155701341583299,0.11639955429842262,0.1314793033249261
2019-10-30,0.19969820897172,0.18220965140872764,0.155701341583299,0.11671768923399753,0.1314793033249261
2019-10-31,0.1985937151544001,0.18011249732004786,0.15573884779333216,0.11066855077254305,0.13628353558720474
2019-11-01,0.19603961554309954,0.18008812343580757,0.15537111805827944,0.10622483084351597,0.13628353558720474
2019-11-04,0.18935996743189443,0.17754565065464142,0.15271089722229708,0.10622349900621864,0.13533486182881993
2019-11-05,0.1818800060426075,0.17754283851474723,0.15271089722229708,0.10622349900621864,0.13533486182881993
2019-11-06,0.1830260302795561,0.17754283851474723,0.15271089722229708,0.10622822051564243,0.13533547012888725
2019-11-07,0.18122974307026485,0.17754283851474723,0.15090712920085275,0.10546772850644685,0.13482429164673834
2019-11-08,0.18062351860805126,0.17586876713949987,0.15097520316877774,0.10473745509438921,0.13368301731606094
2019-11-11,0.18128155692068992,0.1735888528578651,0.15097520316877774,0.10324796030521025,0.13368301731606094
2019-11-12,0.2068979902470105,0.17103152382231684,0.15190242878861585,0.09948189984956429,0.1404670539186005
2019-11-13,0.16130861677699884,0.11088218040260094,0.06642884865758847,0.06963999532721876,0.10000124786353591
2019-11-14,0.16090356251495047,0.07566285757041244,0.06481687652245528,0.06963999532721876,0.09820390487044149
2019-11-15,0.16090356251495047,0.07566285757041244,0.06481763267632724,0.06963999532721876,0.09821167054946031
2019-11-18,0.16300834167251574,0.07167582086814565,0.06481763267632724,0.06964180291777308,0.09821167054946031
2019-11-19,0.16300834167251574,0.07114884635088528,0.06458682790128303,0.07058874754982754,0.09163127356774724
2019-11-20,0.193838142059536,0.10058398749867523,0.08131141642048292,0.07935709355570873,0.11376246104714786
2019-11-21,0.19626986207801728,0.09233465861988911,0.08452145795582011,0.08029545265488426,0.11527827139319327
2019-11-22,0.19626986207801728,0.0919709434294595,0.08428598293398032,0.08029545265488426,0.11527827139319327
2019-11-25,0.19626986207801728,0.0919709434294595,0.0840731424146479,0.08029545265488426,0.11527827139319327
2019-11-26,0.19626986207801728,0.0919709434294595,0.0840731424146479,0.08029545265488426,0.11527827139319327
2019-11-27,0.19522465481698834,0.09055783947474086,0.0840731424146479,0.07589330977556,0.11381056827142291
2019-11-29,0.19596157076913714,0.09055783947474086,0.08407613350082502,0.07609380965395077,0.11400784871557744
2019-12-02,0.2069561148595439,0.09488303732865362,0.09167353064813592,0.08667254072322347,0.11995746783716152
2019-12-03,0.22244000392684618,0.11105513032889136,0.1265906151720729,0.09464704388198968,0.1358821533065506
2019-12-04,0.21943218137624232,0.11105513032889136,0.12401353043408868,0.09345369045139369,0.1358821533065506
2019-12-05,0.21993202156008182,0.10897112479325706,0.12443148001145592,0.09435214107985825,0.13537500612183223
2019-12-06,0.21993202156008182,0.10896580654425739,0.12439764378025227,0.09435214107985825,0.13522793307506525
2019-12-09,0.22135788917896893,0.11037054860986163,0.1283824716845028,0.09744366711824247,0.13595063488759798
2019-12-10,0.22730628390618202,0.11125789288623916,0.13344012388456536,0.0994588871041146,0.12595234704618763
2019-12-11,0.22414365593665073,0.11370983622446215,0.12836016458277633,0.10831269459742253,0.12709572319253887
2019-12-12,0.21622479924687255,0.11366646012266121,0.12836016458277633,0.10796979703464268,0.12709572319253887
2019-12-13,0.21656061259250153,0.11296891666954945,0.12898759626326714,0.09922965693297486,0.12151782548009588
2019-12-16,0.21656061259250153,0.11296891666954945,0.12898759626326714,0.09922965693297486,0.12151782548009588
2019-12-17,0.21656061259250153,0.11296891666954945,0.12898759626326714,0.09964291564197966,0.12151782548009588
2019-12-18,0.21845353292437786,0.1130994533931216,0.13008555086414295,0.104361570380678,0.1287717271851795
2019-12-19,0.2174942640285214,0.1130994533931216,0.13008555086414295,0.10435676441671322,0.128771087878736
2019-12-20,0.21739552395315703,0.11340587580347007,0.13008555086414295,0.10435676441671322,0.12752536478733384
2019-12-23,0.2170530831686894,0.11333458128539832,0.12960910117380103,0.1043140637352207,0.1275424850389728
2019-12-24,0.21678645029237872,0.11182048213817022,0.12994933639353767,0.1055740301516253,0.12781655476837556
2019-12-26,0.19162161488256169,0.11182048213817022,0.12750225014808378,0.1036065562837437,0.12032427476053671
2019-12-27,0.2098233561540753,0.1082562151441334,0.13039937388402464,0.10724811386782893,0.12400718494365114
2019-12-30,0.21030786563891016,0.11019947102608356,0.13109086965935113,0.10800994295607093,0.1266000600089459
2019-12-31,0.21030786563891016,0.11055774126252578,0.13109049578214627,0.10814282367376066,0.12659403577560713
2020-01-02,0.20868070185039353,0.11055774126252578,0.13109049578214627,0.10814165963064926,0.12659403577560713
2020-01-03,0.25324103874397763,0.12057016041179962,0.14393078464317868,0.11059899370233939,0.13729660972983246
2020-01-06,0.2330794482986677,0.09940268951355861,0.13534944352824368,0.10514272381153354,0.12040278104969236
2020-01-07,0.23127892176161685,0.09765222443839577,0.13686393938661717,0.10442787439695003,0.12034825028559276
2020-01-08,0.23127892176161685,0.09765222443839577,0.13686393938661717,0.10442787439695003,0.12034825028559276
2020-01-09,0.23127892176161685,0.09765222443839577,0.13686393938661717,0.10449450759954043,0.12048154056445758
2020-01-10,0.24032828748360113,0.09765222443839577,0.13847938446472882,0.10624653230073756,0.12229130091814697
2020-01-13,0.24012111757525645,0.09565027389618848,0.13917944346247954,0.10624653230073756,0.12177413397021535
2020-01-14,0.2391989662689327,0.09565027389618848,0.13896144085462692,0.106103026474126,0.12158945507611332
2020-01-15,0.2297525825854343,0.09136140549508931,0.13407103358797456,0.09548742182323638,0.11556508229300175
2020-01-16,0.21479647887118214,0.07082693847952037,0.10175408797290979,0.0865352076571113,0.0963631552974169
2020-01-17,0.21479647887118214,0.07082693847952037,0.09916014783612481,0.08751534575175368,0.0963631552974169
2020-01-21,0.24680941216953553,0.10566451899937629,0.16027918890879753,0.11614029568194319,0.11964303567486222
2020-01-22,0.24680941216953553,0.11088501938245549,0.180389007002788,0.11618568480820686,0.11964303567486222
2020-01-23,0.24553139298510746,0.10948687829528352,0.177575078740538,0.11360533270606013,0.11882118810595066
2020-01-24,0.26691600966104795,0.129305782968407,0.20140134794952327,0.11184529340440058,0.11614714063008276
2020-01-27,0.3110577257062829,0.1602808359374856,0.2517851694484046,0.10216997596671366,0.12891577328820567
2020-01-28,0.3110577257062829,0.1602808359374856,0.25271457763862243,0.10216997596671366,0.12891577328820567
2020-01-29,0.31023107406229744,0.16565445708424334,0.2603938576829198,0.10671421191302903,0.12835711357583962
2020-01-30,0.31023107406229744,0.16565445708424334,0.2603938576829198,0.11959996458414601,0.13390074388517245
2020-01-31,0.3235875492889232,0.1794619973189459,0.28266166178298613,0.1271576368307482,0.1477044997605504
2020-02-03,0.32231266641897366,0.1793797598877144,0.2821580487742062,0.12331438630465598,0.1414250452949235
2020-02-04,0.32231266641897366,0.1793797598877144,0.2821580487742062,0.12331438630465598,0.1414250452949235
2020-02-05,0.32231266641897366,0.17918619352071988,0.2821580487742062,0.12331438630465598,0.1414250452949235
2020-02-06,0.33201506664424063,0.18256145117832673,0.2861787583742867,0.12331438630465598,0.17373719796377124
2020-02-07,0.33180281799615147,0.18300410321266938,0.2883722881667408,0.12440042654067777,0.17355692173849363
2020-02-10,0.33180281799615147,0.1833055430654395,0.288372518823067,0.12438253094892476,0.17355489489410794
2020-02-11,0.30928442306035503,0.18181128649693074,0.28692089021194195,0.1205549574487752,0.1704407439001659
2020-02-12,0.3089551695407324,0.1806400525923675,0.28660561376447935,0.11987288232252155,0.16846310202486703
2020-02-13,0.31106232089303604,0.18118028845744263,0.28976356209483395,0.11975301825652958,0.16846310202486703
2020-02-14,0.32265853757882623,0.18153069982892808,0.2943099953619716,0.12303320060730623,0.16846438482397078
2020-02-18,0.29449277813453517,0.17526390000005274,0.28824819285881326,0.1216912616634213,0.16215655653510316
2020-02-19,0.2940268610058627,0.17412272493375144,0.2896908429101165,0.1236082624080425,0.16218268592719362
2020-02-20,0.29383541501651067,0.1742236371088506,0.28805587654183196,0.12390898508365383,0.16114952572178523
2020-02-21,0.3020918101921792,0.17605370085527408,0.296184062705684,0.12565420816715334,0.16114952572178523
2020-02-24,0.39015607380971623,0.2534333269008985,0.31085407493792894,0.17654751019643386,0.19346328984429595
2020-02-25,0.4672910878613985,0.30998700668860935,0.36276054838776634,0.2959936961509452,0.27259881861221463
2020-02-26,0.4781959337814421,0.3187058301492454,0.39866097100868136,0.29929857021635387,0.28168341618443477
2020-02-27,0.5272756583857658,0.32904171976916846,0.4046335472166497,0.3281481160089045,0.359138415169891
2020-02-28,0.5705926817746783,0.3515935231249276,0.431371967779228,0.3292857317418858,0.38431571697694367
2020-03-02,0.5713244199406549,0.3515935231249276,0.4316513952001383,0.3292857317418858,0.38510235630718187
2020-03-03,0.5920318447319545,0.3567145399511861,0.4539460679067567,0.3428460082118569,0.4147883027570091
2020-03-04,0.5792277053911867,0.34786510387010827,0.43601205442339686,0.3339835602846282,0.40868170722142433
2020-03-05,0.6979858766560355,0.4041971915144793,0.5750971153577752,0.3497127893827421,0.5468677488267456
2020-03-06,0.6981004707816968,0.4041971915144793,0.5750971153577752,0.3497127893827421,0.5468677488267456
2020-03-09,0.7230067417397484,0.4252655634022642,0.6387232223234729,0.37440890819547645,0.5616402182795529
2020-03-10,0.7049823777176674,0.4139193525693026,0.6205917225817661,0.37409306726623576,0.5584318633425182
2020-03-11,0.7161819213235291,0.45075703261833605,0.6451294854710347,0.4220024526653319,0.5624262870920708
2020-03-12,0.8738831429279807,0.756182767206029,0.9643840768462789,0.607106398754665,0.8774663030362232
2020-03-13,0.8738831429279807,0.7561827672060288,0.9643840768462789,0.6046998849880395,0.8766374691721632
2020-03-16,0.8690259862355793,0.7772816852959209,1.049939259417854,0.6583353927037223,0.9674421945207708
2020-03-17,0.87122758840488,0.8442004912373143,1.1208041419462809,0.6583353927037223,0.9674421945207708
2020-03-18,1.137328081075676,1.1314520356272202,1.4236917412334171,0.6989849734227647,1.1707387977393082
2020-03-19,1.1865869923031895,1.1575257209211025,1.4237562761659388,0.7833930680820793,1.1758544696292021
2020-03-20,1.1839088397163264,1.157199019303843,1.4229535539381881,0.7833930680820793,1.1738690274723853
2020-03-23,1.184465155977692,1.157126530317659,1.4224795994689718,0.783052500740368,1.1738658851627741
2020-03-24,1.184465155977692,1.1570788161742231,1.4224795527091303,0.783052500740368,1.1738658851627741
2020-03-25,1.184465155977692,1.1570788161742231,1.4224795527091303,0.783052500740368,1.1738658851627741
2020-03-26,1.184465155977692,1.1570788161742231,1.4249075522741124,0.783052500740368,1.1738658851627741
2020-03-27,1.2212879302708721,1.1735403931111754,1.4413031299833121,0.854052375718154,1.1969064346069547
2020-03-30,1.2730799987316028,1.1766560108218358,1.4596718344537656,0.859655650305191,1.2061975915608012
2020-03-31,1.2719014699039612,1.1767077961422923,1.4596718344537656,0.8594565921759483,1.2058912972836833
2020-04-01,1.3206064763652428,1.2683627129163249,1.556765597006598,0.9069080052773013,1.224969678270148
2020-04-02,1.3316065463544047,1.2765498538151514,1.577025810731149,0.908181599117416,1.2389932149554705
2020-04-03,1.3436945106265512,1.2765546192218544,1.5768841040040285,0.9122281152457511,1.2389932149554705
2020-04-06,1.320815141396593,1.2636390641076474,1.574057883483297,0.9037511658365728,1.2343472815859764
2020-04-07,1.293887820780782,1.2510007241644576,1.5627694836339534,0.8717532342578174,1.2191356690310662
2020-04-08,1.2898973999797134,1.2488079716292018,1.5539365260774798,0.8706241068719092,1.2170684347735552
2020-04-09,1.2706246627676432,1.2461245133722028,1.5523920218006153,0.86016555590181,1.1965035397460153
2020-04-13,1.2709726540948663,1.2473283585568238,1.563443531803121,0.8774864105363408,1.2041497064913762
2020-04-14,1.2706438931231843,1.2473283585568238,1.5633664077063043,0.8774864105363408,1.203896393455275
2020-04-15,1.2611287764439627,1.246075566069919,1.5570389908909585,0.8873070551914208,1.1974217493160089
2020-04-16,1.2935300783735884,1.2600098645635112,1.5920487447959741,0.9072083591008837,1.2101943406737965
2020-04-17,1.2335074034389202,1.242629921863967,1.5450366500073467,0.901256037556361,1.1543512226828845
2020-04-20,1.2400410141790033,1.244905297953721,1.5503767645975282,0.901336993959768,1.1563397016958052
2020-04-21,1.2202160174517438,1.2376459524102958,1.521868472493195,0.8957586591534695,1.1528397102091579
2020-04-22,1.2352820704571095,1.2401674974472063,1.5360047249439581,0.8965857654681941,1.15546602922246
2020-04-23,1.2288357335438829,1.2272582245399577,1.525812807884951,0.8750574768329749,1.1535270097709647
2020-04-24,1.1221256486163307,1.065768394486629,1.3452861416895172,0.7615931968207803,0.9366867665817712
2020-04-27,1.1250830780372392,1.066258736562306,1.346783916330397,0.7619033997044077,0.9368330630709902
2020-04-28,1.1250830780372392,1.048707796809252,1.276478931503005,0.7147070401226422,0.8404271715287843
2020-04-29,1.1233790929337644,0.9956306503817864,1.214730005570796,0.7147070401226422,0.8404271715287843
2020-04-30,0.8647225242483179,0.6679414473403857,0.8531031142174592,0.6750049254756659,0.5362362253607664
2020-05-01,0.8617279617153748,0.6531117971953003,0.9009521300756473,0.6046526585219246,0.5671665934827954
2020-05-04,0.8902057801442386,0.6788070631188649,0.9130387886538016,0.6269163122368887,0.5768812336719764
2020-05-05,0.894158701310504,0.687731648412438,0.9223604063304094,0.6382762162495218,0.5768812336719764
2020-05-06,0.8976627566686689,0.6942326373622575,0.9337495846588222,0.6588728439516465,0.5880470979898929
2020-05-07,0.8976627566686689,0.6942326373622575,0.9339689443485362,0.6588728439516465,0.5880470979898929
2020-05-08,0.8976627566686689,0.6942326373622575,0.930260465867106,0.6588728439516465,0.5880470979898929
2020-05-11,0.8461892017957726,0.6719537243222965,0.9186418153466975,0.5760800780842237,0.5623863505173531
2020-05-12,0.7721229289304072,0.6787675218964623,0.8996472018072398,0.5747916791738339,0.5637053550370763
2020-05-13,0.7888445438938729,0.714402592513228,0.9367558356830082,0.592165306554743,0.5816996505746999
2020-05-14,0.70362297301911,0.5350592530384817,0.766191350320043,0.5159800216441706,0.5401824126956507
2020-05-15,0.6834652605494336,0.5159638773713257,0.725604109361969,0.5245735618824503,0.5103342558131924
2020-05-18,0.6556413715718533,0.5153305020212574,0.7226336850604631,0.5170837080309525,0.5103342558131923
2020-05-19,0.6591107769302452,0.5150881108200315,0.7246522055528867,0.5170837080309525,0.5118154104379837
2020-05-20,0.6591107769302452,0.5150079040707014,0.7246522055528867,0.5170837080309525,0.5118154104379837
2020-05-21,0.6591107769302452,0.5150079040707014,0.7246522055528867,0.5170837080309525,0.5118154104379837
2020-05-22,0.661458436645463,0.5183556152514562,0.7263307712831204,0.5220006326079153,0.5172295096790154
2020-05-26,0.6237679224016112,0.5003411440957236,0.6861255238462731,0.4915680382595945,0.4800545818961739
2020-05-27,0.6237679224016112,0.5003411440957236,0.6861255238462731,0.4915680382595945,0.4800545818961739
2020-05-28,0.6690401261967928,0.5050937835789222,0.7068690052227417,0.4733890004244616,0.48273071152620645
2020-05-29,0.6171656346865632,0.4719985550334157,0.6298304893907616,0.4358777559006024,0.4503255715472641
2020-06-01,0.6171656346865632,0.4719985550334157,0.6298304893907616,0.4358777559006024,0.4503255715472641
2020-06-02,0.6037981739259172,0.46596411642103774,0.6165683928229135,0.43571032422965045,0.4451947438828277
2020-06-03,0.6035934213255059,0.461236984250796,0.6165683928229135,0.4265973422257173,0.4353288805609794
2020-06-04,0.5721279174454088,0.454413509299505,0.5804564717072563,0.42485624980960307,0.42830933564246804
2020-06-05,0.5721000751098407,0.454413509299505,0.5801798452266489,0.4249109280775514,0.42830933564246804
2020-06-08,0.5721000751098407,0.4543238808391193,0.5798996319078162,0.4177108072593154,0.4278639573840466
2020-06-09,0.6194606935428315,0.5035357433703331,0.6247954327727919,0.45601209871248366,0.48972820771897557
2020-06-10,0.6639849011274129,0.5473555584976236,0.7017172275875536,0.46081215863516006,0.5693843204980131
2020-06-11,0.8018583344966902,0.6819177724453834,0.8429054671769327,0.5705004066309284,0.7025431454807084
2020-06-12,0.7891353989618094,0.6653098704826994,0.8292028944058031,0.5705004066309284,0.691122622783918
2020-06-15,0.7165745419511234,0.6344650467380081,0.7783252152094826,0.5388625240973828,0.6590133694865238
2020-06-16,0.6808728392088967,0.6065122579438355,0.7641106279409626,0.5127900104190151,0.6462676774406736
2020-06-17,0.6747512267213768,0.5987868169780344,0.756005388427447,0.4990047209537721,0.6491102260003799
2020-06-18,0.675281944674202,0.5912372769335672,0.7418925661083345,0.47290277958363997,0.6390122485577494
2020-06-19,0.6807515918262921,0.6033892313563566,0.7641450067449661,0.48444038830093455,0.6452874131335703
2020-06-22,0.7083044715139792,0.6037088749758267,0.7645094005853244,0.48470252628559884,0.6452874131335703
2020-06-23,0.7304130472451466,0.5968763074414558,0.7473113730125722,0.4700504925696479,0.6255341164957945
2020-06-24,0.7458722910119655,0.6246505052379868,0.7717073321217703,0.5054775757402147,0.6358837431644099
2020-06-25,0.7280261386754816,0.5833885678173394,0.7262133284950953,0.4850085604776551,0.6194653974513262
2020-06-26,0.7484963258064099,0.5943711889407403,0.7393981157880467,0.4930680705998733,0.6269199909317807
2020-06-29,0.7476849247189343,0.5936916439913551,0.7374050120010434,0.48144362304076727,0.6243646269086448
2020-06-30,0.7496611147103406,0.5963958289010155,0.7393967573959112,0.4866703056561345,0.6264473327086479
2020-07-01,0.748835406443088,0.5973441473669271,0.7375403104905287,0.4876804828762648,0.6268379612131421
2020-07-02,0.7521128847871771,0.5973441473669271,0.7380012846627914,0.4876804828762648,0.6268379612131421
2020-07-06,0.7521128847871771,0.5973441473669271,0.7380012846627914,0.4876804828762648,0.6268379612131421
2020-07-07,0.776649322502386,0.6120437358092252,0.7682133170130834,0.4945752693340045,0.6270741606018044
2020-07-08,0.776649322502386,0.6120437358092252,0.7682153811798502,0.4946874690532266,0.6270741606018044
2020-07-09,0.8009497414803648,0.6292011520751138,0.7964711658396552,0.5081789363586364,0.6437270174330059
2020-07-10,0.7635392713759163,0.6249896641001358,0.7781200176982431,0.499110314733904,0.6353031590437884
2020-07-13,0.7567043753590312,0.6235888643095935,0.7776352184705309,0.500066214698013,0.6386300349808286
2020-07-14,0.756852092126473,0.6282912216011699,0.7776373603333347,0.500066214698013,0.6386300349808286
2020-07-15,0.756852092126473,0.6282912216011699,0.7776373603333347,0.500066214698013,0.6386300349808286
2020-07-16,0.7863858074075377,0.6427982641681199,0.7919370048747588,0.5154158496195144,0.648147721664889
2020-07-17,0.7963700271687918,0.6431859219205189,0.7933842118344893,0.515460419485334,0.6485131593862493
2020-07-20,0.803535846692987,0.6493048106771399,0.8049319572547958,0.5245853578408483,0.6543159223273687
2020-07-21,0.803535846692987,0.6493048106771399,0.8049319572547958,0.5245853578408483,0.6543159223273687
2020-07-22,0.7637823114715323,0.6113941956469279,0.7777223834928075,0.49194865268719834,0.6091708179404622
2020-07-23,0.7254095541390273,0.5724971614811923,0.7090940495493608,0.4894720721496685,0.5354664307283022
2020-07-24,0.5769522858959655,0.4125711408168849,0.5344751374324187,0.36937241125609444,0.3654424633170175
2020-07-27,0.5769522858959655,0.41575518425477187,0.536011011916138,0.3695640797105359,0.3731047745641273
2020-07-28,0.5769107223506337,0.41575518425477187,0.5338366110426069,0.3695640797105359,0.36935886990253924
2020-07-29,0.5840607905034536,0.41648118013168034,0.5393742139458906,0.3722790570822727,0.3698931625872871
2020-07-30,0.5866710517703249,0.4222530899398047,0.5399922424354392,0.37933261082662745,0.364977117938821
2020-07-31,0.5808870222720179,0.4222530899398047,0.5409919030858069,0.3776081894502041,0.365440459372805
2020-08-03,0.5745619178942484,0.4046981901154458,0.5086742821894504,0.36268787388143225,0.3561721425534763
2020-08-04,0.5402304164906399,0.40422120661211486,0.5081264538585694,0.36271386416013035,0.3561721425534763
2020-08-05,0.5098138812970494,0.40422120661211486,0.5068148121983295,0.36271386416013035,0.3561721425534763
2020-08-06,0.4694816796926884,0.335879299481952,0.4454193861754748,0.2967916027431372,0.29998336998482794
2020-08-07,0.46948694099076366,0.335879299481952,0.4454584285759321,0.2967916027431372,0.29998336998482794
2020-08-10,0.4361115644074359,0.31600623498712666,0.4193056571531342,0.28320034772289004,0.2840752116554338
2020-08-11,0.4396789657445022,0.31600623498712666,0.42287346809594273,0.28320034772289004,0.2847739777455501
2020-08-12,0.4381405434844196,0.3154901274618971,0.4207440761107333,0.2741408452095667,0.28281798719543094
2020-08-13,0.43735820086928695,0.3158100746831075,0.4231464838845558,0.27593522973463624,0.28378109010013186
2020-08-14,0.43169766080848165,0.3158100746831075,0.4223419944291564,0.27593522973463624,0.28390646375838735
2020-08-17,0.45846865979154416,0.3292484856747789,0.4457631979934203,0.29040336852225584,0.3041919483172021
2020-08-18,0.41183004034948817,0.2979848725547986,0.3898918172535073,0.26917015707294245,0.29444273125696513
2020-08-19,0.41183004034948817,0.2979848725547986,0.3898877501489166,0.2689638980554613,0.2956990620501278
2020-08-20,0.36463734332216347,0.25985737691024197,0.32996692751048856,0.24251069901528172,0.2575214408177848
2020-08-21,0.37306172910548135,0.2624400320020735,0.3409822384215866,0.24251069901528174,0.25899076973444524
2020-08-24,0.3653939762915524,0.26084541543579304,0.3312879025601138,0.2371726319205844,0.24964439532342117
2020-08-25,0.3707754402230142,0.24930612367872074,0.34271464496646925,0.2371726319205844,0.24964439532342117
2020-08-26,0.37872700342379473,0.24972418599598037,0.3518875930605703,0.2430614620557901,0.2616638341907361
2020-08-27,0.3128203867822257,0.20957676348989043,0.3184030820299238,0.20854638663878058,0.23710928831158218
2020-08-28,0.2864507153172501,0.2083840158354225,0.31477966063252016,0.20843619974251376,0.23610795371159482
2020-08-31,0.2895720110596697,0.21490166688650802,0.3024022511050109,0.20578188426824073,0.2534366121477956
2020-09-01,0.2895720110596697,0.21530378233556613,0.3024022511050109,0.20578188426824073,0.2534366121477956
2020-09-02,0.2882349234321751,0.214397095656843,0.27639212634658694,0.20392448593750373,0.2534366121477956
2020-09-03,0.2882349234321751,0.214397095656843,0.27639212634658694,0.20156209118443513,0.2535013648471872
2020-09-04,0.2726235727976007,0.19516769029872177,0.2747011958031776,0.17507523925424967,0.21925026701954364
2020-09-08,0.2726235727976007,0.18828967134913246,0.28070044732818633,0.17467028535151238,0.20594101286728358
2020-09-09,0.2992225103124811,0.20069762609612224,0.29704638944928585,0.19723139567827852,0.21589316652999724
2020-09-10,0.28515259683139915,0.19918668869043696,0.286868510130626,0.19316905807458454,0.21497646941282855
2020-09-11,0.27993273844116756,0.17893362444984148,0.27883945576816677,0.17773060871222515,0.21845104500447785
2020-09-14,0.27950026828384666,0.17893362444984148,0.2768949706642184,0.17760977028023323,0.2176750475729124
2020-09-15,0.2805345886263507,0.17893362444984148,0.2768949706642184,0.17760977028023323,0.21450260793183482
2020-09-16,0.2805345886263507,0.17893362444984148,0.2768949706642184,0.17683983695755903,0.21450260793183482
2020-09-17,0.2827974340827823,0.18609846263615348,0.2768949706642184,0.21205880309901792,0.2241920900015461
2020-09-18,0.29787268320144034,0.2092109128663094,0.2958846432038784,0.21596524656948798,0.2368281177172454
2020-09-21,0.36755089722065926,0.338830957287278,0.38686175381117166,0.2736699121902772,0.3372546123595703
2020-09-22,0.36755089722065926,0.338830957287278,0.38686175381117166,0.2736699121902772,0.3372546123595703
2020-09-23,0.375822141678134,0.3446927231439377,0.392109486250801,0.27708014072557435,0.34559192799958066
2020-09-24,0.3756921681740739,0.34471552228976365,0.3917808086572035,0.2821328163032256,0.35532825333424983
2020-09-25,0.3721632142239946,0.3425186027400589,0.38895412558684617,0.2786173201143594,0.3517228223117722
2020-09-28,0.3721632142239946,0.3425186027400589,0.38895412558684617,0.2786173201143594,0.3516216299797058
2020-09-29,0.35790190044903003,0.3364638518322079,0.37980458421652985,0.2677942234763311,0.3409098470682811
2020-09-30,0.3578724275456646,0.33404890125134656,0.3781525448064405,0.26792834948158395,0.3408785884894518
2020-10-01,0.3578724275456646,0.33404890125134656,0.3781525448064405,0.26792834948158395,0.3397893447171306
2020-10-02,0.35549957264755594,0.3340078459179099,0.376725610327174,0.26792834948158395,0.3397277903278133
2020-10-05,0.346648647155111,0.33198241982391846,0.36678532114589596,0.26868793442357214,0.33860898569625425
2020-10-06,0.37034072512300287,0.34272534475441474,0.3817071600212485,0.27728774534378603,0.35733921729066476
2020-10-07,0.36464641209464216,0.34272534475441474,0.371477282399862,0.27728774534378603,0.35733921729066476
2020-10-08,0.35638082131857,0.3424208465753612,0.36279997390258784,0.27214054588259917,0.3486340175698644
2020-10-09,0.35638082131857,0.3424208465753612,0.36279997390258784,0.27214054588259917,0.3486340175698644
2020-10-12,0.36164471104795143,0.34274996786640793,0.3673719000662955,0.27497687466257453,0.3492643968381085
2020-10-13,0.37707012995795464,0.3358242309647975,0.36346351358951595,0.25921925132630874,0.3269549841561918
2020-10-14,0.37707012995795464,0.3355678091004978,0.36346351358951595,0.25921925132630874,0.3269549841561918
2020-10-15,0.3783003133243112,0.3377495072393865,0.3799446147496396,0.26134029783202034,0.32928401881639374
2020-10-16,0.3783003133243112,0.3377495072393865,0.38002093692130046,0.2593962735383628,0.32923417113878173
2020-10-19,0.3783003133243112,0.3377495072393865,0.38002093692130046,0.2593962735383628,0.32923417113878173
2020-10-20,0.3783003133243112,0.3377495072393865,0.37341637080079304,0.2593962735383628,0.32923417113878173
2020-10-21,0.35781112843327484,0.33337745801248847,0.3629638243125867,0.2437810809456873,0.32326528780035546
2020-10-22,0.3577008322443724,0.33337745801248847,0.3629638243125867,0.2429013514599219,0.32326528780035546
2020-10-23,0.37744619097272486,0.3332764640732223,0.36170398583895913,0.2429013514599219,0.32081918606981474
2020-10-26,0.4199143663161865,0.3771061506986932,0.4150637997372417,0.2685219706872455,0.38259910608483777
2020-10-27,0.441860357942939,0.39302948216310657,0.4260105447577851,0.2809115140242672,0.3915808222360844
2020-10-28,0.4477304479115064,0.4055610697222911,0.4463387069939443,0.3095022825548866,0.4145699239175072
2020-10-29,0.44630462766925055,0.4023237321330997,0.4463387069939443,0.2865223461967196,0.4094111593584923
2020-10-30,0.4363875273253904,0.39096758938926046,0.4339831149437476,0.2836046256112043,0.4022338042544817
2020-11-02,0.38026090152419795,0.28878497177593043,0.35530150614301476,0.24298429288521933,0.32270561982823
2020-11-03,0.38026090152419795,0.28878497177593043,0.35530150614301476,0.24298429288521933,0.32270561982823
2020-11-04,0.3730259546379905,0.2851903147865272,0.350003778820441,0.2390882327565704,0.3182945975355575
2020-11-05,0.3709952244953126,0.2800455340982263,0.3487338120662375,0.23308125426406492,0.30494621673003414
2020-11-06,0.3726405854433716,0.2846070546479911,0.3530336736578203,0.24437376190545726,0.3124480149056622
2020-11-09,0.3726405854433716,0.2846070546479911,0.3530336736578203,0.24437376190545726,0.3124480149056622
2020-11-10,0.39731348668596234,0.2764845079581418,0.3453546757335267,0.23966337852887476,0.3061344720505618
2020-11-11,0.40520825529080085,0.3184624563654897,0.3628907525796308,0.2606580781871665,0.31520310504735316
2020-11-12,0.41159313775347495,0.3228372647028299,0.38379387539904897,0.2748497359272268,0.3395111949644583
2020-11-13,0.41159313775347495,0.3228372647028299,0.38379387539904897,0.2748497359272268,0.3395111949644583
2020-11-16,0.41159313775347495,0.3228372647028299,0.38379387539904897,0.27410722662926335,0.3395111949644583
2020-11-17,0.39094485185606664,0.31289987055626456,0.37003835582697386,0.265404378406521,0.3197382999994458
2020-11-18,0.39094485185606664,0.31289987055626456,0.37003835582697386,0.26543170823199497,0.3197382999994458
2020-11-19,0.39094485185606664,0.31289987055626456,0.3701198485090769,0.26543170823199497,0.3197382999994458
2020-11-20,0.3953594887371542,0.3185315390695589,0.3773715793995753,0.2675959197632543,0.3230336378476143
2020-11-23,0.3905502760327358,0.31817736732675583,0.37292226675800433,0.2646805081376864,0.3223519667836392
2020-11-24,0.3575918877722519,0.3086568127576006,0.36209055406645974,0.2646433086187937,0.32086397248419246
2020-11-25,0.3575918877722519,0.3086554639122218,0.36209055406645974,0.2646433086187937,0.32086397248419246
2020-11-27,0.35629021042649994,0.3066917881136846,0.34543242008817915,0.2645434725667337,0.32250232831292674
2020-11-30,0.3924131567900264,0.3119756037856837,0.34571865927023665,0.27768195651189964,0.32414672400635963
2020-12-01,0.3924131567900264,0.31267373973117873,0.34571865927023665,0.27768195651189964,0.3241512134545929
2020-12-02,0.3924131567900264,0.31267373973117873,0.34571865927023665,0.27768195651189964,0.3241512134545929
2020-12-03,0.3922498066535129,0.3096328969331364,0.34318307539185855,0.27672001267417395,0.3236827826118229
2020-12-04,0.3922498066535129,0.31218205677459,0.34538147541690956,0.27707089884125985,0.32370540774923984
2020-12-07,0.3730489333739785,0.3121828057449504,0.34538950048912587,0.27707089884125985,0.3405133691274433
2020-12-08,0.3245043277562831,0.2575310793150096,0.27916761704344534,0.25500617367286227,0.26925339960216393
2020-12-09,0.302774736987711,0.23340838173409087,0.26900089799714255,0.25865563304107975,0.2583545107760264
2020-12-10,0.2940247664609251,0.2108835347741443,0.23372681918656193,0.2236567734467323,0.21957771235815393
2020-12-11,0.3307328420467771,0.2192097453929749,0.24538414022115124,0.2307996149781331,0.23358637004853364
2020-12-14,0.33604149074541406,0.2307395114331117,0.2643364390541238,0.2340808893913548,0.24002000984101662
2020-12-15,0.33524489173690636,0.22729365721849087,0.2642477252772985,0.21892886229315373,0.24002000984101662
2020-12-16,0.3362177042118227,0.23346510306926405,0.2788837794038084,0.22312718517767582,0.2423327103230128
2020-12-17,0.33064452978592374,0.2292652238228871,0.27290524434717905,0.22312718517767582,0.23550373473957906
2020-12-18,0.33440808060582133,0.23126071632381243,0.28224702288075526,0.22425792224605032,0.23550373473957906
2020-12-21,0.34027266493660074,0.228879908811096,0.28033255698514065,0.21239036781470425,0.22558022317354337
2020-12-22,0.3581095453242175,0.24473119078711825,0.2893566875569107,0.21455139267455223,0.22558022317354337
2020-12-23,0.3095585432229384,0.24473119078711827,0.27530335361460456,0.21455139267455223,0.22423262410292075
2020-12-24,0.30207726228304965,0.19042042624965957,0.2578590807562106,0.19053970393609762,0.21127137484565936
2020-12-28,0.2933180722330048,0.18290537271124213,0.22557319220693764,0.16972341050140685,0.16947194385641967
2020-12-29,0.29553037144417704,0.18311039115814476,0.225885702639597,0.16972341050140682,0.17216228229893799
2020-12-30,0.29553037144417704,0.18311039115814476,0.225885702639597,0.16972341050140682,0.17216228229893799
2020-12-31,0.30260992200883235,0.1822748889362077,0.24183294164230895,0.16972341050140682,0.1790844499878018
2021-01-04,0.3246654790702608,0.21119627276139777,0.26508179826485023,0.1957605203356774,0.23608336124565646
2021-01-05,0.3246654790702608,0.21119627276139777,0.26496800239665697,0.1957605203356774,0.23608336124565646
2021-01-06,0.31927484266409073,0.20260269800871825,0.25453376124971494,0.19279158898434348,0.23155388738373434
2021-01-07,0.32034348684980296,0.20288851990147483,0.25453376124971494,0.19279158898434348,0.23182706976859924
2021-01-08,0.32378913818748434,0.20345185940994048,0.25547641413795585,0.19397925821755294,0.23262089911831746
2021-01-11,0.32474535376394514,0.2081927472003057,0.25851208680998095,0.19397925821755294,0.23735846163838528
2021-01-12,0.32474535376394514,0.2075658626975298,0.2576088642819087,0.1912502379734752,0.231854637648504
2021-01-13,0.2800253081689503,0.19953611927743092,0.2571118243404807,0.1718246145764202,0.22955005136641302
2021-01-14,0.2800253081689503,0.19844035057482165,0.2571118243404807,0.1718246145764202,0.22954371170278842
2021-01-15,0.30460696007691546,0.22410392931338718,0.2978031203095957,0.2143992890763834,0.24750463914450538
2021-01-19,0.30460696007691546,0.22410392931338718,0.2978031203095957,0.2143992890763834,0.24750463914450538
2021-01-20,0.30460696007691546,0.22053903378969575,0.2952506700083581,0.21394564166196514,0.2474750475326407
2021-01-21,0.31064318950200076,0.23024654425298052,0.3387806505014377,0.21557467330442645,0.22809693809710332
2021-01-22,0.3106485851267336,0.23514494105350017,0.34003124962662884,0.21363793085528976,0.22954463118684051
2021-01-25,0.3092532885510705,0.24743749264850493,0.3558650042899317,0.22062931809538378,0.24179772231018573
2021-01-26,0.3092532885510705,0.24743749264850493,0.3558650042899317,0.22062931809538378,0.2488027087531644
2021-01-27,0.2696366943939842,0.24722765545129516,0.3487483720500866,0.23761578322483087,0.28865712292489704
2021-01-28,0.262991019370725,0.2362326505304636,0.334611790389766,0.23436569582881886,0.2833300579953491
2021-01-29,0.3022259684992698,0.2816158298380214,0.3773208835204338,0.23825759020818377,0.30224600593184897
2021-02-01,0.306251887801025,0.276727625844698,0.36665362429300735,0.2343305043554353,0.3003949246131495
2021-02-02,0.30908756870343873,0.276727625844698,0.36657566308142014,0.2343305043554353,0.3003949246131495
2021-02-03,0.3050117470358938,0.27506217996227483,0.3594323402682718,0.23324860202511385,0.3003949246131495
2021-02-04,0.29822242261864285,0.27235828372895576,0.3567227825523101,0.2327986109877048,0.3003017079573079
2021-02-05,0.2787529124317879,0.2582086203616702,0.3499295041767316,0.23080849533689216,0.30072549850370583
2021-02-08,0.2787529124317879,0.2582086203616702,0.3499295041767316,0.23080849533689216,0.30072549850370583
2021-02-09,0.2807849222797482,0.26022409526652907,0.3519405411579761,0.23639358786625253,0.3083264279915891
2021-02-10,0.28082918220556624,0.26022409526652907,0.3519405411579761,0.23618113276268934,0.3083264279915891
2021-02-11,0.28714260473555997,0.2603640223326653,0.35245947738646766,0.23618113276268934,0.3068323231117393
2021-02-12,0.28714260473555997,0.2603640223326653,0.35245947738646766,0.23622415405884298,0.30690182015011136
2021-02-16,0.2789271889667441,0.2591600662918895,0.3405427021688406,0.23622415405884298,0.30291473788905854
2021-02-17,0.2529139544255308,0.2367890668039918,0.3227756866501895,0.21510741050309437,0.2609467861476424
2021-02-18,0.2569052963396104,0.2367899674182616,0.33037335258155576,0.21680547999275177,0.26098301010872166
2021-02-19,0.2569052963396104,0.2367899674182616,0.33037335258155576,0.21680547999275177,0.2609830101087217
2021-02-22,0.2555715298667538,0.23654511282743115,0.33037335258155576,0.21680547999275177,0.26074037671682776
2021-02-23,0.2511918598150209,0.23606076084980981,0.3296449446466842,0.2157435058567545,0.2600324049446796
2021-02-24,0.24995441915327896,0.23189032304851123,0.3272697491138659,0.2157435058567545,0.25571526160279806
2021-02-25,0.2806009106096235,0.2449403948375227,0.36773237326227204,0.220998092468385,0.2683014324398461
2021-02-26,0.2806009106096235,0.2456472060079135,0.36773237326227204,0.22101840551476898,0.2693613703588848
2021-03-01,0.2806009106096235,0.2456472060079135,0.36773237326227204,0.22104596154472453,0.26949447594621123
2021-03-02,0.25370385121784417,0.22248269915220995,0.33567312754074063,0.18048184491520372,0.2530988774170364
2021-03-03,0.25370385121784417,0.22248269915220995,0.33567312754074063,0.18048184491520372,0.2530988774170364
2021-03-04,0.28133075443042527,0.23757334273163935,0.3613718663376944,0.20045161691629657,0.2598572941551489
2021-03-05,0.2950485781555305,0.2328244200946786,0.3320282548455483,0.19869863748953465,0.2560807211783499
2021-03-08,0.29504289724434085,0.22787614712779622,0.3306130738630822,0.1973564667881505,0.2547737167617105
2021-03-09,0.2862609463434181,0.214062443457986,0.30950477148940636,0.18233073662231422,0.24521390479211055
2021-03-10,0.2862609463434181,0.214062443457986,0.30950477148940636,0.18349708981117646,0.23908692944319684
2021-03-11,0.2862609463434181,0.20578017788655667,0.30858147640516487,0.15048266645956662,0.17414941633669592
2021-03-12,0.2862609463434181,0.20578017788655667,0.30858147640516487,0.15048266645956662,0.17414941633669592
2021-03-15,0.2444771352003306,0.13727298048892808,0.254590904605006,0.14424157859056033,0.13874902836526268
2021-03-16,0.2513227705637003,0.16431810041974523,0.26017611015604863,0.16157499266386768,0.1494619109782667
2021-03-17,0.2476122819347759,0.16431810041974523,0.26017611015604863,0.16157499266386768,0.1494619109782667
2021-03-18,0.253218639818581,0.17956085844704311,0.27095048594488974,0.1662019882676219,0.18170870760965108
2021-03-19,0.2510676414416838,0.17987391343006937,0.2709609616891677,0.1662019882676219,0.18170870760965108
2021-03-22,0.281638117949837,0.18991115845259873,0.2943149500300092,0.18254004966688597,0.20255087212770842
2021-03-23,0.33958529554776656,0.23639769701285282,0.3543058927123882,0.2033831582304929,0.23676130908898943
2021-03-24,0.34059534116283474,0.23128619894997385,0.34899921904129544,0.1946954300048087,0.22702156185220168
2021-03-25,0.340558848693181,0.23128619894997385,0.34899921904129544,0.1946954300048087,0.22702156185220168
2021-03-26,0.33330432730419657,0.23096627778382595,0.34827263829922794,0.1946954300048087,0.22702156185220168
2021-03-29,0.3333139141080771,0.2318898762993976,0.34975152893265454,0.19526778131387781,0.22957832678160808
2021-03-30,0.3333139141080771,0.2318898762993976,0.34975152893265454,0.19526778131387781,0.22957832678160808
2021-03-31,0.3343605847454414,0.2341761331274317,0.35133882281448897,0.19928103790562532,0.23156279370131921
2021-04-01,0.3313392000969848,0.23417522246061928,0.34420424200348726,0.19743230223852057,0.23152196669459682
2021-04-05,0.3313392000969848,0.23417522246061928,0.34420424200348726,0.19743230223852057,0.23152196669459682
2021-04-06,0.33196258967537595,0.23417522246061928,0.34420424200348726,0.19743230223852057,0.23152196669459682
2021-04-07,0.33233174455059405,0.24790795949497746,0.34420424200348726,0.19916631456408787,0.23779052079910473
2021-04-08,0.3340575191754571,0.24892836419670283,0.344271630792117,0.1991851355126687,0.23779052079910473
2021-04-09,0.3090574094017864,0.23818046576836258,0.3045975255952394,0.19334725029118688,0.223505463587104
2021-04-12,0.31864251344846567,0.2389223869233057,0.3247428292405109,0.19623811201954672,0.22847656954573384
2021-04-13,0.32170413150412247,0.2412243252717339,0.3247428292405109,0.1962070719165219,0.23250186547189658
2021-04-14,0.32262881201290866,0.2412848542446297,0.3246973154875337,0.19602429820764927,0.23250186547189658
2021-04-15,0.32412379982477213,0.25459016108758925,0.3272425110899697,0.19606798887559726,0.2371690463110431
2021-04-16,0.3007430860275956,0.24082723118976562,0.29889994878353626,0.17741730001254447,0.2297820922276898
2021-04-19,0.2877738017237313,0.2382904105547636,0.2901156074458095,0.17820375577566666,0.230971558627192
2021-04-20,0.32863214767458127,0.2611141804849151,0.3811422594041192,0.2052598815089091,0.2440468619809532
2021-04-21,0.32863214767458127,0.26063943237852955,0.37964275480045157,0.1900493305896174,0.23949975631944395
2021-04-22,0.3532896344822203,0.26901143225983604,0.3824660440610423,0.19428204910701427,0.2511792568487689
2021-04-23,0.3532896344822203,0.26901143225983604,0.3824660440610423,0.19427194668773656,0.24931344217848886
2021-04-26,0.3532896344822203,0.26901143225983604,0.3824660440610423,0.19427194668773656,0.24931344217848886
2021-04-27,0.355203180066088,0.2695347842058479,0.38280759953835064,0.19427194668773656,0.24987116925856198
2021-04-28,0.34602920085829914,0.25372855951583795,0.37901641852180323,0.1824746446290782,0.24428160418193165
2021-04-29,0.3501291178768237,0.25375618504813363,0.37901641852180323,0.1824746446290782,0.24430495254964701
2021-04-30,0.3460961742039016,0.24320883554981523,0.37139047910690326,0.17827050592491897,0.2213723520505461
2021-05-03,0.3460961742039016,0.24393735544587036,0.37138283622901647,0.1806274619389135,0.22217458426315748
2021-05-04,0.3273703283038638,0.26443065781113545,0.36357627864591313,0.1754288983513845,0.2217545871866611
2021-05-05,0.2667830361620504,0.2238435832054546,0.3054117459994869,0.1507695561357129,0.18478645853116452
2021-05-06,0.2602015204144859,0.2245039799209596,0.30433717539526245,0.15091702296191406,0.1844825261222822
2021-05-07,0.2602015204144859,0.2245039799209596,0.30433717539526245,0.15091702296191406,0.1844825261222822
2021-05-10,0.2602015204144859,0.22853653308983143,0.3065864294809046,0.15161885746149065,0.18769445419405187
2021-05-11,0.26628453448720724,0.23488675130228276,0.3131339362549089,0.1680647874600107,0.1962210827437317
2021-05-12,0.28766789707647467,0.2541274672172857,0.32663626565229825,0.18449853129602845,0.1991536216955376
2021-05-13,0.28645066541227354,0.2514564978456855,0.32492832073141514,0.18015627216639646,0.1968426928680168
2021-05-14,0.28640959460422144,0.2514564978456855,0.32492832073141514,0.18015627216639646,0.1968426928680168
2021-05-17,0.28640959460422144,0.2514564978456855,0.32492832073141514,0.18039636880752663,0.1968426928680168
2021-05-18,0.28568682233922205,0.25145955509775725,0.32507409903220374,0.18040180258368893,0.20460046261906822
2021-05-19,0.29434601727911597,0.24072935972878975,0.3264859177928107,0.19496359055874635,0.20121210621723865
2021-05-20,0.296089593158905,0.24402110174645517,0.32843425704454143,0.19624501818928025,0.20469942751814646
2021-05-21,0.29580759584095867,0.24232614827149715,0.32479340311938426,0.19623651449933285,0.20525256469009745
2021-05-24,0.285456765004082,0.24087597771523664,0.30465144372788017,0.19313852221489303,0.19827222584471926
2021-05-25,0.28200189332082437,0.2385706782289007,0.30465144372788017,0.19323830050137045,0.19782870250944629
2021-05-26,0.2809435276394361,0.23850946045293211,0.30465144372788017,0.19302070912734903,0.19782870250944629
2021-05-27,0.27921743937387294,0.22425207577812148,0.30191586209708127,0.19297632854343755,0.1922086274244556
2021-05-28,0.2798195035532086,0.2250842567844225,0.3040529285382093,0.19172680219031615,0.19871767914829633
2021-06-01,0.2726006901380701,0.2230151730495152,0.30060646419473347,0.19106647022042908,0.19733389222316935
2021-06-02,0.22164342701075918,0.1957995707920582,0.17106107124542883,0.1632345766402573,0.19429289400706376
2021-06-03,0.2431176041609006,0.21963111858680415,0.21072940933710035,0.2051570255071046,0.21929044869662576
2021-06-04,0.2183026440038697,0.20950515832610453,0.20944762640570994,0.20008986509898224,0.2046662187947739
2021-06-07,0.21838408133470225,0.20950515832610453,0.20944762640570994,0.20053574228210913,0.2046662187947739
2021-06-08,0.21841351456648378,0.20950515832610453,0.20944762640570994,0.20053574228210913,0.2046662187947739
2021-06-09,0.21979324974021497,0.21127479553283948,0.21032601962993824,0.20192198203546669,0.2061394727923203
2021-06-10,0.22470277514859033,0.21180325252691085,0.2159864355221009,0.2049376507504231,0.20779628404457878
2021-06-11,0.21825935448660233,0.21177015428236773,0.2159864355221009,0.2049376507504231,0.2077688329951052
2021-06-14,0.2281693238744348,0.215046744508563,0.21965866644327453,0.20545702917713257,0.2127118905020769
2021-06-15,0.22955815483099565,0.21522900570938494,0.2209013676904769,0.20354905831207068,0.21194253622119752
2021-06-16,0.2186311384616555,0.17942733308908787,0.20246728974770686,0.19520959102785193,0.19278834573243928
2021-06-17,0.23151993098542809,0.1893483935316931,0.21451994506608046,0.20315427116157647,0.2014634798379021
2021-06-18,0.23127025658729242,0.18855529047321593,0.21418574631927176,0.2040097132183163,0.2014634798379021
2021-06-21,0.23127025658729242,0.18855529047321593,0.21418574631927176,0.2040097132183163,0.2014634798379021
2021-06-22,0.2353987899080158,0.1853853663652098,0.2126823558964449,0.2054490283391954,0.20173188502940634
2021-06-23,0.22848102212384305,0.17617664721075033,0.2003765431279607,0.19379323566374906,0.19128222796287447
2021-06-24,0.20089353341863317,0.14886378266393013,0.18219346613691362,0.18037885095746964,0.18851704065565253
2021-06-25,0.2015996226001383,0.1520526574359627,0.18383797251156628,0.18047313185554423,0.18894903944679717
2021-06-28,0.22882949851707776,0.17442036978154113,0.19846141792463967,0.19362104823436854,0.20652458121962702
2021-06-29,0.23265267812103096,0.17522797744769797,0.19934736945858592,0.1941325812005845,0.21570442100240414
2021-06-30,0.23265267812103096,0.17522359013348124,0.19910956145247344,0.19412753175966163,0.20836048970852908
2021-07-01,0.22104167868307864,0.17136005423467945,0.19678600764887066,0.17757195845387733,0.20456593207902923
2021-07-02,0.21609316758133978,0.16519410857034753,0.19413614755213288,0.17646198175903094,0.20392552705567038
2021-07-06,0.22517351864342353,0.17519914273958093,0.20742412337773064,0.1899184851085893,0.21591368059507463
2021-07-07,0.24500527425021348,0.18137322586802299,0.2171413417372471,0.1975136071486605,0.2291912730623594
2021-07-08,0.24500527425021348,0.1841781446449661,0.2202504213897037,0.19770669703783852,0.22533756968681745
2021-07-09,0.24500527425021348,0.1841781446449661,0.2202504213897037,0.19770669703783852,0.22533756968681745
2021-07-12,0.24510345735165362,0.18423877575446163,0.22192661035819367,0.19770669703783852,0.22533756968681745
2021-07-13,0.2693930946702023,0.20979901034691542,0.2500464799766794,0.21184163295955094,0.24110085645932033
2021-07-14,0.2693930946702023,0.214693479881994,0.25087059569259107,0.21177810996839916,0.2411265647490215
2021-07-15,0.2703301824435251,0.214693479881994,0.2523280447156987,0.2108557444569517,0.23272469675470642
2021-07-16,0.2685251860307312,0.21063792689194794,0.24328870771532415,0.1999297114059076,0.23963157829678128
2021-07-19,0.2848914587295432,0.23676276422050296,0.28875320156713213,0.21604640398971192,0.2577685684193464
2021-07-20,0.2848290375922467,0.23676276422050296,0.28875320156713213,0.21563260156937833,0.2577685684193464
2021-07-21,0.28480646813379024,0.23676276422050296,0.28875320156713213,0.21563260156937833,0.2577685684193464
2021-07-22,0.283215273628617,0.23769250441984147,0.28780199741272877,0.23667329527715847,0.2560488331585589
2021-07-23,0.27922170880260244,0.24161788528665978,0.28471276214079544,0.23461150200504866,0.2540663705927886
2021-07-26,0.27922170880260244,0.24161788528665978,0.28471276214079544,0.23461150200504866,0.2540663705927886
2021-07-27,0.2831321866717965,0.24376072586374464,0.28585739414126504,0.23679705216939562,0.2568909457645177
2021-07-28,0.28200732089337394,0.24263851788177312,0.28489816651103433,0.23665863367075948,0.25683426577613505
2021-07-29,0.2886645537275414,0.24268741168481275,0.2874659608706172,0.23584788466094767,0.25920546767194913
2021-07-30,0.2987018795044881,0.25294136258081296,0.2979987157468089,0.23624739790491467,0.2557305926716398
2021-08-02,0.3021485811563965,0.25504469412012815,0.3007144267748595,0.2396297071977058,0.2640917592316912
2021-08-03,0.30256625949588667,0.25504469412012815,0.3007144267748595,0.2396297071977058,0.2640917592316912
2021-08-04,0.30805199405330463,0.27407142578850474,0.3096026362025863,0.25816346453325706,0.2796544524786951
2021-08-05,0.30805199405330463,0.27399696574274407,0.30959149394302377,0.2565167542052989,0.2789801050773722
2021-08-06,0.30805199405330463,0.27302589403334193,0.30686284403625136,0.255002349475249,0.2787842596427044
2021-08-09,0.31406155797183805,0.2811854405326379,0.3140598648343827,0.26138684793731987,0.2830481669066512
2021-08-10,0.294812025936255,0.2678857913479965,0.3050296123859053,0.25180255216534353,0.27049140771776925
2021-08-11,0.2918043889171791,0.2673582213444369,0.3044513510019231,0.25123616187704,0.263229191118881
2021-08-12,0.3115727035267869,0.2727641742266405,0.3099857283761124,0.2556910778733116,0.2667023304204713
2021-08-13,0.32261923840622864,0.276459488807361,0.3133822743533336,0.25780759846977064,0.2708136888359621
2021-08-16,0.32280552795637535,0.27640979731149945,0.3131489156895491,0.258159694368343,0.268992826541042
2021-08-17,0.32245415719600456,0.2824910737899014,0.31100409238097426,0.26093473050183325,0.2802963085204254
2021-08-18,0.30911248702462085,0.2787365984296639,0.30471937886661044,0.2558160243886047,0.2701727570897036
2021-08-19,0.31528555845181244,0.28210609106524764,0.3107987753504287,0.26223105245818995,0.27441221008422984
2021-08-20,0.31728793939304767,0.28210609106524764,0.3107987753504287,0.2623021421359273,0.2744122100842299
2021-08-23,0.3172120995311729,0.2820664976374775,0.30960411253177955,0.2623021421359273,0.2744122100842299
2021-08-24,0.2960042058388348,0.26266277764935564,0.28481782532061606,0.25070455641120076,0.2557097453446907
2021-08-25,0.2960042058388348,0.25867753903495333,0.2840922033177563,0.25070455641120076,0.2556855033473746
2021-08-26,0.2973310505638227,0.26133775470453097,0.28499593568420106,0.25651479372429864,0.25479081150012567
2021-08-27,0.28177655140311914,0.24519791957349793,0.2656270625159246,0.23418842149659444,0.22653316878446056
2021-08-30,0.2744690727111802,0.24693170015678728,0.23814317357538475,0.24005866187739,0.21896638864548051
2021-08-31,0.2744690727111802,0.24693170015678728,0.23814317357538475,0.24005866187739,0.21896638864548051
2021-09-01,0.27791127633556606,0.24694833889709872,0.2389765829216593,0.240431844270096,0.21903696783350926
2021-09-02,0.2760039275195424,0.24395877700011492,0.23880560955393557,0.21847823462499427,0.21903696783350926
2021-09-03,0.28186932850764107,0.24299940637459247,0.23979969046144495,0.22020660793926605,0.2220703257135083
2021-09-07,0.28186932850764107,0.24299940637459247,0.23979969046144495,0.22107499214957219,0.2220703257135083
2021-09-08,0.27631656549076483,0.24318328177952533,0.24380369110085698,0.21961385225407742,0.21734927607650975
2021-09-09,0.27631656549076483,0.24318328177952533,0.24380369110085698,0.21961385225407742,0.21734927607650975
2021-09-10,0.32360115963133385,0.27203712178736733,0.2782017964512662,0.2328578702608099,0.23818700843266719
2021-09-13,0.3049921614328688,0.2554670159586555,0.25730114692293776,0.22554224873107612,0.2347385821947533
2021-09-14,0.3019512276742808,0.2589288718851146,0.2617419609598808,0.22494503872905153,0.22947192280311682
2021-09-15,0.3015326974036094,0.2589288718851146,0.2617427944379893,0.22494503872905153,0.22947192280311682
2021-09-16,0.2926527280590522,0.23735050833628044,0.249704408390295,0.20142646877785864,0.2071028305891185
2021-09-17,0.2935799396833017,0.23748280524376658,0.249704408390295,0.20144029357611942,0.20716519880416145
2021-09-20,0.2935799396833017,0.2374828052437666,0.249704408390295,0.20144029357611942,0.20716519880416145
2021-09-21,0.2979421815227439,0.2276123162627124,0.24502570856697276,0.19462556347382132,0.2054977628016918
2021-09-22,0.2979421815227438,0.2276123162627124,0.24502570856697276,0.19462556347382132,0.2054977628016918
2021-09-23,0.2979421815227438,0.2276123162627124,0.24502570856697276,0.19462556347382132,0.2054977628016918
2021-09-24,0.2772035269235746,0.221105156641352,0.23798544322872847,0.1887347124622093,0.20096966070004327
2021-09-27,0.26426534379680766,0.21646693993150676,0.2334946960998797,0.18583315410189383,0.1953941747152649
2021-09-28,0.2640620206575274,0.21763397850477118,0.23438731622113315,0.1850309642896614,0.19496119584155752
2021-09-29,0.26298352121715657,0.20106122381173686,0.2256993326364429,0.1692396530233947,0.16692589122670126
2021-09-30,0.26987217695980487,0.20698886663293312,0.23512813431272592,0.17914751090388,0.18813408048251437
2021-10-01,0.26263384809140544,0.1998231560528532,0.2240164610291391,0.16927988380689393,0.1818947219386579
2021-10-04,0.262528760891859,0.20161547416537623,0.2240278421872808,0.16916970818059973,0.18196692446863863
2021-10-05,0.262528760891859,0.2021136714467585,0.22528096728748145,0.1719967326513836,0.18339879352634025
2021-10-06,0.29100206172828375,0.20742563396056823,0.2283964516041941,0.17200002629951988,0.18521543806991156
2021-10-07,0.2956483314869673,0.20863001976963452,0.23194169381233698,0.1733790016230346,0.18916511972728595
2021-10-08,0.2938050044719125,0.20625078297563557,0.23020251909574094,0.16440887781214025,0.18881067146711877
2021-10-11,0.2938050044719125,0.2066410794355476,0.23020251909574094,0.2041004174031457,0.19966791404236203
2021-10-12,0.27561642494727134,0.1734076139207875,0.20257509982764843,0.1793568421633407,0.18498364077489862
2021-10-13,0.29223146348157364,0.24080308473481452,0.22791652009958827,0.18664730861358267,0.19741504911937044
2021-10-14,0.28895989792539395,0.2407860213469367,0.22704251599634187,0.18616634286556025,0.19733673681691727
2021-10-15,0.28895989792539395,0.24123872598477047,0.22704251599634187,0.1970907524127784,0.19733673681691727
2021-10-18,0.2839684720549397,0.23781976769223004,0.23008625412387815,0.1952638864019067,0.19471025085754165
2021-10-19,0.28755672009821637,0.24109038350978182,0.23737489356198702,0.1956031018980643,0.19621181675636956
2021-10-20,0.2813669786154866,0.2360340920012204,0.2290071117203558,0.194064536528344,0.1924887036683974
2021-10-21,0.2813669786154866,0.2360340920012204,0.2290071117203558,0.19978258021282785,0.19969344591728325
2021-10-22,0.24213334214746926,0.20751795759604955,0.18171005499496087,0.19376753180388553,0.209829168281795
2021-10-25,0.24213334214746926,0.20819477178115378,0.1817777811291941,0.19398240205236988,0.209829168281795
2021-10-26,0.24166770108080515,0.20123577080016655,0.1706231400168328,0.1894620022761634,0.20524813570839506
2021-10-27,0.247585926635265,0.20658585959259013,0.1808919765931608,0.19938549802715974,0.22151207252852073
2021-10-28,0.247585926635265,0.20658585959259013,0.1808919765931608,0.19938549802715974,0.22151207252852073
2021-10-29,0.2464857588661002,0.20643907714259385,0.1808919765931608,0.19937153074554806,0.22147817976131914
2021-11-01,0.2464857588661002,0.20643907714259385,0.1808919765931608,0.19937153074554806,0.22147817976131914
2021-11-02,0.23270590787330916,0.20428102724442096,0.17315800152252106,0.1982059893843431,0.21765044339150616
2021-11-03,0.23270590787330916,0.20428102724442096,0.17315800152252106,0.1982059893843431,0.21765044339150616
2021-11-04,0.23270590787330916,0.2050351434254759,0.17315800152252106,0.1995191755845073,0.2178970572178234
2021-11-05,0.23270590787330916,0.2050351434254759,0.17315800152252106,0.1995191755845073,0.2178970572178234
2021-11-08,0.23270590787330916,0.2050351434254759,0.17315800152252106,0.20514690869528385,0.2191025032828474
2021-11-09,0.23264325590315074,0.20394480146251293,0.17231879094915786,0.20678202918590152,0.21911172749913413
2021-11-10,0.24283199597335578,0.21074480958652467,0.18152545371677972,0.21634782431765687,0.22521098857777758
2021-11-11,0.23545344232637402,0.20542012020160783,0.17008821014651573,0.2105302677837595,0.2102489359041724
2021-11-12,0.27460453473437135,0.2211987377382672,0.1902535650639782,0.21410757236037056,0.21841898315056876
2021-11-15,0.27238976715095237,0.2195663358736857,0.1902401633632709,0.21410757236037056,0.2183588341906388
2021-11-16,0.28086186252964296,0.23749979874145952,0.20255641121343038,0.23026942491204697,0.2361040301722255
2021-11-17,0.2512419873128754,0.23403801343358457,0.20087298733866313,0.2305887394710206,0.235435323761823
2021-11-18,0.25514967625986235,0.23672149007343776,0.21162710732647566,0.23803647202862024,0.23849838192094097
2021-11-19,0.25527478051188884,0.2379195229967264,0.22549543615768508,0.2379494649299862,0.23755700830729498
2021-11-22,0.25527478051188884,0.23758061619324974,0.22549543615768508,0.2049225379985708,0.22850716828526055
2021-11-23,0.25636550014974746,0.23822349230900647,0.22549543615768508,0.20979327177717594,0.2293001045494214
2021-11-24,0.23725655124063336,0.16980726496766232,0.1998472483268667,0.203334394289514,0.21868878270709008
2021-11-26,0.3480688661019157,0.2953916569982612,0.3417592561303393,0.23879202781217437,0.28938968313461666
2021-11-29,0.3480726961558345,0.2952328007643066,0.3417592561303393,0.2314472475304246,0.28938968313461666
2021-11-30,0.3475757579621984,0.29525013688512214,0.338602548078793,0.22912414693292976,0.2934250345800149
2021-12-01,0.4148780227476461,0.36235754280393356,0.3992595493598618,0.25800276896805796,0.32252365326403964
2021-12-02,0.4148753684745009,0.3621981214199301,0.3989004137721836,0.25800276896805796,0.32252365326403964
2021-12-03,0.43570337014418703,0.3659412991740663,0.40529145471337064,0.2624970251396405,0.3229356156580743
2021-12-06,0.42214960184668254,0.3628652670593126,0.40529145471337064,0.25522754405732395,0.29848929144713415
2021-12-07,0.4221991168378983,0.36255701538863094,0.40705872450779407,0.25603415665412815,0.29888934150631336
2021-12-08,0.4221991168378983,0.36255701538863094,0.40705872450779407,0.25603415665412815,0.29888934150631336
2021-12-09,0.4190003772201264,0.3606495622595801,0.405928980083086,0.27016548116221506,0.2870441692712315
2021-12-10,0.41951486478905925,0.3614532116029583,0.4067250539576157,0.29132224310191446,0.2870441692712315
2021-12-13,0.4432897701880863,0.37488012760819756,0.43419487759195996,0.3089591411163217,0.29713438737363795
2021-12-14,0.4447130820011044,0.37583164740986696,0.43491384090383356,0.3094365844480119,0.2972773738856319
2021-12-15,0.4447130820011044,0.3758254913481574,0.4348933452480938,0.30930608421346883,0.2969581257522449
2021-12-16,0.4518826062985634,0.3812568023307156,0.4465275370332139,0.3121324896694756,0.30306573095821693
2021-12-17,0.4518826062985634,0.3808517787486002,0.4465275370332139,0.31129472194235824,0.30288846997792795
2021-12-20,0.4518826062985634,0.3811495096066042,0.4465275370332139,0.31206578972748794,0.3055146429462834
2021-12-21,0.4518826062985634,0.3811495096066042,0.4465275370332139,0.3083953702585871,0.3046513050258809
2021-12-22,0.4518826062985634,0.3810698940519599,0.4462273203988556,0.30730140082649005,0.30464136369634476
2021-12-23,0.4428621470162732,0.37731403971514926,0.44256196948838666,0.2993497440826306,0.29793870919351756
2021-12-27,0.44191743853797777,0.3775687405764175,0.44230358817110754,0.2973253506885409,0.2964684708857282
2021-12-28,0.41871433638057576,0.3685467379683374,0.4340115716433475,0.2947597416085073,0.2905018366166214
2021-12-29,0.4256632707765937,0.37014617076048734,0.4373307318776656,0.2948943736526217,0.29347080138627885
2021-12-30,0.4201214342462876,0.35873270620092435,0.43155569845617187,0.2807423199801845,0.27867726441995055
2021-12-31,0.420491737045385,0.35797494288047366,0.43131708400125557,0.2804780891657366,0.2780408208533555
2022-01-03,0.4148599086871854,0.3555020338542298,0.42422439959906166,0.2733157406742252,0.2727202367532082
2022-01-04,0.41453396843356316,0.35414235464327387,0.41648558418708115,0.2733157406742252,0.2727202367532082
2022-01-05,0.41775904636970723,0.35483346132736543,0.41752570037794207,0.2767526653305502,0.2750265302029001
2022-01-06,0.4174396340914964,0.35461317567960493,0.41752618018703286,0.273158345924011,0.27485172903679966
2022-01-07,0.41743697982211136,0.35461317567960493,0.41752618018703286,0.273158345924011,0.27485172903679966
2022-01-10,0.3388481700406646,0.2666532852596131,0.3153848314385695,0.2428747451697331,0.20292063551108794
2022-01-11,0.33884423571928823,0.2664199393403551,0.3153848314385695,0.24136090927862702,0.20292063551108794
2022-01-12,0.3478898260768658,0.2699421947851234,0.3155924516967936,0.24435504099179442,0.20101559014367895
2022-01-13,0.2601186089063323,0.1648396551606466,0.226792719507478,0.212428910126366,0.1479764043301623
2022-01-14,0.28963327373308506,0.18369718209299885,0.2425649126049107,0.212428910126366,0.15301700575922617
2022-01-18,0.27335765135072726,0.18461878977229865,0.2420906143772007,0.20283814445339832,0.14863848612408126
2022-01-19,0.28956923707540233,0.1920140092493184,0.25400746961376447,0.21263418132992426,0.1520770296394606
2022-01-20,0.30379071533687624,0.19186357681003635,0.27000776984863806,0.2115468242324502,0.15420620883381564
2022-01-21,0.31403270688261625,0.2053272948530733,0.2825169232583888,0.2208442685454148,0.18186472241388124
2022-01-24,0.31370656004928377,0.2033639563125529,0.2783011600175654,0.19359123584060609,0.1851153137546305
2022-01-25,0.3130182105718139,0.20193212054308668,0.2771364339483201,0.16000015984673946,0.1851153137546305
2022-01-26,0.2810122640143742,0.175748972238098,0.23301109094565528,0.12287619351925436,0.16841130409545063
2022-01-27,0.29059149116636124,0.1765208687546166,0.23429206180706746,0.13522544234140585,0.168158777596353
2022-01-28,0.2917269125568459,0.1765791367973139,0.23429634220479437,0.13490082948824375,0.16926100090023477
2022-01-31,0.2804931851893877,0.1645242905340305,0.21128217242038097,0.12822556851431946,0.15806510555716294
2022-02-01,0.2804931851893877,0.1645242905340305,0.21128217242038097,0.12822556851431946,0.15806510555716294
2022-02-02,0.2804931851893877,0.16383336314177246,0.21128217242038097,0.13863905067713236,0.1548498546547377
2022-02-03,0.2883022564251557,0.17330446838877905,0.22205298892506453,0.14938104992362433,0.1657774148421032
2022-02-04,0.2890652777688557,0.17330446838877905,0.22274088510090392,0.14938104992362433,0.1657774148421032
2022-02-07,0.2890652777688557,0.17330446838877905,0.22274088510090392,0.14938104992362433,0.1657774148421032
2022-02-08,0.28871209159571726,0.17188644881336088,0.22195185341815868,0.14918686721022612,0.16432907973140712
2022-02-09,0.28871209159571726,0.17188644881336088,0.22195185341815868,0.14918686721022612,0.16432907973140712
2022-02-10,0.27847229599139983,0.1684145528869719,0.21533810742975745,0.15195250923043108,0.1589661984721803
2022-02-11,0.3264681062981282,0.1975554528136858,0.25266551959435757,0.1642234943419352,0.1813608510830868
2022-02-14,0.32733433070862344,0.1990871815822738,0.25162982486679847,0.1645008659423374,0.1813608510830868
2022-02-15,0.32733433070862344,0.1990871815822738,0.25162982486679847,0.1645008659423374,0.1813608510830868
2022-02-16,0.3273487906392472,0.199155396637805,0.2521068771819971,0.1645008659423374,0.1813608510830868
2022-02-17,0.33617073731554703,0.2105383898336304,0.2722021289689338,0.1709103388303392,0.19048673502268548
2022-02-18,0.3403221225057027,0.2125229839877956,0.27784907627314315,0.17260287164163401,0.1898428617705878
2022-02-22,0.3477236139161578,0.2220287676917146,0.2860083251583523,0.1740881280321178,0.19565310286450147
2022-02-23,0.3643377269554515,0.24363045163784144,0.32200378137244007,0.20179052870656478,0.21650145582913422
2022-02-24,0.3643377269554515,0.24363045163784144,0.32200378137244007,0.20179052870656478,0.21650145582913422
2022-02-25,0.3556168411399526,0.23970055451421263,0.3212343528826929,0.1979447595700779,0.2120900860996438
2022-02-28,0.3573212502092932,0.2650130673535209,0.33405476122141853,0.21583425293502662,0.22397531265771659
2022-03-01,0.37076793975440914,0.30176192457178275,0.3631764265231333,0.248132861378901,0.29518407754278403
2022-03-02,0.35904879537875906,0.2966399518138265,0.356352865687298,0.24690352666122228,0.29216941640251953
2022-03-03,0.3653004830947725,0.312929797198458,0.37509067450990374,0.24263766720340815,0.2978213024439979
2022-03-04,0.4094603626361,0.3522477994200797,0.44709287130528386,0.25215048989674094,0.32298860100436166
2022-03-07,0.5312057299799112,0.5057901128735595,0.6182399626638382,0.34840390090042717,0.44536572609365654
2022-03-08,0.5312057299799112,0.5057901128735595,0.6179751681271706,0.34840390090042717,0.444024109863969
2022-03-09,0.5312057299799112,0.5057901128735595,0.6179751681271706,0.34840139421596167,0.444024109863969
2022-03-10,0.5301789488166746,0.5061312218800309,0.6174980329761709,0.34827851233663926,0.444024109863969
2022-03-11,0.5250714362005948,0.506960770050987,0.6171050568060824,0.34774890423329674,0.4444503162792148
2022-03-14,0.5244414517771218,0.5069404776938707,0.6171034316797296,0.3478951005954072,0.44403172375140554
2022-03-15,0.5244414517771218,0.5069404776938707,0.6171034316797296,0.3478951005954072,0.44403172375140554
2022-03-16,0.5244414517771218,0.5069404776938707,0.6171034316797296,0.3478951005954072,0.44403172375140554
2022-03-17,0.5244414517771218,0.5069404776938707,0.6171034316797296,0.3439383911547078,0.44379834578096256
2022-03-18,0.5201894580053954,0.5037812819461601,0.6133100943919149,0.33941082069736805,0.4398332615125662
2022-03-21,0.5321638116156331,0.518413763438357,0.6215957066455515,0.3408084569791085,0.44637595288630955
2022-03-22,0.5321638116156331,0.518413763438357,0.6215957066455515,0.3408084569791085,0.44637595288630955
2022-03-23,0.5356777074388556,0.5218244764059544,0.6232965909187205,0.3410483355952927,0.4469075546149997
2022-03-24,0.5356777074388556,0.5218244764059544,0.6232965909187205,0.3410483355952927,0.4469075546149997
2022-03-25,0.5356220065010382,0.5218244764059544,0.6232965909187205,0.339708311879528,0.4469075546149997
2022-03-28,0.5077955583234597,0.5114266387063382,0.6088072798768325,0.33394901725800497,0.4383382067642709
2022-03-29,0.5069306737732194,0.510832318715751,0.6088022764222953,0.333812473292542,0.43833820676427093
2022-03-30,0.5072345726331257,0.5110223333024707,0.6088022764222953,0.333812473292542,0.4387438383438778
2022-03-31,0.5072252408957922,0.5109957524229662,0.608604882511639,0.333812473292542,0.4387438383438778
2022-04-01,0.4987406374396028,0.5062862647549431,0.6002591831960712,0.32770476748912025,0.4334148572196279
2022-04-04,0.4956259502253392,0.5053083955022148,0.5978754687946873,0.3267500463223944,0.43518422154247915
2022-04-05,0.4943652136441781,0.5019428576420321,0.5963045174273361,0.329112185692047,0.43285297856277155
2022-04-06,0.4824165996640797,0.49954640224921987,0.5856581853191295,0.3268861849174389,0.43117506237324504
2022-04-07,0.4877166751831349,0.500803891113212,0.5873910336231548,0.33873576397170524,0.4397382383839468
2022-04-08,0.49158594840772935,0.5017282594926333,0.5881605467352952,0.34774160704301743,0.4438459057573443
2022-04-11,0.4903484541865638,0.4888309281743601,0.5809748313939468,0.3369301535483212,0.4379685513814773
2022-04-12,0.46306098374898425,0.4599508672578348,0.5566187404502122,0.3139051388780302,0.3915744695859166
2022-04-13,0.46306098374898425,0.4599508672578348,0.5566187404502122,0.3139051388780302,0.3915744695859166
2022-04-14,0.44807491748121336,0.4459144773582336,0.5387088787619463,0.31073263092459896,0.3859559321170472
2022-04-18,0.40373402059025265,0.4158532076400787,0.4761441057170503,0.3045880884677399,0.3641714762397053
2022-04-19,0.20530873854133536,0.189317453804035,0.19357938267738525,0.1759214680544685,0.17116263637444762
2022-04-20,0.2059527336537067,0.189317453804035,0.19357938267738525,0.17592572417058538,0.17116263637444762
2022-04-21,0.2059527336537067,0.189317453804035,0.19357938267738525,0.17592572417058538,0.17116263637444762
2022-04-22,0.20503321325004698,0.20009223148798133,0.19357938267738525,0.19837045122625038,0.2034373180978605
2022-04-25,0.20374980735370174,0.19745000677495697,0.19187467852309276,0.19212482624528718,0.20258295234593504
2022-04-26,0.2689267992400653,0.21773185579341187,0.23626036633852518,0.21108529179696792,0.24205899500963493
2022-04-27,0.2689267992400653,0.21773185579341187,0.23626036633852518,0.21108529179696792,0.24205899500963493
2022-04-28,0.2689267992400653,0.21773185579341187,0.23626036633852518,0.21108529179696792,0.24205899500963493
2022-04-29,0.28638051689434413,0.2337328622589718,0.24752658015847737,0.21013917895910542,0.24861501814241938
2022-05-02,0.28821044749287256,0.23498722053219717,0.2481651554158976,0.2104694666108668,0.25851923676448163
2022-05-03,0.2646194779659283,0.20065329234887497,0.22593809267242726,0.20819869652195916,0.24705060695110775
2022-05-04,0.2646194779659283,0.20065329234887497,0.22593809267242726,0.20819869652195916,0.24705060695110775
2022-05-05,0.3028590125589893,0.22279518750437924,0.277483380059486,0.21758916396431024,0.2773166896860981
2022-05-06,0.32202184017516494,0.23596787411459877,0.28928694736000976,0.22425391423818095,0.2821755865365816
2022-05-09,0.4058036529212247,0.3057297000811474,0.3868049279976054,0.26645709541224427,0.32955704828476573
2022-05-10,0.4058036529212247,0.3057297000811474,0.3868049279976054,0.26645709541224427,0.32931554167519655
2022-05-11,0.4191543553114527,0.31140749149345637,0.39170271458322975,0.28556293558490126,0.34455880570990866
2022-05-12,0.4277506461418495,0.3247909202373761,0.40761071577869973,0.28921596588082515,0.3523194126597066
2022-05-13,0.4277506461418495,0.3247909202373761,0.40761071577869973,0.28921596588082515,0.3523194126597066
2022-05-16,0.42777984482546405,0.32445780700414284,0.4059947308650902,0.28921596588082515,0.353995838106769
2022-05-17,0.42777689361152826,0.32445780700414284,0.405686112011321,0.28921596588082515,0.3517839744582776
2022-05-18,0.44947442396859716,0.33853184064739544,0.4274398578637893,0.29116727665788494,0.3620627503666047
2022-05-19,0.4438688911983957,0.3212417295957202,0.4149056549162539,0.2786519714719663,0.34984502531970335
2022-05-20,0.4461685387125178,0.3223387767768203,0.4147120359649546,0.2711174860649999,0.34147800522746596
2022-05-23,0.44190177134361924,0.3208980803847282,0.41361995892257736,0.2594655733904593,0.336121642108313
2022-05-24,0.49199410137561994,0.362528610704453,0.46232812606016604,0.28191298240349233,0.36425080923578973
2022-05-25,0.49199410137561994,0.362528610704453,0.46232812606016604,0.28191298240349233,0.36425080923578973
2022-05-26,0.49199410137561994,0.362528610704453,0.46232812606016604,0.28191298240349233,0.36425080923578973
2022-05-27,0.49199410137561994,0.362528610704453,0.46232768037283917,0.28191298240349233,0.36425080923578973
2022-05-31,0.48873518978069014,0.3640780092960791,0.4586697654652347,0.28020437558608097,0.3641538854601456
2022-06-01,0.4977056550001519,0.3935650494917538,0.4767964057142174,0.30032222110824125,0.3780330736794496
2022-06-02,0.4974395125451235,0.3935650494917538,0.4767964057142174,0.30031972793821227,0.3780330736794496
2022-06-03,0.5383434666830877,0.407353835101674,0.48428785224862003,0.3040482473995442,0.3780330736794496
2022-06-06,0.5383129358727775,0.40174142019951065,0.48428785224862003,0.2899040552527217,0.36169334415418547
2022-06-07,0.5375460249692268,0.40077415465446303,0.4842040061420914,0.2887373544134835,0.3616494041456293
2022-06-08,0.5166637826086008,0.4055713645307201,0.47830429170758515,0.2917729055688744,0.3440572500053355
2022-06-09,0.5308798388691918,0.42061151793791157,0.49398338600872627,0.30500978042843174,0.36534723503381394
2022-06-10,0.5496424110320995,0.4398171295631603,0.5049214724974693,0.33194674358677484,0.3878620189402264
2022-06-13,0.6061505480368085,0.49384844787490956,0.5783404443479729,0.37838111844730316,0.43327676704550294
2022-06-14,0.61061321887672,0.49887470223462593,0.5780714912151962,0.3794509136154679,0.4280794708917647
2022-06-15,0.61061321887672,0.49887470223462593,0.5780714912151962,0.3794509136154679,0.4280794708917647
2022-06-16,0.659966643403548,0.5435606272029325,0.6251064926449356,0.41792703529784386,0.46282935426951216
2022-06-17,0.6403932957038442,0.5315395089234188,0.6022389101738227,0.41291778470751545,0.4448208584736001
2022-06-21,0.6309747135352081,0.5262087668875667,0.5966588583300492,0.4101124278310037,0.4417545482215009
2022-06-22,0.5806466653193036,0.48900829534616463,0.5385821003462314,0.3840346830913268,0.40775313483080633
2022-06-23,0.5812533129315024,0.4908523343950769,0.5433503217808541,0.3840346830913268,0.4091468814518508
2022-06-24,0.5717006602598053,0.487269984643583,0.5398301657843133,0.3700484175519728,0.3963951639442191
2022-06-27,0.5694550052414324,0.4834331515248627,0.5370486806858809,0.37157423116165345,0.3957716588747834
2022-06-28,0.5695993908776656,0.48354658223780017,0.5373475510518241,0.3725279747961088,0.39582311695805716
2022-06-29,0.5784439249447361,0.4878713117782207,0.5467811961304349,0.3743775565241803,0.3948891808199855
2022-06-30,0.5836592389002345,0.492250483120186,0.5471889310964415,0.3744084149972127,0.39608749896742107
2022-07-01,0.5637193215837271,0.4819115964504586,0.5277949047791993,0.37011483369710557,0.38643449309618877
2022-07-05,0.5632071957256052,0.48188396132730477,0.5270896870436756,0.36798902721489185,0.38643449309618877
2022-07-06,0.5567888229245368,0.4806689387518944,0.5258726754522077,0.36321186003724676,0.3856598027118457
2022-07-07,0.5567888229245368,0.4806689387518944,0.5258726754522077,0.36321186003724676,0.3857243600945622
2022-07-08,0.5137575526155892,0.4504777102663185,0.4839196766561619,0.3460820733224448,0.35932494697110284
2022-07-11,0.5258304815290084,0.45242522310781447,0.4917520107694012,0.34608207332244484,0.36143347571525225
2022-07-12,0.5258304815290084,0.45242522310781447,0.4917520107694012,0.34608207332244484,0.36143347571525225
2022-07-13,0.5335216734664199,0.4706158515373167,0.49235005001842397,0.34608207332244484,0.3633676556254384
2022-07-14,0.5320390255857915,0.4691544021279159,0.4901519242483222,0.34701274810605187,0.3647225136644033
2022-07-15,0.5236570361000753,0.44470799600136657,0.47253788217905857,0.32975582323032965,0.35031637054792275
2022-07-18,0.5236570361000753,0.44470799600136657,0.47253788217905857,0.32975582323032965,0.35031637054792275
2022-07-19,0.48150708403706866,0.4321128358622968,0.4648571164999899,0.32632116878385287,0.35031637054792275
2022-07-20,0.48150708403706866,0.4321128358622968,0.4648571164999899,0.32632116878385287,0.35031185358158373
2022-07-21,0.5274587610555002,0.4391893040483586,0.5504719646408955,0.3290901932410799,0.3505924561532031
2022-07-22,0.525546191360601,0.42855383427774674,0.5450487585962885,0.31766963514530894,0.3444547334866896
2022-07-25,0.5111818269415316,0.4138024547769558,0.5308799855528589,0.3049827197735256,0.32178541383314346
2022-07-26,0.4955633980045035,0.39969418998772,0.5265626435473736,0.2848741510763524,0.3073617292203048
2022-07-27,0.4130123454019997,0.3195064531838625,0.4385040412783711,0.21919379224467495,0.231469392279638
2022-07-28,0.40742587842791855,0.31065535831726176,0.4384977518216803,0.28598208032557415,0.2302868526281954
2022-07-29,0.4075619710532152,0.31065535831726176,0.4384977518216803,0.2859911648884279,0.2302868526281954
2022-08-01,0.3215576043424024,0.22343805570150232,0.36835960712539567,0.22607727750706844,0.1485700397753186
2022-08-02,0.3246429103054124,0.22645946193599778,0.37005410576370745,0.23202549013953086,0.15595049064124528
2022-08-03,0.3246429103054125,0.22556446763288288,0.37005410576370745,0.23065113865826337,0.15595049064124528
2022-08-04,0.3246429103054125,0.22551290560172446,0.37005410576370745,0.23117844867840676,0.1556285031874758
2022-08-05,0.32440088132808925,0.22405206495545088,0.3680683840259227,0.23117844867840676,0.15363603926142105
2022-08-08,0.32440088132808925,0.22405206495545088,0.3680683840259227,0.23117844867840676,0.15363603926142105
2022-08-09,0.32583367124960133,0.21763616673853176,0.36030116849684085,0.23070346181980564,0.15074778994147758
2022-08-10,0.32558120066475804,0.2173840285578617,0.35985528594872884,0.22916021590434518,0.15061262305114398
2022-08-11,0.3099329376510533,0.20714325274590317,0.3453560274882925,0.22727983465430707,0.15095660419009668
2022-08-12,0.29999615496349624,0.1965100656004634,0.3447096399143155,0.2272289964964416,0.14778381047671615
2022-08-15,0.29999615496349624,0.1965100656004634,0.3447096399143155,0.2272289964964416,0.14778381047671615
2022-08-16,0.29999615496349624,0.1965100656004634,0.3447096399143155,0.22656486885722596,0.14831676145786316
2022-08-17,0.3165328914427727,0.20524669115042618,0.3569140782531175,0.23590241382658958,0.17367569408419883
2022-08-18,0.3173854896513059,0.20528957640645243,0.3569140782531175,0.23590241382658958,0.17353226839123742
2022-08-19,0.34225978855733463,0.2294831988774517,0.37481250632659885,0.24967334814592468,0.18975303788350975
2022-08-22,0.33681326276394485,0.23802294072078045,0.3749740843652851,0.2516363561433011,0.20234212332378176
2022-08-23,0.33681326276394485,0.23802294072078045,0.3749740843652851,0.2516363561433011,0.20234212332378176
2022-08-24,0.3244926705186325,0.19966026919577684,0.3741884983376542,0.2516363561433011,0.19884777867518952
2022-08-25,0.3242650423342687,0.19966026919577684,0.3741603799774784,0.2503513727945707,0.19608792921117038
2022-08-26,0.351891165044775,0.2287826852905638,0.3956908627797845,0.26183310177958075,0.21261262948902562
2022-08-29,0.3552198460539383,0.23593344245404027,0.3980844868244269,0.26194696011713337,0.21322443958643564
2022-08-30,0.35731256272291656,0.23759508620920236,0.39813652931541715,0.26255164853689233,0.21322443958643564
2022-08-31,0.3648795753694107,0.24490554807543727,0.4051385767367411,0.26542584658685714,0.22940048201521962
2022-09-01,0.294877329096627,0.2319762608643501,0.27786691286540405,0.2620431024684432,0.22897140781557082
2022-09-02,0.2831487416953916,0.22571775998603055,0.26424744374862763,0.25796128581420835,0.2271071798914943
2022-09-06,0.2831487416953916,0.22571775998603055,0.26424744374862763,0.25796128581420835,0.2271071798914943
2022-09-07,0.2749974763335024,0.21424396095914244,0.2519244832729103,0.24748237910412965,0.20903097266961
2022-09-08,0.2749974763335024,0.2144721856053021,0.2519244832729103,0.2476831446502465,0.21053891541075948
2022-09-09,0.27152437323831324,0.2144721856053021,0.2519244832729103,0.16327112894524984,0.21053891541075948
2022-09-12,0.2713200534911456,0.2144721856053021,0.25194178623563374,0.16325521559864353,0.21053891541075948
2022-09-13,0.31408976733433996,0.24737649186448518,0.2732062575043308,0.18923094847023178,0.2405622363711126
2022-09-14,0.3108997517576957,0.24461358417411277,0.2709066594023141,0.18188859004748487,0.23584463266198294
2022-09-15,0.3108997517576957,0.24461358417411277,0.2709066594023141,0.20124544705738795,0.23584463266198294
2022-09-16,0.32834869313976445,0.2649866109765164,0.290832792429226,0.2632606223866115,0.26362108680453583
2022-09-19,0.327513492614119,0.2628074304794591,0.2844125975749047,0.2632606223866115,0.2626284908668837
2022-09-20,0.3311513719142108,0.26333858469615523,0.28716895242504553,0.2708843134195431,0.26416913756823085
2022-09-21,0.3567538348792642,0.29495098260456654,0.3203632935880475,0.27710144409658755,0.2814865124023905
2022-09-22,0.3744997132401024,0.31536337750754795,0.3472591209988257,0.2929783193531024,0.3012419338744735
2022-09-23,0.39116858645870983,0.32821174956407884,0.3661498518931996,0.3037672356832715,0.3098118274994996
2022-09-26,0.39989376405334004,0.3430704287295977,0.3802368606652406,0.3099286954899586,0.3399795306921659
2022-09-27,0.39989376405334004,0.3430704287295977,0.3802368606652406,0.3099286954899586,0.3399795306921659
2022-09-28,0.39989376405334004,0.3430704287295977,0.3802368606652406,0.3099286954899586,0.339747368200748
2022-09-29,0.40328371226265375,0.35219572195477256,0.3779867732809876,0.31059644973373446,0.3372555383078434
2022-09-30,0.40566716310996187,0.354293495084177,0.37946532998347093,0.3191243294294347,0.3372555383078434
2022-10-03,0.38506883785336815,0.338623977181865,0.3613795409551831,0.3084655793315751,0.32835423192877505
2022-10-04,0.3733975446355958,0.3300233342094974,0.35047430281473796,0.30686632052684126,0.31837186164697096
2022-10-05,0.3738265552496502,0.33073453693199384,0.35047430281473796,0.3073628558364783,0.31837186164697096
2022-10-06,0.37515367480028333,0.33073453693199384,0.35248971118825834,0.30989493070439844,0.3186616884765491
2022-10-07,0.39550006612985006,0.35062741751950965,0.36409492467411503,0.3155884568686969,0.32546761744506986
2022-10-10,0.37242132094741026,0.332358679626348,0.3405728192779487,0.3067246535050328,0.31566510464984704
2022-10-11,0.3692477397387821,0.33227089857128456,0.3385459982429979,0.30748032393921493,0.3167694843008596
2022-10-12,0.36722304510088255,0.33108475397520865,0.3384847937519338,0.3069641532409473,0.3167694843008596
2022-10-13,0.3597053346991418,0.32571431013612595,0.3300717879739845,0.3044823139166244,0.30525888467392237
2022-10-14,0.3594561454215244,0.32571431013612595,0.3300717879739845,0.3044321301736943,0.3052972834939257
2022-10-17,0.3594561454215244,0.3254140157324913,0.3300717879739845,0.3044526987268125,0.30596885321669276
2022-10-18,0.3594561454215244,0.3254140157324913,0.3300717879739845,0.3044526987268125,0.30596885321669276
2022-10-19,0.3594561454215244,0.3254140157324913,0.3300717879739845,0.3049012323427807,0.30780187042371054
2022-10-20,0.3758516949002578,0.3269309776364023,0.3300925945429712,0.3059432014762125,0.3357416365960599
2022-10-21,0.3758516949002578,0.3269309776364023,0.3300925945429712,0.3059432014762125,0.3357416365960599
2022-10-24,0.3758516949002578,0.3269309776364023,0.3300793883186762,0.3059432014762125,0.3357416365960599
2022-10-25,0.34092035146305766,0.30279870179614243,0.31270658308534294,0.29059448737154403,0.3149268040016102
2022-10-26,0.34595688336941993,0.30279870179614243,0.3128730572243138,0.29134717936627125,0.31706041673690294
2022-10-27,0.34601262389197796,0.30279870179614243,0.3128730572243138,0.2783287770835354,0.31706041673690294
2022-10-28,0.3295004207114416,0.2851402380849033,0.2944422776933179,0.2200385317296879,0.2943703809978844
2022-10-31,0.3295004207114416,0.2917733791104037,0.29748323982727637,0.2200385317296879,0.2943703809978844
2022-11-01,0.3261580753905987,0.2924191551951637,0.29617429802673734,0.21058204930232224,0.2929885871161427
2022-11-02,0.3076705358160428,0.2898567090723216,0.27309162857053915,0.19778214562359728,0.27551384806399015
2022-11-03,0.28580486716197345,0.2676287219569059,0.23822262759293858,0.17339749662817966,0.25376334332416084
2022-11-04,0.26207799586682606,0.25170665493256517,0.20801672686363423,0.1520041856750769,0.24207610170273952
2022-11-07,0.24856129308669297,0.23104517657926782,0.18098785176888033,0.13901082565502587,0.19747943230754286
2022-11-08,0.24896472454975246,0.23104517657926782,0.18549646158207997,0.13901082565502587,0.19747943230754286
2022-11-09,0.2549491470163077,0.23131732180037765,0.18549646158207997,0.1402468792501929,0.2054102436540397
2022-11-10,0.22821253064743047,0.20702355782317974,0.16419946420583673,0.1211795309515729,0.18611722951111181
2022-11-11,0.22294976589894844,0.203410340985086,0.1607530035843562,0.10243899429699867,0.18611722951111181
2022-11-14,0.22447646955237852,0.21245665354930404,0.1666871229756271,0.11232942739652098,0.19558404251755282
2022-11-15,0.22490149947556956,0.21245665354930404,0.1666871229756271,0.11232942739652098,0.19558404251755282
2022-11-16,0.24678163123261476,0.22105145587928357,0.17384120520998467,0.121202008162139,0.20854712089710709
2022-11-17,0.24644775209822523,0.2211101861145443,0.16973855522389295,0.11781892711292358,0.20810399376346778
2022-11-18,0.21226509821849943,0.18797729226379523,0.14316095644283341,0.10158786125103189,0.19729007556808398
2022-11-21,0.21401322946953108,0.18905734678985256,0.1454662441963041,0.1034648798663068,0.1975122472432861
2022-11-22,0.21401322946953108,0.18021639792584468,0.14365542364388503,0.10090197270953807,0.19622712571560094
2022-11-23,0.21401322946953108,0.18021639792584468,0.14365542364388503,0.10090197270953807,0.19622712571560094
2022-11-25,0.21401322946953108,0.18021639792584468,0.14365542364388503,0.10090197270953807,0.19622712571560094
2022-11-28,0.25246052305178707,0.20686470604326498,0.17023786331701424,0.111751543811556,0.20801932575913404
2022-11-29,0.25246052305178707,0.20686470604326498,0.17023786331701424,0.11169549527317556,0.20697818518389563
2022-11-30,0.25246052305178707,0.20686470604326498,0.17023786331701424,0.11169549527317556,0.20697818518389563
2022-12-01,0.2681518131248309,0.20686470604326498,0.17122639716571858,0.11046523408843564,0.2042505220182955
2022-12-02,0.24465060017662962,0.20421944205282253,0.1711862825421038,0.10970928436993131,0.15807915969953776
2022-12-05,0.24465060017662962,0.20421944205282253,0.1711862825421038,0.11121322067673042,0.15807915969953776
2022-12-06,0.24465060017662962,0.20421944205282253,0.1711862825421038,0.11121322067673042,0.1601130960273978
2022-12-07,0.2911032524035323,0.24076359179554166,0.20757252532927,0.1761375452856573,0.20402246180213315
2022-12-08,0.2850993238345664,0.250057275539129,0.22327523903989233,0.17660152752667305,0.2012066018528678
2022-12-09,0.2854217798659522,0.250057275539129,0.22327523903989233,0.17660152752667305,0.2012066018528678
2022-12-12,0.2854217798659522,0.250057275539129,0.22327523903989233,0.17660152752667305,0.2012066018528678
2022-12-13,0.3229206084650227,0.2685635183271671,0.2974938255575862,0.19690444478197336,0.2033977137166525
2022-12-14,0.3234718299608884,0.26733806525475995,0.3055783040661245,0.19690444478197336,0.2033977137166525
2022-12-15,0.3179568211319416,0.2473462787156452,0.3079596969308176,0.20433222541128132,0.23170220586042586
2022-12-16,0.31909253988022235,0.24751342323809428,0.3078852508065248,0.20433370612664448,0.23170220586042586
2022-12-19,0.32771117866034827,0.24807155585528343,0.309750053543282,0.21674815271997033,0.24732745818018237
2022-12-20,0.32771117866034827,0.2480778067698803,0.309750053543282,0.21674815271997033,0.24732745818018237
2022-12-21,0.32740479374888426,0.2480778067698803,0.30707126355051234,0.21674815271997033,0.24732745818018237
2022-12-22,0.339274783253765,0.2560949681402074,0.3116981379255229,0.23405992229621592,0.24933771244097616
2022-12-23,0.339274783253765,0.2560949681402074,0.3116981379255229,0.23405992229621592,0.24933771244097616
2022-12-27,0.34161076410686453,0.2570687576405256,0.312028013413852,0.28881819514011714,0.2590492854373329
2022-12-28,0.3428408938174201,0.26219981802013703,0.31652062004930004,0.3219068232972006,0.2604376450019319
2022-12-29,0.34256222703308636,0.26219981802013703,0.31652062004930004,0.3219068232972006,0.2604376450019319
2022-12-30,0.32666163422181854,0.2540726180916479,0.31310041375391684,0.3181933215636628,0.25017790267565126
2023-01-03,0.32538979081356295,0.25497681956506063,0.31534699530044813,0.33011503537975173,0.255657315431806
2023-01-04,0.32538979081356295,0.25497681956506063,0.31534699530044813,0.33011503537975173,0.255657315431806
2023-01-05,0.3227637110261981,0.2541770260018068,0.31429024594165966,0.32906920389927935,0.25486961818289444
2023-01-06,0.3227637110261981,0.2541770260018068,0.31429024594165966,0.32906920389927935,0.25397942024470327
2023-01-09,0.3227637110261981,0.2541770260018068,0.31429024594165966,0.32906920389927935,0.25397942024470327
2023-01-10,0.3227637110261981,0.2541770260018068,0.31429024594165966,0.32906920389927935,0.25397942024470327
2023-01-11,0.2936694738031166,0.2330040858485601,0.3007229777214082,0.32611092985130324,0.2443668272265155
2023-01-12,0.2936694738031166,0.2330040858485601,0.3007229777214082,0.32611092985130324,0.2443668272265155
2023-01-13,0.2936694738031166,0.2545383165042081,0.3007229777214082,0.32611092985130324,0.2443668272265155
2023-01-17,0.27941488983453816,0.2545383165042081,0.3012214883034584,0.32611092985130324,0.24435995446969183
2023-01-18,0.2892108836389865,0.2545383165042081,0.3290594203379358,0.3303508186287428,0.2471474400945715
2023-01-19,0.29593002968562615,0.2545483977358094,0.33034062500680583,0.32984755568648955,0.2471474400945715
2023-01-20,0.29593002968562615,0.2545483977358094,0.33034062500680583,0.32984755568648955,0.24583464840647068
2023-01-23,0.2521837114930556,0.22030288279535457,0.30895723503813355,0.30162998123117724,0.21082151919765899
2023-01-24,0.2536128150781546,0.21072027742366267,0.2976322414552557,0.30063197081259924,0.21141549663302645
2023-01-25,0.2531736978025485,0.21072027742366267,0.2976322414552557,0.30063197081259924,0.21141549663302645
2023-01-26,0.2531736978025485,0.2110490537056089,0.3014530407735467,0.31438577288837094,0.21141549663302645
2023-01-27,0.20559978159532832,0.18007889480949674,0.22848186060684114,0.3020846790959042,0.2099929081224154
2023-01-30,0.22041804234040252,0.18176434667346086,0.21791406162500565,0.3082972566096328,0.2156008134859894
2023-01-31,0.20067388741173725,0.1581786493878778,0.1869124248639956,0.3014550529186675,0.17396155639187003
2023-02-01,0.19886301864865882,0.15770723914263274,0.1866945684742676,0.3016674053179076,0.17396155639187003
2023-02-02,0.18431476493844282,0.15682783916311077,0.18358402406506832,0.2928749309571734,0.15092270781098216
2023-02-03,0.18443998735451086,0.1585313136750591,0.19506474033288207,0.29520240120262714,0.1510399572511931
2023-02-06,0.18522442030318365,0.1585313136750591,0.19539403578290723,0.2963726193935674,0.16121683249817478
2023-02-07,0.1529018404084854,0.14483672201570574,0.18817408364558125,0.28228933121584165,0.15169059942167587
2023-02-08,0.1529018404084854,0.14525243965014178,0.18817408364558125,0.2911483110035113,0.15267900467963227
2023-02-09,0.15651619417410423,0.14690264479384246,0.19530707761574606,0.23732079627121122,0.14164064222232803
2023-02-10,0.16281269409884475,0.13801680681247339,0.1910417504439676,0.1858256179152419,0.14236127475690527
2023-02-13,0.16281269409884475,0.13801680681247339,0.1910417504439676,0.1858256179152419,0.14236127475690527
2023-02-14,0.16281269409884475,0.13801680681247339,0.19030033256210171,0.1858256179152419,0.14236127475690527
2023-02-15,0.16281269409884475,0.1363728316756919,0.18673673065763205,0.16139361153927337,0.1334563170060786
2023-02-16,0.17751322846686765,0.14703288163344963,0.19422864103068654,0.16334192644262013,0.14901877465778235
2023-02-17,0.1775924732956491,0.14703288163344963,0.19422864103068654,0.1632088637788344,0.14850997445140507
2023-02-21,0.2136060601175891,0.17516172548975145,0.21142010416844922,0.20936989096369632,0.16744276357753735
2023-02-22,0.214951626815665,0.17530277319965237,0.21142010416844922,0.20981998983665173,0.16818385486703202
2023-02-23,0.214951626815665,0.17530277319965237,0.21142010416844922,0.20981998983665173,0.16818385486703202
2023-02-24,0.22228212765776073,0.1757937195520047,0.21248049866781324,0.20902581923289984,0.17001807635362756
2023-02-27,0.22228212765776073,0.1757937195520047,0.21248049866781324,0.20904187343989722,0.17001807635362756
2023-02-28,0.22228212765776073,0.14284460538380728,0.21248049866781324,0.20904187343989722,0.17010518455400683
2023-03-01,0.22228212765776073,0.14284460538380728,0.21097473225102734,0.20904187343989722,0.17010518455400683
2023-03-02,0.2093676010258451,0.14300509060033842,0.16420907572666288,0.2008624596437841,0.16090341080202206
2023-03-03,0.19975771600823153,0.14298714528425135,0.16161619391093232,0.2008624596437841,0.16090341080202206
2023-03-06,0.20423241222819316,0.14591713454273283,0.1651263490729426,0.20399515662561668,0.1641151900057159
2023-03-07,0.2019941804576061,0.14591713454273283,0.16478912787150873,0.202744317121804,0.1641151900057159
2023-03-08,0.20019693631343707,0.1444319946820604,0.16478912787150873,0.20274277873352325,0.1627133941590132
2023-03-09,0.2355079977195763,0.1704200842742823,0.2005532059476003,0.21452149914855093,0.19074254806450136
2023-03-10,0.24766903827669323,0.1939654834800801,0.20499280338161546,0.19569960584391818,0.209483801686436
2023-03-13,0.2709812147883255,0.2263480731580743,0.23462439368764987,0.24732789124478924,0.2443856694302926
2023-03-14,0.2606378127463216,0.22564252477581437,0.27977676373703403,0.24459122590924692,0.26768934242083925
2023-03-15,0.3048713707100904,0.29054291229893847,0.3396325700412392,0.25611062398132034,0.2971221209249337
2023-03-16,0.3048713707100904,0.29054291229893847,0.3396325700412392,0.25585928182721046,0.2971221209249337
2023-03-17,0.3062226964017577,0.2976124380633576,0.3415956459406357,0.2594126005265002,0.3090967415544929
2023-03-20,0.3061753656338231,0.2967033124583433,0.3351722337789767,0.2567609098349939,0.30904298627963084
2023-03-21,0.305701451713411,0.2967033124583433,0.33498037255635105,0.25540926562849336,0.30385813955582924
2023-03-22,0.32520555927623374,0.311759013589971,0.34786468675827625,0.27068195361848396,0.31302971904160853
2023-03-23,0.3276375375261575,0.3165087198960219,0.3566151941467686,0.26486429194595373,0.3194836192220087
2023-03-24,0.32333150613676276,0.31880889361013276,0.35308479021850137,0.2622745075473777,0.3180521474782629
2023-03-27,0.31650139124768206,0.31264100418368257,0.3486400474297995,0.2612388019236224,0.31083400438031483
2023-03-28,0.31650139124768206,0.31264100418368257,0.3486400474297995,0.2612388019236224,0.31083400438031483
2023-03-29,0.31650139124768206,0.31264100418368257,0.3486400474297995,0.2612388019236224,0.31083400438031483
2023-03-30,0.31650139124768206,0.3125847656742404,0.34853186691536775,0.2612388019236224,0.3103260258729122
2023-03-31,0.308496608961447,0.30771434264497705,0.3444129844178139,0.26002504599017606,0.30316041245913916
2023-04-03,0.3151929574013807,0.3108426189290613,0.34942120594386794,0.2707913784020559,0.3031552450723472
2023-04-04,0.2966293610419376,0.2985449938825669,0.34359014791973574,0.23691634091111882,0.2932396858014038
2023-04-05,0.3007763172440722,0.30103901515236653,0.3453426213575094,0.23686348154486175,0.2928185290219413
2023-04-06,0.3007763172440722,0.30103901515236653,0.3453426213575094,0.23686348154486175,0.2928185290219413
2023-04-10,0.29540015336750697,0.3007525878549786,0.3446912013071286,0.23678671174171678,0.2917573541309977
2023-04-11,0.29540015336750697,0.3007525878549786,0.3446912013071286,0.23677253876279192,0.2917573541309977
2023-04-12,0.3982905942714193,0.30888297269829706,0.3927879104587813,0.24040688243966915,0.3026222419871686
2023-04-13,0.3984465570037504,0.31051396118994395,0.3927879104587813,0.24042201000033805,0.3026222419871686
2023-04-14,0.40005240540191095,0.3104400835000446,0.3933338729876982,0.2452829197810701,0.3039823368948818
2023-04-17,0.40005240540191095,0.3104400835000446,0.3933338729876982,0.2452829197810701,0.3039823368948818
2023-04-18,0.3977866186388546,0.3090737112840435,0.3918732175278115,0.24371768473703792,0.30232233715130513
2023-04-19,0.3977866186388546,0.3090737112840435,0.3918732175278115,0.2430427650928353,0.30232233715130513
2023-04-20,0.4032113807628922,0.326120268958611,0.4012937297099907,0.24398619226191412,0.30238139186989643
2023-04-21,0.38365898125303993,0.3143959027444262,0.3857169206015435,0.23375964163101404,0.285530094991375
2023-04-24,0.3763212408844749,0.30073381304419694,0.38188700913678014,0.232176388991185,0.27309096054368587
2023-04-25,0.3734280645691612,0.28788750928604023,0.3742406205710831,0.19282242842733277,0.2623950219382499
2023-04-26,0.3722672746414637,0.2891043351419745,0.3414392763945674,0.18984108440713798,0.23419137607646215
2023-04-27,0.3369991699151797,0.22378713479094023,0.2819672576012979,0.19855679071674032,0.1955035292043531
2023-04-28,0.3369991699151797,0.22378713479094023,0.2819672576012979,0.19855679071674032,0.1955035292043531
2023-05-01,0.33577172812880846,0.21429582892597623,0.2795858216476898,0.19389139724326532,0.17596132823630115
2023-05-02,0.3366785075057575,0.21488196097265783,0.2795858216476898,0.20287132720622447,0.17613678938658758
2023-05-03,0.3366785075057575,0.21748890606149504,0.27960475994048023,0.20287132720622447,0.17613678938658758
2023-05-04,0.3232804461326137,0.21465713671637388,0.28216940071572943,0.23034359400578888,0.1806076340585976
2023-05-05,0.320815440151601,0.207299310050907,0.2710258554038158,0.22603921271381477,0.16803600511575903
2023-05-08,0.320815440151601,0.20127881266319192,0.27022105974619903,0.22614269062189712,0.16571144484144096
2023-05-09,0.320815440151601,0.20127881266319192,0.27022105974619903,0.22614269062189712,0.16571144484144096
2023-05-10,0.3218703879100961,0.20411333253274788,0.2752764925681092,0.2293376625201656,0.17372539125026043
2023-05-11,0.32646354419772566,0.210084937973306,0.27669835677905374,0.2308939047020078,0.17377221797560144
2023-05-12,0.32662596631089674,0.210084937973306,0.27669835677905374,0.23338586531846456,0.1751866478215145
2023-05-15,0.32662596631089674,0.210084937973306,0.27669835677905374,0.23338586531846456,0.1751866478215145
2023-05-16,0.32053638373202226,0.20542800220515353,0.2703462692854238,0.22655287146595093,0.18133296641118068
2023-05-17,0.31624789882557225,0.20157311989753302,0.2648667576015105,0.22655287146595093,0.1811446036472552
2023-05-18,0.311381864239215,0.19773044078046054,0.2625777273566193,0.2261914462965511,0.18133061576493525
2023-05-19,0.31451630552035054,0.19920901841697244,0.26497043521861663,0.23090839947661385,0.18538118934417144
2023-05-22,0.32607493717387026,0.1994901451667089,0.26508893846190856,0.23144357604696628,0.18538118934417144
2023-05-23,0.3320070048448335,0.1994901451667089,0.26508893846190856,0.23144357604696628,0.18547210681755416
2023-05-24,0.2048115445670876,0.2027208101104605,0.20042134360318964,0.23377426402512594,0.17489258152566006
2023-05-25,0.20450796435565402,0.20021362985798016,0.20042134360318964,0.2337587062597831,0.17489258152566006
2023-05-26,0.20143931684660307,0.20021362985798016,0.1997995710069977,0.2286529354907199,0.17191839558565775
2023-05-30,0.20143931684660307,0.20021362985798016,0.1997995710069977,0.2286529354907199,0.17191839558565775
2023-05-31,0.20143931684660307,0.20021362985798016,0.20244144686261065,0.2275505868124908,0.17274463857806482
2023-06-01,0.202049244539009,0.20021362985798016,0.2024745903499995,0.23920122557549733,0.17284216802923807
2023-06-02,0.19099390987725187,0.17104860935466198,0.18309538729428576,0.2382388506653005,0.1727388330413833
2023-06-05,0.19135159109949798,0.1690706032671058,0.18144585711081676,0.23827320644177002,0.1727388330413833
2023-06-06,0.19056766105659365,0.16813849896245772,0.17824984850835118,0.23827320644177002,0.17113364172115933
2023-06-07,0.15939839473371328,0.14460340488190201,0.1508220994549391,0.22500390562895833,0.1374274852656899
2023-06-08,0.15779207345028246,0.14112787810289207,0.1484574591626606,0.22288160872668686,0.13627891501959813
2023-06-09,0.15779207345028246,0.14112787810289207,0.1484574591626606,0.20130391395457173,0.13627891501959813
2023-06-12,0.15779207345028246,0.14112787810289207,0.1484574591626606,0.20130391395457173,0.13627891501959813
2023-06-13,0.15779207345028246,0.14112787810289207,0.1484574591626606,0.20130391395457173,0.13627891501959813
2023-06-14,0.1557927576865512,0.14023381589845293,0.1484574591626606,0.19225078490336614,0.1377593632508499
2023-06-15,0.1557927576865512,0.13615563158779082,0.1484217877067693,0.19225078490336614,0.13787914096361706
2023-06-16,0.14725475554674397,0.10307722631484008,0.10823765640499824,0.13047659312320664,0.10268902773910565
2023-06-20,0.14991911862264,0.1051940204404963,0.1165917206445781,0.13047659312320664,0.11524447736925778
2023-06-21,0.1499611884682361,0.1051940204404963,0.1165917206445781,0.1306872349850265,0.11524447736925778
2023-06-22,0.1499611884682361,0.1051940204404963,0.1165917206445781,0.1308206553422119,0.11524447736925778
2023-06-23,0.1487420707740629,0.09972882343163553,0.1063647415476967,0.12858628085784515,0.10564876522017597
2023-06-26,0.1383701721521357,0.08644310023035173,0.10260908810081142,0.12577042516635675,0.10557172641121287
2023-06-27,0.13798633397197357,0.08644310023035173,0.10260908810081142,0.12108357834412367,0.10320761397622061
2023-06-28,0.13798633397197357,0.08644310023035173,0.10260908810081142,0.12108357834412367,0.10320761397622061
2023-06-29,0.137027712490203,0.08993550286970552,0.16783543567670736,0.10987403095903017,0.09245974478776253
2023-06-30,0.137027712490203,0.08993550286970552,0.16783543567670736,0.10987403095903017,0.09245974478776252
2023-07-03,0.137027712490203,0.08987759812050075,0.16783543567670736,0.10987403095903017,0.09208404883545002
2023-07-05,0.12967171213960338,0.08655100713736263,0.164031901874648,0.09958003870284457,0.08363060983252833
2023-07-06,0.11939787266115187,0.1114979293103637,0.1755497279229113,0.0987728261054955,0.09566872903685464
2023-07-07,0.10174510004376049,0.1114979293103637,0.1755497279229113,0.0987728261054955,0.09549234875551252
2023-07-10,0.08519859732097904,0.07858630724128578,0.15953312807356906,0.08329201364837996,0.08027316378773282
2023-07-11,0.08519859732097904,0.07858630724128578,0.15971970431937835,0.08329201364837996,0.08027316378773282
2023-07-12,0.09208409207330535,0.08924233281469124,0.16416226454017951,0.09544314540203175,0.08225754734434443
2023-07-13,0.09396935760249561,0.09041357851433071,0.16440300332144203,0.14831530307132587,0.1185804916278241
2023-07-14,0.10583803156134854,0.11323966692790843,0.189215345752582,0.15757065578733073,0.15777066551146454
2023-07-17,0.10466895469824321,0.11323966692790843,0.18918065936632883,0.13943464577331993,0.15805200557753454
2023-07-18,0.10466895469824321,0.11323966692790843,0.18918065936632883,0.13943464577331993,0.15805200557753454
2023-07-19,0.10475159910317393,0.11323966692790843,0.18863622817225228,0.1392713258027956,0.15805200557753454
2023-07-20,0.20891244649045124,0.11323966692790843,0.18863622817225228,0.1408383842446524,0.15914697786468826
2023-07-21,0.20893888545112965,0.11354588592293906,0.18863622817225228,0.1408383842446524,0.15914697786468826
2023-07-24,0.22743633665434307,0.1302795603414252,0.20411817023417264,0.1396286371043672,0.16508784802479845
2023-07-25,0.23083933381314603,0.1449237830964367,0.2251963552974638,0.19085318366616377,0.3249432071420587
2023-07-26,0.23083933381314603,0.14492512827389314,0.2251963552974638,0.19085318366616377,0.32551288171323994
2023-07-27,0.23316591384687582,0.1510134330369555,0.2356993281865057,0.3217028587936243,0.328420029811907
2023-07-28,0.23316591384687582,0.1510253915361185,0.2356993281865057,0.3217028587936243,0.32770422681755423
2023-07-31,0.23326813186741907,0.1510253915361185,0.2356993281865057,0.3217028587936243,0.32765384924414614
2023-08-01,0.24826212864477964,0.1602335617959408,0.24222972023863001,0.32761089898113227,0.3305297167191676
2023-08-02,0.2516791730401115,0.1634046531695137,0.24047414520641966,0.3276521880676155,0.3263642757538616
2023-08-03,0.2516541082993436,0.16810242471122294,0.24210614684774273,0.3413918387703076,0.33319762456449964
2023-08-04,0.2529318494603207,0.16810242471122294,0.24210614684774273,0.3413407346081587,0.3332258112500341
2023-08-07,0.25231067144759767,0.16801570407747538,0.24111787820394898,0.3400556754616048,0.33232339767339697
2023-08-08,0.25231067144759767,0.16801570407747538,0.24111787820394898,0.3400556754616048,0.33232339767339697
2023-08-09,0.2632883098953996,0.17476639733293947,0.2578588011620533,0.3401869420731661,0.33429229915995257
2023-08-10,0.2632883098953996,0.1751085922996751,0.2580456871812634,0.3401869420731661,0.33429229915995257
2023-08-11,0.26406429956119964,0.17898138350570153,0.22444128862658783,0.3403981698845614,0.3364388695037858
2023-08-14,0.26406429956119964,0.17898138350570153,0.22444128862658783,0.34071201697514464,0.3364388695037858
2023-08-15,0.27084579029417116,0.1957572797541481,0.23078620498331057,0.34255021355956433,0.3404373268093486
2023-08-16,0.2716206726724072,0.19717228001201365,0.23342517015842768,0.3429970197683619,0.3444367095155431
2023-08-17,0.2725650163200805,0.1935934340995522,0.23481320202371359,0.348209568182778,0.34910292867139675
2023-08-18,0.2725718196358101,0.19463588989685313,0.23615747142727847,0.3482838613489554,0.3521224540558613
2023-08-21,0.2725718196358101,0.19463588989685313,0.23615747142727847,0.3489005224940046,0.3521224540558613
2023-08-22,0.2797778235446569,0.1948451003727774,0.236320119266165,0.350978408167684,0.3524352683110948
2023-08-23,0.2776938574897162,0.1902004912162199,0.23286903396348055,0.34787067788661047,0.3520168843571868
2023-08-24,0.2801051535610857,0.19076245206624196,0.23956467313364116,0.3303912692229569,0.3433919463296536
2023-08-25,0.2758395335968434,0.1786983422911843,0.2197335270364512,0.3260786842752009,0.32740145367061024
2023-08-28,0.2758395335968434,0.1786983422911843,0.21973285545019466,0.3262230764151555,0.32721423166313696
2023-08-29,0.2758395335968434,0.1786983422911843,0.21973285545019466,0.3262230764151555,0.32721423166313696
2023-08-30,0.2767179168123008,0.1822405466535226,0.21997768755887112,0.32663507776689504,0.32756124109904894
2023-08-31,0.20967332611242204,0.18374499594077687,0.22061646922077663,0.32597404372159694,0.3271183935183138
2023-09-01,0.20987767737696542,0.18356090169695385,0.22067861384719525,0.32639184466678334,0.3273814264670853
2023-09-05,0.2039738592140157,0.18747674071497084,0.21892406706904116,0.3292686123256015,0.33945676020918475
2023-09-06,0.2001145283034435,0.1764353493442636,0.19732967990267022,0.31171648894417503,0.1920854022288211
2023-09-07,0.21095137996774227,0.18097868662469904,0.20125820531628782,0.3160605261878745,0.19470051118076667
2023-09-08,0.20841804866045713,0.17728136890877552,0.18941204176072443,0.1811807511124622,0.19036412703074182
2023-09-11,0.20841804866045713,0.17727118161488772,0.18941204176072443,0.18156316617564375,0.19036412703074182
2023-09-12,0.20830363665228163,0.17759050528547768,0.18949099738450476,0.18201456175689223,0.19174129756456335
2023-09-13,0.24959403550427472,0.18769301503675834,0.21192620004088183,0.17789215413577472,0.1997156830828254
2023-09-14,0.24477667834407255,0.18444897140788633,0.21078510797569305,0.17781609400950132,0.1997156830828254
2023-09-15,0.24477667834407255,0.18017790801617148,0.2089085683154763,0.14941328315413452,0.18809395934520837
2023-09-18,0.24732072046080808,0.19454178936188676,0.21965342254997483,0.16084189997713946,0.19297017481238202
2023-09-19,0.24732072046080808,0.19454178936188676,0.21965342254997483,0.16173182732438454,0.19297017481238202
2023-09-20,0.24896486184621344,0.1989979226997359,0.2267729411013336,0.16639066248384052,0.19609300219081038
2023-09-21,0.2373256059359498,0.19787731004987616,0.21210579892683415,0.16790300937921132,0.19578632995944342
2023-09-22,0.23996711682706387,0.20324509463505633,0.21583339033254334,0.16954947960835967,0.2019177194628141
2023-09-25,0.2391129377158892,0.19847642574375726,0.21271196783451954,0.17841752253165957,0.19839302949986684
2023-09-26,0.24371626685268927,0.20762697224228693,0.21355025522450666,0.20355250607230949,0.20245274573085986
2023-09-27,0.23704847858207584,0.19208733889808238,0.2109276036259234,0.2004436390357292,0.19855742982438712
2023-09-28,0.23616018609227946,0.19063459900174112,0.20800340458387306,0.19967810513326395,0.19153584406493473
2023-09-29,0.225878651516912,0.18079613992351967,0.19657543101763192,0.1908825804756107,0.17689359740264415
2023-10-02,0.2262780177074521,0.18476651810326847,0.20044843093597023,0.19074699165891534,0.1719180489115666
2023-10-03,0.24927019492434424,0.20831523582765388,0.21433846300978973,0.1938947855696347,0.19006740903573782
2023-10-04,0.24115429996127372,0.20811956653470448,0.21402000904452492,0.19010765231247959,0.18948673905676683
2023-10-05,0.2409562413711898,0.20811956653470448,0.21411268710232143,0.19010765231247959,0.1928181999659941
2023-10-06,0.23827754955932262,0.20709719095535903,0.20640227407052164,0.1890945144308998,0.19579812508162325
2023-10-09,0.2659446357655484,0.24667853946699428,0.24872004061481778,0.1990229380469225,0.20133588786982062
2023-10-10,0.2659446357655484,0.24667853946699428,0.24872004061481778,0.19865668120381483,0.20133588786982062
2023-10-11,0.2659446357655484,0.24667853946699428,0.24872004061481778,0.20459591617454442,0.2037898165851574
2023-10-12,0.2821360863856674,0.25306469360666733,0.26212948205138137,0.2201678100258744,0.21709526817741312
2023-10-13,0.2936248766474339,0.266433564003698,0.27356985387732113,0.2203390915653755,0.22245138210947238
2023-10-16,0.2934600225809006,0.2664301350919384,0.27351972658728146,0.21971972188922623,0.22206409521755952
2023-10-17,0.28370805362993445,0.25583588015575326,0.2636356263086574,0.21534957183365683,0.19832783901082973
2023-10-18,0.316719598640679,0.2863630610896213,0.38471641740936185,0.23601317781000616,0.2490222197039118
2023-10-19,0.3096072413412318,0.28599609373765,0.38304428849278566,0.23339773258635055,0.2501974497039915
2023-10-20,0.32343616458687374,0.28831482835583344,0.39016353404268295,0.23427173372639684,0.25005330679995047
2023-10-23,0.32343616458687374,0.28882064940585667,0.39016353404268295,0.23397548265816942,0.25005330679995047
2023-10-24,0.3240875153039816,0.2886300807729729,0.39062028203885024,0.2382140067423842,0.25667663766623205
2023-10-25,0.28277554336743815,0.2824225799830058,0.3755138355175887,0.2360443744264853,0.24767938847378881
2023-10-26,0.28256586401143075,0.28196206273381624,0.37478283976175303,0.23744905379586764,0.24767938847378881
2023-10-27,0.2888212353167162,0.29511793487635857,0.3842252301711728,0.270757625618741,0.2521813653090887
2023-10-30,0.2855189296952091,0.2858533998654657,0.37818539286677233,0.2641285751775823,0.24843209518170864
2023-10-31,0.28562483375427616,0.2858533998654657,0.37818539286677233,0.26603860439122345,0.2489147802959601
2023-11-01,0.2842047459742013,0.28306730605873737,0.3743260227492812,0.2631499010721895,0.2515619672058054
2023-11-02,0.2842047459742013,0.27974600326993243,0.37175763346230933,0.2620171927452005,0.24918086045524324
2023-11-03,0.2819779489762139,0.27565369981994414,0.3694754934462206,0.2609547926695456,0.2442388641947464
2023-11-06,0.2924121185392647,0.2780463794427856,0.3738737708390327,0.25553876449610863,0.25179734355326183
2023-11-07,0.28858659934780834,0.27128162690230107,0.37339558952266605,0.2355535720970982,0.24854492978262535
2023-11-08,0.2878547811594236,0.27114305817627554,0.37101097482395484,0.2355535720970982,0.24623196962222063
2023-11-09,0.29461356237409403,0.27738728423579945,0.3750445814797228,0.24791886330223345,0.24883332661644697
2023-11-10,0.293578377675665,0.27738728423579945,0.37504395563555504,0.24852539024885165,0.24883332661644697
2023-11-13,0.2933054911092716,0.2740211151452919,0.37213866207039414,0.248679726619566,0.24806488234355237
2023-11-14,0.274033250418347,0.2565755254881956,0.36431549589172907,0.2453587309776499,0.23444910197337465
2023-11-15,0.274033250418347,0.2565755254881956,0.36431549589172907,0.2453587309776499,0.23444910197337465
2023-11-16,0.27923984880000147,0.2573743583271221,0.3673960768771337,0.2567228626109523,0.24018086408941522
2023-11-17,0.2785010485983168,0.2573743583271221,0.3673960768771337,0.255457227145161,0.23501410403690493
2023-11-20,0.2522151371386882,0.21929230170450628,0.33910434493249775,0.24780032368768815,0.22936055541104425
2023-11-21,0.2599904445487351,0.22475057976002802,0.3416959219473161,0.2544215852376251,0.23485267511289956
2023-11-22,0.2599904445487351,0.22475057976002802,0.3416959219473161,0.2496704449998819,0.23272651204407727
2023-11-24,0.24100080264373422,0.21457601561881115,0.3314229845182011,0.23548243460634938,0.21985074486919298
2023-11-27,0.22878327519795535,0.19744082885950534,0.3236709624055365,0.2405828063000494,0.21612350740828273
2023-11-28,0.22879565000836669,0.19744082885950537,0.3241980447081262,0.2405828063000494,0.21612350740828273
2023-11-29,0.22879565000836669,0.19744082885950537,0.3241980447081262,0.2405828063000494,0.21612350740828273
2023-11-30,0.1803507831813435,0.14972986497632107,0.1629139876728845,0.20706320977765397,0.15502011571051127
2023-12-01,0.1803507831813435,0.14493042184738425,0.16204597995688727,0.2034104339321869,0.14853451701421985
2023-12-04,0.1541264178539645,0.13854959277468398,0.14332275480646658,0.20240321387210827,0.4379291415184993
2023-12-05,0.1613572171915816,0.14369771142824436,0.15800741717254638,0.20287319618599597,0.4379291415184993
2023-12-06,0.16004495158101686,0.14368632687040936,0.15677948179623535,0.19746399628224676,0.43347372305309556
2023-12-07,0.15389141678870366,0.1326542654988081,0.1549441916226623,0.19408376168777564,0.43292355888650746
2023-12-08,0.15703301395768382,0.1326542654988081,0.15627752359892705,0.192570575661066,0.43389424101601026
2023-12-11,0.1454514117682593,0.10002581412040708,0.13452525340816265,0.14197108130985295,0.43129323070557646
2023-12-12,0.1454514117682593,0.10002581412040708,0.13452525340816265,0.14197108130985295,0.43129323070557646
2023-12-13,0.14524333631020586,0.10008749944811692,0.13452525340816265,0.17652020006293798,0.4310148360776472
2023-12-14,0.1452200781592071,0.09924166751111342,0.13350252093948944,0.17652020006293798,0.4280583561657085
2023-12-15,0.1465724553327342,0.09947632559203808,0.13350417609036672,0.19103510283241135,0.4283404234298256
2023-12-18,0.15486755577437047,0.1272817209860585,0.15727081524034303,0.19107690152053244,0.4283404234298256
2023-12-19,0.1341293274110441,0.12169077119766998,0.14620499413247187,0.18994257326138958,0.4238032121093473
2023-12-20,0.14898677950728667,0.13439991856203562,0.16897784029390345,0.19180597044536957,0.4238774088962325
2023-12-21,0.14898677950728667,0.13439991856203562,0.16897784029390345,0.19180597044536957,0.4238774088962325
2023-12-22,0.1353719007566294,0.12098839056270151,0.15983862589539352,0.1758042276930951,0.4223555566126895
2023-12-26,0.14130244307405074,0.12376581301086333,0.16301307244873872,0.17757628915184287,0.42397730561168745
2023-12-27,0.1433520324178196,0.12435474676961356,0.16478588162604418,0.1773600903126203,0.42544948611370204
2023-12-28,0.14336700191546173,0.12435474676961356,0.16478588162604418,0.1773600903126203,0.42544948611370204
2023-12-29,0.15175550174799504,0.12758635648858002,0.1719253192386147,0.18409093644400684,0.4299018435060082
2024-01-02,0.15541417891799464,0.12596713189271602,0.16942063353612746,0.17261272815549644,0.4286310186934284
2024-01-03,0.1879332909797388,0.17572574122352422,0.18941309067539214,0.20969425744556347,0.45253770304391916
2024-01-04,0.1879332909797388,0.17572574122352422,0.18941309067539214,0.20969425744556347,0.45253770304391916
2024-01-05,0.1770208066971607,0.1686885491458993,0.1846969750588148,0.20160937227853054,0.4497119723189988
2024-01-08,0.1770208066971607,0.1686885491458993,0.1846969750588148,0.2016314424524881,0.4497534745150704
2024-01-09,0.18143034807038072,0.1686885491458993,0.18458065713343302,0.2016314424524881,0.4513784257972555
2024-01-10,0.17893217235797657,0.168008762288016,0.18093722307089982,0.1953052143900212,0.4511472366587272
2024-01-11,0.17891634875633078,0.168008762288016,0.17999110645963204,0.1953052143900212,0.4511804487661907
2024-01-12,0.327354098277727,0.30949662265116856,0.35673169044377145,0.2309971752180295,0.473179992991316
2024-01-16,0.3273835076824331,0.3185342117083524,0.36206723350177616,0.2309971752180295,0.47719938272003987
2024-01-17,0.3323309189731691,0.3195552827609335,0.3704097002794266,0.23905865139462978,0.48204884976518797
2024-01-18,0.3323309189731691,0.3195552827609335,0.3704097002794266,0.23905865139462978,0.24998495811494156
2024-01-19,0.33058818403469964,0.32275266605433095,0.37090633432516634,0.23869116214444994,0.2501828260886154
2024-01-22,0.3306971041745856,0.32359426526025453,0.3719335790997667,0.23869116214444994,0.2501842086629732
2024-01-23,0.3306971041745856,0.32359426526025453,0.3719335790997667,0.23869116214444994,0.2501842086629732
2024-01-24,0.32953569391950005,0.32359426526025453,0.37137531608515595,0.23852346713929215,0.24849826620947552
2024-01-25,0.3294279729909305,0.32359426526025453,0.3702409964534255,0.2477756669949432,0.24849826620947552
2024-01-26,0.3322743221685731,0.326017106711469,0.37127280450117844,0.24942206424463417,0.2535466555203244
2024-01-29,0.33426173193952324,0.3259981745549978,0.37259257907903803,0.22340114379198028,0.2535466555203244
2024-01-30,0.34359444572870834,0.32859225796869873,0.3737672351054556,0.22340938759069778,0.25688357801779327
2024-01-31,0.34820025969317087,0.3297012039557526,0.3742739007346816,0.21308720853642757,0.26525963285332327
2024-02-01,0.3445909831686404,0.31999654177192766,0.36492493540228216,0.2130497281419286,0.26525963285332327
2024-02-02,0.3445909831686404,0.31998957455740196,0.36503785679088074,0.2130497281419286,0.2654630672645298
2024-02-05,0.34366075046042577,0.3194001017975168,0.36763154005236665,0.21949874125806412,0.2739653292369878
2024-02-06,0.34366075046042577,0.3194001017975168,0.36763154005236665,0.21949874125806412,0.2739653292369878
2024-02-07,0.3435657786539554,0.3194001017975168,0.36762586792289254,0.22094685082416388,0.275759676144916
2024-02-08,0.3411694818676871,0.3183341628053404,0.36622930426852773,0.21825467555319605,0.273259692445515
2024-02-09,0.34054840462169916,0.318104562424185,0.36543505347861055,0.21825467555319605,0.27096189760693384
2024-02-12,0.34054210290429016,0.318104562424185,0.36543505347861055,0.21825467555319605,0.27096189760693384
2024-02-13,0.3425670294018971,0.31942704900710883,0.37421232504035523,0.21384656753965695,0.27035852585481995
2024-02-14,0.3366714483175968,0.31942704900710883,0.3722849087392542,0.2100451191716722,0.2648796614187146
2024-02-15,0.31965967725465083,0.29499461321541076,0.36252184130555953,0.17303879450423554,0.22157484636842853
2024-02-16,0.3236356249835606,0.30148224706507015,0.3669511161856978,0.17465725744730085,0.22227736997883882
2024-02-20,0.3236356249835606,0.30148224706507015,0.3669511161856978,0.1747595725668092,0.22227736997883882
2024-02-21,0.3236356249835606,0.30148224706507015,0.3669511161856978,0.17473410831548017,0.22219338291986865
2024-02-22,0.3211843902827064,0.30148224706507015,0.3669511161856978,0.17653808442112617,0.2188734885191557
2024-02-23,0.3218081232942539,0.30184914265127727,0.3669511161856978,0.1807811778044793,0.22408499411034297
2024-02-26,0.3218081232942539,0.30184914265127727,0.36855901917162537,0.1807811778044793,0.2348462566061851
2024-02-27,0.16855510200300372,0.153465597748754,0.20247321533022364,0.1321600017312268,0.18659382579157716
2024-02-28,0.16915727292473015,0.1337004304263855,0.19298158023980652,0.13222665539631834,0.17887697288218316
2024-02-29,0.15921778914503956,0.13124126784072931,0.17644043138234486,0.11822576673616628,0.17350239250329316
2024-03-01,0.15926070195140915,0.1314578101166179,0.1812354083696792,0.1210978075853733,0.1761163679023357
2024-03-04,0.22132704808452508,0.12299415699517974,0.17349440082351947,0.1210362515024814,0.17612979784724828
2024-03-05,0.22285481236935023,0.1207625670098537,0.17328311793989815,0.1210362515024814,0.17612783395897666
2024-03-06,0.22285481236935023,0.1207625670098537,0.17328311793989815,0.1210362515024814,0.17720098517688887
2024-03-07,0.22238315859621427,0.1207625670098537,0.17328311793989815,0.1210362515024814,0.17719913813267385
2024-03-08,0.2264630803278376,0.12618231248465112,0.18146246588733317,0.11135610732307363,0.18514073489962563
2024-03-11,0.2223447174729782,0.11978343217983341,0.18142948566394043,0.11502369933041498,0.178164456339492
2024-03-12,0.2583530631760905,0.11978343217983341,0.1852083061444133,0.44580318203843383,0.178164456339492
2024-03-13,0.24580493802212441,0.1124722563168523,0.18282614859826532,0.4484156500191631,0.17331851422472194
2024-03-14,0.2384186699695713,0.12256045197074363,0.18223516019227562,0.4478288923423786,0.18264371562665802
2024-03-15,0.23849966057293506,0.12256045197074363,0.18223516019227562,0.4478288923423786,0.18264371562665802
2024-03-18,0.23849966057293506,0.12256045197074363,0.18206827669226652,0.44917580752177994,0.18234790812592053
2024-03-19,0.2338438241848449,0.11019651931725333,0.15514810609794974,0.44526177261133315,0.17168748822474333
2024-03-20,0.2338438241848449,0.11019651931725333,0.15514810609794974,0.44526177261133315,0.17168748822474333
2024-03-21,0.2338438241848449,0.11019651931725333,0.15514810609794974,0.44472789059896517,0.1687903914602473
2024-03-22,0.2338438241848449,0.11318384766971726,0.15546650070087129,0.445334855139955,0.16941880841221463
2024-03-25,0.2334497305557409,0.1136986729942496,0.184066565879954,0.445334855139955,0.16941880841221463
2024-03-26,0.2334497305557409,0.1136986729942496,0.184066565879954,0.4454508762639727,0.16941880841221463
2024-03-27,0.22503309943478586,0.10616066088928292,0.15806481633057698,0.4448576860879761,0.1588112725240958
2024-03-28,0.22503309943478586,0.10616066088928292,0.15806481633057698,0.4449282078693225,0.1588112725240958
2024-04-01,0.22503309943478586,0.10616066088928292,0.16128778817178488,0.44492931678432235,0.1588112725240958
2024-04-02,0.29011442122777853,0.11702534980268937,0.18333139343568308,0.4522466135924273,0.1718384330737345
2024-04-03,0.294108324280032,0.11878904301362879,0.19464521705871968,0.45324737229141776,0.17228549977762744
2024-04-04,0.3017647610137067,0.12631258934123532,0.2148398851750955,0.4532898352353285,0.17248554008419556
2024-04-05,0.3021211073984964,0.12631258934123532,0.21484930565261762,0.4525903093145019,0.17248554008419556
2024-04-08,0.30139599982805565,0.12460604729111706,0.21484930565261762,0.4509122410049459,0.16390470366437235
2024-04-09,0.30139599982805565,0.12460604729111706,0.21207921915310532,0.4509122410049459,0.1479733219967181
2024-04-10,0.3215998071141474,0.14107516097141518,0.22372680476362555,0.463840426483785,0.16401957709534248
2024-04-11,0.3212535134757878,0.14107516097141518,0.22354420854785909,0.4638214299716656,0.16094334706801028
2024-04-12,0.33646190432187956,0.14865247145928867,0.23863018442162653,0.47409463067172103,0.17833660359470058
2024-04-15,0.33961033332787094,0.14902806480382472,0.24084469028118005,0.47336917067984674,0.1771844716298541
2024-04-16,0.3009777083077545,0.14353704837871592,0.23655662397994248,0.47336917067984674,0.17734909474407343
2024-04-17,0.2997281241887768,0.14353704837871592,0.2350940792182928,0.47336917067984674,0.17734909474407343
2024-04-18,0.2997281241887768,0.14354853993068634,0.2350940792182928,0.47336917067984674,0.1762768452008465
2024-04-19,0.2997281241887768,0.1445468395475234,0.23510488834298682,0.47336917067984674,0.1762768452008465
2024-04-22,0.296657531347814,0.13984066086089822,0.22885087056821388,0.47098686447831,0.1679165536501752
2024-04-23,0.3025747837504231,0.13984066086089822,0.2271994483050391,0.46997081877611535,0.17034234761878075
2024-04-24,0.2773160368529165,0.15913231231312208,0.23361196888995475,0.1887069877184213,0.17889365692321288
2024-04-25,0.2773160368529165,0.15913231231312208,0.23361196888995475,0.2720112262401456,0.17889365692321288
2024-04-26,0.28200959073892456,0.14891404970666836,0.23606728278299421,0.2725518795588105,0.1598178600966279
2024-04-29,0.28194109910651527,0.14891404970666836,0.23606728278299421,0.27331223236613533,0.1598178600966279
2024-04-30,0.29830354700438577,0.15050565402391355,0.25006450781901796,0.28798654932210005,0.17461107437153972
2024-05-01,0.29600339595569464,0.1505334790785284,0.25399200333459115,0.28956229728127175,0.18115323890169713
2024-05-02,0.29600339595569464,0.1505334790785284,0.25399200333459115,0.28956229728127175,0.18115323890169713
2024-05-03,0.29601078107954815,0.1505334790785284,0.2539975750206027,0.2905200860893606,0.18115832542684346
2024-05-06,0.29601078107954815,0.14830043094948098,0.2538028173640973,0.2895888186644124,0.18057076861149743
2024-05-07,0.3064058238225561,0.1532121597025929,0.2437829781548699,0.2929718029830119,0.18608018400864543
2024-05-08,0.3064058238225561,0.1532121597025929,0.2437829781548699,0.2927953677592943,0.18608018400864543
2024-05-09,0.3064058238225561,0.1532121597025929,0.24471337100476642,0.2927953677592943,0.18608018400864543
2024-05-10,0.30682394109531363,0.15343366017617105,0.24471337100476642,0.2926881926129608,0.18619748317232104
2024-05-13,0.30682394109531363,0.15343366017617105,0.24260125617314712,0.29268650689549197,0.18619748317232104
2024-05-14,0.24094966439114518,0.1313290448825774,0.21915219379397063,0.28024588412944934,0.173452047045239
2024-05-15,0.24082927261962978,0.1297359386836126,0.2092799556205471,0.2810188571350034,0.17414417761649942
2024-05-16,0.2329876182300109,0.12904677164533912,0.18872939795245888,0.2809503582963852,0.17445617683035997
2024-05-17,0.23282242882818582,0.12904677164533912,0.18871867362329012,0.28122520538047757,0.17445617683035997
2024-05-20,0.23646052223635394,0.12904677164533912,0.18961877252896783,0.28122520538047757,0.17445617683035997
2024-05-21,0.25589016959109695,0.13557650400771235,0.2075415135181445,0.28221693830526123,0.17470095884168396
2024-05-22,0.229984546589237,0.1237190211876371,0.19770813344651833,0.26059024674444287,0.1600401582056666
2024-05-23,0.23707681701997643,0.12554806297812623,0.20104751547017358,0.2902702026084086,0.18032542504186605
2024-05-24,0.21494795655915389,0.1164772934511943,0.182894979021154,0.2726510649540248,0.1544607530470542
2024-05-28,0.22600225146532396,0.1449311041183204,0.18548099336520166,0.27483200638264377,0.16613154903631672
2024-05-29,0.4528945064381596,0.14644525985373272,0.18548099336520166,0.2961692317136355,0.18211521649731507
2024-05-30,0.45511435544134027,0.14644525985373272,0.18749394030680558,0.2961692317136355,0.18211521649731507
2024-05-31,0.45511435544134027,0.14643399562488651,0.18749394030680558,0.2961692317136355,0.18211521649731507
2024-06-03,0.45511435544134027,0.1460342749134159,0.18806110047891092,0.2961692317136355,0.18222098378010576
2024-06-04,0.4551768259632489,0.15537821332480647,0.18921783989318386,0.2961692317136355,0.18259947720981945
2024-06-05,0.4512261645976487,0.15537821332480647,0.18921783989318386,0.29499731537268525,0.18161748146185205
2024-06-06,0.44929317977074923,0.13736594329107468,0.17458876028002426,0.30105574629827764,0.17629093981464047
2024-06-07,0.44929317977074923,0.13736594329107468,0.17534921630419606,0.22365885413355727,0.17710618291227614
2024-06-10,0.44636442779714525,0.13736594329107468,0.17155301221026478,0.22231803364851765,0.1728968200846827
2024-06-11,0.4494965404790693,0.15392145467670965,0.17971965278114238,0.27374520948546976,0.18959516149034875
2024-06-12,0.43880851987244235,0.15236553585594254,0.15960271096082834,0.2559132162286903,0.17606546047772506
2024-06-13,0.4390689902007812,0.1545014620745619,0.16034616793490059,0.25414730160620896,0.17033858875043964
2024-06-14,0.44093614875070963,0.17574783780465514,0.2079907177700508,0.2541657235139057,0.1769878783254483
2024-06-17,0.4409311909777845,0.17574783780465514,0.2079839136088971,0.25255906430433583,0.1769826719406759
2024-06-18,0.4427904970708627,0.17591119498095106,0.21277312807609577,0.25307936216471677,0.1769826719406759
2024-06-20,0.4357830953952321,0.17130964827283834,0.20525000686816466,0.2519943076225996,0.17159171885670313
2024-06-21,0.4359051360848069,0.17183580143828434,0.2096393117913581,0.2519943076225996,0.1719579775200955
2024-06-24,0.4360280155237132,0.17183580143828434,0.20855250547019466,0.2519943076225996,0.1719579775200955
2024-06-25,0.43580354283183415,0.17509372421462485,0.2121484780775139,0.2519943076225996,0.1850285153623359
2024-06-26,0.4358113229142926,0.17904532593493794,0.21384461783108674,0.2520681120842649,0.18529532646834312
2024-06-27,0.4358113229142926,0.17904532593493794,0.21384461783108674,0.2520681120842649,0.18519990460176333
2024-06-28,0.43319300824636103,0.19194432587633595,0.21373521958425232,0.24932420465687027,0.1859027384597842
2024-07-01,0.43853463585283636,0.19022662166464122,0.214427078295969,0.25441727320953855,0.18675300595909786
2024-07-02,0.4383769852302732,0.1906684073101872,0.2145687510818219,0.2541134325315221,0.18855777902024518
2024-07-03,0.4364253498237122,0.1906684073101872,0.21377373042437722,0.2541134325315221,0.18855777902024518
2024-07-05,0.42583523214615876,0.2040752087756163,0.21614805466212442,0.3027774955775818,0.2352608280318121
2024-07-08,0.42681326573546186,0.20086251280550838,0.21384976028928834,0.3026338435200887,0.23536203071242387
2024-07-09,0.4229149303456944,0.19972438292960243,0.2107133658075887,0.27429496790817104,0.22803197614255058
2024-07-10,0.4229149303456944,0.19973299068266798,0.21072903643401272,0.27429496790817104,0.2293771013738088
2024-07-11,0.42867131558924776,0.21368999698921623,0.22201929073431897,0.2807786595192061,0.21992725987813844
2024-07-12,0.17293083262080441,0.23015820153730673,0.22957736636986287,0.25817256546710515,0.20649376961665855
2024-07-15,0.16755160831392055,0.23381578955658627,0.22940582893196515,0.25817256546710515,0.20649376961665855
2024-07-16,0.16755160831392055,0.23381578955658627,0.22940582893196515,0.25817256546710515,0.20649376961665855
2024-07-17,0.17391678574728842,0.23402402093524707,0.22906991612798142,0.26115723499544596,0.20912296500418126
2024-07-18,0.20181683857720253,0.2340542650658378,0.2306292408350847,0.27726550465462246,0.2900131143361832
2024-07-19,0.2021118539944373,0.2340542650658378,0.2306292408350847,0.27833002186381917,0.2892139685236519
2024-07-22,0.19647746712769373,0.25462119283953133,0.2306292408350847,0.2713091822035982,0.2873407534721349
2024-07-23,0.2045605514819712,0.25503642584775865,0.23005159048741122,0.27573532144823504,0.29118792684689804
2024-07-24,0.2217848513140831,0.2588943414820323,0.2653468120912026,0.28235484012266854,0.29166946373328606
2024-07-25,0.21536615976617882,0.24940703321652238,0.25988499973950946,0.2319441199941861,0.2811015140644148
2024-07-26,0.21536615976617882,0.24940703321652238,0.25988499973950946,0.2479821255824083,0.2811015140644148
2024-07-29,0.22100357377390675,0.2557984715199525,0.25829364551102707,0.26659791796867716,0.2834919876551086
2024-07-30,0.21725439121376683,0.241694553770063,0.22192971676336498,0.26658035518320494,0.2799645143425643
2024-07-31,0.21964569229900538,0.24210426933457274,0.23394061384577733,0.2667957555261399,0.28989371913187134
2024-08-01,0.25524651508298946,0.2627610382106853,0.3005709082970396,0.2735148416675913,0.3041112771117312
2024-08-02,0.2937591339538151,0.2874819506762073,0.3334571398703209,0.306811795157064,0.3364243192761349
2024-08-05,0.3119037961923534,0.3187160262313567,0.3703009626605779,0.34428214122734696,0.36237697219137144
2024-08-06,0.31173199294067927,0.3187160262313567,0.3703009626605779,0.34428214122734696,0.36237697219137144
2024-08-07,0.31202310650045856,0.32409818912488625,0.3682647169715827,0.3442903790864626,0.35592386706879986
2024-08-08,0.3120122397513742,0.3219320110119985,0.36728239536008495,0.3442363476972877,0.35578503711565634
2024-08-09,0.3121360798407472,0.3227301229683969,0.36728239536008495,0.3442363476972877,0.35578503711565634
2024-08-12,0.3206697340942164,0.31572551033323343,0.37440871144318943,0.3442363476972877,0.35494269058039796
2024-08-13,0.31197095640165456,0.31412316939283413,0.3738924361678916,0.3404894612119029,0.35424528985928866
2024-08-14,0.3126556950642979,0.31943292674825896,0.3769010761635312,0.34052000464303495,0.35814752252363563
2024-08-15,0.3126556950642979,0.31943292674825896,0.3769010761635312,0.34052000464303495,0.35814752252363563
2024-08-16,0.3121711664883684,0.3082562397423124,0.36813336253326945,0.2980275739567591,0.331983963921306
2024-08-19,0.3108326210614188,0.3082562397423124,0.36796598636574385,0.2980275739567591,0.3317634385220277
2024-08-20,0.31088346622940327,0.3092736601779481,0.3701746907693299,0.2988961449321006,0.32643418298260934
2024-08-21,0.31088346622940327,0.30926810124782134,0.3701619588821829,0.2988961449321006,0.3254904043567949
2024-08-22,0.2999663586177349,0.2868417360782155,0.360341147397131,0.29076786397720766,0.3277130183556551
2024-08-23,0.2996621830428502,0.27292674453019056,0.35557353784601115,0.29076786397720766,0.3277130183556551
2024-08-26,0.30353655355842485,0.27125060610928786,0.35646281420795084,0.29076786397720766,0.3296519387531749
2024-08-27,0.30374885556856884,0.2715169390840493,0.35909014700201214,0.29076786397720766,0.3296519387531749
2024-08-28,0.3002038439367436,0.27236303635469616,0.36329767608960367,0.29125379839788723,0.32794059382842994
2024-08-29,0.28210369295806303,0.2671162429075011,0.361707019254971,0.2759632519019176,0.2589049225839505
2024-08-30,0.28189240569551527,0.2671162429075011,0.361707019254971,0.2748895694655395,0.2589049225839505
2024-09-03,0.28194523983604297,0.24672422403900554,0.36188000163054,0.2748895694655395,0.25945298417836
2024-09-04,0.27613673086445706,0.24629497774310358,0.36188000163054,0.27024928886519195,0.2545624605054106
2024-09-05,0.26249122115824314,0.2426225256363871,0.33685596206530655,0.26332563469135656,0.25401058829407186
2024-09-06,0.26249122115824314,0.24281324568839074,0.33685596206530655,0.2635427240755185,0.25462137073393687
2024-09-09,0.26249122115824314,0.24281324568839074,0.33685596206530655,0.24851098085326717,0.25462137073393687
2024-09-10,0.2640886052098036,0.2353946428019461,0.3353563928000483,0.23314941849613421,0.24952684971280448
2024-09-11,0.27038655284871443,0.2353946428019461,0.3352274947158652,0.23719071638660336,0.2499026862209931
2024-09-12,0.26844762676836187,0.23497413937530934,0.3269588071754662,0.23694840481174384,0.23831305771910127
2024-09-13,0.2368041020745099,0.21148643970009665,0.2631963255260642,0.2293793829180316,0.21988136120419086
2024-09-16,0.18661969120911875,0.1764199688640222,0.21642877141352937,0.17907871759859958,0.16716843831528885
2024-09-17,0.15404862354535048,0.10958752181384103,0.13817090341219163,0.0881793533271247,0.1015909407047667
2024-09-18,0.15827363795628482,0.10958752181384103,0.13817090341219163,0.0881793533271247,0.1332875412506913
2024-09-19,0.15750638502732592,0.08574090227098068,0.13961472317141124,0.08814718367467358,0.13380471796293006
2024-09-20,0.15965208949072734,0.08653338776601321,0.1415204490974308,0.08814718367467358,0.13380471796293006
2024-09-23,0.15960533776212987,0.08350757235901475,0.1415204490974308,0.08814718367467358,0.13380471796293006
2024-09-24,0.14168174835333383,0.08161037642566736,0.12141874752125698,0.08814718367467358,0.1336817533697843
2024-09-25,0.14207036481397234,0.08161037642566736,0.12141874752125698,0.15913589013348248,0.1336817533697843
2024-09-26,0.1405570437238882,0.055928082771706494,0.11145791952883581,0.1590705226082292,0.12005639461271686
2024-09-27,0.15150250848199823,0.05793170726142046,0.11923377329238688,0.16371860643952235,0.12005639461271686
2024-09-30,0.17104890360153865,0.07162463671265587,0.121533500731269,0.16210447698214966,0.11220848859696549
2024-10-01,0.19220771968515318,0.08586837323064378,0.13039100750574792,0.16210447698214966,0.11239146175334637
2024-10-02,0.1967794236694338,0.12220898151121518,0.12560654728332155,0.16328978008651207,0.1275903971880634
2024-10-03,0.1967794236694338,0.1345491438755214,0.1257614352733081,0.16328978008651207,0.16074185224920604
2024-10-04,0.18295401188540167,0.13451819367216616,0.11989478865899754,0.16328978008651207,0.15675005712226042
2024-10-07,0.18295401188540167,0.13451819367216616,0.11991077036284013,0.16444720182255337,0.15675005712226042
2024-10-08,0.1759290877605652,0.13156836733399077,0.11433875021888511,0.16803699950069392,0.15263027905326929
2024-10-09,0.17556228526416454,0.13101785522598286,0.1094441431583278,0.16806091620076768,0.15263027905326929
2024-10-10,0.1802645409178982,0.13185378475266163,0.0942044492883636,0.16466055716831818,0.15261093432482015
2024-10-11,0.1802645409178982,0.13185378475266163,0.0942044492883636,0.16466055716831818,0.15261093432482015
2024-10-14,0.1802645409178982,0.13185378475266163,0.0942044492883636,0.1663521634484237,0.15261093432482015
2024-10-15,0.18018189374890525,0.13386514705531244,0.0935377488713524,0.1663521634484237,0.15167730619522363
2024-10-16,0.18018189374890525,0.13386514705531244,0.0935377488713524,0.1663521634484237,0.15167730619522363
2024-10-17,0.18107753354982228,0.14371313019171378,0.0935377488713524,0.18326123533197006,0.1585668097879351
2024-10-18,0.18107753354982228,0.14339066027447175,0.0935377488713524,0.1829489077525761,0.163904675706959
2024-10-21,0.18301640136754407,0.1479284640904861,0.09372132045336,0.18979578035050618,0.163904675706959
2024-10-22,0.17311900162582233,0.147603041501109,0.09164481851321547,0.18393703039898895,0.1639481920140681
2024-10-23,0.16567826301081776,0.14781608182561393,0.10018062563823434,0.17869540161149644,0.16266162360199402
2024-10-24,0.16606282825510815,0.1478146333183816,0.10018062563823434,0.2407122405406663,0.16325553613638177
2024-10-25,0.1581617717739048,0.15176394727503878,0.10018062563823434,0.23995531238957532,0.16331612222720993
2024-10-28,0.1581617717739048,0.15176394727503878,0.10018062563823434,0.2395378804111443,0.16197575147226312
2024-10-29,0.1581617717739048,0.15176394727503878,0.10018062563823434,0.23932252249808433,0.1603389021734961
2024-10-30,0.15393368700502413,0.15176394727503878,0.10018062563823434,0.23932252249808433,0.13514330960438495
2024-10-31,0.19052698699040824,0.16374218282903832,0.12524352432337085,0.2529696478628683,0.1343546714346601
2024-11-01,0.18873262679585695,0.16332476101803078,0.12308604225674853,0.2529696478628683,0.1343546714346601
2024-11-04,0.22230109402034445,0.17949508415281804,0.16887895496697625,0.2615082216832978,0.17864739707544358
2024-11-05,0.22230109402034445,0.17949508415281804,0.16887895496697625,0.2615082216832978,0.17858110498484778
2024-11-06,0.22205293436638984,0.17949508415281804,0.16887895496697625,0.22546007289354286,0.17858110498484778
2024-11-07,0.2355760616378507,0.1998608410419326,0.18325498707008173,0.22577934840646594,0.1820505243777257
2024-11-08,0.22869051856354142,0.19928929604543388,0.17829348114334395,0.22243192944180537,0.1820505243777257
2024-11-11,0.21415560491858976,0.19477560045780698,0.17212826688912874,0.22243192944180537,0.1820505243777257
2024-11-12,0.20197753297014523,0.18892920789714346,0.16580484320028527,0.22913959677415793,0.18330633757451176
2024-11-13,0.19744614073893932,0.16584420525335125,0.16457740301312226,0.22715808013376662,0.173071501453668
2024-11-14,0.19744614073893932,0.15599956237274668,0.16445907606750834,0.22715808013376662,0.14281145264133827
2024-11-15,0.19744614073893932,0.15984695183080913,0.16445907606750834,0.22715808013376662,0.14216418181377058
2024-11-18,0.198470746902576,0.1641972714439084,0.16635403949879016,0.22759096707985746,0.15457815168547975
2024-11-19,0.198470746902576,0.1641972714439084,0.16635403949879016,0.22495354472071813,0.15457815168547975
2024-11-20,0.198470746902576,0.17154980256754795,0.16397865722906288,0.23105936421776982,0.15457815168547975
2024-11-21,0.2009992870999711,0.16931614772883705,0.1641298892045718,0.22953638071131863,0.16122444088504043
2024-11-22,0.2009992870999711,0.16931614772883705,0.1641298892045718,0.22953638071131863,0.16122444088504043
2024-11-25,0.2009992870999711,0.16931614772883705,0.1641298892045718,0.22831339617521634,0.16122444088504043
2024-11-26,0.20822851209738222,0.16826737875644873,0.16440912531767823,0.23214500231392846,0.16357982735152182
2024-11-27,0.20822851209738222,0.16990006599563326,0.16447932673111698,0.23214500231392846,0.16415161845847487
2024-11-29,0.20880593440801098,0.16107535753504076,0.16447932673111698,0.2190426077454001,0.15756807569136988
2024-12-02,0.20880593440801098,0.16214795028522352,0.16447932673111698,0.2190426077454001,0.15098253361191358
2024-12-03,0.2089624419201006,0.16261642985167907,0.17154510152940602,0.21314458217108337,0.15460195029626644
2024-12-04,0.20895049286997314,0.16184899998599986,0.17154510152940602,0.21314458217108334,0.15455580250942022
2024-12-05,0.20691813308768608,0.16165445434806208,0.16670433967292622,0.21314458217108334,0.15426633341474194
2024-12-06,0.20660962636501115,0.17063989896982806,0.17755275252570338,0.1497822097022071,0.1731599129134609
2024-12-09,0.21044151736671723,0.19577920235577262,0.21606473658619607,0.15165234815689516,0.1733687950134776
2024-12-10,0.21044151736671723,0.19577920235577262,0.21606473658619607,0.15666875864585744,0.1733687950134776
2024-12-11,0.21044151736671723,0.19577920235577262,0.21606473658619607,0.15666875864585744,0.17305291591863364
2024-12-12,0.21777875440129982,0.21322226078504472,0.2331358316181378,0.15955455670552954,0.1756852833170329
2024-12-13,0.19420779829059612,0.2042334115362579,0.22128504239423694,0.13811136627829565,0.17992839700472912
2024-12-16,0.20593994137661525,0.20543020723387087,0.22128504239423694,0.14111605992796977,0.17992839700472912
2024-12-17,0.1689707629199126,0.19180164160315788,0.18925744008462983,0.1245826436607328,0.1363602037830166
2024-12-18,0.1744393324054069,0.212718842012193,0.21760773067106634,0.12815196358752093,0.14074381391851526
2024-12-19,0.17443933240540688,0.212718842012193,0.21760773067106634,0.12815196358752093,0.14074381391851526
2024-12-20,0.15569362714628965,0.1937096672859847,0.2056473573681255,0.12758862047083436,0.13622642470436483
2024-12-23,0.15569362714628965,0.1937096672859847,0.2056473573681255,0.12758862047083436,0.13622642470436483
2024-12-24,0.15569362714628965,0.1937096672859847,0.2056473573681255,0.12758862047083436,0.13622642470436483
2024-12-26,0.14704463520996242,0.19385144358070355,0.20558536027789814,0.11510805575211153,0.13666048328253305
2024-12-27,0.14704463520996242,0.20095273377742975,0.2085524512829856,0.11580818984349807,0.14602858513693998
2024-12-30,0.14704463520996242,0.2025702292861992,0.2127162709110605,0.12280788520632153,0.15202211999927706
2024-12-31,0.15032917376596794,0.1998243838806456,0.2152237160407832,0.12280788520632152,0.15211663528716177
2025-01-02,0.16524396696480897,0.20787737307033868,0.2194885651293358,0.1223521690122863,0.14093059745935016
2025-01-03,0.1653231048138841,0.20790574110966342,0.2194885651293358,0.1223521690122863,0.1416668022179197
2025-01-06,0.1653231048138841,0.20188166428632948,0.2194885651293358,0.11035253689273278,0.1416668022179197
2025-01-07,0.15689479491123784,0.20141883455971074,0.2193754993586936,0.1371192900921882,0.1340543452874858
2025-01-08,0.15758617316888862,0.20141883455971074,0.2193754993586936,0.1371192900921882,0.1340543452874858
2025-01-10,0.15758617316888862,0.20141883455971074,0.2193754993586936,0.1371192900921882,0.1340543452874858
2025-01-13,0.19236115900915848,0.21618486819989377,0.22858531303037746,0.13659341918012652,0.1499648551282549
2025-01-14,0.19236115900915848,0.21490410784080205,0.2285348045681405,0.13659341918012652,0.14933875534319768
2025-01-15,0.1921846600837666,0.21766197863090891,0.23989494484734708,0.13961091093712272,0.15299131885466544
2025-01-16,0.1921846600837666,0.2168641278885564,0.23989494484734708,0.1506296826339452,0.15299131885466544
2025-01-17,0.19019378078013055,0.21401985910296448,0.23482107269769847,0.1507164829586977,0.15638356631045724
2025-01-21,0.19019378078013055,0.21401985910296448,0.23482107269769847,0.1507164829586977,0.15638356631045724
2025-01-22,0.19019378078013055,0.2153335147030785,0.24415706891208017,0.19442930294620128,0.16832669081025373
2025-01-23,0.31665383601498553,0.20876259984914278,0.27143441253225653,0.18651627334026882,0.14816900734573696
2025-01-24,0.31434612233926784,0.18254252404169252,0.2419042162512315,0.18499890773330982,0.14785765246830374
2025-01-27,0.31434612233926784,0.18254252404169252,0.2419042162512315,0.1807703809488266,0.14785765246830374
2025-01-28,0.314459015117589,0.18261463237846506,0.24214791655163895,0.1920810085836183,0.14785765246830374
2025-01-29,0.30942287981296523,0.1619069718681036,0.22575931409818087,0.19056174421023495,0.14471999974845653
2025-01-30,0.313081491614979,0.16182430874540626,0.22426040858623306,0.19301238636362011,0.13940935783758543
2025-01-31,0.3054921109530282,0.16945817890459922,0.2432852844202907,0.19752237761430635,0.1467864335503299
2025-02-03,0.30780763040582904,0.17246658591214786,0.24440011511555845,0.19871151325634592,0.14650141706432496
2025-02-04,0.30474181755667323,0.14588792695370703,0.21953740102332023,0.19642854891992348,0.1422952888231773
2025-02-05,0.30474181755667323,0.14588792695370703,0.2207047605357631,0.19642854891992348,0.14439786678641006
2025-02-06,0.30474181755667323,0.15353245819570702,0.2207047605357631,0.19642854891992348,0.1456879365101779
2025-02-07,0.30474181755667323,0.15353245819570702,0.2207406978894987,0.19660763056589287,0.1456879365101779
2025-02-10,0.3185697633994217,0.17450314696748945,0.23399724013730255,0.21276889305360244,0.1493413539061787
2025-02-11,0.3206677255953978,0.1853975567752005,0.24579113227687402,0.2155684802709017,0.170195191977324
2025-02-12,0.321760216974885,0.1776756455564854,0.24327863886991577,0.21519316288049128,0.1622286762139084
2025-02-13,0.3348442552756189,0.20187600473794745,0.2565300783967458,0.21127673207546616,0.1640258265907994
2025-02-14,0.333382572354879,0.2016027037011829,0.25443003966934513,0.21127673207546616,0.16393817745352116
2025-02-18,0.32562489544487,0.19523482124482325,0.2510741840538294,0.21187652405932872,0.16341451014908717
2025-02-19,0.32590386223164763,0.19520461181735554,0.2510741840538294,0.21187652405932872,0.16277669543538575
2025-02-20,0.32688905697772513,0.20349263601794168,0.27386915782699184,0.21187652405932872,0.16940328665485488
2025-02-21,0.3465698720341889,0.2654715738367882,0.33141871853589255,0.2097743355755551,0.261505788863124
2025-02-24,0.3462560481753618,0.2654715738367882,0.33141871853589255,0.2097743355755551,0.261505788863124
2025-02-25,0.34792867981890263,0.2654715738367882,0.3332908067935991,0.20978307730890025,0.2640921118442428
2025-02-26,0.32546359686391907,0.2531387286146568,0.3269027169073236,0.20588487523610713,0.2538911453310459
2025-02-27,0.3483217756340568,0.2669517938719847,0.3620564777223959,0.20593901973339776,0.2576380438385407
2025-02-28,0.3494576911744618,0.2647079501579041,0.35463145009493197,0.20390545740459556,0.2554480558729842
2025-03-03,0.3626557377683806,0.2766797969838893,0.3607419333481775,0.2003559811537521,0.27269239260555644
2025-03-04,0.3785709183149496,0.3332623103853312,0.39991788071667644,0.22842213318381083,0.3295204857937581
2025-03-05,0.3785709183149496,0.3332623103853312,0.39991788071667644,0.22842213318381083,0.3295204857937581
2025-03-06,0.41613803918558523,0.34501973661303664,0.4250553079066541,0.19682805279694632,0.3699040589638719
2025-03-07,0.3337523815049343,0.3559330483265372,0.4193375403904584,0.19947496490457045,0.37697856484008
2025-03-10,0.3537603536185128,0.39026234571810686,0.4579058246284523,0.2236964126956656,0.45074462140229526
2025-03-11,0.4281275505344994,0.44326426292773546,0.46159586850827095,0.2236964126956656,0.46077460334157233
2025-03-12,0.448540548621742,0.45144017159549,0.48142568338553166,0.21539000930044108,0.4610596324568868
2025-03-13,0.4538081391415125,0.45999313258188,0.4921946027664241,0.21461974508099904,0.46280959265029414
2025-03-14,0.44807397769340424,0.45999313258188,0.4921946027664241,0.2116274229643305,0.46280959265029414
2025-03-17,0.44807397769340424,0.4566994973386152,0.483074040118283,0.20539197868358333,0.4605229972839508
2025-03-18,0.45105120198019594,0.4593589928540831,0.49277624466716957,0.2042417417310655,0.4836204096500279
2025-03-19,0.45105120198019594,0.4593589928540831,0.49277624466716957,0.2042417417310655,0.4836204096500279
2025-03-20,0.45445799172418544,0.4619183034033681,0.49248871452798154,0.2042417417310655,0.4877617678921076
2025-03-21,0.45445799172418544,0.45956833804976294,0.49248871452798154,0.2042417417310655,0.4873792300212879
2025-03-24,0.45445799172418544,0.45956833804976294,0.4924726079243691,0.20406935953099728,0.4873792300212879
2025-03-25,0.4517290993421249,0.45219351876271396,0.4886464872403074,0.18769191746401337,0.4865552854505169
2025-03-26,0.4505871469780631,0.44919896255220687,0.4842306348920307,0.1859488297588243,0.4790149030938831
2025-03-27,0.4561835893218316,0.4638756037267389,0.5104625510864288,0.18994702899950033,0.4841835990166144
2025-03-28,0.46110386367278505,0.47580261871913554,0.518761822006125,0.19215445638024364,0.4963989937304661
2025-03-31,0.46289044487099906,0.47606710530225954,0.5210424085990213,0.19215639303632914,0.5004974638776334
2025-04-01,0.4679577320280279,0.48023606559532916,0.5215072407430399,0.2563318879723344,0.5003756232953305
2025-04-02,0.46773552752998965,0.48023606559532916,0.5215072407430399,0.2563318879723344,0.5003756232953305
2025-04-03,0.5527186054220977,0.5694733282964595,0.6816574721173784,0.3744118034995903,0.5788121558346633
2025-04-04,0.5408103510434771,0.5542411242982695,0.6670817354799029,0.4739303377170119,0.5515178786066606
2025-04-07,0.5408103510434771,0.5542411242982695,0.6670817354799029,0.4739303377170119,0.5528129546561453
2025-04-08,0.5725443393082087,0.5649716817972926,0.6785632029827815,0.49280355008892923,0.5830467053387293
2025-04-09,0.5725443393082087,0.564955907698574,0.6785632029827815,0.49280355008892923,0.5830467053387293
2025-04-10,0.6989206524287257,0.6444535330995215,0.7386071201771129,0.5668648613646536,0.6695590802436782
2025-04-11,0.6979978284062551,0.6444535330995215,0.7386071201771129,0.5668648613646536,0.6695590802436782
2025-04-14,0.6917586977941867,0.6407260326940284,0.7356420331227556,0.5695903660393484,0.6644233601372196
2025-04-15,0.68317149775019,0.6130002013634986,0.715101134145265,0.5589005207580909,0.6364591724349631
2025-04-16,0.6947888616916903,0.6132368887000713,0.7151012650386531,0.5689903218045008,0.640818889676374
2025-04-17,0.6729610946164982,0.6062347796600382,0.697890770884278,0.5677092645123334,0.6152442864901013
2025-04-21,0.6817899566313216,0.6076660969184439,0.6899216793388733,0.572686243719328,0.6184665057316471
2025-04-22,0.6715205745467623,0.5860948054179429,0.6649497365770043,0.5636663111417283,0.5669593842046372
2025-04-23,0.6267320562291662,0.5471093242071706,0.6623935013106526,0.5636663111417283,0.5588384578536238
2025-04-24,0.6122308866065365,0.5403584551183779,0.648033366524508,0.5631605064566166,0.6289971785859688
2025-04-25,0.6083366297715735,0.5339595732146531,0.6408863477208406,0.5631605064566166,0.6277106947481916
2025-04-28,0.6083366297715735,0.5339595732146531,0.6408863477208406,0.5631605064566166,0.6277106947481916
2025-04-29,0.6083366297715735,0.5339595732146531,0.6408863477208406,0.5631605064566166,0.6277106947481916
2025-04-30,0.6049598749657139,0.5314872757639254,0.6328695606305383,0.5631605064566166,0.6100929820106035
2025-05-01,0.6049598749657139,0.5315643296347604,0.6328695606305383,0.5631605064566166,0.6100929820106035
2025-05-02,0.6024048230918574,0.529341857250042,0.6326873266222982,0.5631605064566166,0.6062902031207683
2025-05-05,0.6024048230918574,0.5292252214599964,0.6326873266222982,0.5631605064566166,0.6062892113910534
2025-05-06,0.6056417668131958,0.5310994545320794,0.6348107885538005,0.5636350883870473,0.6062892113910534
2025-05-07,0.6005461830480009,0.5309534602478335,0.6330168754786114,0.5634576461675068,0.6060620519085139
2025-05-08,0.6002874511914921,0.5297499359766281,0.63188514817022,0.5629712601742812,0.6060610952352793
2025-05-09,0.5954565365533067,0.5170848366371325,0.6158624402806261,0.5616348753818245,0.6033103849402103
2025-05-12,0.5843493329621244,0.4963176293337027,0.6019696516212018,0.5608834744972503,0.5912973122398842
2025-05-13,0.5829351182373376,0.49606393984701314,0.5999967482290184,0.5608828110097174,0.587832255912167
2025-05-14,0.5889355151545149,0.5072492536351747,0.6121829568339134,0.5339375477735613,0.5889654064402551
2025-05-15,0.5892610048770285,0.5075404566939978,0.6187479231460689,0.5339375477735613,0.592340794677951
2025-05-16,0.5097686442381612,0.40077388862027946,0.4221324620791069,0.45892389686536217,0.5138274503501382
2025-05-19,0.509540843311294,0.38557807766470137,0.4037581350715259,0.3471283778247493,0.5051662029202217
2025-05-20,0.5121186035782822,0.3916168213145041,0.4124891103794283,0.34722064841035316,0.5079813452632993
2025-05-21,0.4859804858249608,0.3888274638926228,0.40795662295591656,0.3266006933016072,0.49315343497920566
2025-05-22,0.4859804858249608,0.3888274638926228,0.40795662295591656,0.3304347393272068,0.49315343497920566
2025-05-23,0.2508842062121027,0.22149239306112078,0.24447307845070312,0.1768257268740568,0.36457888192534815
2025-05-27,0.2508842062121027,0.22149239306112078,0.24447307845070312,0.1768257268740568,0.36457888192534815
2025-05-28,0.25485159684919184,0.22264529432045446,0.2457693478613289,0.16250152364594098,0.3645778798412079
2025-05-29,0.2549651071124331,0.22272514767636278,0.2457693478613289,0.16250152364594098,0.3645778798412079
2025-05-30,0.22135703931038092,0.22216989905994275,0.2457689670079305,0.12582344098485754,0.36208147061906837
2025-06-02,0.22148816592235104,0.22216989905994275,0.24394924623583555,0.12722183276429688,0.36208549501206505
2025-06-03,0.18649486703173998,0.19943208739798313,0.24006023493472775,0.10702176833285601,0.3491700805800044
2025-06-04,0.18692233289073246,0.19943208739798313,0.24006023493472775,0.11097025551641893,0.3491700805800044
2025-06-05,0.19075941755024894,0.19960407350493684,0.2442594135829643,0.11097025551641893,0.34990606111636446
2025-06-06,0.19075941755024894,0.19960407350493684,0.2442594135829643,0.11097025551641893,0.1970646424815478
2025-06-09,0.19082286862360184,0.1972834682830375,0.24305067147176365,0.11097025551641893,0.20159714481646737
2025-06-10,0.19082286862360184,0.1972834682830375,0.2432314186160499,0.11097025551641893,0.20177223454703735
2025-06-11,0.26994260776416856,0.24235369760763056,0.2906973177486955,0.13304031548696024,0.2436300708566049
2025-06-12,0.27317940806458996,0.24097073008544453,0.29400673932825133,0.15460186654642832,0.2436300708566049
2025-06-13,0.307387239191447,0.2643631750528639,0.32081684720378756,0.1721028794742216,0.27487474946110113
2025-06-16,0.307387239191447,0.2643631750528639,0.32081684720378756,0.1721028794742216,0.27487474946110113
2025-06-17,0.32040587741616944,0.29259738864779755,0.3673847087541921,0.18519951620366046,0.3016122467646971
2025-06-18,0.31424440720329117,0.2891814936482283,0.36370323098726404,0.18398386291765065,0.3016122467646971
2025-06-20,0.31424440720329117,0.2900124795835003,0.36370511442550413,0.18398386291765065,0.3016122467646971
2025-06-23,0.31424440720329117,0.2900124795835003,0.36370511442550413,0.18398386291765065,0.3016122467646971
2025-06-24,0.31424440720329117,0.2897665214038608,0.3552196462686661,0.18399284824567663,0.29886133541977394
2025-06-25,0.3240274634775259,0.29884499849645924,0.36501454512553844,0.189976389234313,0.3034604537527941
2025-06-26,0.3240274634775259,0.29884499849645924,0.36501454512553844,0.189976389234313,0.3034604537527941
2025-06-27,0.3053608245007866,0.2682037867249447,0.3423314745471761,0.189976389234313,0.30106878948454713
2025-06-30,0.3051219463808291,0.26872284219535325,0.33031775414891557,0.189976389234313,0.29437229649768176
2025-07-01,0.3051219463808291,0.26893212465899363,0.33031775414891557,0.189976389234313,0.29437229649768176
2025-07-02,0.3051219463808291,0.26893212465899363,0.33031775414891557,0.18984379564574597,0.29435445018808437
2025-07-03,0.30077534645419435,0.2600600063691662,0.3193480611508512,0.18967498188722626,0.28698814499903424
2025-07-07,0.28403629208912545,0.2453570744073802,0.30156658752455767,0.17930133243109878,0.24949728090848794
2025-07-08,0.284047300383557,0.24535707440738022,0.30156658752455767,0.17213327314153637,0.2512035697410163
2025-07-09,0.28010510871924843,0.2428966600165873,0.2994047533087636,0.17043154908830058,0.2519290870265126
2025-07-10,0.28010510871924843,0.2428966600165873,0.2994047533087636,0.17043154908830058,0.2519290870265126
2025-07-11,0.3189527686357814,0.23841113141972678,0.32379267842100296,0.1712843758955057,0.2625051282880606
2025-07-14,0.3188620378661575,0.238336533625079,0.32379267842100296,0.1712843758955057,0.2625051282880606
2025-07-15,0.3226298183181898,0.2666263284503323,0.33436659064387925,0.17450941347000004,0.26484692389201986
2025-07-16,0.3225398128551556,0.2667405051077892,0.33436659064387925,0.17292758370127193,0.26484142191621096
2025-07-17,0.3225398128551556,0.2667405051077892,0.3343237542754759,0.1822482898438377,0.2647036590686789
2025-07-18,0.3222922707303285,0.26675290440687177,0.3343237542754759,0.1798713441288402,0.2647036590686789
2025-07-21,0.3230491546006453,0.26693478907619594,0.3312682114931523,0.1798713441288402,0.2653688108562695
2025-07-22,0.3230491546006453,0.26761979321735146,0.3349124985931068,0.1798713441288402,0.2653688108562695
2025-07-23,0.3230116785544471,0.26761979321735146,0.3340768942543917,0.1798713441288402,0.2619421124857534
2025-07-24,0.4267286312310377,0.2755788127756066,0.33469807270459323,0.370212161038925,0.3089657787307815
2025-07-25,0.38163029284313327,0.23691587993316574,0.2944136415451214,0.3628921262600459,0.27715749247535876
2025-07-28,0.37932005340020675,0.23629843000589765,0.29107210108251985,0.35932550067207797,0.27715749247535876
2025-07-29,0.35443955269607347,0.21744137447796394,0.2671230624606572,0.3733807148517777,0.2463898586402779
2025-07-30,0.35443955269607347,0.2226465567229116,0.26744451474176484,0.37514546233642826,0.2502682549640915
2025-07-31,0.34275318891295814,0.18429944526833472,0.20813657666232616,0.36885587731912456,0.21823088521875827
2025-08-01,0.3618606855068966,0.21576917839643922,0.24163398606233522,0.38364124485529694,0.23493859885212537
2025-08-04,0.3618606855068966,0.21465096389330404,0.24163115112021244,0.38367206121651537,0.23493859885212537
2025-08-05,0.3618606855068966,0.21465096389330404,0.24163115112021244,0.38367206121651537,0.23493859885212537
2025-08-06,0.3618606855068966,0.21465096389330404,0.24163115112021244,0.38420666691079053,0.23493859885212537
2025-08-07,0.3531359524828023,0.2035188366348644,0.22841508322746468,0.3815641646150681,0.2324787440133165
2025-08-08,0.3541803174786279,0.2035188366348644,0.22841508322746468,0.3815641646150681,0.2383981381004819
2025-08-11,0.35432080755500633,0.20365936025332038,0.22841508322746468,0.3854785458105649,0.24663284050190437
2025-08-12,0.35398527481328224,0.20224472909604477,0.22841508322746468,0.3854785458105649,0.24663284050190437
2025-08-13,0.35398527481328224,0.2019663553443513,0.22841508322746468,0.3854785458105649,0.24663284050190437
2025-08-14,0.35974413078409295,0.20320882191032083,0.22919390742570078,0.3863057772045005,0.2505558599182333
2025-08-15,0.35974413078409295,0.20320882191032083,0.22919390742570078,0.3863057772045005,0.2505558599182333
2025-08-18,0.358888791901055,0.19721079824142154,0.22493312581776537,0.38601879852122634,0.24906949659126837
2025-08-19,0.35888007930331134,0.19918735880360527,0.22499084779569378,0.38601879852122634,0.2477522120555517
2025-08-20,0.3696578347990207,0.21095194994101588,0.23175819679996065,0.38784724452000285,0.25428714516064616
2025-08-21,0.3733082970497142,0.21915229141565773,0.24419184433249808,0.3879819993147942,0.25961744610518983
2025-08-22,0.3366793767622831,0.2190518111461145,0.20927417012694696,0.38760625290496786,0.24434565724841528
2025-08-25,0.3566408456396891,0.22715641167786277,0.21004791043978258,0.3882363687285771,0.24434565724841528
2025-08-26,0.35323602916849134,0.19305836467808216,0.1927713836137367,0.38575548307480895,0.23391305524276765
2025-08-27,0.353263530540705,0.19290058094759938,0.1927713836137367,0.3861856531152923,0.23391305524276765
2025-08-28,0.353263530540705,0.19290058094759938,0.1927713836137367,0.3797001210340254,0.23391305524276765
2025-08-29,0.353263530540705,0.1930880219139942,0.19278401212661744,0.37976519649565693,0.23463166363967666
2025-09-02,0.35051030889776535,0.1950566889971289,0.19298625399350436,0.3840578669822908,0.23294177365832786
2025-09-03,0.35051030889776535,0.19411578972349966,0.18659030109424093,0.3840578669822908,0.23297905089838505
2025-09-04,0.3721573251937373,0.19708094815085472,0.18627962036725096,0.3990823127569044,0.23297905089838505
2025-09-05,0.24645546142377042,0.18578905187046152,0.18492369850172544,0.23358798901699632,0.16541593087831727
2025-09-08,0.24813313388086475,0.18578905187046152,0.18492369850172544,0.233547360415586,0.16541593087831727
2025-09-09,0.25175036488626923,0.19257791030152405,0.19351304208582193,0.23505081166122205,0.1772601825207339
2025-09-10,0.24854501964290612,0.18368326112434835,0.1852890938727736,0.19807290902325697,0.1769999125311296
2025-09-11,0.24854501964290612,0.18292163645866627,0.1848248098635451,0.19470982923454955,0.1714722485827726
2025-09-12,0.24865519318341162,0.1846274539462555,0.18906616590020062,0.19478699034055463,0.17173511571554873
2025-09-15,0.2358891685917483,0.16255582101056937,0.154036345550749,0.16484351519303925,0.24398014982032443
2025-09-16,0.23751660966251134,0.16491283628755696,0.15434162605787682,0.16477177761130735,0.25524565878601563
2025-09-17,0.23751660966251134,0.16491283628755699,0.15434162605787682,0.16477177761130735,0.25524565878601563
2025-09-18,0.23751660966251134,0.16491283628755699,0.15438293462867073,0.16351122274989197,0.2608976159663949
2025-09-19,0.23938477800355296,0.16281175267058523,0.1516299191863607,0.16285518378153804,0.2578847816848837
2025-09-22,0.23947181176923188,0.16819030052344427,0.1623688539790607,0.1640312420406735,0.28169690448040346
2025-09-23,0.2415163940006962,0.16816132142022586,0.1623748128353098,0.15460837882719367,0.27659648198744585
2025-09-24,0.24872321155757232,0.1758139033261589,0.17939238656998993,0.15651267090763474,0.2844503848489835
2025-09-25,0.28228852572209057,0.18243803272697665,0.19047737951028423,0.18522932130673372,0.29781327241696653
2025-09-26,0.2756645398282426,0.18105308385716523,0.19297423317184406,0.18349783990665336,0.2954302382706108
2025-09-29,0.2756645398282426,0.18105308385716523,0.19297423317184406,0.18349783990665336,0.2964915205927284
2025-09-30,0.27796088373141964,0.18674172986791368,0.2029599100463297,0.1975368822412445,0.29890703176095146
2025-10-01,0.27796088373141964,0.1875027899168305,0.22647265345199064,0.1975368822412445,0.3077325274138995
2025-10-02,0.2622667145540402,0.17416134746215767,0.21644315380663784,0.1939222719947442,0.3017506973871501
2025-10-03,0.25704408132675,0.16372285515778764,0.20231125469243225,0.19365252610037773,0.2971770806192864
2025-10-06,0.25704408132675,0.16372285515778764,0.20231125469243225,0.19365252610037773,0.30027356437798075
2025-10-07,0.2323071338207144,0.17252270081348986,0.2018976280651681,0.1931272318320384,0.30027356437798075
2025-10-08,0.2323071338207144,0.17252270081348986,0.2018976280651681,0.1931272318320384,0.30027356437798075
2025-10-09,0.2368993936497856,0.17252270081348986,0.2018976280651681,0.20419545385744892,0.30027356437798075
2025-10-10,0.23820878528313805,0.20025980779965805,0.2420761212718697,0.2064764332509462,0.3211176041671204
2025-10-13,0.23820878528313805,0.20006255421461325,0.24206606432697586,0.20635671768057612,0.32059291248671595
2025-10-14,0.23820878528313805,0.19772506062083411,0.24190485857035204,0.19825300555174188,0.3204728976361409
2025-10-15,0.23820878528313805,0.19772506062083411,0.24190485857035204,0.19825300555174188,0.32224601245551854
2025-10-16,0.24719203226792355,0.20169385523778413,0.29180882269777575,0.16757600765564257,0.3283279804518672
2025-10-17,0.24730018026604964,0.20496431253598027,0.29180882269777575,0.16757600765564257,0.3295634263324516
2025-10-20,0.24561681843001934,0.20496431253598027,0.29180882269777575,0.16757600765564257,0.3295634263324516
2025-10-21,0.24190789033194957,0.1985993194151737,0.2881698809980597,0.15411382841854326,0.3233470424436284
2025-10-22,0.24948431898502846,0.22601537226027202,0.308870530690308,0.1722282794271697,0.332775206531927
2025-10-23,0.24948431898502846,0.2293502432701403,0.30938083697734176,0.2499498699711008,0.33884066735223145
2025-10-24,0.2493236524117627,0.22771566172967983,0.30048021014006143,0.24988974267301628,0.38199211408990924
2025-10-27,0.24686141115214355,0.2179278864282885,0.2957406856713085,0.24900113701753734,0.3291096864620155
2025-10-28,0.2881989409509124,0.24928050770728236,0.31652795953617924,0.26994292655227276,0.3405313287428511
2025-10-29,0.2881989409509124,0.24928050770728236,0.31652795953617924,0.2729029611841676,0.35047778775826627
2025-10-30,0.2913095765354352,0.2620766227311112,0.3257493220718807,0.2781713295177449,0.35416036897260084
2025-10-31,0.289765840736053,0.2620766227311112,0.3257493220718807,0.2781713295177449,0.3540793724191324
2025-11-03,0.28841613930554905,0.25865777738093726,0.3205317589261298,0.27747946065390566,0.3344211780668149
2025-11-04,0.32337933221770254,0.2946069446284352,0.3587060535314847,0.2867655942564831,0.3358497182307802
2025-11-05,0.3178696668591608,0.29010507276212605,0.3505053270981164,0.2857307136067198,0.32922427863508347
2025-11-06,0.2943089190431929,0.2882604120185777,0.34573361661102425,0.2681977072297424,0.32118922779291853
2025-11-07,0.29360406709553555,0.2882604120185777,0.34382832073075537,0.2681977072297424,0.3203525537091224
2025-11-10,0.3023490248896992,0.28869044903006486,0.34596311543622493,0.2681977072297424,0.3216805835568607
2025-11-11,0.3082191052088662,0.28791830784975586,0.34208737465407757,0.2642160414124136,0.32018677546160235
2025-11-12,0.3082191052088662,0.2860570301153164,0.3269566694846179,0.2642160414124136,0.3113933070443272
2025-11-13,0.3194544222032649,0.28735819221589765,0.33688311186888625,0.2655000166704194,0.3196290138738925
2025-11-14,0.32676696956902507,0.29637902811688077,0.3428766974720427,0.2662004953190067,0.32290268609850425
2025-11-17,0.3404076841370347,0.3242385450542919,0.376255947333754,0.2796427340834914,0.36622391539241533
2025-11-18,0.33785019860746507,0.31393532089268233,0.3760469160398863,0.27913144072841395,0.3662509072839628
2025-11-19,0.33792342639440553,0.31421230168363795,0.3765067705141276,0.27915501061375136,0.3676387619182676
2025-11-20,0.33535897501104794,0.3175423211049884,0.37869156424343525,0.27921260819814225,0.37250861336554764
2025-11-21,0.334430171255568,0.30082090580404897,0.3543573119853009,0.27692357271306606,0.35469756806291897
2025-11-24,0.334430171255568,0.30082090580404897,0.3543573119853009,0.27692357271306606,0.35469756806291897
2025-11-25,0.334430171255568,0.30082090580404897,0.3543573119853009,0.27692357271306606,0.35469756806291897
2025-11-26,0.334430171255568,0.30082090580404897,0.3543573119853009,0.27692357271306606,0.35306285860048575
2025-11-28,0.30305026969729026,0.2963221493981387,0.31452449408049865,0.2767129677960247,0.34741417921412937
2025-12-01,0.3035303366485337,0.2940694782721696,0.3154295294903647,0.2767330080361706,0.34700494232809376
2025-12-02,0.3035303366485337,0.2940694782721696,0.3154295294903647,0.2767330080361706,0.34700494232809376
2025-12-03,0.3035303366485337,0.2940694782721696,0.31361724055699947,0.2767330080361706,0.34700494232809376
2025-12-04,0.30054195304664605,0.2737715405997108,0.309894400365678,0.2658376376891057,0.3379739661198753
2025-12-05,0.30054195304664605,0.2673147271506675,0.3093849411624863,0.19456950518515817,0.33189266639300685
2025-12-08,0.30054195304664605,0.2673147271506675,0.3096344174838437,0.19456950518515817,0.2815568354217459
2025-12-09,0.29029207862024164,0.26625527459961923,0.30927648904653415,0.19456950518515817,0.2815568354217459
2025-12-10,0.24775184692307176,0.23552455240257422,0.28780272564134934,0.16428534623763003,0.2569081910288254
2025-12-11,0.25013659197804977,0.23552455240257422,0.28780272564134934,0.15931990572723917,0.24316398738535855
2025-12-12,0.2465069468196916,0.22333262860765737,0.28037966762244326,0.14993188459548504,0.24008209426065272
2025-12-15,0.2465069468196916,0.22333262860765735,0.28037966762244326,0.14993188459548504,0.24008209426065272
2025-12-16,0.2465069468196916,0.2233951868974746,0.28037966762244326,0.14993188459548504,0.23566543746753074
2025-12-17,0.21415377434534758,0.18252477261399025,0.23648290889270177,0.1546899575917804,0.240188629724861
2025-12-18,0.21415377434534758,0.18252477261399025,0.23648290889270177,0.15569713355339557,0.240188629724861
2025-12-19,0.20606224438334336,0.17891079771908022,0.2348327343488224,0.15537034020219892,0.23481047603273292
2025-12-22,0.20606224438334336,0.17891079771908022,0.2348327343488224,0.15537034020219892,0.23481047603273292
2025-12-23,0.22603039168859795,0.18893836007140696,0.23988114582477468,0.1622247841019444,0.26304291960243165
2025-12-24,0.21502171898871944,0.184528243834691,0.23718347128135486,0.15103951272267707,0.26213014393083645
2025-12-26,0.219550179857834,0.18458293429069053,0.23797863350002407,0.1510460345690751,0.26213014393083645
2025-12-29,0.2105264366820064,0.19036944342767895,0.23318883658262565,0.1492010596797377,0.26091709548148545
2025-12-30,0.1989870749720205,0.17617447334276162,0.22428293492793502,0.1479476642379498,0.257020075476757
2025-12-31,0.17462851138260754,0.11724904803955623,0.16216882149538592,0.12062817388926755,0.18535239805165885
