date,AAL,DAL,UAL,LUV,ALK
2015-01-02,-0.10763724253640194,-0.08987375448501456,-0.021254086682991113,-0.0023425301448549707,0.03149332225880297
2015-01-05,-0.08296393612745401,-0.06200984181749236,0.00861677523319826,0.04586959642749666,0.07331421052465426
2015-01-06,-0.05956193779327201,-0.0255715944112318,0.02338176624376964,0.08156200485195941,0.070954600729775
2015-01-07,-0.03559010926616046,0.012041116692193654,0.037845313644612855,0.09754923340656596,0.07833873536176617
2015-01-08,-0.04185690246451956,-0.01877801242726096,0.033013159789793134,0.06709654181372815,0.06004068933490703
2015-01-09,-0.007605073010295227,0.026594714960560983,0.08494036367950275,0.11179204635681717,0.0821259669647545
2015-01-12,0.005057330624288703,0.018983213899245177,0.04202069704798439,0.09614943896841766,0.05002837874908406
2015-01-13,-0.01884966773096075,-0.012818849850096847,0.015208469374203615,0.08893285099637005,0.04517132951015013
2015-01-14,-0.028596695134483596,-0.01545558899517252,0.017642423100352245,0.09634955452799421,0.037583979344808505
2015-01-15,-0.02028181215803826,0.009577364637577412,0.04668644277069767,0.13676085732194654,0.06797774712214277
2015-01-16,-0.01889584684679224,0.0007030330127637541,0.049429657794676896,0.11498841660746484,0.06448943969816412
2015-01-20,-0.07015792040555113,-0.07990739102023647,0.009407605484820447,0.08040691468253236,0.021356950092927596
2015-01-21,-0.09636567676967711,-0.09557886260299131,-0.01863893848564946,0.05569984145044349,-0.002061115476980291
2015-01-22,-0.13478607686099287,-0.1347496823740847,-0.07837985147886228,-0.04390686057246873,-0.058976329031298014
2015-01-23,-0.13777899777862335,-0.11669682023304595,-0.09507519963495803,-0.050699487393465525,-0.06505509399101717
2015-01-26,-0.15537079204150261,-0.13245333331699083,-0.12238524585831778,-0.07331175507005927,-0.08610770920982147
2015-01-27,-0.09893741286120816,-0.10311734735327227,-0.08119779363870039,-0.043165735454784415,-0.0633075290390347
2015-01-28,-0.03637658028633628,-0.062704824273899,-0.04281473679557868,-0.01678824075379548,-0.020029959275912335
2015-01-29,-0.055901219953458425,-0.09198016296394618,-0.08105534045174978,-0.051490505356071914,-0.059061400232503614
2015-01-30,0.025300134767694438,-0.02234205613513296,-0.020902472541824424,0.008451254620386095,-0.0012464070894037116
2015-02-02,0.10424406264905572,0.005030738946836699,-0.004179892288955878,0.03913720934647147,0.02524274660717496
2015-02-03,0.14188779081756886,-0.0023410192919380846,0.001912568060663311,0.05900959364790426,0.04612844514263226
2015-02-04,0.11811210265535421,0.008416010109608907,-0.02245468171377707,0.039717491106443736,0.028004422778158178
2015-02-05,0.14238879232604584,0.029812050924158395,-0.002155194384590109,0.04391700762469619,0.031112266687347123
2015-02-06,0.129802550768368,0.025573265149536617,0.00044390024391938177,0.030850289872669245,0.02708047931983182
2015-02-09,0.15903735578090483,0.037631563741030494,0.047390391405546684,0.03978378663665971,0.05799929968722428
2015-02-10,0.08241391740797321,-0.01567306158994508,-0.030607715198740504,-1.3535454830071458e-05,-0.0086289705423368
2015-02-11,0.07732700463887565,-0.01781191173305363,-0.03203220259087958,-0.006007356592816926,0.004742763760369417
2015-02-12,0.09983319958474857,0.0035801892731497365,0.006088560801995158,0.01839368569467026,0.04859119427102465
2015-02-13,0.10849356889248218,0.02588295793337303,0.029593824326259233,0.03096022711492319,0.061557565489684274
2015-02-17,0.09935419684179347,0.006491933834499086,0.035730782133375216,0.04156385315985611,0.06686422635596179
2015-02-18,0.02291619033247061,-0.04440006636063598,-0.04061749153013727,-0.0009406794643229688,0.005859410236371376
2015-02-19,-0.012052766204601495,-0.07992161658540531,-0.06370094572636131,-0.019235900961217522,0.005259673465778381
2015-02-20,-0.05762449341013831,-0.11973010325715439,-0.11601239459662538,-0.0811561173518992,-0.027128203741554224
2015-02-23,-0.07425468384932277,-0.11760986264401296,-0.1346600397473301,-0.07370393607587744,-0.021515554664175096
2015-02-24,-0.053959712491669976,-0.09868813101502116,-0.14585978617031514,-0.05384305490127839,0.005897621276183651
2015-02-25,-0.03800493444453812,-0.07899227379852192,-0.10962297752744099,-0.02814663765671599,0.011191884754301329
2015-02-26,-0.03282670198846305,-0.058580018183608695,-0.09448233617453416,-0.0272645615264272,-0.0006254183513124678
2015-02-27,-0.0022963327877417727,-0.032569527720933245,-0.06397671009693828,-0.009757696581818465,-0.005027588287944806
2015-03-02,-0.01842283989686333,-0.05089239928578715,-0.09818886092370371,-0.037590249519419694,-0.044467957062834684
2015-03-03,-0.02091439492370628,-0.03451247279694891,-0.11608693219613342,-0.04754349973165606,-0.06257591169628995
2015-03-04,-0.014504698328787202,-0.00354327109430308,-0.09421869198376931,-0.0399912083983327,-0.03451409114864179
2015-03-05,-0.004338763047834759,0.008335444924102653,-0.0946701511163831,-0.05238078793236822,-0.025835364336525446
2015-03-06,0.03666653357337002,0.04454108550749036,-0.06404674906763919,-0.01685896509565943,-0.005178099338323139
2015-03-09,0.07178627734298382,0.03724479623613641,-0.03703704771618144,-0.008525557925047167,0.014848371640342695
2015-03-10,0.09970050486077864,0.07162610025024163,-0.00913177467437798,-0.002095803407519803,0.0021816083288439536
2015-03-11,0.08567240970593182,0.05474802145657143,-0.04805217409406004,-0.01323020412246867,0.0193608245103587
2015-03-12,0.08278538266306246,0.036399967946236345,-0.06244463648704557,-0.03291087798336112,0.017732099858464467
2015-03-13,0.05383975329606194,0.020879406189341365,-0.08272902438707685,-0.04987642121468727,0.01110092110030414
2015-03-16,0.019315097306343176,0.0008664828523157198,-0.09570082707940886,-0.07934090390933057,-0.016279648497419252
2015-03-17,-0.08958826701110889,-0.03472668188124639,-0.1334490938588947,-0.11382768527698617,-0.0502910068550646
2015-03-18,-0.10605955563525893,-0.025539988659606827,-0.12276060180575787,-0.113248765979574,-0.05752536721245527
2015-03-19,-0.10325709180462783,-0.03385529254288666,-0.12398338230920858,-0.08090619140166233,-0.04462328754619993
2015-03-20,-0.1203308810098157,-0.04491737411607899,-0.12282216204636953,-0.09771373248178072,-0.0604249988070269
2015-03-23,-0.13407408156936074,-0.05753531948774793,-0.12394617648963902,-0.10805449057741323,-0.06697286778783063
2015-03-24,-0.12578444434560465,-0.04083190724914043,-0.12110008811652095,-0.08993756664517494,-0.055837696780464685
2015-03-25,-0.05478597724831369,0.020961167938155834,-0.04636969515005096,-0.037054008191051535,0.005572489719054552
2015-03-26,-0.04153440161023647,0.04932763235295434,-0.03894108890962955,0.0011574601257706707,0.02569267319477153
2015-03-27,-0.05522613415382338,0.04514595373126529,-0.07084869722598597,-0.027577004085154178,0.011282140966395904
2015-03-30,-0.08743203576929548,0.013931374613973757,-0.09282888406543,-0.052265784770065826,-0.015407915950402473
2015-03-31,-0.07939751130085004,0.04261784234747035,-0.08951673543143002,-0.06839717807285917,-0.022211985534428935
2015-04-01,-0.030133061054250843,0.0979515249612315,-0.03530701547893367,-0.030610181702450334,0.03328128448279677
2015-04-02,-0.008341453439500546,0.11471148517020158,-0.004524928719473076,-0.022631886511021215,0.05438412080846722
2015-04-06,0.021224062204746597,0.1366696529058331,0.035429160112402824,0.025553484091882517,0.08301293946015464
2015-04-07,0.009433548104083034,0.11203036516382459,0.020815875185820065,-0.01040146146743759,0.07056789064785773
2015-04-08,-0.11472553645376249,0.009692539857809379,-0.09925678608191779,-0.13208869969464676,-0.010185740579250369
2015-04-09,-0.11042954265951566,0.016223337720864928,-0.11494438843747545,-0.130546801675813,0.011410851197386274
2015-04-10,-0.1054398206898769,0.0008953094118577809,-0.12055693206108442,-0.13918753472816414,0.010183962436584704
2015-04-13,-0.128579284714342,-0.026330126237251283,-0.14899197512974882,-0.1580914493784067,-0.012235489868796301
2015-04-14,-0.10741049598412222,-0.01073870652794029,-0.10871368028316264,-0.12964737614078503,0.016922689408418456
2015-04-15,-0.11924512076241855,-0.04215415975653192,-0.12297097546478608,-0.12084993870544403,0.030783583653449353
2015-04-16,-0.11988283758136087,-0.04405062250621572,-0.12234727519305466,-0.12307678522931509,0.020974016647092864
2015-04-17,-0.0813328892147982,-0.007124203967563081,-0.08424134271880768,-0.09244391429535614,0.05266260769654396
2015-04-20,-0.11837319161690574,-0.05316493441374326,-0.10336539431436509,-0.10977882428171704,0.039669978276478224
2015-04-21,-0.15851979732394317,-0.06275511780559018,-0.12291996447840181,-0.1216239173803233,0.01733390042865235
2015-04-22,-0.17789020111990284,-0.0756894587447271,-0.14761008190814484,-0.12728824557430685,0.021683484402796882
2015-04-23,-0.1874533732995043,-0.0741300622112161,-0.13869425462242002,-0.13903393257902563,-0.00731270239659132
2015-04-24,-0.2422364405408226,-0.1308278058263438,-0.18548258684653185,-0.16801012977688556,-0.08176299587364533
2015-04-27,-0.22088532849810383,-0.12155808951198244,-0.15166179058739748,-0.180416818304026,-0.09747728578532822
2015-04-28,-0.20857801658669695,-0.1094298285132217,-0.14653207861133588,-0.1759398528262116,-0.08319018265180178
2015-04-29,-0.17958194494985713,-0.09207588384312637,-0.12310003446416884,-0.1509066075384634,-0.05106357951094109
2015-04-30,-0.15696847124336033,-0.07651193817770763,-0.11499836882425662,-0.135330536952172,-0.005799305490901685
2015-05-01,-0.18870212086600557,-0.1067976836277037,-0.14902282245094667,-0.19578998536897674,-0.03758041052998984
2015-05-04,-0.1934627050430524,-0.10237710106808318,-0.15906104592840542,-0.18769333448591552,-0.032002938472540876
2015-05-05,-0.15166980066860603,-0.06870574618498537,-0.13354718738046867,-0.16336938417540592,-0.01200406222850059
2015-05-06,-0.15026550889844703,-0.061506922580615075,-0.1250000080221596,-0.17004194734723932,0.014862965910019899
2015-05-07,-0.15287401527180733,-0.07429456673834156,-0.14827255901935188,-0.18552459843923386,-0.001817794293065833
2015-05-08,-0.12255281280170804,-0.0701756978047009,-0.12235745608073079,-0.19360216440203248,0.0022113845384708064
2015-05-11,-0.1393754670905767,-0.07925648128115648,-0.1226370314080778,-0.1945574556314703,0.005840860503619982
2015-05-12,-0.13531225190807117,-0.07462022868849527,-0.11962498307251235,-0.1853331182910649,0.01866367990615525
2015-05-13,-0.12889251810935076,-0.08935436050606627,-0.10272743691903041,-0.16258880407333942,0.014127869063609078
2015-05-14,-0.151167730086201,-0.10654067245234367,-0.11773280093544403,-0.18353226390138766,-0.017961611155149604
2015-05-15,-0.18327509793137176,-0.12510634259621078,-0.14269476166501627,-0.20631888318940117,-0.03684891709458027
2015-05-18,-0.1848981301257554,-0.1327845296400888,-0.1484337619030811,-0.21316761733254586,-0.04378158870593274
2015-05-19,-0.18913257179086218,-0.12854371453020785,-0.1499753747841177,-0.2010227225347403,-0.0401552922370223
2015-05-20,-0.09359042657950012,-0.08298925898580645,-0.05573892307474948,-0.12406731741698585,0.01641647443552774
2015-05-21,-0.06451590975200994,-0.07474277732028645,-0.005172780130593302,-0.11101248684847498,0.022723903011125257
2015-05-22,-0.04552932668533338,-0.04631788158339256,0.011547825711315962,-0.09175864604590878,0.04720472250055008
2015-05-26,-0.054138259863492966,-0.040143185218056154,0.017334390555067802,-0.09928776911417181,0.0601251696562648
2015-05-27,-0.060842792670200874,-0.04655547800895987,-0.008193713876255893,-0.11906019476315943,0.04952687189966909
2015-05-28,-0.018108190373265165,0.004970286745481056,0.037764004106950466,-0.07909198899276004,0.10684027835380516
2015-05-29,0.001180289729331152,0.010484515045332099,0.03297305792323235,-0.08235308487296877,0.11772927075234207
2015-06-01,-0.04798542062504174,-0.015558166412975694,-0.010300156578042508,-0.10541602250987392,0.11393546685319178
2015-06-02,-0.05116468804545948,0.018051100848671897,-0.008042908968779239,-0.10312004443083445,0.12172885272663114
2015-06-03,-0.04034335889135088,0.028445598836376096,-0.01592982650193897,-0.0835104141723001,0.13407199899863564
2015-06-04,-0.018259073056640207,0.047064477403856886,0.01502656586787543,-0.06859610489724088,0.14135246090499964
2015-06-05,-0.028044001264032947,0.027738585739235155,0.023294478054700418,-0.07694367013334769,0.12915073453834913
2015-06-08,0.026091458775026277,0.09570557400713198,0.0819640772469934,-0.038770450181333405,0.1986245505341797
2015-06-09,0.027275044710091345,0.1105113313592756,0.0853936422101389,0.015322223862638928,0.2502884091486055
2015-06-10,0.053920268156344875,0.09985401301273567,0.08107592805140129,0.05892585421384311,0.21445049902579427
2015-06-11,-0.0097448926530872,0.08088208657657714,0.07600003197079608,0.0086456445807932,0.19864089745200464
2015-06-12,-0.014001318440906685,0.06781719090046678,0.07452246115008188,0.002571380786196009,0.14992127711955883
2015-06-15,0.027451922985515687,0.10343974367486886,0.11808608935780507,0.054694629973817355,0.1860835562115759
2015-06-16,0.031661423667697086,0.08898174830649941,0.11672847151415922,0.04747828877542237,0.2007063585653932
2015-06-17,0.00977940363987062,0.07916683725559248,0.10756041485947976,0.07299091308530081,0.21167191477928804
2015-06-18,0.003001651615450074,0.07230949771678885,0.08421459737486336,0.06910828235821898,0.18377870953033737
2015-06-19,0.003609204460289339,0.0890684359170888,0.09521126187463325,0.09672654483172272,0.20680551285693372
2015-06-22,-0.006739597122565,0.07966480747382088,0.0757299559061364,0.09025567893702968,0.17441841751703047
2015-06-23,0.005382349201463743,0.07738412834461594,0.05214559282972275,0.09571967939585746,0.18806379982105148
2015-06-24,0.0009093949324678885,0.08238334968944572,0.056004393836468935,0.10072777677239353,0.17447097506107845
2015-06-25,-0.015463605834442506,0.09120661067780644,0.03276307056336081,0.08959072847865568,0.1919610283145532
2015-06-26,0.008138397065726055,0.09693819707870466,0.04900884739495326,0.10110720492676495,0.21436292199953244
2015-06-29,0.07672006667284004,0.14877394853589077,0.09581513779609319,0.15611869347500518,0.2521139741154932
2015-06-30,0.06708061327197856,0.13768568799360903,0.08300323835497236,0.16893356470597043,0.21899731121186106
2015-07-01,0.10230797999743091,0.1817384494535801,0.12884503819605042,0.19466601808701212,0.2331262539395711
2015-07-02,0.10120540374445364,0.19422854688470736,0.13650483066595864,0.21070446179753421,0.22752327402271422
2015-07-06,0.10879805661707453,0.18898663338389565,0.10677809030511476,0.22464426949831617,0.2351286563100803
2015-07-07,0.07528399595935142,0.15343259510852403,0.07733376619481525,0.20516771952718593,0.21168654818183819
2015-07-08,0.10993547265735337,0.1754427139661252,0.10242332220123496,0.25232188296019054,0.2279914664323952
2015-07-09,0.060699467227572024,0.13054310726626506,0.06252350612088464,0.2033382244337405,0.19040863899281546
2015-07-10,-0.033177878767622904,0.02984879260551021,-0.007566171530262622,0.12268410940713581,0.08196393699624815
2015-07-13,-0.11108507511175758,-0.02529101964127367,-0.07199853879301599,0.0987071297917903,0.014323120685876933
2015-07-14,-0.10633640771557551,-0.04968287240570779,-0.0651354943106387,0.08056217300992174,0.015193362230262908
2015-07-15,-0.06257501277521738,-0.0036902837603955962,-0.027927914181271163,0.10434702010595864,0.0378863611664797
2015-07-16,-0.0548184541890131,-0.01083571680229345,-0.029465240912566082,0.08126451596208617,0.02333371160580655
2015-07-17,-0.0649735442766175,-0.019395873539702402,0.031233066641983775,0.06930145117155417,0.016472959575628776
2015-07-20,-0.03647493325422724,-0.004130201928035815,0.029268343111869433,0.0716464152618137,0.012264389442857349
2015-07-21,-0.03932878764513437,-0.016845094235885538,0.020725385422772247,0.049482818748074475,0.0005228387588505079
2015-07-22,0.004268196136682834,0.019999096818101858,0.0038549364268365416,0.07602722199412693,0.04219117122889071
2015-07-23,-0.038127255215726685,0.0007006539339888818,0.01023472471845821,0.027947833314108772,0.060677706149603994
2015-07-24,0.02686634243788366,0.032485989707970786,0.003540395508935257,0.06568975288937584,0.06314069629321062
2015-07-27,0.018813880722387655,0.06364897173670747,0.012321720318973384,0.08808173455500867,0.11538540606483538
2015-07-28,-0.0018057731759557605,0.027486082475481455,-0.012838069556782017,0.06409162556083103,0.10302433524281573
2015-07-29,0.01414575410304253,0.05536067579753756,-0.0054185905183467,0.08196161543290148,0.089804424121672
2015-07-30,0.04912692887343906,0.06874986220193668,-0.00017590291179381268,0.06338668213589993,0.09203086336313548
2015-07-31,0.05707378819617248,0.06059927976132484,0.01879768371633639,0.07575143242518312,0.06856972873761746
2015-08-03,0.024682144722459,0.028361674895736266,-0.017832663253934178,0.03842982125155969,0.024630361738606554
2015-08-04,0.009837814855482296,0.018933202687300588,-0.01696352819436564,0.03381781666629835,0.02006040377173246
2015-08-05,0.026364930586894264,0.025701728861027284,0.059370172546941546,0.044163786946225025,0.010901281383291606
2015-08-06,0.031057590071829067,0.013684175835664947,0.04868723932320851,0.04584297025759376,0.015294485215018083
2015-08-07,0.041937599454509034,0.01941753600479812,0.06538595302651573,0.04984471337348517,0.05523238100848826
2015-08-10,-0.011756520664178316,0.003022200233684602,0.019072618083733728,0.013787527472439054,0.002783905285201005
2015-08-11,-0.03419191131384591,-0.010828028366840492,0.0051840200898165545,0.007603336434364172,0.003907982457122872
2015-08-12,-0.05338634780709883,-0.014807067070099711,-0.018812019146976278,-0.011352136615880637,0.008145130846376691
2015-08-13,-0.0569484254790632,-0.029715552499993803,-0.05021423105049905,-0.020765780066192785,0.02035644967819694
2015-08-14,-0.08861939341220981,-0.06235566982611307,-0.08218003859407452,-0.04675890585276821,-0.018718466006994672
2015-08-17,-0.1085325471577897,-0.08230858973008981,-0.11979865054440719,-0.06674935133544546,-0.03840033126831921
2015-08-18,-0.11001605827556826,-0.05257605587058656,-0.09331736867377816,-0.053495891924981165,-0.025273113678621062
2015-08-19,-0.09947194011577964,-0.035471480113913434,-0.08981623876611611,-0.050432427045683736,-0.009383687594744172
2015-08-20,-0.07979989064291793,-0.018376811483611366,-0.08535080081341562,-0.017409262028347028,0.003164330326685505
2015-08-21,0.011069064586601618,0.07706417100855467,-0.03194769135339215,0.036666069836452486,0.0626476275077934
2015-08-24,0.013556767808796,0.06975098023699466,-0.029619778282483855,0.021230645683786964,0.019562318570616855
2015-08-25,0.04826703442931746,0.11167540188503655,-0.00998074200183896,0.05996720440585168,0.019047558808509724
2015-08-26,0.022908613393568977,0.051716051202023605,-0.03132534601495662,0.036640649534519065,-0.007337573244034612
2015-08-27,0.08685623762636019,0.07637920553744948,0.04404045066043727,0.070490043719736,-0.0041971598505814445
2015-08-28,0.1351634159701085,0.10377777960797396,0.011904767470088284,0.11105142317180827,0.028756066937479563
2015-08-31,0.11364802333795043,0.09022367544135346,0.005792487437010996,0.11226104578796092,-0.012556720621475281
2015-09-01,0.1173470199989306,0.11012073777677811,0.006651448386372438,0.12321245670318604,-0.018048363136711543
2015-09-02,0.07106771033855219,0.06392661683240997,0.008203829612410951,0.0933190077421393,-0.03615365515950231
2015-09-03,0.06896552061490269,0.09010200652537548,-0.02235805728029472,0.08362303004307359,-0.028691963628645678
2015-09-04,0.0948277042742054,0.10726861691144762,0.0010584119729144525,0.11227508850231849,-0.02176103924924866
2015-09-08,0.09779433219911438,0.0764114126226576,-0.030603345033905383,0.08580459149146691,-0.05846888360895164
2015-09-09,0.08073190547876341,0.07454909758869266,-0.05410090221859676,0.07154070772163457,-0.08609497243554232
2015-09-10,0.11599123629579156,0.09292252223660569,-0.014938528401124307,0.14911361882389107,-0.06544462417486685
2015-09-11,0.08351133263822974,0.0869564449747382,0.05014954042397579,0.17358619201997771,-0.03395625367488919
2015-09-14,0.09884146655813653,0.09447635940741539,0.06214098602984186,0.17751445968483304,-0.019568832205135278
2015-09-15,0.0895871751398436,0.08487967814616604,0.0638966467425095,0.16889480434247273,-0.02244809670632464
2015-09-16,0.06502540542634594,0.06476975955707975,0.027609981933673033,0.16019411777343517,-0.049791120859268956
2015-09-17,0.042509547113004365,0.06338167435728415,-0.021280073815257983,0.1602936317945982,-0.04919072753291154
2015-09-18,0.0627729491617095,0.08935019956102375,0.0,0.17278938383712483,-0.031622995944611376
2015-09-21,0.07494798286407245,0.07301584928767757,0.0024813516838464444,0.18689653555563557,-0.0604213318934681
2015-09-22,0.13134976798600162,0.09771867478291685,0.04464282965641453,0.22803366725071417,-0.012333338943046002
2015-09-23,0.10883620156562968,0.0902437120764481,0.03644495123456637,0.20891590822249761,-0.033220683605796886
2015-09-24,0.1353623543609015,0.10377143464948602,0.07047749470899545,0.22268828312075373,-0.011648743454894195
2015-09-25,0.12916937027088804,0.11502812255433392,0.10952731342605526,0.22998127959450776,-0.032465905617210855
2015-09-28,0.14499207554574722,0.13668561719350025,0.11969471628935335,0.23818422535622052,-0.01024227381274645
2015-09-29,0.13797720572281857,0.1451747131015917,0.14487232980276277,0.2330146875531669,0.002424356284328244
2015-09-30,0.1456534928228974,0.11684096365897267,0.12422243633104779,0.22818087554978228,-0.023662583898435008
2015-10-01,0.122313280248316,0.10355962383119355,0.11792452830188682,0.2155683804800146,-0.04424800478186253
2015-10-02,0.1271990445535025,0.09471885117612211,0.1360123868589571,0.195674900879663,-0.03912887282385724
2015-10-05,0.0679863766860056,0.02336454758950035,0.08906806369607168,0.16386789523866763,-0.04769525845837708
2015-10-06,0.1117550593816452,0.06224824396281092,0.129972478288227,0.2086840245411985,0.04310729105341071
2015-10-07,0.06436044928955775,0.04102442996001532,0.11884445590940818,0.1963317413479253,0.03059371425939328
2015-10-08,0.06671437434109606,0.05828435937758947,0.11940302102718725,0.20923665137978897,0.048537274409661935
2015-10-09,-0.0030407244325093563,0.03557329336722859,0.05564534804816357,0.18477741605500686,0.08105989193133101
2015-10-12,-0.0330470182467012,0.0076158058086386315,0.013148826059900198,0.15162539756114124,0.033726419472322355
2015-10-13,-0.048170442324722895,-0.007639279276184907,-0.008726003606586596,0.13253353757566577,0.07965553323522334
2015-10-14,-0.054815489456501276,-0.032838164630507816,-0.022430831828890385,0.12340847758413687,0.08670119260219011
2015-10-15,-0.06028113350287312,-0.034025637452180124,-0.01627421492425063,0.11105713485729951,0.05249501691260994
2015-10-16,-0.05401544480343834,-0.05164287202339868,-0.004288041329861936,0.13116355147777337,0.05418016928064184
2015-10-19,-0.02467280312857678,-0.04920410971106104,0.004229104466375366,0.1359577294218255,0.05869975006866013
2015-10-20,-0.019547088862850948,-0.033733528183912065,0.03874439188183154,0.1481386277710146,0.07090674400281638
2015-10-21,-0.02136512120107137,-0.022087863593744372,0.040146699762341864,0.1522899543140277,0.0806991558610124
2015-10-22,-0.020069981463010422,-0.017671060161494556,0.0515610959676438,0.12091617345268135,0.1206008870176778
2015-10-23,0.004570410494302957,0.017988651372216502,0.0140750695089229,0.09617513360079855,0.09439583068136459
2015-10-26,-0.03924964078997195,-0.01785992220543442,-0.03883970688471583,-0.014458425315308276,0.08443543755188654
2015-10-27,-0.058455934331453796,-0.02415189965854081,-0.05054148483369858,-0.019850196013011967,0.07412980630500754
2015-10-28,-0.03652241042046933,0.025450762322854148,-0.0003358599163713061,-0.0020140252518676682,0.12489142179657309
2015-10-29,-0.08022749526233264,-0.021568209813202177,-0.05344400366312241,-0.05094312599930262,0.0952418333564613
2015-10-30,-0.09432975753438122,-0.010361996220026093,-0.04990883879441399,-0.053006796631507536,0.08019414994088225
2015-11-02,-0.081302802755021,0.011553460435415719,-0.04455440620836326,-0.05248199682214494,0.06760996659974317
2015-11-03,-0.0709677973187467,0.02467304494439948,-0.03238003313218807,-0.044551419112170754,0.06805364351655574
2015-11-04,-0.06947208837660135,0.007303462314100173,-0.04926192031186749,-0.06569647713451932,0.05079632993168626
2015-11-05,-0.09890346820864904,-0.011476154584783127,-0.0560530864159261,-0.08282093749468877,0.02689064017294629
2015-11-06,-0.06484363905542945,0.0050778252500076615,-0.055944094121092025,-0.07287723874134588,0.05937171455764245
2015-11-09,-0.03919379007226542,0.02212133996435295,-0.03574399786097915,-0.05960827114420886,0.05980758744254899
2015-11-10,-0.026972521892485446,0.028628358179664914,-0.028471576091744333,-0.06358526297739486,0.04842597905797752
2015-11-11,-0.013065762337778453,0.04561842747154743,0.002347407630469256,-0.05893599459158616,0.06142500928091743
2015-11-12,-0.015262118298147609,0.03941574682698912,-0.004050661239945907,-0.060047232426558295,0.07766726341116192
2015-11-13,0.0011509467382124772,0.06491109423227592,0.008503401470877137,-0.0323127619654997,0.0896523437236929
2015-11-16,-0.0007003967423676594,0.06759849299873699,-0.009814109703018437,-0.05081596426609836,0.0597265822828299
2015-11-17,0.0011818596435038131,0.061126557937676296,-0.001394245896923496,-0.06106601812542045,0.0383026444685024
2015-11-18,-0.020119473326072668,0.019057607948594457,-0.036388814892324484,-0.09255962932831852,0.0039698615112988556
2015-11-19,-0.04208048818994381,0.0012370545158271185,-0.058803395328358654,-0.09271781995047057,-0.027009807367371463
2015-11-20,-0.022985756078808817,0.0034863922524379642,-0.06138412729218312,-0.09309111340596377,-0.044710507019042556
2015-11-23,-0.043735223805469126,-0.03569966660790136,-0.10126366403878584,-0.11494509484016957,-0.0798413256098307
2015-11-24,-0.020858749708461022,-0.013336060513953307,-0.0864436604465385,-0.08557363477272739,-0.11582900363168369
2015-11-25,-0.00556748066402768,-0.0027732342214374928,-0.08182145480147018,-0.08230852302137548,-0.11229769333845885
2015-11-27,0.007436009215971318,-0.0038183715949978714,-0.1048926278860145,-0.06711785182310825,-0.10932798135787858
2015-11-30,-0.028114158982276316,-0.032716164298991046,-0.1376278168301871,-0.11810806779085847,-0.1513858322931192
2015-12-01,-0.06264435027221593,-0.048877431501975876,-0.16072994521200623,-0.13836478451038592,-0.15301218315566634
2015-12-02,-0.11547233914168453,-0.07924698440428002,-0.21136248852906503,-0.1616445367310706,-0.1587514999746512
2015-12-03,-0.1019182904576258,-0.04686864084918507,-0.2037363593818523,-0.16134511856494782,-0.16759790413438913
2015-12-04,-0.13142102795031907,-0.08216176911343853,-0.234475738324188,-0.20340939894046772,-0.2090448939342202
2015-12-07,-0.13084312044181634,-0.10158352139388982,-0.250991383209092,-0.20210116751247287,-0.1589251971164235
2015-12-08,-0.09854091937105802,-0.06982277573495699,-0.20341005958732583,-0.13410289238536854,-0.1490304259603613
2015-12-09,-0.10927844271867992,-0.07210631352491159,-0.197373001437533,-0.14157297426148396,-0.16429201506065882
2015-12-10,-0.10092996259127085,-0.10081914554058446,-0.2066185030955887,-0.1520441240495849,-0.1544569961243002
2015-12-11,-0.057020656473495634,-0.09253274070701312,-0.16342275809775364,-0.14117941158998126,-0.15404152273694227
2015-12-14,-0.08690449284385593,-0.13909960099910113,-0.19528793674872347,-0.17317816661468977,-0.1653074031384123
2015-12-15,-0.08474147143012956,-0.13411549348028906,-0.16614857500966196,-0.149253614481356,-0.14282222491015628
2015-12-16,-0.08842583164207618,-0.1325787396647672,-0.17003564639291435,-0.14486608020494118,-0.15057406498754478
2015-12-17,-0.1278850992752708,-0.14540437402892314,-0.18963710728816152,-0.16180205500851508,-0.16233203708707766
2015-12-18,-0.08712582694732807,-0.1232987610736549,-0.16426561445714016,-0.13804436990739788,-0.15859924784336255
2015-12-21,-0.09882084284472781,-0.14418947496865364,-0.1660637298250648,-0.13419405570679288,-0.1647271990456447
2015-12-22,-0.1433566498634803,-0.1882128622585587,-0.1920689549939386,-0.18029408005032044,-0.209985341658103
2015-12-23,-0.17655335440197573,-0.2120217684586626,-0.2171379348804029,-0.20073661852682867,-0.23247313128095437
2015-12-24,-0.1716791611151055,-0.19670902515564703,-0.222482427377811,-0.1970387156154323,-0.20080364844437237
2015-12-28,-0.13899421773490817,-0.16708375859354874,-0.19149295981147474,-0.18895462704362598,-0.18903175803531336
2015-12-29,-0.1588604888469628,-0.18152193845230558,-0.20775716447437365,-0.20297685699248658,-0.19125294721156805
2015-12-30,-0.11394418528130357,-0.15719478705065382,-0.15927664953491005,-0.16401392353199107,-0.15962665655689856
2015-12-31,-0.08582402954064339,-0.11774713123687841,-0.14712042613298004,-0.13887603218400923,-0.13551116877095604
2016-01-04,-0.035753329222218744,-0.04960515730705184,-0.08991188536454131,-0.0822213024131716,-0.08456661532946841
2016-01-05,-0.02152283857905546,-0.040408686966121765,-0.05666550433642936,-0.08148814308999175,-0.06187594414453257
2016-01-06,-0.033022593993672245,-0.042138114987606334,-0.025000019004379204,-0.08261376019314626,-0.07140520817308782
2016-01-07,0.012396230565388633,0.04201785167251759,0.05434164074308234,-0.026937134340781488,-0.017890025859226277
2016-01-08,0.002976854084413727,0.053534593410595965,0.0686066952238431,-0.026770604483066784,0.037477445454371816
2016-01-11,-0.00752349403555197,0.05038964045119232,0.08988763048544723,-0.0161750362939731,0.04543559417514831
2016-01-12,-0.012551292780019985,0.051022808213875726,0.1179708990954833,-0.0021087832403853257,0.05850135466637174
2016-01-13,0.021982584631771163,0.06835314968294748,0.17727840645669635,0.043811557980318216,0.10633499351206543
2016-01-14,0.013856142494109491,0.06733580471695899,0.19715651535593048,0.036570208957956485,0.07901184621125923
2016-01-15,0.08215012356298046,0.1023617130493677,0.27873886287102456,0.07055857013497646,0.12562451207415015
2016-01-19,0.07317248548548139,0.059704191189354994,0.2819831292101618,0.060987784956568536,0.15667290013813795
2016-01-20,0.07512224604054452,0.07123571421161423,0.29299648789133736,0.07138083245536575,0.1695752475007286
2016-01-21,0.04909730205356855,0.049534651878101466,0.279505794333883,0.05251489014817845,0.07377069112928547
2016-01-22,0.05191599475705244,0.03814082230069893,0.23309073427041627,0.06549465865969628,0.0636104615280082
2016-01-25,0.051472209037882743,0.009285696436225122,0.21317833373459938,0.09069326273958334,0.09889138227680005
2016-01-26,0.0535732249881502,0.01687819979197669,0.21617614193161638,0.10492056787105875,0.08811354426643048
2016-01-27,0.051740775855679155,0.054317555247157534,0.20016766758162907,0.13530953320489303,0.09513853357538782
2016-01-28,0.11656723402041869,0.1074368385561999,0.26588588504119137,0.199437170463719,0.1824164822616181
2016-01-29,0.09531156419404874,0.08471170493798486,0.22162388221782137,0.16689239893328134,0.1377070176715478
2016-02-01,0.07224203173308275,0.05975404964540987,0.18808838542588924,0.1406453452497447,0.14234326450263346
2016-02-02,0.14570480474974046,0.12186827960875934,0.26523142072053174,0.21275298959382827,0.18948476251764923
2016-02-03,0.12542988989008386,0.11356654415038792,0.2369140325849084,0.18561614281016836,0.20840107975614242
2016-02-04,0.1399773281977903,0.14007145822873057,0.24788266965139205,0.18720900533823492,0.194936754936319
2016-02-05,0.18608438177850628,0.1968334398293634,0.3058044778000253,0.2628350275155944,0.2790272207495703
2016-02-08,0.20281291366089182,0.21527230109942663,0.3242119368290146,0.2871514438358691,0.3057897964891392
2016-02-09,0.15833118650682687,0.16877409461429393,0.2852840418851794,0.26268284426915156,0.24073810411481888
2016-02-10,0.09105625856207178,0.10912250542006685,0.21232448674290727,0.24195025992319152,0.21031737704173326
2016-02-11,0.1211286864788752,0.13238538430634317,0.23265220118508956,0.2418922420739793,0.22200543599443812
2016-02-12,0.09333675073510106,0.14282438686332544,0.21323685002408732,0.23399387431270524,0.2078364455709394
2016-02-16,0.07174319658540718,0.10654996960413032,0.22406386335718187,0.21522552551578156,0.18741749002767394
2016-02-17,0.04245069704500515,0.055965321111735244,0.18277020131290111,0.16541802833483543,0.14717957679281324
2016-02-18,-0.0005060175922160237,0.011837850612516743,0.09202931691138194,0.14461030382358175,0.13831637193382762
2016-02-19,-0.009808942438631951,0.009203770578774861,0.03771829785967262,0.12411571888098383,0.09095944739218953
2016-02-22,-0.046768019437336106,-0.034002614711499124,0.001621916559119807,0.07075343419241986,0.10070475981983362
2016-02-23,-0.0366516694932808,-0.035751067663276404,-0.005590646871518334,0.06495136862237638,0.09485832903462388
2016-02-24,-0.05656649144300119,-0.06416039096866355,-0.05510128984370388,0.057257727475442666,0.06358704792911296
2016-02-25,-0.06914904880282713,-0.05914648092720309,-0.06647904922126768,0.04671747207929422,0.05566662328807248
2016-02-26,-0.05236127869949769,-0.027371522993825503,-0.05072468458293322,0.054054647641995635,0.05243418569624625
2016-02-29,-0.04414648421646239,-0.0333750036392626,-0.055710770524234454,0.06626813601117276,0.07239519951718876
2016-03-01,-0.04518283149855329,-0.017586566583484675,-0.04828766474560087,0.07858809202641703,0.06228110469081605
2016-03-02,-0.010098761225259434,-0.0012364125643016255,-0.020545557049879593,0.11373393564182543,0.059538952237681686
2016-03-03,-0.023161575050980154,-0.026439852697909938,-0.02468286977961398,0.11920086045431644,0.05277964550261616
2016-03-04,-0.01705508446212789,-0.043558403401835144,-0.017586214789028776,0.13493991079658985,0.05883838883579284
2016-03-07,-0.018751464013220365,-0.031411517992552374,0.0076375390044680636,0.13620995785245404,0.06373039468348018
2016-03-08,0.012018628248873231,0.008221707464773909,0.04011356612375505,0.1312817422143444,0.06806277596655597
2016-03-09,-0.03937570890144615,-0.03786919820462409,-0.08147633038068414,0.12783535716414884,0.026642545004076368
2016-03-10,-0.0821524866248694,-0.050638372754498784,-0.113866518235899,0.11807877977365488,0.005497968228724837
2016-03-11,-0.12879685240861505,-0.07884266733662093,-0.1541887984356931,0.08123674254603941,-0.07824680730157396
2016-03-14,-0.13312988030231931,-0.0897887939063795,-0.16683621954831218,0.05385641844179645,-0.06817937624217585
2016-03-15,-0.1282357116306191,-0.08521774535294546,-0.15693369044069705,0.044704501142830866,-0.08013471182709342
2016-03-16,-0.14984640510607405,-0.121181026042817,-0.1822358176119061,-0.00203864321904057,-0.10579888085344447
2016-03-17,-0.17600947394329913,-0.14294547101176314,-0.22144797324110466,0.02316524922294172,-0.1302792641033792
2016-03-18,-0.20512108532331885,-0.1574426074350811,-0.22761132320362076,-0.01101105930914581,-0.14019272576859443
2016-03-21,-0.20220887546642874,-0.143655313734802,-0.2297760724651604,-0.04112002946809168,-0.1440555129219725
2016-03-22,-0.2210944180536386,-0.1611664251929361,-0.2469830058993796,-0.0661288794964332,-0.15762528136904075
2016-03-23,-0.21505596650129333,-0.1463913757738059,-0.2469032404683814,-0.06527120671007824,-0.14768246559502185
2016-03-24,-0.18208693411082177,-0.1212373765998157,-0.20988933882472105,-0.05288258081317754,-0.14989436064861494
2016-03-28,-0.19249006699976634,-0.11749783891139409,-0.2106717457276016,-0.03697770598885297,-0.15572438390652488
2016-03-29,-0.18095208388148754,-0.12297261695088368,-0.1987725857098943,-0.040098384199687254,-0.1581057158268312
2016-03-30,-0.203600903501593,-0.13974748690321503,-0.23436978484265558,-0.06380595757007457,-0.17891386768035022
2016-03-31,-0.23383149267054715,-0.153608982833771,-0.2686268237069477,-0.07991071936561611,-0.20056064212885272
2016-04-01,-0.20037718705788554,-0.11223093386726313,-0.22708040886666903,-0.06732500559409693,-0.19204972706661483
2016-04-04,-0.1817917816762682,-0.08507882379721499,-0.20161143472099985,-0.04262087255402125,-0.15978200291977862
2016-04-05,-0.1591481431299515,-0.07102005648066134,-0.189456679508611,-0.03277565076114142,-0.1787146338574993
2016-04-06,-0.15927323538236782,-0.06776859170174732,-0.17899889447111028,-0.017631818195308235,-0.16599695593223207
2016-04-07,-0.15946445450020774,-0.055920109289141706,-0.17212192536009463,-0.033906437614981466,-0.16466550505525668
2016-04-08,-0.1661676770538536,-0.06591365263465643,-0.16183119548353653,-0.05190964019116251,-0.17190929227984264
2016-04-11,-0.17836987328381393,-0.07436382761653215,-0.17706197139523883,-0.048681729600363766,-0.163915097427336
2016-04-12,-0.17726586052082893,-0.06132194128403179,-0.1679304247753971,-0.041433258844082665,-0.1526508518693187
2016-04-13,-0.1922133990634849,-0.09158789301069592,-0.1880172799328811,-0.07220757405075562,-0.17927721541252928
2016-04-14,-0.23242414315183824,-0.11532788732500132,-0.21558257784104007,-0.10533042165964102,-0.18862283055065054
2016-04-15,-0.22411394115351158,-0.0892861461327269,-0.20597541136044972,-0.10012759336756949,-0.18545520924317416
2016-04-18,-0.2179311643074331,-0.06337251726363835,-0.20866969963443038,-0.09808935401846897,-0.1891971525162851
2016-04-19,-0.22490637355111442,-0.06869676569209782,-0.2204995590919614,-0.09739013279368514,-0.1933928218422587
2016-04-20,-0.2302093883143489,-0.08612110257098138,-0.22918089854740753,-0.10371972264327034,-0.18849886421132978
2016-04-21,-0.227716308892582,-0.07262811298077043,-0.16034873680084694,-0.12654518215255106,-0.17668365298700606
2016-04-22,-0.17952424377453613,-0.07187406676706642,-0.12238870109863131,-0.113853416630193,-0.1474363947691908
2016-04-25,-0.1228769360160501,-0.03856985640602706,-0.07210852006509938,-0.07847273617877715,-0.10530363861568959
2016-04-26,-0.11690174604827919,-0.03682462823339838,-0.07020758660542858,-0.05576902190004729,-0.10329004957864896
2016-04-27,-0.08753550510591424,-0.026399713542242798,-0.04577028865193011,-0.027951790598482185,-0.07875689111067663
2016-04-28,-0.07601320897735009,-0.015972187104930424,-0.041198491170595264,-0.007378385575898427,-0.06676013284258364
2016-04-29,-0.08065937437995885,-0.023261066061456726,-0.03820126495390841,-0.05264817473686367,-0.08332366616405162
2016-05-02,-0.11821098638087213,-0.06957572637662757,-0.09794255700319476,-0.09166367023970334,-0.12406307003031458
2016-05-03,-0.11827652242367348,-0.09097658407615372,-0.089963963131231,-0.07195110874462851,-0.12770498361737392
2016-05-04,-0.12255342092574673,-0.07935104251001768,-0.0816684405776934,-0.04283104000033189,-0.12264879808524409
2016-05-05,-0.10576049158272505,-0.08664798477484648,-0.05267843205519074,-0.040800351271429225,-0.1302733565568791
2016-05-06,-0.10051464157937184,-0.09103927263361089,-0.050328210036393206,-0.038671760716584735,-0.12813894244860757
2016-05-09,-0.08864597631921778,-0.08797162834072036,-0.018595460318218016,-0.03727395092390784,-0.11750981097739888
2016-05-10,-0.11489495575581143,-0.10244461343309541,-0.040638294625789606,-0.05818457699529922,-0.1355538369920517
2016-05-11,-0.07699323714214446,-0.09432584811963951,-0.013755482065716862,-0.057583226594756454,-0.12145351820101702
2016-05-12,-0.13661017402254816,-0.1434138600803233,-0.06212876842957149,-0.06836200091308087,-0.13483941587905213
2016-05-13,-0.19803233817324029,-0.19807689051876243,-0.13891423657370572,-0.11336905188594126,-0.15642813343973605
2016-05-16,-0.16656275588930036,-0.19372125821023523,-0.12648574501790188,-0.11153176005830323,-0.14116263474182134
2016-05-17,-0.15134783380931216,-0.17013975223648603,-0.09944505256619052,-0.07622033898478597,-0.11470615517534932
2016-05-18,-0.1318614009455258,-0.16940277554751892,-0.09343935276039728,-0.08381664014823464,-0.11869657229858488
2016-05-19,-0.08771386901868183,-0.14686788244530247,-0.05998635515413642,-0.058685799520961535,-0.09790359357471512
2016-05-20,-0.09621991358686433,-0.17355011284828303,-0.09440325026942531,-0.06839861947571413,-0.10090485574768449
2016-05-23,-0.10652384624353295,-0.17159491361374601,-0.1106334684443846,-0.0707395060693532,-0.10407107493352152
2016-05-24,-0.08553668078801768,-0.1663991597175436,-0.10891312165085232,-0.06668646402036205,-0.11066243798707398
2016-05-25,-0.06621070866470125,-0.14091933136322543,-0.08087749699739466,-0.044498714720849764,-0.10536548637220777
2016-05-26,-0.011107424998615834,-0.10851250555137049,-0.04696629556377285,-0.015585844076431266,-0.09041428516004701
2016-05-27,0.0951027237440949,-0.06748597753901109,0.021691003444372692,0.014481655820861139,-0.05342702007598432
2016-05-31,0.07959876230497276,-0.08973789979016156,0.017076967291149492,0.0005167305367712594,-0.048644621420240175
2016-06-01,0.12300454761629065,-0.05814770461381158,0.057458529814830905,0.017249748854153424,-0.016676799745563464
2016-06-02,0.13324896088086602,-0.05818627273851551,0.05003325720265872,0.025937331604041214,-0.013649017722180523
2016-06-03,0.16942560766723935,-0.035362139398415815,0.07697516718147868,0.03823053282064848,-0.0129073064054962
2016-06-06,0.15195119883914399,-0.01816859909808588,0.07455647396890952,0.02274367821310208,-0.020549116567102343
2016-06-07,0.11001239460005374,-0.04489288660218105,0.05435489607344346,-0.02414684957320845,-0.04281623345505203
2016-06-08,0.07536149759762689,-0.07956986871542615,0.021230055807795356,-0.14206864164212063,-0.02530481751387459
2016-06-09,0.08862268218793456,-0.08113174802410417,0.018629527145001434,-0.14392341031371958,-0.04296298730479853
2016-06-10,0.08026555777043343,-0.07326332342368502,0.01757807131960365,-0.1437087998982166,-0.022713650334615476
2016-06-13,0.14937122266129865,-0.037959223014548904,0.08329546197359061,-0.09203044006095862,0.034842246723065795
2016-06-14,0.19235841123108255,-0.014574213724053098,0.12710854014554207,-0.06018030456668466,0.10321870088069174
2016-06-15,0.19186605181794247,0.012085596111970576,0.10515276755445613,-0.06184282809592079,0.11935914070305009
2016-06-16,0.21825711614855337,0.01920038185289563,0.12096575034900425,-0.06963315736278408,0.11346699770243607
2016-06-17,0.21336046531134856,0.038674026240649306,0.11121543400416933,-0.06794191258908333,0.12975927972619705
2016-06-20,0.12790318375311993,-0.04463108999453458,0.02304147384427413,-0.1119439093698581,0.09095476498346233
2016-06-21,0.11859456388967415,-0.056632924136012286,0.00089168334781764,-0.11451132506679806,0.07674490686454116
2016-06-22,0.1268155428575981,-0.05214011916569439,0.017964102252160385,-0.09537982815205326,0.09081762496814716
2016-06-23,0.1389079983245498,-0.016706256564872124,0.07172906375485133,-0.04395043703214396,0.11988511027853477
2016-06-24,0.2736713403492377,0.0642410394155728,0.18095470181861462,-0.022448492866512293,0.16586984706743535
2016-06-27,0.37291383022714153,0.11360927003067589,0.2664901026037356,0.019042698259000623,0.16762472686461094
2016-06-28,0.28062413326665747,0.05798803161335053,0.209756046441955,-0.011755266887610194,0.14336099475765351
2016-06-29,0.26587153766473515,0.018257248745833454,0.16514668014144007,-0.042427252701073614,0.14595239573154184
2016-06-30,0.2371784562591428,0.0032862393072981,0.1476607559309524,-0.06860485361211466,0.12163309048241966
2016-07-01,0.22664020572730736,0.009596581865485065,0.16050276918259354,-0.06868646523460353,0.12563857783480348
2016-07-05,0.27410988725115026,0.04275619628318528,0.1911144350451468,-0.06607250653008989,0.13040496475282093
2016-07-06,0.29486933564226625,0.060036396882310994,0.22564229514149647,-0.05570702305744857,0.155300581601705
2016-07-07,0.2510121831921459,0.024846590344778985,0.18732846827012084,-0.07301947940286269,0.14314327271686267
2016-07-08,0.21834970374430918,-0.010649724908796232,0.13524591784624462,-0.10091666556813361,0.1251273616384112
2016-07-11,0.1587853066303373,-0.0343348699999535,0.10705024597646573,-0.1135808992996481,0.11601124438204358
2016-07-12,0.05334564393115171,-0.08252719978740708,0.028812864719479636,-0.14122881207160498,0.06926936714780774
2016-07-13,0.0670449187612947,-0.06541889995107919,0.03794151418691394,-0.1330264435291555,0.07968456762641418
2016-07-14,0.026474695219292244,-0.10516401293428301,-0.006687559143753852,-0.1477935301002603,0.05805463744663664
2016-07-15,0.012494855745765587,-0.09233891606620082,-0.011806902165039768,-0.15735321137561908,0.0386063684113227
2016-07-18,0.006890338917023842,-0.08352058803183338,-0.015929539637751677,-0.15356416775534354,0.04794493843434844
2016-07-19,0.03196043771340684,-0.07811064781371291,0.06562180364632453,-0.12731544184104837,0.06203437248842514
2016-07-20,0.013603745480677443,-0.08102677753508014,0.04368531353376426,-0.12014511176803366,0.06807414609192697
2016-07-21,0.03971602812241737,-0.03888100385432558,0.09065579845840777,-0.016895148019193118,0.043747667082433495
2016-07-22,0.007682491654793511,-0.04070311777386848,0.07399622620024227,-0.022197189054794397,0.06029205060771181
2016-07-25,0.03549231303318878,-0.04973585838096506,0.09063766379443039,-0.008284932748296447,0.05945222083753521
2016-07-26,0.06336484028847367,0.0021452566115707228,0.12465956044425042,0.013196659887485973,0.0720974923199762
2016-07-27,0.09026990794363732,0.025061808064713587,0.14586851146632585,0.036963256602618566,0.05522130877873743
2016-07-28,0.062333752193335146,-0.03563490866393404,0.10654006486272793,-0.0007597059771089487,0.010043728946290909
2016-07-29,0.08323216926730148,-0.00254957879820894,0.13563661107139224,0.024664570344127945,0.04256904039127041
2016-08-01,0.05286108184537075,-0.044169171017884534,0.09037159468197697,0.005426104666782727,0.014121731437497731
2016-08-02,0.0891947306207479,0.02566492530658837,0.14864860917345313,0.03939676489088417,0.03141268964915267
2016-08-03,0.08751469459185834,0.027819947218875818,0.15167031909049467,0.03373944645703597,0.030553578792786196
2016-08-04,0.05687886902720485,0.011823203348455102,0.11111107417383548,0.007399187884488123,0.01343160009656108
2016-08-05,0.02903571209417999,0.002825355153749598,0.05267505154096508,-0.0277461960226687,-0.004010899235093457
2016-08-08,0.023289962551166,0.010597155188242446,0.03753350447155035,-0.014149467967943918,-0.0013124548554305226
2016-08-09,0.0023126420158761096,0.029853386636569335,0.050616985974345496,-0.012003450595121867,0.030598052500853123
2016-08-10,0.03130460034027194,0.055372970150938006,0.08319189457769749,0.01193541020508504,0.022760800936105552
2016-08-11,0.016876029366134082,0.05667551717887709,0.07785065093163923,0.002718849882406449,-0.0009880627704931255
2016-08-12,0.00028650421228060274,0.04649266898571636,0.04989389309873449,0.012328580405901679,-0.00780365831185037
2016-08-15,0.003624367666447803,0.06202555970264334,0.049989619033218524,0.047851659959299964,0.0022020543470504528
2016-08-16,-0.024762085679200685,0.061991753588552356,0.055636550855620026,0.042442393362932096,0.003030385925127943
2016-08-17,-0.021311496504095362,0.040522674995812746,0.06143626122299284,0.03527865969016308,-0.030289750596606213
2016-08-18,-0.0016360172008985652,0.06177506591916937,0.10231098535076066,0.05564601335446451,-0.027178693996922965
2016-08-19,0.033159716686438134,0.08729959034254131,0.13081333250056448,0.09326003731962285,0.00029817367258333505
2016-08-22,0.0452778541197163,0.09669462589570266,0.14440891734018346,0.07938265059812766,0.027669676014932643
2016-08-23,0.04038445355264342,0.09893716887179682,0.13329117272336521,0.06568547067781094,0.01425355889668345
2016-08-24,0.04147324264081642,0.08621189971181509,0.13403364018139374,0.06846710359785302,0.0172261536841416
2016-08-25,0.02750519214996494,0.06800096620065155,0.11129814961896356,0.04851471659264761,-0.003365661663487396
2016-08-26,0.07341969050582686,0.10196726265568246,0.15639005756554925,0.09649809293055878,0.03924511955555343
2016-08-29,0.05612402490082835,0.06538995041541518,0.13993609346243785,0.0916324635984509,0.03415893344771992
2016-08-30,0.008907035421450882,0.0567812264886467,0.03706607820031871,0.07611626808213656,0.04263491340260228
2016-08-31,0.08099177283957726,0.08870747080685604,0.0650664310498954,0.12201639829348476,0.08040877694923165
2016-09-01,0.06650086533530541,0.08745260727393012,0.045392049538143464,0.1292702532312453,0.07508171158882737
2016-09-02,0.056118133723261465,0.05864971263889429,0.03797217891788773,0.11791808499929157,0.054684386029179466
2016-09-06,0.06466446180781782,0.07170012060738307,0.04966759768951978,0.12801087007981682,0.0450726184336212
2016-09-07,0.048516183431698945,0.051414055828720384,0.03278685379149504,0.09229596491286562,0.03421072713616935
2016-09-08,0.031512393119284,0.05523002731681026,0.04065487600549833,0.09107317826142691,0.05566435759481658
2016-09-09,0.036632833878659676,0.09059609895186149,0.060057152819097626,0.13631429719870325,0.08277644814513585
2016-09-12,0.038863016064273115,0.07622274219831837,0.03361504066718024,0.119248697385133,0.05473545189520035
2016-09-13,0.06208168620068566,0.09805497646481331,0.05790088524025361,0.12950993130087873,0.05971905728854732
2016-09-14,0.0805167435849139,0.11530161111632053,0.0584313635732614,0.04234545016716407,0.06721674483301943
2016-09-15,0.09612757343754086,0.11209461895815576,0.052407641316056575,0.06082722120576145,0.06451115249584016
2016-09-16,0.12876866490507188,0.12428644771599573,0.08058824726179536,0.07078439229000089,0.09254184232852958
2016-09-19,0.14559850166320576,0.11179105891137286,0.10341445354086409,0.09128017384491338,0.09940616984045092
2016-09-20,0.13228998472481068,0.11294194414369363,0.11309875713360129,0.0776751513617715,0.09053416695998906
2016-09-21,0.1453706683219882,0.10197100308124862,0.1176587676940477,0.07315095821811735,0.06386820092284862
2016-09-22,0.11998377004661953,0.08883077141845264,0.09600308823056802,0.06348774855303008,0.05481506495692878
2016-09-23,0.12068465135167905,0.10572490010972468,0.12325807036817338,0.08431803731158705,0.06826854669987137
2016-09-26,0.1908026992115346,0.16219725191570955,0.18361977505089278,0.12747496734161068,0.12337461561061724
2016-09-27,0.16125751662727428,0.1409185719101651,0.17655230217850915,0.08796042529183135,0.10183355161181673
2016-09-28,0.1863022260207794,0.1587754524834215,0.18693251577628822,0.1129496769193894,0.10543789464533915
2016-09-29,0.18388598583849602,0.1827302871881269,0.17207663946202167,0.143905201474132,0.15223998099969038
2016-09-30,0.17559073776116585,0.1837895052882974,0.14827517816460656,0.12728187025663762,0.14658049150387442
2016-10-03,0.1540997497705503,0.19282069174111593,0.18197180519641276,0.14116704068697006,0.1644593995088861
2016-10-04,0.19247915257820214,0.19227445550844835,0.22948070205481752,0.18105215372910166,0.14299410875475282
2016-10-05,0.17671550869457486,0.1805198355497175,0.21701970218143707,0.17263427433286194,0.14278074148452613
2016-10-06,0.20371266841302815,0.22017458569171122,0.25713229317934516,0.1919831376416663,0.14556971433587118
2016-10-07,0.22917575510285437,0.26124717618031146,0.2928815090890471,0.22329068447254175,0.1711900538258837
2016-10-10,0.18787199503721674,0.22791626169597667,0.27287817145093274,0.19084729119300947,0.13112772974603382
2016-10-11,0.20932787893744131,0.2615709212837678,0.29857995899770673,0.1837145279254888,0.18040564125697922
2016-10-12,0.24283003460276475,0.2589001895183516,0.3214825234856724,0.18395393408931748,0.18234992873795886
2016-10-13,0.19618276334385354,0.23636959240696265,0.305457219792574,0.1466896051432709,0.13846106752335707
2016-10-14,0.20614243021422474,0.2166251074040597,0.30169171065579015,0.15004858255544562,0.1442528488807322
2016-10-17,0.21846495045604852,0.24051132630173755,0.31472756601160046,0.14549009835516102,0.15502137515962966
2016-10-18,0.1831576196947855,0.22661540039766326,0.2844634231791181,0.11828196608249675,0.14519900234605787
2016-10-19,0.1288577742642707,0.17335825379682812,0.2350289126399212,0.11408273320915452,0.1322156332580886
2016-10-20,0.13861474854879496,0.17059479619790952,0.22450056596702006,0.13289220735597307,0.13096009587642587
2016-10-21,0.1487576861348192,0.16688347685113336,0.22769791384080618,0.10935691974653006,0.11901189953919888
2016-10-24,0.16864705596542695,0.20033879301560376,0.2894258728233736,0.12878605110209462,0.156362666750528
2016-10-25,0.22884429172563392,0.24570985425892533,0.3258282791330478,0.1908493859188063,0.2154789980829359
2016-10-26,0.22510942942502865,0.24605988022957614,0.3475360963435088,0.2944159993409572,0.24959952549257025
2016-10-27,0.24693866218188743,0.25437316568275126,0.38129365487264866,0.271560090255871,0.26699426586788566
2016-10-28,0.19096730394091033,0.21433216446583203,0.32897835334105463,0.26276465503244983,0.2128329503485471
2016-10-31,0.18129991431771453,0.19437608163948927,0.2902365933199582,0.23983773865229807,0.2073895440184581
2016-11-01,0.2070594627295712,0.19507644318578254,0.30250004359654015,0.24457940779926624,0.21385747673229583
2016-11-02,0.21938912748457917,0.20994407134992077,0.33220523207411623,0.27992175514660556,0.2748018043878775
2016-11-03,0.2094970549381987,0.20208473388192805,0.3303539505882811,0.26036060361448077,0.2785634183054504
2016-11-04,0.22244567232178092,0.1812635077836302,0.3014154106705276,0.24955906618467139,0.29050255284641513
2016-11-07,0.1863099814722542,0.1534526710034967,0.29933375427744036,0.22680658279377797,0.26643773740796406
2016-11-08,0.1863310026081617,0.14349880286543826,0.27668183219435916,0.210537796545625,0.2579249008224329
2016-11-09,0.14807810235202878,0.10055206743350409,0.23382672748273947,0.18850606614480725,0.22213838789711549
2016-11-10,0.14609918779293785,0.08574519704724692,0.24774779160907867,0.15851073532108662,0.2062158997019603
2016-11-11,0.13230841634205248,0.08581265012304962,0.2393360691941131,0.15414029124776296,0.20350906658906442
2016-11-14,0.09838703222297207,0.04297428153551519,0.1682554875063813,0.10864005965603374,0.1395348230611324
2016-11-15,0.055630212479868435,0.03483728831178445,0.10929460320217466,0.08771622496689768,0.13151854268193075
2016-11-16,0.050393667641029705,0.03820159919801758,0.11267171379264074,0.08933705854649188,0.14092879978498796
2016-11-17,0.01025523218485147,0.019995545258742586,0.07147065179043421,0.07274398345417099,0.11604320970680826
2016-11-18,0.009511360357751908,0.036809807364463154,0.06926337185717601,0.09241833528830523,0.12218463750617681
2016-11-21,-0.004123134977264464,0.023040801907691533,0.028120053652372246,0.06793613898568296,0.1139884970531404
2016-11-22,0.0028211464592302615,0.0159508931980592,0.026906514339309906,0.06234207765374111,0.06684688941459949
2016-11-23,0.015969040045653804,0.009754293368519962,0.020034367213865867,0.06411420607505769,0.054363795930920444
2016-11-25,0.03545479310891708,0.03432149699436704,0.05093461992790549,0.0842844649038541,0.11178269050320466
2016-11-28,0.046021286476032985,0.0608372512184141,0.08361012152386049,0.08985748048802322,0.13793498177519448
2016-11-29,0.025805217028781247,0.047335062705209596,0.06138839220252246,0.08210383747917716,0.12660075404385784
2016-11-30,0.02605501190102877,0.06330432389361285,0.07788256684932215,0.09974042606126399,0.14646913351156
2016-12-01,0.021858143692480958,0.05358986658610121,0.07696796478912482,0.06961873956348508,0.12732320503632266
2016-12-02,0.03340578022960994,0.041192069750495275,0.06828357999360524,0.05379361016689144,0.09548488429773117
2016-12-05,0.03368307697966477,0.03931403578558701,0.08438315743589309,0.06599972806963317,0.13354191151400396
2016-12-06,0.033814345968601556,0.021646701803994306,0.06016621910132902,0.07151867899531461,0.11686341038056813
2016-12-07,-0.0351489778880022,-0.045596541765997256,0.00441805458340383,0.0018052416018452533,0.061594596216773656
2016-12-08,-0.010613746309034555,-0.03719596293540273,0.006048975176357718,0.0010083418867865568,0.048673140535618664
2016-12-09,-0.034851012284321414,-0.030706914200183122,-0.021019048417476593,-0.006628055269973232,0.040213660910546345
2016-12-12,0.04202564057047842,0.018611385012022197,0.029218998526310047,0.092161191801724,0.1057303138083383
2016-12-13,-0.018603726207848892,0.0008056283211819171,0.02577525897350319,0.06357214113370047,0.09508475222691226
2016-12-14,-0.0630213251187205,-0.04315540789300154,-0.01672609240290568,0.062297469234122715,0.09006724368573993
2016-12-15,-0.0838507918208008,-0.06455441482161495,-0.057761728064470885,0.0339986318345431,0.04105631645341501
2016-12-16,-0.07516262405766894,-0.05781529709211575,-0.03950544053142091,0.056078279414201404,0.05522352873130254
2016-12-19,-0.09407153738409613,-0.06029339340957107,-0.03141788214040564,0.04985135526517537,0.04649608620603951
2016-12-20,-0.10199092340717508,-0.058116272657467216,-0.03931630996949642,0.039104097122163894,0.027632091010712623
2016-12-21,-0.0842935942106332,-0.05223881411983078,-0.029318557645455212,0.047778763719958484,0.04389827137116442
2016-12-22,-0.07229395575217079,-0.03313254538472166,-0.039088845268191896,0.05552212573379878,0.05611676727830184
2016-12-23,-0.07054446758611232,-0.03587882443985613,-0.041315736454866525,0.04895953433875899,0.07486456751401915
2016-12-27,-0.045402678342228886,-0.020452860003708384,-0.022632849249413445,0.07981757458602767,0.0869227950257414
2016-12-28,-0.023425164394346387,-0.005049374910471305,-0.012647903177140152,0.09049242602991847,0.09764354187458224
2016-12-29,0.005617706234734898,0.015209821102107668,0.007641888208545611,0.11015934398155491,0.10719527449375565
2016-12-30,-0.0003517244942037312,0.013620710255420665,0.01180022835842287,0.10975122391568681,0.08531478668832349
2017-01-03,0.02906559112327134,0.03415555146362781,0.04180994297628238,0.14625854630828394,0.10181824590880373
2017-01-04,0.008018700297853565,0.0025639716841008298,0.03629144957144481,0.098245984247334,0.08757683540391836
2017-01-05,0.024500582161304463,0.030162638905984362,0.07091496909143302,0.13572410644715371,0.10414545622780746
2017-01-06,0.015237515958907766,0.030797000374023442,0.05660642791163162,0.15882211509759459,0.114162098758678
2017-01-09,-0.013954614675512844,0.029033742871292567,0.05822112229166132,0.15129205189643935,0.11526040412894534
2017-01-10,-0.04697742294972718,-0.004890952602760512,0.012218216830572004,0.11530978868900021,0.04551738613393663
2017-01-11,-0.04640345921476996,-0.015147306992972176,0.0005330612345324504,0.13273998076434235,0.03743185327072274
2017-01-12,-0.03486452879650981,-0.004897823187826389,0.01729728080130921,0.1454617947730319,0.052365920765945484
2017-01-13,-0.02490824210150544,-0.021496904632764102,-0.0030947706926539587,0.13000970574609516,0.04032649583731418
2017-01-17,0.0095129971019976,0.017943425084249842,0.022375936719271294,0.17197480124001263,0.07644912660033287
2017-01-18,-0.03816759419530391,-0.0028064853435507686,-0.009729746225717872,0.1427151053578566,0.04012786740908503
2017-01-19,-0.007106600002388941,0.012665801698521939,0.021210480492115602,0.1755539904599217,0.0533547601586879
2017-01-20,-0.053942147589916,-0.028823608982828763,-0.027910666317712773,0.1266391122316306,0.023438757958119005
2017-01-23,-0.04261339195135316,-0.01928245099529391,-0.0015120358811211432,0.13994628730836478,0.025198841211554024
2017-01-24,-0.05364268210587253,-0.031963279898544195,0.0035529124780842025,0.1435777104921645,0.02838093527454122
2017-01-25,-0.09358400775974196,-0.0548308958061533,-0.014268181473229058,0.14148989094676656,0.01814294204126843
2017-01-26,-0.11277176368244612,-0.05499660404814943,-0.040329013349619136,0.038153506981158714,0.010530332974647783
2017-01-27,-0.095543449207247,-0.043492233575825656,-0.06140822100599341,0.03576525581339318,0.018393222959996347
2017-01-30,-0.08014145593973487,-0.025294979175987553,-0.0720858628130211,0.011881894004726057,0.006725704440527558
2017-01-31,-0.04669809818470183,0.0029171968651067193,-0.03263804472706755,0.03965782314314015,0.019569152344416363
2017-02-01,-0.04145965664932205,0.007166586942384479,-0.05484059337218261,0.0287168593669056,0.008567553545691942
2017-02-02,-0.049925259305138026,-0.014455671765004174,-0.07416133240068723,0.007804131971560935,-0.00931159548210192
2017-02-03,-0.05446285049904975,-0.01617972067475959,-0.07623870628187612,0.012537790103984925,0.010886266059417338
2017-02-06,-0.10574166744732716,-0.05302208888824678,-0.11183675130208337,-0.020721968729671914,-0.0286389390507914
2017-02-07,-0.10472117069896647,-0.04627115211041388,-0.06087815838896815,-0.009213697424059086,-0.00947513160887814
2017-02-08,-0.07895909862254513,-0.04152282706566324,-0.05857736578809092,-0.008670911174685658,-0.029404302348536304
2017-02-09,-0.09870417281348254,-0.06379335894980609,-0.06919707891844085,-0.033353629659698236,-0.034712676172325097
2017-02-10,-0.10139929282357885,-0.06042501696326985,-0.05826440518517206,-0.031767108726657334,-0.021111073389313728
2017-02-13,-0.10145516925215536,-0.06681631952739975,-0.04198264663957396,-0.02594095220489745,-0.014191034094419575
2017-02-14,-0.09899081295468037,-0.07475175715714244,-0.052752908900743245,-0.03140342868362411,-0.017729247744001086
2017-02-15,-0.10517455297610634,-0.09216077395987354,-0.06561057717099839,-0.05875904482432759,-0.03103650863774643
2017-02-16,-0.09942520788341436,-0.09221099385303244,-0.06647282808262533,-0.044132973142673615,-0.046230284714575465
2017-02-17,-0.09507566123762856,-0.09224389743740469,-0.06068984552283796,-0.056280685781192163,-0.043788717491804574
2017-02-21,-0.1262551420106658,-0.11561149862862574,-0.0749237667617011,-0.08118980303105894,-0.06614221089413241
2017-02-22,-0.10816052438951385,-0.11486365073708404,-0.07119186961230273,-0.07713929472217373,-0.07403610043512943
2017-02-23,-0.09501088264700974,-0.10340725711160481,-0.0582081072961409,-0.06613868176401971,-0.06736876780625278
2017-02-24,-0.09658591619684431,-0.10483550322137503,-0.055940389920175915,-0.06670778339164185,-0.08081630166661657
2017-02-27,-0.08635574662443468,-0.10844564996673667,-0.049946894224240146,-0.07043705052645477,-0.08994274326459117
2017-02-28,-0.052415958756037107,-0.09293013451148502,-0.0456201568428124,-0.045746898042809736,-0.09180123039308263
2017-03-01,-0.0664685174331483,-0.11718613413840984,-0.0724233867711418,-0.0555943847349194,-0.11552280913824031
2017-03-02,-0.051837431394460176,-0.11869498959167468,-0.057450861825915744,-0.05498487161716015,-0.1040888186411344
2017-03-03,-0.055318316613035545,-0.11530025952551093,-0.06376504733878552,-0.06871855953369521,-0.12158889920455551
2017-03-06,-0.033105116510023014,-0.09089021239689976,-0.07369427720300592,-0.05290626180800306,-0.10452240324688278
2017-03-07,-0.009812577460261762,-0.05373639580105205,-0.046117820791150566,-0.038359911732642415,-0.08336836852000817
2017-03-08,0.007351478556834712,-0.036501284956914626,-0.049564260193926235,-0.012879171408599066,-0.07174354426554286
2017-03-09,0.042002944356748007,-0.0364017735066684,-0.041080828774785916,-0.012952445835796245,-0.059822898555973114
2017-03-10,0.05785849017582745,-0.022959916877070663,-0.018523588688499237,0.010916509953243336,-0.06138083243304571
2017-03-13,0.1000709865060565,-0.013093876399277615,0.01603439901286441,0.04771523029204183,-0.05342727005191672
2017-03-14,0.12594040872940937,0.0019446809881749072,0.0718256733298619,0.07677782248044873,-0.06613747956697147
2017-03-15,0.04490380209861833,-0.030726871829078184,0.037113082694043786,0.026892606623073245,-0.10937501326430177
2017-03-16,0.011630842206707515,-0.041552525572502774,0.039224417135015344,0.03822693501768937,-0.09613345289616537
2017-03-17,0.008629099587035505,-0.023865762745028496,0.05210354364181535,0.05829258450818986,-0.09575848805308051
2017-03-20,0.05203839659956322,0.020917884992646574,0.09556978488362433,0.09130038862954981,-0.08785061697523044
2017-03-21,0.08659074509070197,0.06129191041353255,0.13679535037013313,0.12104864680538663,-0.05981982495051097
2017-03-22,0.08822785801122857,0.06340188526027069,0.11889480323682355,0.11208517735679302,-0.08060688297290763
2017-03-23,0.07486106340675458,0.06054005045112443,0.1155556007667824,0.11514235558581598,-0.09367360666694502
2017-03-24,0.0769231930937686,0.05478269302069294,0.10378335080355727,0.09256792169066896,-0.117951399051889
2017-03-27,0.12793479607637281,0.07505462006247576,0.14889571297676607,0.10211792150770549,-0.1135790190013588
2017-03-28,0.11032864435785772,0.07393092306315996,0.11040437410004911,0.07713577653841752,-0.1364062697092322
2017-03-29,0.10915176670953763,0.08139288309491421,0.10751613887311495,0.08620041872153283,-0.11293725119746278
2017-03-30,0.07965881170385258,0.058785538221875155,0.07954231392921796,0.06297562156262182,-0.10751677285027783
2017-03-31,0.1059225618584021,0.07724107780757494,0.10121746301892909,0.0794269000957688,-0.07970097234375151
2017-04-03,0.10815264622280596,0.06886875348319643,0.10805885423065709,0.07907379229520828,-0.08271112978026074
2017-04-04,0.10065332725975251,0.06265905630034618,0.09202978744765589,0.07480662951332939,-0.08900475360791649
2017-04-05,0.08317959210176418,0.06158440253455422,0.08449908656346627,0.07385175702194036,-0.0778455484081153
2017-04-06,0.086226796177588,0.06934254073643276,0.1105098547611898,0.08729841525056736,-0.050915480017126535
2017-04-07,0.10761783403967407,0.07791965248562027,0.11343116855354607,0.08030777042366832,-0.04015699186561561
2017-04-10,0.10492614629122232,0.08494634760084807,0.10500562763880583,0.09996309139641024,-0.03311972970714794
2017-04-11,0.06694099568090506,0.08348850611368519,0.11639094135896877,0.08209211777347991,-0.04495118470590498
2017-04-12,0.09470883769472893,0.12336338857168316,0.16416421145194704,0.09745978579729475,-0.019919575175188053
2017-04-13,0.12675804229759646,0.15850895315138347,0.17634284579399662,0.11710542113893929,0.0069971034116727004
2017-04-17,0.08666667557202445,0.1107551740220789,0.11982483763144858,0.086988115403686,-0.009076916126850909
2017-04-18,0.10737808996790044,0.11083719054781871,0.1759409323829566,0.10418949733160021,0.00965714763643355
2017-04-19,0.107108576059876,0.11036438090291134,0.16871124674478977,0.10338497355130749,0.015597038802076746
2017-04-20,0.09744874325576025,0.11911069265233798,0.175214830842777,0.07882045116169722,0.014301498066784601
2017-04-21,0.10403334552643351,0.1333531840741038,0.17409432195782815,0.09862597943806373,0.005765792610250342
2017-04-24,0.07336580981917806,0.09893038466813997,0.144225322024923,0.06611297645123893,-0.012754671846155086
2017-04-25,0.09353184430387285,0.12315856423991378,0.15062705731344694,0.05245073584622095,0.006590081388240021
2017-04-26,0.11079182555016409,0.1442214662205632,0.1288377201192039,0.04114435938210104,0.029668816412061316
2017-04-27,0.14548092488396414,0.16371349960589465,0.11499300189170136,0.06876012061993397,0.06271112077411733
2017-04-28,0.16345700288934428,0.15460242438744287,0.10710731192879375,0.051448365621835856,0.05021561506496042
2017-05-01,0.1776730145506793,0.14721500869377202,0.10260434123101114,0.05424451813786524,0.05700511146177978
2017-05-02,0.12825047390422473,0.08977037220073592,0.048958547439272415,0.0226905418151524,0.034724430865719746
2017-05-03,0.12057738085255609,0.0716677855272938,0.042177567605884425,0.035673213070782195,0.024602290116438885
2017-05-04,0.11352919352361757,0.0734805371584839,0.024963222877712576,0.03556946264292371,0.04251161247228663
2017-05-05,0.11810705254966214,0.08267309417456215,0.044223028774265316,0.045315169308626224,0.0687365540057796
2017-05-08,0.07105959164384057,0.07116845894502255,0.030674784200987792,0.05176063537583442,0.07403462633892044
2017-05-09,0.03088968572948847,0.05902337851153505,-0.01222159995633132,0.049359045892906295,0.08252404784825318
2017-05-10,0.03753572227402757,0.061185130011111255,-0.014003896381656555,0.056153406665726324,0.09808884211067159
2017-05-11,0.047157654449212494,0.06938759831563868,-0.007368144911156449,0.06814426547720531,0.09936909265298222
2017-05-12,0.0643681185188032,0.08364302536326407,0.008114056896648902,0.08140786908738717,0.09103354530080865
2017-05-15,0.03898876862381617,0.071653117846467,-0.023010681250294818,0.0621689574142803,0.051519022380382085
2017-05-16,0.049211756161287035,0.09193431061766422,-0.029850754910566435,0.06639243453793564,0.04721552447537758
2017-05-17,0.10463060805949387,0.12840371787593985,-0.009713807571608224,0.08587460700454241,0.088004185619458
2017-05-18,0.12698757957250373,0.12757024139436535,-0.009607835281399413,0.0869079282345,0.08484422381358758
2017-05-19,0.11432987048272958,0.12157662961308313,-0.03718904079299523,0.07165431363630259,0.06680854911368295
2017-05-22,0.10928368318020087,0.12043758415172401,-0.03015708703290987,0.07418649760312368,0.07035646321301159
2017-05-23,0.11551650374754541,0.11895495357979646,-0.016702514427597515,0.06457894250940699,0.06551655008656532
2017-05-24,0.13384630743856984,0.13484773184913212,0.0,0.08045170012023917,0.11059841706215945
2017-05-25,0.09662644074233517,0.08749978005865722,-0.038693052256242644,0.03842759809555085,0.07345799721071411
2017-05-26,0.058883705552442045,0.068504014679718,-0.05329233022836544,0.020904668563231033,0.05714613494934162
2017-05-30,0.1217684204867373,0.13086026757868385,0.016151404155165583,0.04587833326279034,0.10278540157951355
2017-05-31,0.11154717908835243,0.10930154850344898,0.0062758881823961055,0.034260391372253896,0.0768523634525271
2017-06-01,0.10540258829483551,0.10591819118955992,-0.013954122449610251,0.02916272122630814,0.049869570710556754
2017-06-02,0.08784335830667445,0.06739642561732917,-0.027428989802299797,0.03162596334289125,0.031015621923653702
2017-06-05,0.06855653969486397,0.050009713918695464,-0.03391694263707823,0.009509833207327567,0.01623715986815455
2017-06-06,0.05770004086042535,0.04997051461928237,-0.08616445327507549,0.021796808061999462,0.011995571288901719
2017-06-07,0.029099464785732776,0.010713470473461717,-0.11731571640254346,0.0073384128283520145,-0.02824748620051598
2017-06-08,0.00933309622177192,-0.010976519404340301,-0.11115247542689599,0.018931643471706172,-0.02529265571593242
2017-06-09,0.02009151591559899,-0.027919316023022334,-0.1065584337278268,0.005886510119898158,-0.03246980156157564
2017-06-12,0.022837566325096814,-0.02124422169838136,-0.10613662220129172,-0.0028819977988461254,-0.02145111375992237
2017-06-13,0.031546891930870125,-0.014266709301963165,-0.09344353613165102,0.005235647431047319,-0.013384262940183245
2017-06-14,0.012350723888721715,-0.03525327980399606,-0.12209903969567415,-0.04972274732289572,-0.013345417122756165
2017-06-15,0.028100227067044736,-0.023855637852320255,-0.12231703558845386,-0.05905855544669947,-0.023639954280742836
2017-06-16,0.03381823278879481,-0.05076925801030108,-0.11852043004427393,-0.07928342093262153,-0.03955398982086622
2017-06-19,0.0281916196574179,-0.046467339154268816,-0.1369705839916997,-0.08535758022754925,-0.057948656018678046
2017-06-20,0.05038541503770433,-0.03380987099758126,-0.12732914717031207,-0.07674480301654008,-0.04195101633179954
2017-06-21,0.04377430667172977,-0.03252348183488052,-0.12114955973897812,-0.0806160273209311,-0.06429604275278744
2017-06-22,0.0373698790131054,-0.0416585918791903,-0.11026460455304943,-0.0802990193722527,-0.05658109740475936
2017-06-23,0.04009864168058752,-0.04100528909626422,-0.1093892619576774,-0.10578173621143361,-0.06144287661591996
2017-06-26,0.02501042621462979,-0.04842085951283159,-0.11995323913016775,-0.11238881835447945,-0.06294710571613604
2017-06-27,0.01855656017401275,-0.059992199607185936,-0.11763161107113485,-0.11087632681779136,-0.05150691194285939
2017-06-28,-0.012213693062619102,-0.08915297451362603,-0.14941329257426128,-0.12901138720814098,-0.05225654896974752
2017-06-29,-0.023618057454933505,-0.08149241408708763,-0.1268557712767464,-0.12409010751598515,-0.051964033012889654
2017-06-30,-0.028040406015974906,-0.06829179091991999,-0.11348838425949959,-0.11940765860541103,-0.05202774434413249
2017-07-03,-0.03515724936383913,-0.07658154396924644,-0.10815133921884679,-0.1106815202153083,-0.06993997249581274
2017-07-05,-0.05368322117269053,-0.07730540997605351,-0.1256859502418749,-0.12428774092809358,-0.0818362582049661
2017-07-06,-0.11386424548442808,-0.12580473723272,-0.1674173502703079,-0.16114271472093733,-0.12450769977496356
2017-07-07,-0.13931001033400636,-0.14298574023799038,-0.17975680266717597,-0.17232246222149739,-0.16130355813412856
2017-07-10,-0.1302181507991106,-0.12208016347430584,-0.17135194602686077,-0.15190879455547102,-0.15780647872413645
2017-07-11,-0.11834689938921905,-0.12574585129196203,-0.15886637430572215,-0.13355396402161224,-0.1547429547921947
2017-07-12,-0.18105598243399557,-0.16225220947199437,-0.21979383107593697,-0.16493169081014425,-0.2054115494063431
2017-07-13,-0.20076078821100385,-0.16510126868862518,-0.23312958779570925,-0.18044718235024426,-0.2127515949819324
2017-07-14,-0.163744316195361,-0.14780561695008887,-0.20651218758775358,-0.14737132161057898,-0.18153704739606225
2017-07-17,-0.16389128989373825,-0.1351901149941025,-0.20844820140224796,-0.16525402168920578,-0.18994753326637936
2017-07-18,-0.15991749981642223,-0.1304469332388889,-0.20291510553367031,-0.16224758567451636,-0.1773010934580237
2017-07-19,-0.15586582692135142,-0.12376911052224593,-0.16460126289913912,-0.15908537147912727,-0.17570664056091623
2017-07-20,-0.14347066470663505,-0.1009884295561223,-0.14039959058688545,-0.13473466616215346,-0.15891182899114564
2017-07-21,-0.12537264184050945,-0.08482773470376304,-0.12770713187958027,-0.1321808544947327,-0.14523737013493865
2017-07-24,-0.14178854178913958,-0.10467552259536472,-0.13247198339666966,-0.14295821625375738,-0.15728178056329156
2017-07-25,-0.12270546542803007,-0.06734349620292512,-0.1316925890010885,-0.11950143118074497,-0.15118471684763268
2017-07-26,-0.13881718855945258,-0.07247551245588457,-0.16600222647115404,-0.1207630914744976,-0.16284404682038067
2017-07-27,-0.12623141629765022,-0.04639664878072047,-0.14260531343826766,-0.0632187970968584,-0.15231166233646454
2017-07-28,-0.08985910120581342,-0.023737386681198624,-0.10931052547400766,-0.05011625164624989,-0.1210096157664744
2017-07-31,-0.08041431034314828,-6.644854694737301e-05,-0.09515364358260048,-0.02582875779504079,-0.1011707689162793
2017-08-01,-0.07764732289523213,-0.015451606645915383,-0.09136458454428142,-0.01672815960415497,-0.10540535033808196
2017-08-02,-0.08258307563858092,-0.028559041255700524,-0.09178532350713209,-0.021953333670850395,-0.09176076384859855
2017-08-03,-0.0881639061116617,-0.03971470262658949,-0.12303861129136928,-0.02249035586955561,-0.11091539504476022
2017-08-04,-0.10626166975539053,-0.046241010075824596,-0.15672620051965347,-0.04177123022933105,-0.1458600415709178
2017-08-07,-0.12079837140389638,-0.05006181518684638,-0.1586489043859146,-0.03078775169384218,-0.15683881004571087
2017-08-08,-0.08975736923894317,-0.03895300925963019,-0.1435314856295815,-0.007900715298058247,-0.13946317972484246
2017-08-09,-0.0610547363779641,-0.024138734916761106,-0.12719950924310397,0.0012403128875977387,-0.13226967945685153
2017-08-10,-0.030689966999158047,-0.005239994825935512,-0.09871242853435747,0.019413892030160973,-0.10453171408564899
2017-08-11,-0.013443799271087076,-0.017136878414165335,-0.09761657585791883,0.020483820523421903,-0.11126492371952434
2017-08-14,-0.02519975933491314,-0.02510018523962465,-0.1053814851712862,0.020657658168357296,-0.11573517774421649
2017-08-15,-0.034419066837716006,-0.03789651373900982,-0.09020312123821339,0.01468780300942174,-0.1016255735292605
2017-08-16,-0.019004249841859444,-0.030081846647527555,-0.08607290016642843,0.017925701616827938,-0.09133130301952397
2017-08-17,0.03171859946338773,0.02106925582845287,-0.05904167017477324,0.05571007151054497,-0.04327663908007562
2017-08-18,0.04785946936843777,0.017892794104361398,-0.06671814200500725,0.05550163505285899,-0.018100615860781266
2017-08-21,0.10500999740936612,0.0719514682422775,-0.010948328468442292,0.0953850583532263,0.027827590577600647
2017-08-22,0.11715466425868182,0.09353127477594958,-0.0035548027571477014,0.09264461108149025,0.04837239955130568
2017-08-23,0.1498748831057357,0.11909937058918318,0.023714751239002574,0.1270300693814974,0.06461077091477985
2017-08-24,0.19524694474844018,0.15040922955554037,0.0613207626192922,0.15243542006128985,0.09575618995987578
2017-08-25,0.11823205904520928,0.10839751037164524,0.021148931896817214,0.09453298104441687,0.06461013475370625
2017-08-28,0.17975530381870053,0.12247062373053041,0.07236737267459015,0.12096601015877351,0.08572203151999136
2017-08-29,0.18559260669624678,0.13835266337513064,0.07171254857688569,0.13777701017460764,0.09599331814553258
2017-08-30,0.18795135597403956,0.13410177710311366,0.07449208155087073,0.14149847190443787,0.08458124661246602
2017-08-31,0.17791700197339644,0.14346249585360882,0.09054229653398171,0.13387036803279595,0.08438259744207155
2017-09-01,0.15360849659725084,0.12836701475539325,0.07240103509484808,0.12818552591116972,0.0707915603339373
2017-09-05,0.18556467264180787,0.15095934500552355,0.10491004618967925,0.14841603915599877,0.10225857429463958
2017-09-06,0.17422705490626478,0.1154254039154321,0.12696827117899878,0.13857165579505337,0.09161236959049623
2017-09-07,0.17495413480185484,0.10929551520851599,0.020484754365542646,0.12296503057562047,0.07750135869983077
2017-09-08,0.19105517163514119,0.12265532701900406,0.02603632117084409,0.12294346885044205,0.07254364461433593
2017-09-11,0.11164417404700622,0.07087259931971235,-0.022494221484380406,0.09626872081334548,0.04167248256479672
2017-09-12,0.12227256658284591,0.08442088091354005,-0.021717860787099585,0.08989812148827436,0.04022528797741476
2017-09-13,0.08553212804315136,0.06655777868517765,-0.028219294238934767,0.04573735246232302,-0.09565679229400992
2017-09-14,0.05239245974806317,0.05510624520618368,-0.02122447733976407,0.013983401656508798,-0.15627827141638218
2017-09-15,0.033912984530744206,0.04787537717666779,0.007525096466231451,-0.011147863412518277,-0.1155685371823052
2017-09-18,0.0428163616597681,0.04941626805361965,0.016004135181683532,0.011831956243087083,-0.09046130843061961
2017-09-19,0.054979811646069354,0.044467548991227845,0.016336437465285458,0.005977071636962705,-0.08596360944020587
2017-09-20,0.053280397651487954,0.04808501276295418,0.009989631461225557,-0.004792590837173538,-0.09890421800937432
2017-09-21,0.023115162385983767,0.04526560565400328,-0.004442137825999226,-0.011715004644241134,-0.1270058017145036
2017-09-22,0.008287091121495394,0.039818534840533104,0.014455821425974014,-0.014382070567759309,-0.14849478427310658
2017-09-25,-0.003983189016499522,0.04656466084770905,0.00807536260642916,-0.01088530700864021,-0.1450729467231323
2017-09-26,-0.02353938293361557,0.02907234132511105,-0.016253371577462983,-0.033201722117622956,-0.17022407107840776
2017-09-27,-0.010245428810541357,0.04903585823220857,-0.032829941892866366,-0.033464499055466446,-0.17336872496913291
2017-09-28,-0.03621832836209948,0.018215691922886634,-0.04529104749304347,-0.0482465480016544,-0.17780417650396396
2017-09-29,-0.033052806140548174,0.013894648308216961,-0.038764792525399105,-0.044479859354294105,-0.1815916540068393
2017-10-02,-0.039594421895800314,0.01643436799011555,-0.04335593113773928,-0.048937633584729356,-0.19875369905779194
2017-10-03,-0.0910650600613252,-0.04585365476463987,-0.10820079034533059,-0.08135357642843233,-0.23044294893440564
2017-10-04,-0.06774443914032424,-0.04325057830996859,-0.1082674020486113,-0.06423448929079567,-0.20286991534209975
2017-10-05,-0.05489712104001221,-0.017726969301375184,-0.0876865580909243,-0.05180991054290296,-0.17404382382203654
2017-10-06,-0.07419566880738016,-0.0361476302143916,-0.10804596531893562,-0.06382616190200263,-0.1757696526303988
2017-10-09,-0.055446276448913645,-0.031701756260039016,-0.09180832931817262,-0.05220262599252812,-0.17423222708983266
2017-10-10,-0.0805860182703555,-0.03253821725780992,-0.11828118712114966,-0.0444751125043924,-0.17587496826478044
2017-10-11,-0.07691580080910387,-0.04421298609602864,-0.11439173181931739,-0.05909468199989765,-0.19188348564039448
2017-10-12,-0.07566336386264694,-0.050616339137068866,-0.10819326456345413,-0.06240426450897574,-0.18287527103238277
2017-10-13,-0.0792028839237654,-0.07526842067761141,-0.12549947581079957,-0.07645478979577991,-0.18902354959344214
2017-10-16,-0.05628894044907995,-0.05082649017432095,-0.10097085331847344,-0.04602581644694448,-0.15999245853693222
2017-10-17,-0.052086829889156805,-0.006365888484004101,-0.08028442915325928,0.0025542710006627445,-0.137808409697457
2017-10-18,-0.027473599054216646,0.007363225472869717,-0.06868654678152086,0.031276480999544276,-0.13609426959507231
2017-10-19,-0.04664550443116988,0.002178902449371911,0.04667114373534553,0.022002359706656538,-0.14735924073335405
2017-10-20,-0.036407960405686834,-0.0005788387200525991,0.04490815623012656,0.044803681486828006,-0.13929119842596105
2017-10-23,-0.027494641487879057,0.008338564844326823,0.052453508779290337,0.05037437759099794,-0.1312030887403588
2017-10-24,-0.04295227543408242,-0.010429278019161714,0.038057065349756725,0.04156514100090836,-0.1417323257055415
2017-10-25,-0.0005606092220062919,0.02875736967014353,0.060247008021814485,0.10475668667278626,0.011097807546980087
2017-10-26,0.05187639883962225,0.05620667793377354,0.06005001548467992,0.15148812168856063,0.07152844353328125
2017-10-27,0.08099929007169226,0.08204634918977849,0.06622403093393414,0.17258366312469842,0.05191399915007655
2017-10-30,0.07048682909716208,0.07199640283099473,0.07317072540369951,0.16131398726086466,0.05502242362299148
2017-10-31,0.0721843319362192,0.07862592731039286,0.07780436512784816,0.17467745163782844,0.05002648165853074
2017-11-01,0.05183833922898873,0.10414533273069404,0.076568924372455,0.18502622903654853,0.059667685756837896
2017-11-02,0.08048563798830544,0.12135524325903302,0.09421654059791695,0.2008019432588748,0.11785483181788892
2017-11-03,0.08751841967039753,0.11942127399020319,0.08231342677476139,0.2159833750652118,0.16094032275769976
2017-11-06,0.08509018016218062,0.10929084657501442,0.07526706064834077,0.21155124339047737,0.14986216717105982
2017-11-07,0.11996746569444228,0.13343528186863818,0.12246640356885696,0.22933184528496042,0.19139544703849243
2017-11-08,0.1409443905373664,0.12622003679901161,0.14188731958850997,0.22503221280799868,0.2085854597339678
2017-11-09,0.15152179964102608,0.14613905009373185,0.15173832339382232,0.23651111303540473,0.19617111839572088
2017-11-10,0.15342642978106857,0.161404326003179,0.15088855002197743,0.2360048318364405,0.20441635314346795
2017-11-13,0.14560566359953397,0.15573370967103162,0.16104482186697133,0.24119953922989912,0.21042660871502328
2017-11-14,0.14516479735679688,0.15952074134149075,0.18076923102573272,0.22797550943821476,0.21446884373356423
2017-11-15,0.10256419826194851,0.14227442482431307,0.172377797148751,0.2004911565908274,0.14592868589573715
2017-11-16,0.11136741939874129,0.1246776170231001,0.17484666126229564,0.20181884733426947,0.14392630172287801
2017-11-17,0.10445256432354033,0.11782386840273906,0.17680407157971256,0.1888456551956268,0.12950119756007794
2017-11-20,0.10442447314638059,0.11849783652511103,0.17869305845179762,0.18630004322742066,0.11724676514764343
2017-11-21,0.08221997769145584,0.10459845322732986,0.16161449797088268,0.16273734193642064,0.11406573375027884
2017-11-22,0.07131113983448589,0.08470557629716313,0.14776350665846505,0.16409266663205346,0.10933192096485866
2017-11-24,0.07248763220125065,0.08102145460693189,0.15228004383788707,0.1335978195848051,0.09006112985467518
2017-11-27,0.11069828775890156,0.126436558248749,0.23675751637062903,0.1554537039899644,0.10235604759925532
2017-11-28,0.1462819261643724,0.1569788584003371,0.27014452056023,0.15669534003938645,0.11175523180974567
2017-11-29,0.18720823439106882,0.14836850876766916,0.26268322327603055,0.1123069015195941,0.06381133623024104
2017-11-30,0.14834632265506187,0.12150437417868853,0.22378392667780722,0.0813064395315588,0.030504246123058465
2017-12-01,0.186939001440936,0.1471377435634369,0.22390925690526053,0.10487414061642997,0.05843668266938229
2017-12-04,0.16843577696151057,0.12360613002669396,0.21904462159684246,0.05097578524272128,0.02211486754838865
2017-12-05,0.17364060365855982,0.14544761688453978,0.229903521891609,0.05609240435760565,0.011453683742020715
2017-12-06,0.17113489347716349,0.14971330808994,0.23605088348672787,0.06168212030970488,0.010614649596270676
2017-12-07,0.14563677222421623,0.1220744653728878,0.22729423451700037,0.035544397132978744,0.0014414487551706046
2017-12-08,0.07389259604236287,0.06247663034657114,0.0865460878163129,-0.01768490473897011,-0.07241183957392472
2017-12-11,0.03411298041747424,0.008092596641128491,0.028642652996146767,-0.04943135679254873,-0.10972471838949638
2017-12-12,0.0515156339580114,0.03058551515535113,0.050505001853162534,-0.041147588842947336,-0.07535817377474952
2017-12-13,0.05170697083380649,0.03971655396381557,0.043630018296990425,-0.04402914421511239,-0.05128947635602654
2017-12-14,0.04740076644730862,0.01574669336805079,0.061460494257379095,-0.06296000453587647,-0.07479465272822228
2017-12-15,0.06384642560691312,0.011943055359094457,0.06367630928747792,-0.060278171439902994,-0.0720033741637719
2017-12-18,0.046416789862876895,0.006242010582888202,0.0401177829186643,-0.08203981971120378,-0.12887436022495502
2017-12-19,0.012830489806489709,-0.020269018057036736,0.01940090010987605,-0.10937514520041014,-0.11791247106492553
2017-12-20,-0.039759424863049175,-0.06581272641108471,-0.03793626619292645,-0.13769091250121812,-0.1495186006823348
2017-12-21,-0.02863375488591824,-0.05229343487526128,-0.049494620641730935,-0.11949099582004008,-0.15396987750184077
2017-12-22,-0.020748318659309373,-0.03890773033840278,-0.02810408014347121,-0.1224799901054826,-0.13529909244656035
2017-12-26,-0.07864787692692332,-0.0921495302955021,-0.05909427813521961,-0.15686569829780017,-0.14430783619480259
2017-12-27,-0.0753245059586124,-0.10085564345494236,-0.06168061732620422,-0.15858098424363498,-0.12975656002971325
2017-12-28,-0.04334115382184933,-0.07630882475951484,-0.05034056084972971,-0.13754368199058775,-0.11479125493342379
2017-12-29,-0.02041468156432147,-0.06839307754745849,-0.0252226192752234,-0.12666147601148392,-0.09005594074716361
2018-01-02,-0.03437991216253844,-0.0800139826905869,-0.04728752568584871,-0.12912948892368514,-0.1099851379073371
2018-01-03,-0.01090269648849751,-0.04920090870735205,-0.02555117615101765,-0.10368225881523929,-0.11371565111196402
2018-01-04,-0.018811524063900964,-0.050996445340031005,-0.03956115230511581,-0.09938176234420615,-0.11596852510981803
2018-01-05,-0.015774637166024674,-0.06253335378445724,-0.03993662410734655,-0.10245638276707913,-0.1225536492372955
2018-01-08,0.014415927486032487,-0.02779801708509988,-0.022040608511847193,-0.09328127351359516,-0.10646914273662855
2018-01-09,0.019237385385737493,-0.024307795878772964,-0.025993082964870795,-0.08111568211925047,-0.09549963049181953
2018-01-10,-0.00534264564773379,-0.03744203416303504,-0.07539685273911756,-0.07893896338092043,-0.0937436749550592
2018-01-11,-0.023293789943625187,-0.06005498127376219,-0.09404833353858022,-0.08235666464680236,-0.11146293000463225
2018-01-12,-0.07021822708026604,-0.09862256684486737,-0.13443878457130154,-0.1052631887251545,-0.11309391298557414
2018-01-16,-0.0625331695069643,-0.0865875240665619,-0.12517740631887952,-0.11654185976502596,-0.0907203829509009
2018-01-17,-0.07869947131399091,-0.10150941021472792,-0.11804649646614984,-0.12199163728526041,-0.08268597005430423
2018-01-18,-0.08669399026797131,-0.09895146818345613,-0.1152031528696621,-0.11143569725578495,-0.08743373275641819
2018-01-19,-0.08211696816434233,-0.0984769246569609,-0.12143792046440971,-0.10253651190473234,-0.0718762103576126
2018-01-22,-0.07619599105890729,-0.09943985222522689,-0.1216340024643926,-0.1004009977118343,-0.057440353521467924
2018-01-23,-0.0699250439561192,-0.10163707844784287,-0.13030657307995042,-0.11594362179512252,-0.07426213947856197
2018-01-24,0.0019230653837944978,-0.03247710739570897,0.011875447626114921,-0.05971328079082505,0.006568241557853849
2018-01-25,0.058959925048841955,0.029258707602882295,0.08277846654254284,-0.006012775717189611,0.04905597421612784
2018-01-26,0.06667904663706437,0.022151352881675912,0.08173080890841877,-0.01532024346983829,0.024165909460774904
2018-01-29,0.06944060175222799,0.020741390614971156,0.1036789270505536,0.0016475632633070614,0.05565511111567201
2018-01-30,0.053171878386198745,0.006308045828726128,0.05566326829770918,-0.0013718474491984933,0.027867918861250063
2018-01-31,0.017601158476641787,-0.001847727094929641,0.03420819382577012,-0.012029513866416597,0.007764093550049589
2018-02-01,0.03018814883526999,0.010583777121198068,0.05554721731616885,0.011949641526977528,0.042965102460060134
2018-02-02,0.050384624052525195,0.030445211881409362,0.06775269378145099,0.034407084257725096,0.013264541562837406
2018-02-05,0.11173626126555769,0.08198823972304026,0.11167195048354595,0.06720883719701187,0.04409918085820319
2018-02-06,0.05685820672526676,0.059752662171155047,0.09366695241602163,-0.004059565760655692,0.021079839263780764
2018-02-07,0.017704451773937313,0.021085944298798287,0.04727656531571767,-0.013261259195735509,-0.01719953358252524
2018-02-08,0.049588472090459135,0.05818911776095481,0.06343696584380099,0.021781142611650983,-0.029033225137358065
2018-02-09,0.07237387823033203,0.09745821256351528,0.08732937209707026,0.03988413041705319,-0.03488771640858135
2018-02-12,0.01617110214267603,0.0484747367981293,0.06298723033944031,2.897935606527291e-05,-0.06394789938950918
2018-02-13,-0.00039324469956669716,0.039701053108368356,0.03363785108861128,-0.013809062419087637,-0.0750605520886688
2018-02-14,0.01742707168057822,0.056058847060953765,0.057704033159523105,-0.00566621920429311,-0.06738925457240197
2018-02-15,-0.03657820766570752,-0.013224214794937517,0.0004494872678615369,-0.0639977830390791,-0.12300685092434804
2018-02-16,-0.002132657507094571,0.022327315237001155,0.04013839346184245,-0.03741030230471365,-0.07480375887990842
2018-02-20,0.006187073844207136,0.032414418034328873,0.05105874324765902,-0.021636403575641228,-0.0492311585820886
2018-02-21,-0.012125856019401748,0.025636110842046644,0.05507466330457089,-0.018059442190922925,-0.03988252898272904
2018-02-22,-0.05077391651466745,0.009514787608350117,0.028935538133133987,-0.03334537855657849,-0.05298428139849698
2018-02-23,-0.06686649791637578,-0.01683457842137781,0.014059448757330006,-0.05211778499835562,-0.07956289220819435
2018-02-26,-0.13709088031959815,-0.042603588606310194,-0.024112124557187253,-0.08830006165869908,-0.09523823277449628
2018-02-27,-0.16328788105783865,-0.040096833037592705,-0.044061270805727415,-0.08319424137847509,-0.08984431332692078
2018-02-28,-0.14156690444082554,-0.017068590464039524,-0.02492996634580591,-0.04810032495965677,-0.06558133469937844
2018-03-01,-0.14229625630662157,-0.00806015416621153,-0.014806040663971953,-0.04864392917231419,-0.010827704812872208
2018-03-02,-0.12749145626396796,0.01952684427800233,-0.002962591783557067,-0.048472843141085686,0.02887346304706173
2018-03-05,-0.13987597542774732,0.014128920992614091,0.001934195137461403,-0.06840617293270557,0.021534271988760345
2018-03-06,-0.10845627081417653,0.025445721025541435,0.04531998430279116,-0.041716804341223046,0.025971948591938743
2018-03-07,-0.13361695369210613,0.02876910451994874,0.035688038423076884,-0.04811537745171701,0.02374992754447036
2018-03-08,-0.14619470730094453,0.013909203640149359,0.026907072842643265,-0.06167527909015569,0.009104771767983744
2018-03-09,-0.16746912533062275,-0.026386430998326604,-0.017051029611006463,-0.0790619945578005,0.06651224230742181
2018-03-12,-0.19132732112186712,-0.0418445416847657,-0.04236115349663627,-0.09839349285154286,-0.007905169671513779
2018-03-13,-0.1952693223236147,-0.03428147587164165,-0.05633603889604133,-0.10774066805936588,-0.03488878864461231
2018-03-14,-0.23353845612446744,-0.05378450911768207,-0.05824138028844372,-0.10600463426290097,0.003502464453637666
2018-03-15,-0.21334058759058938,-0.05040813085267537,-0.03250639861900784,-0.10694023145058307,0.0015169802703198787
2018-03-16,-0.22509018423249627,-0.07884968060277753,-0.04712184632215921,-0.13251228227338407,-0.023755763141734665
2018-03-19,-0.20615158837124226,-0.05754112986582294,-0.024953658470515783,-0.1264027831121679,0.005222809504657366
2018-03-20,-0.23644249237374304,-0.07327424509282321,-0.03632243283280767,-0.13972647025229523,-0.027611473658263996
2018-03-21,-0.22148277762928703,-0.07435207182447956,-0.03460116834235538,-0.09588107759197984,-0.020090337056753116
2018-03-22,-0.18065388400918225,-0.04261924384716009,-0.001899156453085915,-0.07403505040458014,-0.00031839314425108345
2018-03-23,-0.16606049884881335,-0.037105759134464344,0.0019290288558444502,-0.08321552846419844,-0.003716788463714371
2018-03-26,-0.16890542918459295,-0.04885583057438969,-0.011098161492036795,-0.09133523347104266,-0.008526397072953551
2018-03-27,-0.18276932163570714,-0.04865433157106713,-0.0349075570954096,-0.09049219373433559,-0.017889097499546258
2018-03-28,-0.17132102228533475,-0.02893684377697736,-0.027831054588758675,-0.07662207351802086,-0.016404029031180767
2018-03-29,-0.17822118774931472,-0.029110907388156027,-0.036706535295091824,-0.08414789205071671,-0.023079449241554695
2018-04-02,-0.14505219646386147,0.008654571003783085,-0.00194694114053795,-0.03938178231564393,0.03982677895845432
2018-04-03,-0.15890796486921732,-0.019336058180248084,-0.016765480866859694,-0.07629099435514675,-0.022625181968244812
2018-04-04,-0.15136361520919628,-0.001153585683069669,-0.0035719389574294658,-0.05943956239452608,-0.03462925716195375
2018-04-05,-0.16125744228954864,-0.014654039353054316,-0.01697559111886271,-0.07720730960028577,-0.05651274951853691
2018-04-06,-0.13538573129348264,0.004047252523241118,-0.003059873129489299,-0.05606814568813412,-0.042125914729919
2018-04-09,-0.10912177801586243,0.0331209325818822,0.022621178162516076,-0.0479488693985356,-0.025910797749632453
2018-04-10,-0.09438942519872862,0.02822946042436847,0.035508235773249686,-0.060594991329748105,-0.022529473008998657
2018-04-11,-0.05506413708045799,0.04366409917892633,0.07199010283981178,-0.05943924886604535,-0.005368606263095432
2018-04-12,-0.06244630043271693,0.03290563001778746,0.0661119946665798,-0.06789194606930693,-0.0011457736610615
2018-04-13,-0.018638778572179215,0.062019811388927426,0.07724675862529184,-0.04013060882179964,-0.027177441229965904
2018-04-16,-0.05836353939402106,0.00464707179777335,0.03283314759518219,-0.0619419572944544,-0.06602032690590842
2018-04-17,-0.051338503531841884,0.0015179203490827131,0.03653113821871412,-0.0541734837712563,-0.06734574797478787
2018-04-18,-0.08622628807136234,-0.015191660597748902,-0.014026713905927801,-0.08491563616060482,-0.07312199758726956
2018-04-19,-0.05923835731131921,-0.005929778083785253,-0.0139541977800125,-0.07007313382936142,-0.06598875296851003
2018-04-20,-0.03880042844465692,0.0021304713497733996,-0.02466894276050735,-0.05696559250125166,-0.04936949565313309
2018-04-23,-0.051342736717760684,0.0070489706154948095,-0.014360900183916891,-0.07133199973100446,-0.10897818313386076
2018-04-24,-0.030568266518062215,0.012673359213962954,0.020449655177908088,-0.05516524543605816,-0.04454840326970155
2018-04-25,-0.028894553917819255,-0.015960870487882528,0.015034283275144888,-0.05633729956295952,-0.05838744041106825
2018-04-26,0.01984479011335849,0.024119857481730955,0.050585334407846405,-0.049965108653770685,-0.048944719575206075
2018-04-27,0.019891092369688224,0.032079443518506556,0.06321840372740772,-0.04467743204287544,-0.04244867183872192
2018-04-30,0.013545701740872662,0.05082744947596707,0.07180927462803877,-0.032209402941793086,-0.03551110640850674
2018-05-01,-0.00783267612079741,0.042374352646529,0.060251578123251326,-0.027019927491200968,-0.05286168961452875
2018-05-02,0.02227167620008008,0.05474257894751089,0.07508831878109401,-0.002080273042137981,-0.008590017894483992
2018-05-03,0.018048654734540204,0.0717891975962055,0.09434246243014544,0.0019557284446514167,0.007445454520725203
2018-05-04,-0.0074836539443942085,0.05322326444596448,0.09031027805190028,-0.004684957499116904,0.005047362199608996
2018-05-07,-0.021913344070595198,0.04238266959087711,0.08116119119351772,-0.002486800479710949,0.018902103408123594
2018-05-08,-0.022558217268579206,0.03417996823627645,0.09376843413552383,-0.0032183029726350343,0.031143272850524983
2018-05-09,-0.00024068882644145972,0.0470619546984401,0.1310029592309756,0.0340409524837475,0.06646888411529206
2018-05-10,-0.01641311384166022,0.012677706400811006,0.10481681536205589,0.0025282492109182098,0.04454671177161451
2018-05-11,-0.06854457353667942,-0.030056877565163953,0.06589963811678445,-0.019455683009878433,0.025628303812164965
2018-05-14,-0.07936899118718932,-0.019581466417779914,0.06572624990297249,-0.016685789230877712,0.01523982229895915
2018-05-15,-0.11414696729400031,-0.04735536418289088,0.022637085743943963,-0.022697872758997484,0.027093005821667182
2018-05-16,-0.13300042112309574,-0.06881057850666283,-0.004301626492006716,-0.04060473723002056,0.026454975497031796
2018-05-17,-0.12995646596574995,-0.06704316410705335,0.003453813506147707,-0.02728946521502118,0.03624267227888045
2018-05-18,-0.11572140867846559,-0.057223822930588586,0.036539024655144026,-0.009385882541450008,0.05683190673648619
2018-05-21,-0.14747059325204614,-0.09633205166366454,0.0012844864803360778,-0.010339380625643435,0.06437678983451889
2018-05-22,-0.11403897751307113,-0.07959620844792958,0.013287617281914521,0.023031628282984773,0.06806463186114442
2018-05-23,-0.11004650718095454,-0.07153559501764284,0.02041987561475933,0.05134893709026356,0.06710030468045147
2018-05-24,-0.09756657935788504,-0.07150740303733871,0.01873137039816619,0.043262746798804486,0.06046434284765967
2018-05-25,-0.12892459111479937,-0.09432629207313625,-0.005301300945872445,0.005764076401858276,0.016486127051280608
2018-05-29,-0.17504015463726275,-0.0809516344189497,-0.009205975554549606,0.02336811343101175,-0.006273683162106192
2018-05-30,-0.16097001450793325,-0.0659178314033334,0.017765011598209535,0.031248152193967593,0.009621775946584643
2018-05-31,-0.14745056773793475,-0.06068464380587657,0.03606843322771969,0.042579547762563896,0.010195778528728994
2018-06-01,-0.15272733038041864,-0.0689084034042523,0.043465734819212454,0.044838114112965455,0.009037314957945242
2018-06-04,-0.16674088709014645,-0.07338270679332026,0.03772505377261992,0.03359880717581509,-0.0003236217979195599
2018-06-05,-0.13150748371929932,-0.034205072272148085,0.13964224390927882,0.0589392104408355,0.03184175017250612
2018-06-06,-0.13713483918989955,-0.02159856934036719,0.14539504887431742,0.05970453173580914,0.028705089667457218
2018-06-07,-0.13594893001025066,-0.027497022155842155,0.16350305718853186,0.055094674202663896,-0.024770760550566928
2018-06-08,-0.11760603233493527,-0.034202139563036416,0.16573794582333967,0.06101433561292313,-0.012674402513274785
2018-06-11,-0.15194743830763047,-0.058480586618036345,0.1093554985833014,0.018242606318567445,-0.06139653916728538
2018-06-12,-0.12024879388955512,-0.04652144735483632,0.11286086804572615,0.025897618041828663,-0.050899181348994516
2018-06-13,-0.0675676166497533,-0.005524794894546936,0.12055169467268323,0.10418728995561355,0.050616432919475374
2018-06-14,-0.07869098167328026,-0.0012508633959564808,0.0957272776570004,0.12398937864278103,0.01839990519848378
2018-06-15,-0.08884739869223868,-0.01854317031063457,0.08363784485348846,0.10962014455236124,-0.010469450570482985
2018-06-18,-0.0683316309762445,-0.000163076034163101,0.07933956009661647,0.11055981908585699,0.0009559194863284493
2018-06-19,-0.08118515795117742,0.003261700761458819,0.0961643375762522,0.09301845407643938,-0.02225065408528215
2018-06-20,-0.09754937596201996,0.008127744443427343,0.09153501832362831,0.09019240896420322,-0.0253165992008324
2018-06-21,-0.07399379731864641,0.01674997233078379,0.09298573420058154,0.08015061197360573,-0.01951603115361178
2018-06-22,-0.06867625198442695,0.039284052120779345,0.12188098563322503,0.1132728306570443,0.0033380838366834364
2018-06-25,-0.03327009184306562,0.07333818335369058,0.15407258631226983,0.1328000738087649,0.034337589445517125
2018-06-26,-0.015600861995480608,0.08883093121347052,0.1657280319459158,0.14950173696137692,0.05805707185191378
2018-06-27,-0.006300037597113617,0.11680394494193647,0.18944948056620925,0.17113357144615438,0.06232299345305825
2018-06-28,-0.022061959942455744,0.10608518726653116,0.1768432941755551,0.16351101851805483,0.04806887082003586
2018-06-29,-0.028292756245798967,0.10193181273885799,0.164634951597167,0.156446244286085,0.024838573948558595
2018-07-02,-0.030584365083275666,0.10443480447285602,0.14833621748551407,0.1464881344392699,0.025661911323985764
2018-07-03,-0.005623874837890952,0.13994645220836666,0.16690419716720672,0.171001597435692,0.0335659312797274
2018-07-05,0.007096044446605498,0.13333525005771185,0.15482238635676615,0.14770543630170474,0.03492099610685151
2018-07-06,-0.005287188734988346,0.1300817836240311,0.15572157827403,0.13158905533881726,0.04266927654738839
2018-07-09,0.019953169867393372,0.14455606530152187,0.18707341041795456,0.15715384922204478,0.057972721396661875
2018-07-10,0.03362082663581023,0.14610181820324564,0.20140252448414908,0.15393897071193652,0.06407143618757583
2018-07-11,0.09266581706609056,0.14963984016751986,0.22720676756563485,0.15682021283340464,0.08358673308594478
2018-07-12,0.07160293584437705,0.13006594956682593,0.19284905365545613,0.1591586522326527,0.06835529635542748
2018-07-13,0.04852630993214513,0.13393519652520003,0.18085993330787375,0.15179441830761187,0.06056864869574152
2018-07-16,0.06285235615317641,0.14749879880981842,0.18931635622408538,0.15050028892259304,0.07482398145296387
2018-07-17,0.0913905142958662,0.15742783970268048,0.1955383697491051,0.15538566902007322,0.08804267195219362
2018-07-18,0.05826669524156802,0.11589048646712041,0.10265823557407039,0.13876340943857413,0.07142467851759449
2018-07-19,0.06229792035683146,0.11015992665974861,0.07854575156592403,0.13384734880022275,0.05851126710298571
2018-07-20,0.07142660929475575,0.13250161256483106,0.08045969858093827,0.1502817352862882,0.11865253773787354
2018-07-23,0.07456339365799614,0.13479112760518253,0.08224055662509011,0.160406220353857,0.10831619845336449
2018-07-24,0.062043389995883214,0.11455265345029786,0.10182410585527424,0.18589495523440536,0.16451950650198843
2018-07-25,0.010222992845496881,0.09252816064069269,0.08155411983528982,0.17018267921037955,0.13976775189348412
2018-07-26,-0.03722413653410783,0.053353027592281554,0.07927132706484574,0.09455215566062791,0.03784562295430982
2018-07-27,-0.00395810282858533,0.05692261564000578,0.10098730141142376,0.07353037861337741,0.07599633292243202
2018-07-30,0.03374003667810532,0.083286695656835,0.11302614070501638,0.0905686672466437,0.11111305715538378
2018-07-31,-0.004490480435771493,0.05457574307118018,0.09203981822683205,0.057938928920474364,0.083801543610182
2018-08-01,0.03783495022814187,0.07893251911752897,0.11947020231244454,0.10619827950564709,0.12571210851651426
2018-08-02,0.050453688024199916,0.07456873423020682,0.11725421813048031,0.10411892309920256,0.12420353493515401
2018-08-03,0.05219206151161959,0.06819016688404522,0.10843382986618266,0.10197253367686931,0.10864245047279275
2018-08-06,0.06196295220955861,0.06266073601914535,0.10118536715166737,0.09385891608150931,0.10238532100886011
2018-08-07,0.08729725413253697,0.058501046318485406,0.08539843058015562,0.08924541454545909,0.09653521457301206
2018-08-08,0.09145394321399136,0.052507669311886884,0.07645853075316844,0.06532951565633205,0.09267456356601644
2018-08-09,0.14978892702847268,0.07715918122957666,0.08688824702605746,0.08384449246229653,0.10473281745017293
2018-08-10,0.1266773987358747,0.04935088992606973,0.07488980697221348,0.05478100246324846,0.06947523127660982
2018-08-13,0.1092688950760976,0.05311694232649655,0.08262528210957232,0.05048396259654497,0.07411985075739969
2018-08-14,0.10649782757376802,0.050219414799728135,0.09246068950838371,0.053505271978728786,0.07493352071744441
2018-08-15,0.10844020815400324,0.0501539075416817,0.07902764595398404,0.0421553223951141,0.08756319934130041
2018-08-16,0.08307125763129752,0.04292127587165573,0.08742363735429737,0.051958248601525314,0.07604854309529885
2018-08-17,0.04816091421988378,0.017070977409354926,0.06828433518168531,0.03653798372745909,0.04761926801949379
2018-08-20,-0.03725939399465139,-0.047544346065568455,0.01748413333051624,-0.004717797656138667,-0.008677630232814648
2018-08-21,-0.037937147085827405,-0.05694427822299741,0.020196073471618448,0.01114749229858747,0.0015019029625169544
2018-08-22,-0.03240609411754436,-0.05886486138401403,0.01786350595098196,0.01600409921544288,0.029583983033930394
2018-08-23,-0.06155040330330719,-0.07446452020870564,-0.007080463644637658,0.0006556395342682819,0.02132921532224019
2018-08-24,-0.07521891111682966,-0.0881427913248235,-0.017148215820285362,-0.006066774520128382,0.007403936480608442
2018-08-27,-0.15106282424093997,-0.11930712941037047,-0.052478496719910894,-0.0233134454538525,-0.046741678370378015
2018-08-28,-0.22315060616577498,-0.15444795943189715,-0.0908776712437469,-0.0652208293726726,-0.09983558667734027
2018-08-29,-0.22790135225262986,-0.12030074183895967,-0.08024334536554789,-0.06844191425974966,-0.11221610642194113
2018-08-30,-0.23490105168604014,-0.10934296657384068,-0.07754254493504564,-0.056560377387952054,-0.08364356748620227
2018-08-31,-0.21492095198505623,-0.11354315611937804,-0.06954932462140595,-0.05905381664422571,-0.08341973224236865
2018-09-04,-0.18371358293719664,-0.09799605735968842,-0.0541337060417717,-0.04920155026567097,-0.0590835008398638
2018-09-05,-0.15376855696144975,-0.05086519365234199,0.0034016942290322483,-0.03583051006847604,-0.056887853588719506
2018-09-06,-0.16683989158601664,-0.05864640788756725,-0.00045909464923998833,-0.05030296709542337,-0.06965984819729887
2018-09-07,-0.1662763403269415,-0.06102713053947639,-0.0028512773623387,-0.060904579191540575,-0.06429419627086463
2018-09-10,-0.18437745899934366,-0.057678836599305394,0.005903102441579655,-0.07422796438966694,-0.06764474209271276
2018-09-11,-0.19412638738442156,-0.08271824654684479,-0.03130611343741618,-0.08732925357892196,-0.08670440175279226
2018-09-12,-0.22720315568340432,-0.10245702346466756,-0.06389522113164947,-0.11047738286166164,-0.09814063879543211
2018-09-13,-0.1800911888518385,-0.07108272307472885,-0.044429596735661714,-0.1996472419857167,-0.07833958038209066
2018-09-14,-0.18319076631715225,-0.08026946866899898,-0.06310200887959139,-0.20583056476159178,-0.10796692618124859
2018-09-17,-0.19146842832111788,-0.07832985052585584,-0.05734256420081085,-0.2407289617789723,-0.11951487958240925
2018-09-18,-0.15028183000965245,-0.046861332007775536,-0.04727557548968753,-0.2204598528789975,-0.08665497097049168
2018-09-19,-0.1567306437164453,-0.054749742417000924,-0.04297701626713313,-0.22199315776094142,-0.1185419973679569
2018-09-20,-0.13177368230632547,-0.03595375425610525,-0.0121185120934717,-0.18479999767686905,-0.0868816330845642
2018-09-21,-0.16674292239282984,-0.05854729819942517,-0.01400936293115329,-0.18739222948259826,-0.08847023808252452
2018-09-24,-0.14677005670433374,-0.02368905593112991,0.01855652266357599,-0.17144692486850788,-0.05037900407014484
2018-09-25,-0.13582281697749965,-0.022442260818177462,0.019563253600142216,-0.15879981268254206,-0.023431719309795596
2018-09-26,-0.09668514671358941,-0.0063145298267504035,0.035854809459797465,-0.1483330303744287,-0.013855819197580832
2018-09-27,-0.10935556606055996,-0.015750574396296124,0.047769995422708655,-0.1593048022343142,-0.04740516944636508
2018-09-28,-0.12122008979878973,-0.014248869113946183,0.036941399121000584,-0.1594876152669985,-0.041969157802440815
2018-10-01,-0.06685836779138477,0.008061579464965662,0.04097701532793341,-0.15899507342388663,-0.029516077313598288
2018-10-02,-0.01599286069603767,0.045475152257197005,0.06792756835241587,-0.13811716934001528,0.019921718949150513
2018-10-03,-0.015072354293345303,0.04537147419355625,0.05034902799644714,-0.14915681407208836,0.007797120127390533
2018-10-04,0.00011593586071456663,0.05400509267272868,0.06903768454440207,-0.13559617693024162,0.0133194526400926
2018-10-05,0.011290773006255472,0.06738652225848374,0.09650585697034142,-0.13873871980396102,0.028904347979517464
2018-10-08,0.0005254596174593118,0.08444712374533658,0.10050186426916952,-0.13576377528522987,0.0353432249329686
2018-10-09,0.06373282284171178,0.09630689875391885,0.12698018296867675,-0.13313147160027206,0.07549781318666238
2018-10-10,0.15185768244928588,0.13300530680150469,0.17648549665927638,-0.08860979896587717,0.14301860521542475
2018-10-11,0.21697322743950487,0.11731114907453111,0.18372432709304376,-0.07627528209385126,0.16599619032716117
2018-10-12,0.23601305032806907,0.09637570156601583,0.1443003199150319,-0.08051600625073374,0.12434328343694934
2018-10-15,0.20817135637930617,0.13187492214569252,0.1480206719645345,-0.08477803343114798,0.1491197857417803
2018-10-16,0.17330176170702627,0.1154194029493576,0.13122613930058225,-0.09942308743074502,0.175907212828893
2018-10-17,0.1476330786448785,0.09078926527896769,0.07435870708443915,-0.10084471702856501,0.13637639365962562
2018-10-18,0.25610875385980036,0.14984901645870008,0.11034563112239448,-0.057798442598841704,0.18015772122157991
2018-10-19,0.24093119340933722,0.13312947391759677,0.10328261177830855,-0.06468257633317298,0.1694542040476481
2018-10-22,0.1440070707147012,0.05637492487966522,0.03758042893711111,-0.0849175207285836,0.1073521734691214
2018-10-23,0.1439764662383436,0.09345096430163236,0.07760913710338957,-0.06474941172712656,0.11032175079820017
2018-10-24,0.10951398628029985,0.09536655914558922,0.07348826786850737,-0.05639161953409089,0.06769912257383837
2018-10-25,0.048297841361618854,0.05518345973427663,0.03446267091381516,0.027668640012028956,0.011420596301131791
2018-10-26,0.053423339711808904,0.05557818732138875,0.04147468096589968,0.033294808631894046,0.02042004036422007
2018-10-29,0.05658939782024186,0.05996978088989313,0.054594652385871356,0.06554431378049141,0.021529198632191493
2018-10-30,-0.060888932352808234,-0.02237849768261957,0.018986661756363876,0.027234538222070004,-0.02545768833499007
2018-10-31,-0.0735616058427645,-0.016147535495020682,0.026078770574538668,0.023173848825060572,0.01912419329289139
2018-11-01,-0.11662260525628976,-0.05925774622322921,-0.020786026942577362,-0.027757071856734816,-0.0331318654541074
2018-11-02,-0.07424793084956816,-0.05055727141889599,-0.00992328879555282,-0.04001554742020175,-0.014459742575058443
2018-11-05,-0.09238515814971615,-0.06768396308831925,-0.034648467998497856,-0.04854188504667756,-0.024674107736451067
2018-11-06,-0.09326123654453877,-0.08220657066313442,-0.05834444180220533,-0.08968503075059286,-0.0562392099959409
2018-11-07,-0.16743306532797153,-0.12924810344909488,-0.11599394549287911,-0.1284870124863331,-0.09925050905540167
2018-11-08,-0.19370592930600583,-0.15459186728248409,-0.14520305927518773,-0.15532908311888383,-0.1195817193501858
2018-11-09,-0.10850365719696808,-0.11015015237754133,-0.09258251828514341,-0.10729874364115133,-0.07416302539673825
2018-11-12,-0.13076501203613045,-0.10934742399122943,-0.08947364370358257,-0.09543013453135119,-0.07197043051700414
2018-11-13,-0.15749075229699683,-0.11686026085147483,-0.10183585810545326,-0.11060102488802215,-0.10335614055784637
2018-11-14,-0.1574389787918956,-0.11571852119264414,-0.08780910206124981,-0.11171532280791607,-0.09034755506481418
2018-11-15,-0.14119520013529407,-0.10713006513908974,-0.08480107378871748,-0.11179519571991492,-0.08712284366158152
2018-11-16,-0.18204084956341404,-0.18407861796313907,-0.13288534416168163,-0.12999958257541333,-0.14112612755102105
2018-11-19,-0.10552744704145645,-0.14949251151696608,-0.10218260839307991,-0.08377045265656935,-0.10846961225808949
2018-11-20,-0.0741782840998143,-0.13643749343938794,-0.09305866403535545,-0.06900725312200007,-0.10295432973291008
2018-11-21,-0.107132978220847,-0.1518669584689959,-0.11285810131434926,-0.08745829784693737,-0.11485677026265739
2018-11-23,-0.11936769341886633,-0.15202927542605438,-0.11682828584456051,-0.06558743450262217,-0.10416384252016897
2018-11-26,-0.15905507268671637,-0.14071616992326763,-0.11313348505087706,-0.06871488795505654,-0.07982582141181005
2018-11-27,-0.16949593182510503,-0.16720966777977342,-0.14253585296723237,-0.07817396096758855,-0.09342747807938423
2018-11-28,-0.18567027290854876,-0.1888907596690501,-0.15421252304342736,-0.07867546568206674,-0.1388815248014712
2018-11-29,-0.16449762881928687,-0.18739380890877766,-0.14589252962138322,-0.06525604182522105,-0.11872768728171024
2018-11-30,-0.1822709819975118,-0.2175917008254321,-0.10692861079845761,-0.08575505947771156,-0.11411403022633904
2018-12-03,-0.1530894755721035,-0.19793742478466514,-0.10076717098235777,-0.06677759637108638,-0.11559583826219144
2018-12-04,-0.07413459715960269,-0.15507536250589615,-0.06906684723619094,-0.023295401016803052,-0.07382556610160917
2018-12-06,-0.11369780199542323,-0.18904974126832952,-0.10415997601370153,-0.05708947392925878,-0.08116650885619736
2018-12-07,-0.05719393681857332,-0.15641169512237174,-0.06063703842186463,-0.006619929239166544,-0.018940677047749155
2018-12-10,-0.005319027074184635,-0.15625007711055394,-0.0510446540562961,0.06003126745092602,0.036231837514726584
2018-12-11,0.02580623599359133,-0.14671681055830033,-0.04538234658156548,0.07635085991749979,0.016818817905073002
2018-12-12,0.06462892030769996,-0.14679221227130657,-0.05611959091190377,0.09076632604938406,0.04047084203989404
2018-12-13,0.11799156164601454,-0.09953312766301414,-0.020690502040828118,0.11978544766995247,0.052494305268298014
2018-12-14,0.12125888474226887,-0.06054926429401686,-0.00307723557830053,0.14773384128554579,0.037881346994142806
2018-12-17,0.11641693714522838,-0.05649940947581833,0.012295529171217234,0.14922037972075564,0.04340021391534621
2018-12-18,0.07662497380784816,-0.05722380902352109,-0.0035308106744088574,0.1518146620786227,0.02713046296519339
2018-12-19,0.1344848168320525,-0.03061822042322926,0.02605071122437863,0.19495713453059182,0.03949712420106688
2018-12-20,0.16120036031254892,-0.00726756730869671,0.05982697788497027,0.22965793718395222,0.06690835643270598
2018-12-21,0.197537931512614,0.021638027978669427,0.10163248625547783,0.2537545063830524,0.09234918916940438
2018-12-24,0.22034348620320832,0.05108428711782431,0.11046508544449085,0.29459455821825364,0.13285854526602958
2018-12-26,0.11793573419240366,0.0011903824621579684,0.05214791119385098,0.23394724819234036,0.07369633370225026
2018-12-27,0.1451232042325623,0.002178302911583163,0.07357900461209033,0.2452989742153746,0.09153773853194846
2018-12-28,0.12621633177924907,-0.0057792210489738816,0.057713155674326666,0.2339607990242596,0.10578700289410925
2018-12-31,0.1307602383798976,0.010220393802938599,0.05792425987905414,0.24784856770523267,0.09613805866534575
2019-01-02,0.11479200169520043,0.007785733531939787,0.047160860136739924,0.23037738592973356,0.08208710541001496
2019-01-03,0.1691800384182096,0.11992985187396377,0.10387496948242192,0.26507325087510103,0.1471186183663209
2019-01-04,0.11007172332273796,0.08432700251966718,0.07934201178495992,0.20497280378399263,0.08168700372432602
2019-01-07,0.06693751532317616,0.07084663341390263,0.06331847207149455,0.1366199219950215,0.05912804908348002
2019-01-08,0.08190497917611261,0.08447406647132327,0.07841708302806039,0.14240644688348958,0.041916431647927466
2019-01-09,0.06483415075247256,0.06292544270158928,0.06769338615492648,0.0925021232701404,0.008842267097234346
2019-01-10,0.12352907905414612,0.05499711038173993,0.1008971218796908,0.10144901889855462,-0.005021245108752237
2019-01-11,0.1430447798746124,0.0527181655974267,0.11814661072221977,0.10655427307178433,-0.01352254166473621
2019-01-14,0.1285809304805159,0.05612566160302235,0.0962331930871636,0.10438899281346714,-0.031889541368320895
2019-01-15,0.11299498648731143,0.04383247607227703,0.08140395146276735,0.12961111169549122,-0.03506366329046662
2019-01-16,0.057686902895352166,0.037940399458948226,0.006484455241268616,0.09160319992749888,-0.05032289897592701
2019-01-17,0.006906837575265001,0.018892077964130616,-0.02801476095252209,0.064044391427174,-0.07149205515353352
2019-01-18,-0.019117050152972714,0.040687720321337384,-0.006309070092736513,0.038378147281046715,-0.10444968531885102
2019-01-22,0.0033387311400880915,0.06279025670375549,0.011879116110711463,0.05299140786996004,-0.12249706178483866
2019-01-23,0.020784872194254955,0.055741826746591894,-0.003257681612136798,0.030699923074499313,-0.11716034612473003
2019-01-24,-0.04940600168736564,0.050854032625776036,-0.019397801702926598,-0.04216333124505589,-0.14998521326688818
2019-01-25,-0.08126410147298058,0.0794142593064937,-0.020917543962414076,-0.05849645731858444,-0.12235487983739024
2019-01-28,-0.15219320254338053,0.06278119525190284,-0.05614657311670057,-0.08951266585480444,-0.15735490211374248
2019-01-29,-0.12023140571080904,0.06546169351762532,-0.0520602215454391,-0.09950561756146525,-0.12753811052258013
2019-01-30,-0.11343991423748434,0.020409777829671016,-0.06836633444013485,-0.10745296184183328,-0.1372829616082143
2019-01-31,-0.11893520364815424,0.042843573302757676,-0.06393943412742742,-0.09226317998559097,-0.12346032237448101
2019-02-01,-0.1286196145711973,0.023530084136492047,-0.07726591235448321,-0.10323335432491532,-0.12826325504432956
2019-02-04,-0.13876763342211695,0.01939105472322944,-0.08214856898063216,-0.126929789887679,-0.12520840473709338
2019-02-05,-0.16165722852147213,-0.006360789650182497,-0.10764584565136015,-0.13876730568708373,-0.14300726445624368
2019-02-06,-0.1444504878889582,0.0026033329490267043,-0.09749303621169914,-0.11662451587340605,-0.14359979114156451
2019-02-07,-0.15482438744260962,-0.00599561615569788,-0.09367178806921095,-0.13940448143123718,-0.1639316457534271
2019-02-08,-0.1608333444297304,-0.021742524837840116,-0.11398429886667538,-0.15290314922831472,-0.17445539133090204
2019-02-11,-0.17436452384851475,-0.02325474901194835,-0.13079084085853498,-0.16102710869821402,-0.18258021078585118
2019-02-12,-0.13454534405070773,0.008603621018908214,-0.10730933625569405,-0.13382055771517865,-0.17108060163643157
2019-02-13,-0.14664443104703462,0.005190946476898439,-0.11266655171184214,-0.12757912269993665,-0.16849175740885702
2019-02-14,-0.12046527771161042,0.030328658782163842,-0.0949518162416002,-0.10233172050641082,-0.15252189921590387
2019-02-15,-0.07703266355186056,0.028674080060136387,-0.08424861304152198,-0.08897318785307207,-0.13570571799976272
2019-02-19,-0.06991810781065633,0.07519664223926026,-0.07250113598814723,-0.08328199037347783,-0.09944235986991734
2019-02-20,-0.038505584519346714,0.12018657193845983,-0.04858760510460802,-0.025038373170917505,-0.08762235729123302
2019-02-21,-0.030017079107854783,0.11926789722320885,-0.04727596939860379,-0.01788729821976287,-0.08017815810560935
2019-02-22,-0.040292980442699244,0.12836702096389274,-0.050542285895584516,-0.003939963433685967,-0.06185897475960189
2019-02-25,-0.05626737407614202,0.13038954368716293,-0.05581602922301632,-0.03456553108394289,-0.07043815131688769
2019-02-26,-0.0811033293053931,0.12183135219759955,-0.05897463253978996,-0.030644699462692326,-0.08102958757187395
2019-02-27,-0.04679184453707008,0.15535125290719942,-0.03515983886648799,-0.019928201923649524,-0.05162952584194491
2019-02-28,-0.023014394751743716,0.17769245996757022,-0.023459715475099063,-0.05142751622150221,-0.03225279795027458
2019-03-01,0.00144355268191676,0.1856617700398533,-0.016451913659688566,-0.01935252384137598,-0.011091184529475218
2019-03-04,0.0008895332466920536,0.17749545053474614,0.0024907969464322832,-0.02571273396969609,0.009411791694591054
2019-03-05,0.024074664370971943,0.16874477262420484,0.0014108772825613958,-0.011425058267977906,0.05520939181155904
2019-03-06,0.04945067523602753,0.17541731479780354,0.05822359689439405,-0.005654387579072995,0.09940884482807166
2019-03-07,0.06672865770896097,0.17301837378617724,0.06863573571060866,-0.004768236130364589,0.10223420304005737
2019-03-08,0.04920097868420381,0.16454899441671844,0.06262130991701831,-0.0011588300695412057,0.08414243453188508
2019-03-11,0.059906490060234185,0.13928021342019714,0.06785632621580628,0.022863817325555535,0.09870087648527681
2019-03-12,0.09928855137652781,0.14170112614813757,0.10244208467739502,0.05019805942473732,0.1240524397825793
2019-03-13,0.04930908707680404,0.11152500587533964,0.06957273229374028,0.054139648962463705,0.05604145178121955
2019-03-14,0.02894483951103899,0.12112294903726184,0.07915087430017453,0.035574473990168665,0.0924490146173722
2019-03-15,0.07445120553237161,0.12775950458027263,0.09695186598416483,0.04788786647952259,0.08572450898095796
2019-03-18,0.0892288754478272,0.14879756477077288,0.10070601901838905,0.061667863630117115,0.10912029071314899
2019-03-19,0.07344088301241891,0.12883466857001724,0.08114096878119903,0.06227814332955983,0.10622001554804061
2019-03-20,0.09657630157959463,0.16319052150276003,0.1062256737195797,0.07384354007690863,0.12955235747692462
2019-03-21,0.10620025648536391,0.1560469724990965,0.09259259259259256,0.056759914759407115,0.13147400538707243
2019-03-22,0.13673526100593447,0.1671770779945978,0.10247399150524417,0.08434730824202008,0.1463593632711908
2019-03-25,0.12571554379921124,0.17306445729700148,0.0967741588939528,0.07229454102638755,0.13973883831792566
2019-03-26,0.12040394653672859,0.15687516252887268,0.09226999255373447,0.07507699108486232,0.1257651529712751
2019-03-27,0.10045176863478456,0.13932053996468952,0.07118303901920942,0.05277944524685996,0.09656298127807883
2019-03-28,0.10317461260735916,0.13199563669720593,0.07875321325157913,0.04539129545236231,0.11056738526649923
2019-03-29,0.014885254438034012,0.06739633957492264,0.028703947738359714,-0.016759735444068835,0.07145410959061183
2019-04-01,0.002576132128361941,0.06523091815503812,0.031902981501619854,-0.014500867395697004,0.07083051349200109
2019-04-02,-0.022345826010910397,0.0009497250228407417,-0.005074280367033168,-0.013280173369029424,0.05761958439636716
2019-04-03,-0.03846701660694929,-0.022552145079337782,-0.019239847694808243,-0.0056719291627644886,0.08392450518944328
2019-04-04,-0.06184486205964246,-0.0349253735366597,-0.03709829173312196,-0.017675933254812537,0.07903843623232776
2019-04-05,-0.08839263642412198,-0.05408136310484679,-0.03733371406924624,-0.023286438024952227,0.06422091934966923
2019-04-08,-0.07348492801183026,-0.04416535181138448,-0.019035239719756403,0.027532102812367842,0.07960337545520746
2019-04-09,-0.09917901652586114,-0.045012178889805576,-0.028130596398599828,0.013104732905708127,0.05501956710514788
2019-04-10,-0.1303604459649229,-0.06107489125977039,-0.0427117028435563,-0.03154705085852383,0.04978157287698015
2019-04-11,-0.15960394504619246,-0.06752981852302775,-0.05784255492096391,-0.03490556470423478,0.02046252008308147
2019-04-12,-0.169417294341195,-0.06622787589348611,-0.06538772344805088,-0.05834754531810038,-0.0039787275468927685
2019-04-15,-0.15579278905413563,-0.068208412753612,-0.06235206876926358,-0.05220884081976285,-0.007586237347829816
2019-04-16,-0.16981199378693523,-0.08190780434425149,-0.06692493918968434,-0.06422892018155302,-0.030480442419182352
2019-04-17,-0.2056840008824643,-0.11327921099500782,-0.12987445781412366,-0.09780113344325636,-0.0464591985014543
2019-04-18,-0.20632808027273475,-0.09893876108733901,-0.11961936683975405,-0.08413211489459971,-0.03675621250242045
2019-04-22,-0.12771685601358818,-0.05388608297978126,-0.08040202274807384,-0.04979565089539051,0.01498079816014175
2019-04-23,-0.10369097351711076,-0.05096362381600417,-0.0695692015648367,-0.04508685277305258,0.017532819836771685
2019-04-24,-0.10362820410459317,-0.048913314985694845,-0.05759399937668286,-0.05216386064333489,0.00812263085389997
2019-04-25,-0.07185767039149715,-0.02305319090609903,-0.04133092265782601,-0.052287919937509364,0.028755811492609418
2019-04-26,-0.0668851970193497,-0.035884977536707385,-0.059927270026769675,-0.04699554950487794,0.00597332212051449
2019-04-29,-0.09184921136614499,-0.043625249945702604,-0.07633081040839784,-0.05682281433715697,0.009295975160400927
2019-04-30,-0.08748519206265148,-0.04297543715589758,-0.057056039387800794,-0.059522320115667826,-0.009629965504121651
2019-05-01,-0.021365413773840825,-0.011542328267823754,-0.00943827391416907,-0.024526097682623482,0.00709961967018824
2019-05-02,-0.03462985338156355,-0.028962883540607276,-0.013475199240291613,-0.025371871854519168,0.018224096044110905
2019-05-03,-0.06139776565688082,-0.03685135097025993,-0.019548060530323097,-0.04189653858319031,0.006285417069652022
2019-05-06,-0.06147177651942315,-0.02944731740611284,-0.004442412411223229,-0.029628698026620715,0.017769391781655486
2019-05-07,-0.020642911260239982,-0.014168254443670203,0.034780617954241366,-0.009677674709228201,0.03477860410500577
2019-05-08,-0.04740730605320742,-0.00850324066734831,0.029536862216775317,-0.013265001654412467,0.006138710529574487
2019-05-09,-0.07010310203065784,-0.010602702005346853,0.030908207194830783,-0.019371730470604254,0.0353271168266065
2019-05-10,-0.0638422825546916,-0.009713693453147654,0.02075718973023588,-0.025148838612108815,0.02451678582365102
2019-05-13,-0.02738018265408637,0.020438077659187925,0.03643228798449849,0.002993917708079108,0.035912707291968715
2019-05-14,-0.027211029494060734,0.020452422733449938,0.022528519491481047,-0.014681985629069638,0.014324995252237516
2019-05-15,-0.0003109183646317071,0.032152494895289374,0.04954464974685879,-0.02072985160912355,0.03213589173321152
2019-05-16,0.008972950550734327,0.02473814389427398,0.06018407738559928,-0.03076687650827903,0.026030501653584004
2019-05-17,0.035916813176863904,0.05283293109199372,0.08527603617475066,-0.00966954988550095,0.026918092638718694
2019-05-20,0.03972860851634685,0.07848202374237845,0.08722785746453754,-0.007412847849857851,0.018401894788080853
2019-05-21,0.045367366498879846,0.07878874441462536,0.09280459003200359,-0.02405540346788193,0.019482599730225036
2019-05-22,0.08489298297927461,0.08583064934134454,0.10637517558183696,-0.009394227187532023,0.05586683793393088
2019-05-23,0.11152544596458203,0.0994443745019713,0.12062778476188107,0.025841935523976955,0.054106944441021154
2019-05-24,0.10935897928905924,0.08943087309543474,0.10731523790933628,0.01437770009462258,0.05116362125873741
2019-05-28,0.14653672885623115,0.10374927214302665,0.12027534952222707,0.04049712113266346,0.04812654300278418
2019-05-29,0.16261877320284013,0.1306145314174909,0.1290852158603608,0.04995945087536402,0.06816267120867692
2019-05-30,0.19914791192581216,0.16254964299346675,0.14798039455883139,0.06719023777332334,0.0928886966533824
2019-05-31,0.23430052322505723,0.19805845687958445,0.17604633483992171,0.10204994060985628,0.088659795737835
2019-06-03,0.2580881372381043,0.21228387057604148,0.20844051330157232,0.11909272850908548,0.10733040027599583
2019-06-04,0.1421702000243037,0.1461976135383436,0.1770988913405327,0.06843720661576791,0.04797895256527873
2019-06-05,0.11133077803885705,0.14051674833421401,0.16408064209582118,0.044205208025536624,0.044635667456595085
2019-06-06,0.08887430858084255,0.11373193364648637,0.1310270355176093,0.04081616608817806,0.04167347727475312
2019-06-07,0.06403629218153273,0.11294730136495024,0.12681644786480928,0.04586061748871417,0.0386584984341003
2019-06-10,0.09655381950590569,0.15274980433023444,0.14830050088032887,0.07594425363576884,0.07354880397499164
2019-06-11,0.13113151875515605,0.15827335802310305,0.14908788773424297,0.0818508114405041,0.07916392406465023
2019-06-12,0.018327937969553343,0.12948723536481244,0.1210168191771599,0.08069257060400425,0.0475721812952985
2019-06-13,-0.05590812471481332,0.10685782823184953,0.07174836363458015,0.016609277810160084,0.04440143191181933
2019-06-14,-0.05936363445493631,0.12272800643355586,0.07254361220818684,0.020455571369524472,0.013466494884947444
2019-06-17,-0.056818177782223867,0.13225510357535653,0.08251704435995877,0.026767968442510615,0.023832397372196334
2019-06-18,-0.061808163132741845,0.09641982105045988,0.05160185420471719,-0.0032882691422824184,0.006673052350903985
2019-06-19,-0.10147544768281147,0.07714297127356629,0.02064058342061892,-0.010677564447038379,0.0044543220996426935
2019-06-20,-0.08398138130015331,0.08123205098973263,0.026279560839650218,-0.01746891802029482,0.04199604358115305
2019-06-21,-0.09629392256976876,0.03932316512505363,-0.013030498926500544,-0.044682969082557866,-0.009020576213949139
2019-06-24,-0.1056017255367998,0.05525136271540432,-0.012593921766049232,-0.029480766080931642,0.0008010703303591438
2019-06-25,-0.08091156279966616,0.06618096780126193,0.016694166930367738,-0.020980353007864716,0.01888927059403067
2019-06-26,-0.07240030239798667,0.07158422894335459,0.026954123672902952,-0.004142063058888756,0.042319455460236854
2019-06-27,-0.10167243135607362,0.05442976215861495,0.006363566467844528,-0.005715345384361803,0.012993204084185805
2019-06-28,-0.14942598300875187,0.04030163788878793,-0.032438650694348925,-0.014375481298950499,-0.02816461272519777
2019-07-01,-0.16037819130789543,0.024714779123604425,-0.04397964413638955,-0.03143180351684016,-0.03986813005676504
2019-07-02,-0.18633712967278915,-0.016092960752038143,-0.07786660947983359,-0.05191569635603177,-0.06118238825467304
2019-07-03,-0.22067911815578667,-0.028281462828121717,-0.0998124584220288,-0.07091920747634406,-0.07550121238845542
2019-07-05,-0.20268893218880935,-0.004887166882490246,-0.08444634292677022,-0.040285237507101446,-0.05790541419414752
2019-07-08,-0.20122584454030357,-0.013574330376255994,-0.07477665066964834,-0.027649714474124787,-0.05777090728850576
2019-07-09,-0.19898471824180153,-0.015420340331016247,-0.060697522476481414,-0.02885599875851308,-0.05070529012959146
2019-07-10,-0.19511443324605415,-0.018279392185819976,-0.04714558283978654,-0.02100909322825928,-0.04418753012158805
2019-07-11,-0.1939654835382122,-0.03037553426939421,-0.043808735485883155,-0.009016021996984258,-0.05104461036791297
2019-07-12,-0.24483672739767004,-0.0825418237229586,-0.09536341398123505,-0.0337011971115716,-0.09296589571476577
2019-07-15,-0.24788446494278304,-0.08198057123120084,-0.08475687570778889,-0.026581928364801666,-0.07322455536841588
2019-07-16,-0.2829923527468967,-0.10543198952264865,-0.12755532326554342,-0.048984355484367414,-0.1079601427261685
2019-07-17,-0.23574566054617374,-0.08362436387603356,-0.13009075743676812,-0.018307913490585026,-0.07365014698120187
2019-07-18,-0.2171731608467763,-0.07034623421452046,-0.1111460587066222,0.0008880660534300588,-0.06293184521973194
2019-07-19,-0.2018578497604494,-0.04396690873326259,-0.10146013094619943,0.00935502096022578,-0.05389337975276021
2019-07-22,-0.19139070783722412,-0.05925439229662943,-0.11382287218117737,-0.021198150612061428,-0.03320422324100092
2019-07-23,-0.19670993671315717,-0.0870515361332328,-0.11608550097587611,-0.03389024886256786,-0.045618037338795325
2019-07-24,-0.19666385948817966,-0.0786890925084699,-0.09746613618938416,-0.036781107303145544,-0.02760843233831556
2019-07-25,-0.1194268412312528,-0.06829525692076455,-0.08123067421088404,-0.04705873576074915,-0.006295631746593866
2019-07-26,-0.08642646872376991,-0.06515441939338684,-0.06458867544853342,0.00036337183630408276,0.0035084110051553097
2019-07-29,-0.049367899801941006,-0.061159153770842134,-0.06292813280371745,0.013056398868598329,0.021870180739087974
2019-07-30,-0.027525951712364605,-0.061472065358955885,-0.05908658611440454,0.0448174470063567,0.03443117436525389
2019-07-31,-0.015230616229721883,-0.026212203845068616,-0.027526997148129007,0.07075735067640032,0.0426620594309417
2019-08-01,0.007216807339928355,-0.005139316967767815,0.009503819545296777,0.09868571344670007,0.04932191359008531
2019-08-02,-0.05372905543998674,-0.017628324045144694,-0.007491872600458138,0.1064615959862727,0.02792980585959648
2019-08-05,0.007386585302829429,0.026807508068571684,0.05129112287506343,0.14233682927710123,0.06142126840800555
2019-08-06,0.0084626387916511,0.008845133015217721,0.05581563683081758,0.1351958520501777,0.045440772682906916
2019-08-07,-0.011526366628230034,-0.009284265330694264,0.03399623841221788,0.10707948213662011,0.029260793914571925
2019-08-08,-0.03748279515067621,-0.02332162631852508,0.016660950932709362,0.08307339316241658,0.013158305128809333
2019-08-09,-0.04447536450075007,-0.02536518259988607,0.014141132215086394,0.08373307765163363,0.017002922960287936
2019-08-12,-0.023154866448627742,-0.011251344099432514,0.04237993160294118,0.09740718654893987,0.04696608259751822
2019-08-13,-0.002544536723200541,-0.009007334555532154,0.054517511157177845,0.10207429339880325,0.06963208792799991
2019-08-14,0.04176251283713195,0.027083730568293163,0.07931665945155864,0.12335346414949022,0.09651515113818343
2019-08-15,0.0629673485448694,0.020486834324594083,0.07988233795225441,0.1311730196074079,0.09377023345871427
2019-08-16,0.04575413143669049,-0.007581115302120467,0.06595130286579698,0.08862548777293466,0.08165303137947122
2019-08-19,0.026819929292385192,-0.020278419211154253,0.04708543303112234,0.05766938720761061,0.07195908164041231
2019-08-20,-0.017808737425741183,-0.05773241317879918,-0.004046130463283948,0.04038374920653198,0.04342044211234164
2019-08-21,-0.04352760499379982,-0.08929489809979507,-0.023683951820584248,0.03301040784677145,0.0416317709507088
2019-08-22,-0.026385228285662032,-0.07160112215777437,-0.014843345947931796,0.03125610766446485,0.06328474481701618
2019-08-23,0.016129134622620445,-0.05053386022436379,0.02811098666108558,0.04905074566468892,0.1040910870637759
2019-08-26,0.04247711231027007,-0.05472622250733694,0.013280696171738215,0.04616270411310053,0.08221997783778612
2019-08-27,0.10715745383542785,-0.03954392607186441,0.05516227127645701,0.05941777098305634,0.10515437236500125
2019-08-28,0.07303589949751177,-0.06316147955557028,0.05930866671490742,0.04906175230104437,0.10452839912829104
2019-08-29,0.03951369932586268,-0.08517627140667072,0.029047101352661198,0.030975172061945555,0.10206816667377194
2019-08-30,0.049790985723228154,-0.08416884236437838,0.03155027563914614,0.03268330958026078,0.10867375381265232
2019-09-03,0.06639011243893433,-0.06371080221782899,0.05688509489764648,0.05410658973533544,0.11418167647364874
2019-09-04,0.038888861621072524,-0.07094176242451722,0.06900241965723275,0.030134236579619778,0.08191681898518288
2019-09-05,0.008667334843088348,-0.08283207835299111,0.04217151562230592,0.025514231753676953,0.056633638314915524
2019-09-06,0.015473118232752547,-0.07157635400881246,0.04391649075446491,0.02570001981951231,0.05943886862679948
2019-09-09,0.006329074174358684,-0.06074688179510035,0.03950528885727511,0.0028257219323262195,0.06592560668977865
2019-09-10,-0.02953302447159023,-0.0680422552504587,0.024554609248820025,-0.008617651887470323,0.06462546614287024
2019-09-11,-0.049395113408491564,-0.07775183160582022,0.017198510066735118,-0.026868864665191672,0.04678718157098394
2019-09-12,-0.017702131721395564,-0.08833090837207502,0.004810923231028941,0.023826946508216817,0.0468941531468674
2019-09-13,0.03038393327101896,-0.08339223752628977,0.003174613249824043,0.01702817443157789,0.08653396132719693
2019-09-16,0.12927620251548455,-0.05908489640168235,0.0386435356311885,0.03278980323565639,0.08382304274743713
2019-09-17,0.07960891325944108,-0.06027584847105727,0.011669208526233765,0.02655639054137149,0.07455328238667813
2019-09-18,0.059090968003229216,-0.06034452808299018,0.015959157247455336,0.014405209279944708,0.08393657852824354
2019-09-19,0.06219074394375612,-0.05453745526711584,0.015880096153239043,0.019063186923710118,0.07510072042048277
2019-09-20,0.09181846564495277,-0.03741821361929132,0.028735046505995676,0.03248285470835355,0.07923072141339693
2019-09-23,0.12545460665986807,-0.0123653088141924,0.047386921534517734,0.04588837319822803,0.09266708025061487
2019-09-24,0.1585581309889461,-0.0010820551707826365,0.054586631123884954,0.057555212289274404,0.10409896425598975
2019-09-25,0.13193714477774554,-0.00518323335969717,0.046764587356440845,0.055454173153443476,0.097156090238113
2019-09-26,0.13976194840508405,-0.01176675835011265,0.060486221459637335,0.06705726160812797,0.09849776856060655
2019-09-27,0.1425289836079655,-0.0046711016692893015,0.06013164384455694,0.07066620645430222,0.1089124018432408
2019-09-30,0.1378997721696622,0.000608084919473173,0.057911943276864886,0.07868898427175042,0.1078417303449486
2019-10-01,0.10506298824426308,0.011139951316682994,0.05555561345928095,0.08394228544973847,0.09068513762814145
2019-10-02,0.13334243291669057,0.047281318645816306,0.10431348396304774,0.10664867823700686,0.12436219287441164
2019-10-03,0.14219460060583722,0.0783666548871178,0.11108442864060342,0.10275548896031061,0.1301766099375341
2019-10-04,0.12092710305613008,0.06434394789527942,0.09752047848404866,0.09471493653947216,0.10817193253699453
2019-10-07,0.1108286593465162,0.07766220910367005,0.09334117043456258,0.08936636144281596,0.10084663158776719
2019-10-08,0.11900013684111754,0.08071368217371755,0.10154679686154333,0.08523498035091936,0.11459640203007715
2019-10-09,0.04623224861495956,0.040125494959071695,0.060606036540088004,0.062441598245767116,0.07287551726205455
2019-10-10,0.030924741206211914,0.04935783372492386,0.041561770494804806,0.05440667477203087,0.05332706596014125
2019-10-11,0.05164343142329075,0.06755153015879078,0.05312676044008002,0.0573070643703919,0.04575738240247351
2019-10-14,0.05300390385777587,0.07130834681735276,0.06381505512779162,0.06533411174444592,0.04415958397591724
2019-10-15,0.03092190484912405,0.07917351070509993,0.055530325845824846,0.06333077878186733,0.03649266297535414
2019-10-16,0.035431115408027125,0.08132342126053049,0.03734678057401286,0.07602007373677311,0.040187007223286164
2019-10-17,0.03233654075590464,0.08180181834065237,0.037335166571278,0.0701818247622441,0.03545681904943465
2019-10-18,-0.0017356205248322265,0.06207682937246428,0.017094027951243707,0.06058321239962461,0.02409344025531701
2019-10-21,-0.043380185434114926,0.02662512148601337,-0.021039833205532377,0.05072335280386264,-0.03037504939445579
2019-10-22,-0.02799893517326979,0.03342117195049332,-0.017166435528298774,0.05404380290291466,-0.027974385501567056
2019-10-23,-0.03399446236433579,0.03846882552758113,-0.022691889665208742,0.04301271360214454,-0.01862861331102794
2019-10-24,-0.05406709022673106,0.043688280732436136,-0.013695532356924889,-0.006217925674954716,-0.001433309824256046
2019-10-25,-0.1063153785196087,0.021977848984607862,-0.04397641647902606,-0.022382772079300284,-0.045273109968005265
2019-10-28,-0.13623981272164098,0.006525248652170967,-0.0616118901698246,-0.04426167800718972,-0.03572987089123103
2019-10-29,-0.12849074355835632,-0.005417075042466246,-0.044051435680591,-0.053036183193401976,-0.03850983004279851
2019-10-30,-0.0818801259925438,0.024764995137334322,-0.03490778894033231,-0.04159546651884927,-0.03341415028095662
2019-10-31,-0.08286506659878745,0.029956296019566064,-0.03588721530447869,-0.03213447710357009,-0.02424152969160076
2019-11-01,-0.0834259330776761,0.042841863425750804,-0.03295149178593504,-0.030804297203790965,-0.011477585204713758
2019-11-04,-0.08330637043093603,0.03182133765332096,-0.03279574412072528,-0.046044468953918116,-0.003112679636037785
2019-11-05,-0.10198843736006957,0.018605492429379478,-0.0459622667789118,-0.07093125627246777,-0.028089113240550634
2019-11-06,-0.07784238524994014,0.02709253915938037,-0.044139653726502415,-0.06228722208032633,-0.02555912096460522
2019-11-07,-0.05988989457924376,0.022719445947025907,-0.048187677243111016,-0.05893098746330583,-0.017530720642780384
2019-11-08,-0.047464291917939105,0.032302778404947,-0.042808218059586345,-0.047269440816925856,-0.021549759893699227
2019-11-11,-0.046093478157472445,0.038105082662367895,-0.0468298653970205,-0.05391585510174712,-0.03441397524885714
2019-11-12,0.005081323945782978,0.040894874774224155,-0.037316641921053884,-0.047904350275973284,-0.020112843705350714
2019-11-13,-0.007676158786499188,0.04566375316383087,-0.04382163495567071,-0.05370977782319808,-0.0267824134340372
2019-11-14,-0.016336522420572597,0.0373121016141158,-0.04928661612673635,-0.0585448494058084,-0.033968846257549146
2019-11-15,-0.006236981551406062,0.028672028249666415,-0.047778680102405935,-0.06288751566820105,-0.03255748114073398
2019-11-18,0.01713285140502041,0.034337674621977676,-0.03266140874139334,-0.04779269259446184,-0.02697686297224622
2019-11-19,-0.05599183783114281,0.01734721313057408,-0.05777681784491562,-0.052529308480533166,-0.04495509133663844
2019-11-20,-0.03223524829114788,0.03574634479964467,-0.04362050308745047,-0.04440924775505062,-0.026884919722932166
2019-11-21,-0.02542076811811056,0.04158380595207145,-0.046169116426051815,-0.03751996490592757,-0.026764723271947566
2019-11-22,-0.029288742029435877,0.048832409988703196,-0.04881233152238429,-0.043202858618065276,-0.03286802298093583
2019-11-25,-0.03587437934796511,0.046317768118165015,-0.04939472395848499,-0.05356525574998128,-0.03517957918929904
2019-11-26,-0.05955251606825118,0.030978100531731334,-0.058753821174267085,-0.060329712222707554,-0.05112330344302929
2019-11-27,-0.053886080739022124,0.04240422903645702,-0.06620100440709231,-0.062064712634517516,-0.04770848989891985
2019-11-29,-0.04210155258017989,0.07223859695997636,-0.05334056481523963,-0.051571901922089824,-0.04100854410451449
2019-12-02,-0.01780628072290591,0.08581509672715404,-0.03645090514030369,-0.026636880589662737,-0.022316844077011844
2019-12-03,0.034444838844094106,0.1125494822650841,0.007539081222444066,-0.008045125207003956,-0.0010508585351817201
2019-12-04,0.03725348725516886,0.10649305736218162,0.017352827617906907,-0.010593591484983067,-0.004482980496397837
2019-12-05,-0.0014684073156960853,0.0798139628022454,-0.023560205786981703,-0.032697640064780265,-0.034180457940098496
2019-12-06,-0.014785456683845566,0.06234419639202282,-0.059155626381201976,-0.04086310020421757,-0.03995904469976552
2019-12-09,0.047653658584484004,0.08010768722354178,-0.03116086448937916,0.0019894955834625083,-0.011913445969522374
2019-12-10,0.023703641098449912,0.05906720594831261,-0.05328864289116564,0.029867120724728746,-0.007733367474623942
2019-12-11,-0.0279225454555303,0.031771774379582673,-0.10790622560195895,0.04166674675342996,-0.02097692269489071
2019-12-12,-0.02958151288906652,0.013935374258771782,-0.12908328259718482,0.05707459789909941,-0.031762480088657785
2019-12-13,-0.02474525732098487,-0.0014102663744517407,-0.14124232116875557,0.05060025566480486,-0.007714091243310128
2019-12-16,-0.0071633562976435305,-0.02259498860625797,-0.12275750412480568,0.027230931831806693,-0.04333330219789511
2019-12-17,-0.05091937774779964,-0.050264097530375196,-0.16293640845059598,0.014765575455299773,-0.0780759558437567
2019-12-18,-0.030000039655370236,-0.04335940434780783,-0.15679866332727488,0.0302239701350433,-0.06345056585184328
2019-12-19,-0.0005231568310455348,-0.02045970205493275,-0.11578123391302597,0.029585758387630445,-0.049566500185441176
2019-12-20,0.00576923102277993,-0.0013564944652434408,-0.08322133072092652,0.042467541636480144,-0.04340918468729704
2019-12-23,-0.030560314687713475,-0.021197760676689437,-0.09995530184900214,0.0447059283232929,-0.07605723324657432
2019-12-24,-0.023821910938411572,-0.024751576672780717,-0.10846885029091402,0.04222822079807065,-0.0742509632194217
2019-12-26,-0.02607367712861841,-0.031061147238642395,-0.10967959535319793,0.04590159025136065,-0.06717827367238638
2019-12-27,0.05310385786717964,-0.007108975690529484,-0.08871793282351559,0.06645795065610494,-0.0547664427973833
2019-12-30,0.08065734857996354,0.013808325643423824,-0.06548433601845349,0.08136091233553944,-0.031619345309320646
2019-12-31,0.05304035046017952,0.011114833982106331,-0.08059937301946662,0.08447581932193038,-0.01845017447235875
2020-01-02,0.007490893780038421,-0.0023713538993110905,-0.11355020118766568,0.05707516548307212,-0.02471886792622724
2020-01-03,0.03926951584373195,0.011367543821111381,-0.08714452251578364,0.0597975010679066,-0.015818959132186672
2020-01-06,0.040801398098636366,0.021753944374134804,-0.09441276017584666,0.05505266818437926,-0.015922155432688045
2020-01-07,0.05126231364692413,0.02036841635562836,-0.07905950497124048,0.04881184156623197,-0.006789690484996114
2020-01-08,0.0029744672763214464,-0.009856971338820908,-0.10641466885195361,0.039727706063784396,-0.01051039236029061
2020-01-09,-0.08608047618969339,-0.07386791098532997,-0.14189876248527256,-0.003499200129306601,-0.045241360510684614
2020-01-10,-0.15060609734135622,-0.13501573057497673,-0.19173059594389885,-0.0793474461789877,-0.1023900881651556
2020-01-13,-0.1824590464707887,-0.1606540494270241,-0.23431926289985838,-0.094276454943658,-0.12410287119656116
2020-01-14,-0.24896015480957345,-0.21036604516606394,-0.2607853890795876,-0.1442466764898357,-0.1952200643909927
2020-01-15,-0.3067295507073379,-0.24620609217047984,-0.30241250975277534,-0.1606395379672857,-0.2379311997673429
2020-01-16,-0.3294474844834139,-0.23261307133725517,-0.3158365233955458,-0.1509945229129388,-0.24385754726227604
2020-01-17,-0.36915613366160305,-0.2503766024931656,-0.3501671917652208,-0.1749863132096131,-0.2849198804621932
2020-01-21,-0.3162324410365672,-0.19066696361050828,-0.30679565699900224,-0.12008541610301982,-0.23108483456317475
2020-01-22,-0.4107145985406575,-0.24008985917618675,-0.38096949340598374,-0.15063292416709884,-0.33364133939706375
2020-01-23,-0.4434368709867037,-0.23333130196294427,-0.38619226955708796,-0.17137186083181877,-0.32321546391787903
2020-01-24,-0.4643809888984347,-0.2548759299846477,-0.4288156543621645,-0.22567841341288242,-0.3489968732067513
2020-01-27,-0.3465023721368178,-0.19436527526448744,-0.32294211989068633,-0.1869272825571504,-0.27999248469049254
2020-01-28,-0.39330523178440324,-0.2525248112726074,-0.35963662299345944,-0.25948722354721765,-0.29876158054941826
2020-01-29,-0.496279676015402,-0.40083044003656343,-0.5069804243793699,-0.36352940498208,-0.47258271023309795
2020-01-30,-0.4818584612596638,-0.32355354518510915,-0.4644373068855506,-0.25776699379282997,-0.42182672803710863
2020-01-31,-0.4046634829946393,-0.35311332513337423,-0.5258021420646242,-0.31494348314885035,-0.493505499988121
2020-02-03,-0.4242424156986778,-0.4297049864526009,-0.5905753760921614,-0.30465043454855556,-0.49397562621787916
2020-02-04,-0.5902216147212158,-0.5917085161342439,-0.7289897410802619,-0.3662844266373463,-0.6157440574204855
2020-02-05,-0.6463917585236362,-0.6322186572613325,-0.7400122042351203,-0.45603563854965135,-0.6333917487374175
2020-02-06,-0.6332155337711922,-0.630499517255021,-0.6956521739130435,-0.44450924378403467,-0.6299029771414122
2020-02-07,-0.6388301514057153,-0.6137163396464649,-0.6697282474672916,-0.40866565453058024,-0.6221657802299532
2020-02-10,-0.5164987970255167,-0.5308296290728909,-0.5847489682508901,-0.34160669830353774,-0.5487513496822269
2020-02-11,-0.48424932089056816,-0.4661624419593575,-0.545511001751928,-0.3172512941355218,-0.5351010883530427
2020-02-12,-0.4860518477088185,-0.4632745456090541,-0.5675182414003633,-0.2922592845960372,-0.5014608961794387
2020-02-13,-0.5333998042321206,-0.49680028432046786,-0.59451782912963,-0.37615271835116193,-0.5482797604652794
2020-02-14,-0.5804794630160537,-0.5098789723115019,-0.6208673954696264,-0.39218420959905076,-0.571471794552213
2020-02-18,-0.5742228453471985,-0.510777361140929,-0.6068045852814485,-0.3793916364773625,-0.5652771378527605
2020-02-19,-0.6226615033825647,-0.592035509409264,-0.6770334901800603,-0.43681816592408407,-0.5956728383947388
2020-02-20,-0.6471413420254731,-0.6115107733474427,-0.7069202977974719,-0.4446569793245625,-0.6227050242177244
2020-02-21,-0.6624730249342986,-0.6115431106012026,-0.7065760958488995,-0.45767655034666277,-0.6226501540745899
2020-02-24,-0.6267190681646659,-0.5884196660860948,-0.6817278379588201,-0.4304536951450919,-0.5767338392837305
2020-02-25,-0.5579584820046366,-0.5627824326887041,-0.6531103918364938,-0.33757316154257544,-0.5063764664384162
2020-02-26,-0.49215597512666853,-0.531558808729793,-0.586502318748839,-0.29586901082726846,-0.4920690268053469
2020-02-27,-0.39271844673678113,-0.4938783473456847,-0.5149368830341257,-0.21487539877617967,-0.4031344192447447
2020-02-28,-0.39317580668835606,-0.49598968208739225,-0.5306056214354893,-0.2554264405844877,-0.41518032571739516
2020-03-02,-0.36638391184853836,-0.47964379543595514,-0.4955925487241033,-0.256361049602034,-0.3793723766807391
2020-03-03,-0.3114846106887815,-0.47271554457487563,-0.4534225405739415,-0.27405455442118154,-0.3649989317719998
2020-03-04,-0.40259043256256755,-0.5303092540226457,-0.5256432065676166,-0.34626047252055026,-0.43127387784446947
2020-03-05,-0.27867836443674954,-0.46078646490210473,-0.436324872306725,-0.310718295821126,-0.3113207331872876
2020-03-06,-0.3074514568136326,-0.4848550873349641,-0.46660265394573697,-0.32079606300530017,-0.3534616205671335
2020-03-09,-0.2542372881355932,-0.46920957994001866,-0.40401881384603044,-0.30972043761515144,-0.344987223545948
2020-03-10,-0.3958823260139016,-0.5058279892281196,-0.5076103789084407,-0.347892866940243,-0.4115006112648878
2020-03-11,-0.3696187050604446,-0.4731660969566305,-0.4787191075433048,-0.29065659323491944,-0.3829321599091017
2020-03-12,-0.23345720700199746,-0.33521207603726133,-0.31067966009279546,-0.18685891530180365,-0.20153937380681974
2020-03-13,-0.29979034493752565,-0.4223150770216,-0.3996157452822894,-0.294815907685538,-0.26613966214548823
2020-03-16,-0.2927135568517486,-0.32030162256798,-0.2151113844242485,-0.2086887197491195,-0.02920377778173877
2020-03-17,-0.18934530319069554,-0.13925644389866565,0.017606749489254003,-0.1903266845116146,0.045189095476962704
2020-03-18,0.030901340956179357,0.10302242774737636,0.38353606570700327,-0.11095309907599726,0.29407089310748846
2020-03-19,0.034013642640159825,0.12133882488165981,0.2509398486974235,-0.05281917876219289,0.24524401283429476
2020-03-20,-0.053949943491581664,0.057142672036599285,0.03102041750538098,-0.13713218232444824,0.22113756833283071
2020-03-23,-0.07219509962128434,-0.022952213384129783,-0.08114282517206106,-0.2167210226081766,0.20557629985646875
2020-03-24,-0.3354885093892388,-0.21904052950290764,-0.3057575803814512,-0.33802446765284044,-0.037357313365836364
2020-03-25,-0.3801169753714698,-0.30289386922374595,-0.37841527463215785,-0.3540608534949129,-0.053284187146694695
2020-03-26,-0.35249039322318776,-0.28328082883183436,-0.28495075606657594,-0.3402860359368557,-0.07663901353741942
2020-03-27,-0.2806267515020201,-0.25516062852488697,-0.2700974664439646,-0.28284781502265643,-0.0505523999483285
2020-03-30,-0.2122449290995695,-0.26648072284855195,-0.24535807877881122,-0.28091154495570236,-0.05224142415185429
2020-03-31,-0.2526661222091041,-0.3196634287028657,-0.3435816296266203,-0.3260318577114669,-0.10361780564592626
2020-04-01,-0.14405987112282082,-0.18810243659261472,-0.20857701602477752,-0.22659197652364382,-0.00796967699359008
2020-04-02,-0.10139169137356119,-0.15388007922856872,-0.14944491838592044,-0.2422222715306417,0.03933492779223546
2020-04-03,0.05111816024348248,-0.027580272079244295,0.054172119011891784,-0.11296671238955847,0.17658965608318677
2020-04-06,0.014736878244500318,-0.025089564483816718,-0.014154877023659584,-0.09804548658336554,0.07461566424542343
2020-04-07,-0.0342466117734731,0.021123495879421084,0.017565372271918678,-0.11046679988583374,0.04236994533734739
2020-04-08,-0.127096168586052,-0.0030133505250971027,-0.060705200378030844,-0.13702616682651114,0.09265617088168465
2020-04-09,-0.22462033318986285,-0.06970071760174834,-0.19365080576094373,-0.20839041719214435,-0.018664983903691534
2020-04-13,-0.036332185211795265,0.10322589308623553,0.021791804615717725,-0.05078824878322841,0.18705518494074913
2020-04-14,0.002510437945608235,0.07253467880186526,-0.006796086960037417,-0.03220242683990804,0.15104678121242499
2020-04-15,-0.1065907586397733,0.05379865658964178,-0.09322037551179918,-0.00822663724995032,0.1456116745969378
2020-04-16,-0.051490488756808395,0.10667223210805155,-0.006026167120256387,0.04628420764151464,0.20983716736727653
2020-04-17,-0.039757999159909296,0.07828570977284355,0.013067371449916099,0.07790939830499322,0.20648179893626928
2020-04-20,0.01446653176688173,0.11717434671742555,0.07628639302060036,0.11010949298741557,0.23845368901329334
2020-04-21,0.07727276195179322,0.23246732227977085,0.20695848417499207,0.20956490177178555,0.38918338512637574
2020-04-22,0.6280427038067855,0.4410326112764966,0.5108191554115529,0.28811871402420786,0.5372320609985735
2020-04-23,0.8136585514719894,0.5195729077529796,0.6489113911209063,0.2667548298502014,0.514893619323795
2020-04-24,0.9699319727765305,0.6497097267975425,0.9049295635387766,0.38390755422994993,0.7936451720076401
2020-04-27,0.8512972444714493,0.5419673780063703,0.7855999755859375,0.305737311884863,0.6552961523402414
2020-04-28,0.5115453030016348,0.29991780157991443,0.4267241739584158,0.25092614512798117,0.31348953902620735
2020-04-29,0.13855898528449595,-0.004392209256809165,0.06760655790603054,0.060058085209891754,0.046764710370232
2020-04-30,0.3938384223225535,0.17445014351045596,0.3407707893747398,0.14783985543694,0.18296435052844462
2020-05-01,0.5695488932403763,0.2628525204648473,0.4650638155698541,0.24324336561378312,0.25440052116035705
2020-05-04,0.7342160097643822,0.3867966659805644,0.5918447632671537,0.32692322410181474,0.32811951604128575
2020-05-05,0.7854888678833185,0.41501603289040756,0.6272802087202363,0.3743379835816407,0.2913358900276872
2020-05-06,0.7827026779587205,0.46619038567938964,0.7171540992843655,0.4380264182300817,0.34567017123988286
2020-05-07,0.6771488536664729,0.361162498802591,0.6193406660478193,0.35756393944340537,0.284601802319552
2020-05-08,0.47140035218232,0.2900528965238931,0.4374508578229168,0.2632350844888871,0.21566670735677085
2020-05-11,0.3861385615079309,0.3466605486087988,0.5052149714060821,0.33192805581480145,0.2986601212417297
2020-05-12,0.351295386251949,0.3000475820804982,0.45298766969515514,0.27773377275723643,0.28081932592382275
2020-05-13,0.4456641682352742,0.4430703662936988,0.6750362221270134,0.3737498742033454,0.39028208878588133
2020-05-14,0.35300553339579976,0.388545239666656,0.620197075160626,0.2897498069802227,0.31216526541479217
2020-05-15,0.4734512998929121,0.49088049498470476,0.7705823455160119,0.46795134021290163,0.4401092881779134
2020-05-18,0.3242147767344046,0.28316570847674694,0.4343142069654351,0.26171993347637823,0.24819274608704633
2020-05-19,0.32883817047679664,0.2729778732364616,0.4548142026590114,0.22101854603949378,0.24563855383840938
2020-05-20,0.26646404710590765,0.22007058668002566,0.37053390601265823,0.17049750100982553,0.2058823992882426
2020-05-21,0.2942365769862485,0.22797926930653323,0.3626160555941931,0.15878368678064425,0.1645729162485856
2020-05-22,0.2278350599590786,0.1903923959599183,0.28149605220127927,0.14340132873569833,0.16376524633757716
2020-05-26,0.0763015620825267,0.053021534189162445,0.10121861107315921,0.011377911929234985,0.035112748646833225
2020-05-27,-0.06677790213931922,-0.025456058720507047,-0.01694364446773511,-0.06209138662244518,-0.036373894535686624
2020-05-28,0.08743170110838161,0.055728856391089154,0.13084108200608968,0.020583861651220836,0.03685433811679695
2020-05-29,0.10761905851818265,0.0638637583188757,0.132667588869247,0.016822512147727453,0.020181411790617165
2020-06-01,0.04140414512708901,-0.002292533703537547,0.07739310106928055,-0.01100521185881631,-0.017169729199811523
2020-06-02,0.19786089665953055,0.0829230302120667,0.21598124765726445,0.0368331534124986,0.07071816311160428
2020-06-03,0.050632861475148117,-0.042500657975833134,0.02496285630007722,-0.06068082302709821,-0.05139950373990787
2020-06-04,-0.28767940571029627,-0.16460796784487586,-0.1324808313893987,-0.10817895574315761,-0.12570887838344813
2020-06-05,-0.383001604471096,-0.2324356721046258,-0.2376797465839301,-0.13619705986948571,-0.15987831544688036
2020-06-08,-0.4352535416722818,-0.28509600295551585,-0.3208050805595297,-0.17171734822635254,-0.27945860761276575
2020-06-09,-0.38760107148784095,-0.2317820798287158,-0.2905465835728058,-0.12391510609290213,-0.21258133538902213
2020-06-10,-0.3084606262513473,-0.153603072782162,-0.16339379352999706,-0.11712431215095309,-0.11595953294052741
2020-06-11,-0.20792765975818717,-0.04558849404705434,-0.013205241018574565,-0.03563800521350191,-0.014891789183044901
2020-06-12,-0.3195937575235732,-0.16201126968176383,-0.18255173238330769,-0.12099228763912284,-0.11229528353899176
2020-06-15,-0.2952095856256731,-0.14839142396382932,-0.14205130552634215,-0.11144748305257868,-0.07333863977209176
2020-06-16,-0.3305931204412773,-0.17827470245588317,-0.1900024760905471,-0.13070817057959838,-0.09029052199955234
2020-06-17,-0.34157829172100584,-0.1881509028022027,-0.19133758544921875,-0.14734251975230428,-0.0735097570493638
2020-06-18,-0.32565190782867726,-0.18902234636333715,-0.20233861110693607,-0.13835414394246592,-0.08037388718050897
2020-06-19,-0.3075000047683716,-0.1460521328981783,-0.13490768981458234,-0.08596251116166753,-0.06310280677197566
2020-06-22,-0.23123323000157114,-0.1241897333128833,-0.11631088925873567,-0.08614670621978171,-0.059501012092391226
2020-06-23,-0.10285711288452148,-0.10694998002657075,-0.0651330978258341,-0.05841732338286554,-0.029052496777756565
2020-06-24,0.0,-0.009509924387648527,0.04021777572809726,0.02387601841980236,0.0590287529899729
2020-06-25,-0.010630246204383464,-0.0296322435109847,-0.010377538480993875,0.00940266066056461,0.03184895948969935
2020-06-26,0.1308562092555554,0.09030091444224242,0.14138040778870953,0.09480603694535605,0.14431489425781274
2020-06-29,0.03078077003045454,0.03600150124244794,0.04423026234885197,0.007134811693919607,0.05608235446712828
2020-06-30,0.03596023550137728,0.03707677117373409,0.051719181853812746,0.031305189249800414,0.06067294166511217
2020-07-01,0.03825134699978605,0.03610119222562291,0.03947752047119324,0.02661920489296632,0.058543420389994605
2020-07-02,0.06639999389648432,0.044372244226196234,0.05975398219092787,0.02286078997638219,0.03261163529655908
2020-07-06,-0.014062523632309976,-0.014767891153286361,-0.023004759433548294,-0.014285683280283568,-0.022114440912317512
2020-07-07,0.05793455439947337,0.022954409712396595,0.04393242207967929,0.034838092529472675,0.002493079124432862
2020-07-08,0.05754800227100154,0.024435429049341373,0.058715029790523454,0.04195816902286009,-0.011307221908188225
2020-07-09,0.11806794801366194,0.07680328968214134,0.12860454593817883,0.09154255232393971,0.03861794088526005
2020-07-10,0.018425483648278895,0.006644321982282264,0.011325459666959414,0.044250105121886874,-0.00839628438018647
2020-07-13,0.15563193879034576,0.11111111111111116,0.14357680834635578,0.13082109615276782,0.07568805357812147
2020-07-14,0.13569582453842832,0.15281515117115063,0.10964087821927437,0.11458654853966221,0.06255275573437968
2020-07-15,-0.04836306836489768,0.047202720260280495,-0.058289771628951326,0.017622353708515837,-0.053405567194625636
2020-07-16,0.06666666155997691,0.13059427716987337,0.05015945079864759,0.10055542277377238,0.032725355704159576
2020-07-17,0.14105796193950604,0.1826248492881799,0.10082553562086227,0.13712318937653256,0.10081079843881957
2020-07-20,0.13775064402115644,0.17658282543282477,0.11351679434240203,0.13947877622013682,0.08526055796405485
2020-07-21,0.14210985845627655,0.16193722794357002,0.08890228768792885,0.12760267718613139,0.08149173206536453
2020-07-22,0.16461267095724974,0.18628566696902737,0.1648247332105892,0.17627646736530722,0.11487609011807387
2020-07-23,0.1350891365399045,0.1657954663345671,0.12548907737246218,0.1814575552206683,0.10144536150682115
2020-07-24,0.19490774771187258,0.22380616775363693,0.16210455727527595,0.24415659452108462,0.16428973462394714
2020-07-27,0.19666371410000316,0.2760785989952883,0.14990749182110985,0.28449090357939766,0.2181550985465277
2020-07-28,0.10875103510526074,0.2243639995438571,0.07680812209038113,0.21461745220974437,0.16199994768415182
2020-07-29,0.1412281284408612,0.2360032150872471,0.11912806584188629,0.2249131603391885,0.1763521681276321
2020-07-30,0.15831837708179086,0.27105038038968576,0.13642091855483063,0.2580750908609275,0.1635892097116074
2020-07-31,0.192446076020365,0.314377149513555,0.1708095175605242,0.2968598330746184,0.20528455217014074
2020-08-03,0.1859206167690719,0.3297615137234231,0.15469087756527755,0.285940756452302,0.2405882442698759
2020-08-04,0.20313861111265852,0.3467083083541711,0.18612567826355075,0.34076434756941887,0.2571428539652667
2020-08-05,0.08519105565896723,0.28296184308888694,0.13697002652192913,0.23471865952191284,0.17869137316200345
2020-08-06,0.011503038264500054,0.2127030408070758,0.07470929014031658,0.206238765007545,0.12685345905704692
2020-08-07,-0.06293167395462695,0.09713039496782039,-0.015729708322906766,0.12740396101604734,0.02813435569858047
2020-08-10,-0.11857141767229351,0.02999338770884319,-0.09243476654439453,0.08945424484244913,-0.03490443138559918
2020-08-11,-0.1310997303039505,-0.0026990129552622033,-0.10181916409349834,0.06404060447784632,-0.054386838296077045
2020-08-12,-0.13072374513117213,-0.0027501782925500873,-0.10054944214246808,0.045673557794912556,-0.07176282858122818
2020-08-13,-0.07593986574416967,0.0376305818472642,-0.044959523837169835,0.06885615586661231,-0.028843612759480663
2020-08-14,-0.042760667523375706,0.08255617122411563,-0.006633545506976257,0.09570168166212323,-0.003715482710046736
2020-08-17,-0.029318533194478746,0.09243400696539772,0.0031975811271853782,0.1123925382262998,0.011307221908188225
2020-08-18,-0.02460320716121589,0.10676794304859127,0.022660402240635147,0.0977749299226871,0.01215812263340399
2020-08-19,-0.007886465225786177,0.12396076518333143,0.021486693030612125,0.10679855944069105,0.029567682521833172
2020-08-20,0.040000000000000036,0.14952916323380983,0.05756238262523561,0.12478234945927613,0.048923678434568574
2020-08-21,0.07894737254879813,0.1734508214895938,0.09564163922062874,0.10954186953881506,0.06040077254348253
2020-08-24,-0.06770832409402183,0.04228176037239151,-0.03964753961477019,0.018152275586595046,-0.038113014065272566
2020-08-25,-0.005327294267089333,0.06810607663514912,0.03293582643972859,0.041284368347780376,-0.018297497837731158
2020-08-26,0.028928841803176786,0.09115203602552491,0.08029197080291972,0.07174258762697083,0.05287551142054281
2020-08-27,-0.006024090761646117,0.06456831410827646,0.024848086163707928,0.05524566805913733,0.0049350292651684224
2020-08-28,-0.04930096164615272,0.02031886207553013,-0.02570967007363878,0.009791065885490058,-0.05696046454452863
2020-08-31,-0.06360152579118972,0.029821792776631995,-0.02055560217963326,0.04124521532193115,-0.024390263012353253
2020-09-01,-0.05648860330105254,0.03419081803572177,-0.011107962505581437,0.03534690537026375,-0.015325728363554392
2020-09-02,-0.07558579248680497,0.006422665247121095,-0.07156409415363774,-0.009446091635240017,-0.06029163251317182
2020-09-03,-0.06736524263909383,0.008007585040558096,-0.08663105738712018,0.024264348323669083,-0.025748970815629324
2020-09-04,-0.07714910092193894,-0.008498643476184009,-0.07092381966514927,0.011678039974166943,-0.030377213940223413
2020-09-08,-0.06089507826391538,-0.017209741300670767,-0.032725253378585784,-0.008395123251356384,-0.0401441882259731
2020-09-09,-0.022988520026831494,-0.008186378003381845,-0.013599719133243204,0.01580833938620896,-0.02409637537148046
2020-09-10,0.010760906009643412,0.06071084991957654,0.021673550040925527,0.07678479273249672,-0.0073367386045130045
2020-09-11,-0.027026983239412994,0.07255507487205493,0.05378427067154545,0.09858775068054548,0.030746288308241887
2020-09-14,-0.11010558167012108,-0.027117569313259038,-0.03810564675884165,0.02596084616034222,-0.07058531941589086
2020-09-15,-0.14535774362114195,-0.08355696858044193,-0.0714674218108845,-0.016745069272014246,-0.1116642733616744
2020-09-16,-0.20652176391875554,-0.14231989105826304,-0.14882508815885076,-0.09406169700407396,-0.17184601184980175
2020-09-17,-0.18121791975715795,-0.09422858657032862,-0.12464143336335354,-0.0205446945818204,-0.12740219578129797
2020-09-18,-0.14480666475931803,-0.0669914165731963,-0.08412227502470215,-0.007532248020915899,-0.07675442143294675
2020-09-21,-0.08353812076797262,0.01341386951791601,-0.00029600875878854627,0.023454125583523,0.016737541932279942
2020-09-22,-0.08833064336383334,0.022501723123185213,-0.001467544394141651,0.019150006102770734,0.01795143310458247
2020-09-23,-0.07711651741490799,0.029431710792975352,0.007859682803557755,0.03675128735130606,0.025501861398369075
2020-09-24,-0.014443506345134471,0.10237840423989919,0.07971889620796513,0.11367360208427191,0.09747897669091787
2020-09-25,-0.06753457496194415,0.05507054413046597,0.014035074021298666,0.07843680867109337,0.04250674458211656
2020-09-28,0.034482725116836255,0.17326077289202702,0.1496939697743076,0.14775095337081212,0.2229621397910717
2020-09-29,0.010612254240074837,0.2100619863973614,0.1605332131259638,0.19143859300321786,0.24134177067707507
2020-09-30,-0.020341741316190043,0.14519301761724268,0.10820139054771816,0.15253365643154693,0.21048317935168903
2020-10-01,-0.06677266754230848,0.10546604916896407,0.04747010103634408,0.10519395371349582,0.14901110871680556
2020-10-02,-0.05846155606783354,0.14834665267423786,0.08275488741557702,0.1320949680165251,0.19029848887357947
2020-10-05,-0.02515243342869833,0.18750013507876706,0.13259666121263325,0.18420361836191934,0.25525686000761527
2020-10-06,0.013567444526483952,0.21056036540782053,0.16399074629715726,0.21500795075626544,0.31504568810785827
2020-10-07,-0.02524865580805913,0.17916021006303318,0.1283671806441553,0.18165312669365763,0.28903297219423707
2020-10-08,-0.028115493149632687,0.16003662510415917,0.1064864493705131,0.18184141177009683,0.2552420486079121
2020-10-09,-0.05075758227084737,0.1316670973817362,0.07489231341561853,0.14623682039004993,0.23339371709774204
2020-10-12,0.049535629995625774,0.1884189139939485,0.1250686944330064,0.19443718035822033,0.2944546060458533
2020-10-13,0.21276590597224088,0.29870928096152105,0.27509929735350225,0.2330692479517158,0.37815786662854656
2020-10-14,0.20873786370311587,0.30006287642014784,0.281662415259303,0.22980914611254022,0.36108955276607113
2020-10-15,0.224856917655873,0.31014677007908253,0.3226277149506729,0.23015457052214128,0.35550883228331354
2020-10-16,0.1340288981686315,0.2789962298214068,0.3187938945635984,0.1678427444571371,0.29529868353677413
2020-10-19,0.1361464953039515,0.26857128877212655,0.27661970971335825,0.18619822166640287,0.2870135490176047
2020-10-20,0.16093745587859365,0.2842401433700614,0.295895667293246,0.18127498614884274,0.28449788438591783
2020-10-21,0.26196079628140323,0.3634920037487721,0.4043331052815631,0.2003010897530657,0.3356009109524296
2020-10-22,0.24714829614293476,0.2562277112935385,0.322234142297011,0.13498702747744407,0.3042620947941459
2020-10-23,0.36587290185980104,0.24558847135547412,0.294396288754029,0.11918673488304132,0.22708681010368958
2020-10-26,0.49406770133862743,0.3282180702439472,0.3876627250647089,0.15036511598701674,0.3211508243028438
2020-10-27,0.5280499151289269,0.37121450389616806,0.40532639833166995,0.14600581723057804,0.3440085126692334
2020-10-28,0.6429223821443599,0.43743647946449804,0.5226994390522512,0.22705845611995712,0.4362924175438905
2020-10-29,0.5277777303029505,0.3569571818147772,0.44057197050876495,0.1594647251942234,0.3561719065687472
2020-10-30,0.4804965565846351,0.32800253630868936,0.3797991842451429,0.14495340106471488,0.29136978340895614
2020-11-02,0.5201073160629357,0.38484400937368557,0.40497338068466715,0.208853864482343,0.31512937624866044
2020-11-03,0.498666720920139,0.3294495695625539,0.352145778396143,0.17709144055340453,0.29019704948609926
2020-11-04,0.5258854575670373,0.3509691893848754,0.37612480078390087,0.1916257736526925,0.3272486555967109
2020-11-05,0.4232758349952752,0.2720452354194838,0.26562952219700664,0.1213151638438752,0.28509438698165934
2020-11-06,0.4048865905652317,0.2775301267520023,0.27047292345944207,0.1447137473703013,0.31259810308038305
2020-11-09,0.17272725499365915,0.05901567738279789,0.03993227342849148,0.032581448674581015,0.09671092662744285
2020-11-10,0.28352182523710323,0.08639311597585464,0.10137331961629759,0.04329398604393386,0.13884006219833656
2020-11-11,0.300664443274794,0.13449446548100075,0.12334459119786545,0.07080029629864959,0.17839422237689018
2020-11-12,0.3679727239392241,0.16783048938489542,0.19185888704416953,0.10019064840188419,0.2398019811420291
2020-11-13,0.29575163016758643,0.09791531581568202,0.12182610401433513,0.05173212660539539,0.16502460718910705
2020-11-16,0.26270521240802625,0.06736818458837646,0.08902442746046102,0.01820986573321548,0.12171335235451197
2020-11-17,0.24173233815789907,0.06941479116576676,0.06527097599690923,0.02080598074009088,0.09565952387497378
2020-11-18,0.1875981464882701,0.02163029387864457,0.014129155708511032,-0.012280638107408759,0.03185248153565068
2020-11-19,0.20641128625463012,0.043260483509885095,0.060088006391994186,-0.009548464874273854,0.028253225086877
2020-11-20,0.23862735742321295,0.0875303625884587,0.09122805138961088,0.02657025714312189,0.07963116386954194
2020-11-23,0.13421826242654822,0.03712330881532644,0.06572193028713036,0.01110900243128432,0.032180177691847334
2020-11-24,0.020917707557373655,-0.030053352257559784,-0.03714408814394443,-0.026321135423881037,-0.026541902195880263
2020-11-25,0.004016092456621045,-0.04553158629012122,-0.0644171486859354,-0.017195058861389945,-0.04421573548408486
2020-11-27,0.02670230870680479,-0.018509615407752422,-0.026931510519933144,0.008380479324217038,0.002715798093509747
2020-11-30,0.09907994389182395,0.0049686440503227125,-0.013762462650048657,0.03560653396172686,0.01726500357744798
2020-12-01,0.15206727446973178,0.03778796902906634,0.02140338100694872,0.03279034192500063,0.08794659723228504
2020-12-02,0.0605653158141346,-0.02654011352408492,-0.0607746668180682,-0.016441818491383486,0.046012879084139424
2020-12-03,-0.0074580412940382645,-0.06146691396459447,-0.10338609222976503,-0.019029518677173063,0.03206943627177772
2020-12-04,-0.014024362657695022,-0.017469304679765152,-0.0824533150872434,0.013028098450164505,0.054212369116573234
2020-12-07,-0.08018589390929576,-0.03966958699213885,-0.13434960381810868,-0.0025055626634632455,0.0774358144072318
2020-12-08,-0.10266588497464679,-0.05682622440588092,-0.14070149667746412,0.002326463867643902,0.06866784218514721
2020-12-09,-0.10081582503610731,-0.07622882593875935,-0.15910036061678623,-0.0030595373385206015,0.05043687221491511
2020-12-10,-0.13674263865730285,-0.07742823867155768,-0.16901691161982624,-0.021153893058642126,0.01052838576502868
2020-12-11,-0.028738990794385577,-0.07714427547634184,-0.15405295014294862,-0.037707256589144866,-0.020649610503969074
2020-12-14,0.0838323086569639,-0.01499125437317761,-0.08925517711233955,-0.014582781066024175,0.03556096163738376
2020-12-15,0.009406222531404884,-0.09295084329585412,-0.15739565002330136,-0.05342498694092901,-0.029803297147397823
2020-12-16,-0.0011862667283293327,-0.07935727165233541,-0.13173916028893518,-0.020555359352962488,0.002814058083385751
2020-12-17,-0.012499946071985568,-0.05619058211966477,-0.11006972797500858,-0.01659839671862051,0.009766826716172794
2020-12-18,0.06602060190653991,-0.022124017605717916,-0.06034869605825144,0.011297070001886844,0.043495581087889645
2020-12-21,0.08074529231420269,0.019681231375840103,-0.0374489667374166,0.07270747056484739,0.08482672676194647
2020-12-22,0.11046518361681112,0.0567539940356383,-0.01931584378579887,0.10436904300946814,0.07606756598062714
2020-12-23,0.11831340930278356,0.07455290823990013,0.005440894591899115,0.11743288292699638,0.10108027899388827
2020-12-24,0.11366543448208666,0.0699725228733179,0.0013869943508793003,0.10587741056888511,0.06679429049697228
2020-12-28,0.08405980238869892,0.06849315877517936,-0.0031876000793512604,0.11188219087326856,0.09090906452714731
2020-12-29,0.07124843246545565,0.06719962483956965,-0.0068587800696291445,0.11419250849425544,0.10878339381519009
2020-12-30,0.06934989880422826,0.06730797337414751,-0.0159015201546725,0.10622725866751592,0.0880907318146753
2020-12-31,0.12999360669335425,0.11042065169296,0.05687859154850061,0.11478222336902877,0.15269228128286505
2021-01-04,0.1890283962356023,0.14613989411283912,0.1068940823628215,0.16429837230782884,0.21831843285052321
2021-01-05,0.14776401388223448,0.12212376982804174,0.03594464294346955,0.13825565425606534,0.20136383458934248
2021-01-06,0.20360823158554497,0.13100532201321613,0.10312351330631908,0.12962569289795023,0.20885089724240768
2021-01-07,0.32899872444510936,0.18667642342647928,0.13938564832495692,0.15761672480322275,0.2394778057016791
2021-01-08,0.36549898817866167,0.20789615807839823,0.1690921584665217,0.20732203843423136,0.3048253676023549
2021-01-11,0.4546666463216147,0.2585636271050944,0.2871193935006673,0.2497890917751764,0.34496500291103604
2021-01-12,0.35630692166024414,0.19727057670746606,0.17468231915583732,0.21151058241635967,0.2683304178831596
2021-01-13,0.3483580743147501,0.1851669041786277,0.18568534646260026,0.21129396215800322,0.25400190080079943
2021-01-14,0.28832114459477265,0.15890992904854606,0.15165263164660914,0.18926676054204639,0.16979436977647322
2021-01-15,0.3604061055003407,0.20635353848577953,0.21234905045413055,0.23896282504453326,0.21938483333293046
2021-01-19,0.3882279089290608,0.19945432525520723,0.21944133396255228,0.2325728383411001,0.20562968722828745
2021-01-20,0.31354357890554985,0.1283035963372514,0.15205840826649442,0.16324396097697735,0.15785703559411157
2021-01-21,0.29185097040428687,0.1362184336477652,0.18619394873831507,0.19154252545924288,0.18067686445761266
2021-01-22,0.35714283991919205,0.19700002272410666,0.2828666861957927,0.27769589802817785,0.24820995667478862
2021-01-25,0.3998703794078542,0.22416449093987034,0.32317976453361363,0.2917581019867883,0.26446119962634707
2021-01-26,0.40051515608357335,0.21566623575057098,0.30715147076231064,0.2772318426320062,0.28091833000611466
2021-01-27,0.33756040657394903,0.2544132672926218,0.3214373398906465,0.32434886987814293,0.34472885349641036
2021-01-28,0.2911602401488871,0.2432634009465715,0.3229142638033098,0.36838590288369666,0.34241166570151127
2021-01-29,0.4659289437654306,0.3432560659483279,0.5238808719411236,0.4132907054986952,0.47409380826924474
2021-02-01,0.45308783204458947,0.30592270909099084,0.4974963302400919,0.35164079826915917,0.41511323587567994
2021-02-02,0.5165762276070489,0.2999999898143846,0.5295125633680702,0.3540113898053827,0.44492690818635094
2021-02-03,0.4034091038398504,0.2362997418669921,0.44671737322347527,0.3091299997076966,0.3435476800121049
2021-02-04,0.4350574632635327,0.19716584370766332,0.43291678086322616,0.24262163512232826,0.29919235268024846
2021-02-05,0.38627104033492987,0.16573508509085322,0.3841956021808408,0.18801180792000594,0.2654115388043705
2021-02-08,0.25323578413493864,0.05550391609876981,0.2257046782554335,0.10298640749950727,0.15031537413838492
2021-02-09,0.2505733255770741,0.07292389580319081,0.24261316274861788,0.12739349780722042,0.1736633691960947
2021-02-10,0.30786907853697043,0.09580411695322022,0.2802649794400185,0.16829172927867742,0.18113666804552642
2021-02-11,0.34961745815648637,0.11563670104485202,0.3082413358114815,0.19194890034231582,0.18426072666248627
2021-02-12,0.326577836719917,0.09309289652805752,0.2790168984843393,0.1873780422328022,0.17268933963787814
2021-02-16,0.35353542381030456,0.0951847694455652,0.27346314264631344,0.19149337873245975,0.1668335676311028
2021-02-17,0.32851583783231897,0.08763234455407543,0.24869788691608563,0.1643783434637871,0.15369223450639358
2021-02-18,0.3472615383289859,0.10027050581836394,0.28603204786970027,0.1799808153912501,0.1601001017295034
2021-02-19,0.2971091620123141,0.10028489673477692,0.23443686076219605,0.19238761208249167,0.141457895492483
2021-02-22,0.1771036613161059,0.08190207172210506,0.1967806565224377,0.1699213696096349,0.15925164527933466
2021-02-23,0.15827688683033925,0.038477408293173365,0.17704009042513258,0.1198874764299871,0.08779320898979437
2021-02-24,0.08386800867555189,0.0042341587556555815,0.08133190129484547,0.07033233497492697,0.07768726064116782
2021-02-25,0.12847556216493383,0.021139901465728084,0.12842799696120832,0.08763498913958756,0.10784014579173018
2021-02-26,0.09407828381620198,0.018356279885393123,0.0660592164403313,0.0779287518880658,0.0965857695005139
2021-03-01,0.06515576680276869,0.004161296643752532,0.06283996225517807,0.08904592411249546,0.08314050960070363
2021-03-02,0.043376878825094556,-0.001244111406763615,0.0697237201335581,0.09029571218864585,0.07872212886003416
2021-03-03,-0.0018042812534816433,-0.03164426957657329,0.02840387109636655,0.08855046989242243,0.05260766023145669
2021-03-04,0.03719401713937742,-0.006814119514753303,0.07339096543356538,0.11251792533987626,0.07288763361623007
2021-03-05,0.05378965442947892,-0.0012983249974043432,0.08847983333729759,0.08977528513598854,0.0597934549223762
2021-03-08,-0.05123421095951719,-0.07163768079576549,-0.0695523869906548,-0.011560717725529912,-0.016031716019092035
2021-03-09,-0.02731482139667185,-0.040319139206830945,-0.029384235183545937,0.05277460461120187,0.029002877247842784
2021-03-10,-0.07724139334141522,-0.06589933563090589,-0.05359791334920527,0.04375324709290207,0.0085856258482373
2021-03-11,-0.04695255196793169,-0.052152255456149876,-0.017573080629051052,0.05233434616443722,0.05358496745689956
2021-03-12,-0.056910563797381686,-0.06461990748326596,-0.04459055063788597,0.01540234306227739,0.021464374976795986
2021-03-15,-0.13547873806419952,-0.09119429098733511,-0.12241547838176459,0.004830937500104104,-0.04028898847779172
2021-03-16,-0.11319978047172696,-0.05972869578576678,-0.10466480509104215,0.02031703685223274,-0.027620353971494427
2021-03-17,-0.1534181491956007,-0.08049159228359704,-0.14027225026759382,0.008094533351116429,-0.06325133123559712
2021-03-18,-0.12064782824040376,-0.045953668808133674,-0.10555735286351298,0.03019363989731816,-0.02054111097132716
2021-03-19,-0.12094507943377797,-0.049591946011876886,-0.1038341504979351,0.01801791060387603,-0.029528064056733916
2021-03-22,-0.10113301951858777,-0.0690015735576408,-0.09480545894737114,0.02287254924054949,-0.029171529626889625
2021-03-23,-0.03143245390888272,-0.009640709188218577,-0.020051511043955528,0.05570972019602238,0.01903746467076939
2021-03-24,-0.014672155096744355,-0.014908928105230923,-0.014490108999850593,0.05181974679421497,0.02476311207466586
2021-03-25,-0.03381644454474009,-0.019144803620557038,-0.023550396303153365,0.029210370446051126,0.0022140446624192567
2021-03-26,-0.04055823344083698,-0.046789880211372425,-0.049269804003908235,0.0009787810656709528,-0.018003562096426284
2021-03-29,-0.05848974952041541,-0.05917162777828311,-0.062277579225729185,-0.019356890229700663,-0.029037023473668988
2021-03-30,-0.13930350304491745,-0.12004120766552451,-0.12369010266588432,-0.059764329332896216,-0.0739205836126633
2021-03-31,-0.1125523253971934,-0.08927101378368885,-0.08880779508247472,-0.018506296464876337,-0.02961993136080243
2021-04-01,-0.061190316616667406,-0.05160763310181016,-0.04392945224720768,0.016313258718366752,0.005036674124055063
2021-04-05,-0.03631857933932847,-0.06965179215983996,-0.045876221600644085,-0.013816015762334932,0.008158698282919374
2021-04-06,-0.02078138034490662,-0.09525665203514411,-0.052118333859767496,-0.031669237711167586,-0.0467859648520178
2021-04-07,-0.040117048874991124,-0.08087649483938741,-0.06345473894009945,-0.04927600417015765,-0.04187394629268992
2021-04-08,-0.04439743145863939,-0.0883357455906153,-0.07302709288746068,-0.055783242881876305,-0.058605062500367344
2021-04-09,-0.0412065073482345,-0.08240308089021253,-0.05356839041190242,-0.05250712936280155,-0.06278394232459039
2021-04-12,0.0034919216167124123,-0.05428092639149806,-0.0003561335081555539,-0.031599181266038445,-0.028751794726708302
2021-04-13,0.028812040510530323,-0.03294629855616171,0.005647717890681081,-0.042385037360029076,-0.02805470217112882
2021-04-14,0.06839511497082751,-0.014116754622393146,0.019149687063457765,-0.028875199046309974,-0.01317840880257204
2021-04-15,0.10393137061147106,0.026270797373435073,0.05363510679827055,-0.019224612719017653,0.014402995759823733
2021-04-16,0.10031770383976202,0.022298315714764483,0.04438875227579442,-0.01490644016284326,-0.001875160527606834
2021-04-19,0.1447796264357999,0.03358599134049811,0.08510631655992706,-0.010962650632935,0.011196805439114055
2021-04-20,0.26755025189267134,0.0746906800087559,0.19860838628216637,0.017042662179247214,0.014050744253691905
2021-04-21,0.18657782168442028,0.009409176690770016,0.11318933403007092,-0.06092862120211062,-0.048961247376599015
2021-04-22,0.21076231223497177,0.029786973405796724,0.1156182964337551,-0.04126420916767071,-0.022550808794449706
2021-04-23,0.1487446375585939,0.0061135485728121,0.07889283710330663,-0.0528196944092888,-0.05273806638003253
2021-04-26,0.09891099397783254,0.009225646665202536,0.07344739406093193,-0.049540065478402395,-0.04576856867492418
2021-04-27,0.09604780011968272,0.0038843039274656377,0.0701196715052026,-0.06378227822227467,-0.05008684123857721
2021-04-28,0.08110591058314776,-0.0034453367028181026,0.050606893054764734,-0.0691275263948099,-0.05462490774434092
2021-04-29,0.1046949074864243,0.002587132081179222,0.052710037314973146,-0.07547776335497813,-0.045063385615325635
2021-04-30,0.05847147780445905,-0.021739051699094403,0.02463235505518191,-0.08760759336649293,-0.06783341745456295
2021-05-03,0.03826879833216923,-0.02233192038255749,0.015240577396398391,-0.08093313324540063,-0.06347358356946797
2021-05-04,0.0658263231741345,0.019256581448410692,0.05303028934695919,-0.06823411971186899,-0.03951318133842696
2021-05-05,0.030598046210008834,-0.013938123973087135,0.018209146092878603,-0.08647038150825381,-0.06381712806390127
2021-05-06,0.03722667068076735,0.0006677002489428041,0.03524974474605447,-0.09062448847917093,-0.05563841723296292
2021-05-07,0.020454580133611566,-0.007373758887435189,0.01754063753886581,-0.08692825735474374,-0.042415387600762244
2021-05-10,0.005000027743252922,-0.00132052947490513,0.02109937840837528,-0.09127948184833745,-0.04292737234495014
2021-05-11,0.02920728219882185,0.016846413107778346,0.0459202681956532,-0.07678153845344937,-0.026853861941486534
2021-05-12,0.07658960188140274,0.0436906146661884,0.06528135543280289,-0.06098582352911919,-0.018835841735935333
2021-05-13,0.04761906046574205,0.01046175079934697,0.027655936572563933,-0.08977140792358307,-0.05792142632863473
2021-05-14,-0.045089296700090986,-0.06888366011376279,-0.05047028152024802,-0.1455858379200331,-0.12013167260719493
2021-05-17,-0.0972162921061499,-0.08299484749729846,-0.07813325424765227,-0.14782623463193056,-0.16101573037056904
2021-05-18,-0.09974534952204972,-0.0742564318199348,-0.07254345645801918,-0.14467541454916433,-0.1419832040439155
2021-05-19,-0.06356112878174225,-0.041395814748465654,-0.048574996235901,-0.10813035262202242,-0.11394780495073187
2021-05-20,-0.04955755842162346,-0.027747070797792595,-0.04211290049733707,-0.10447256511438696,-0.11281603370268012
2021-05-21,-0.06911827589878627,-0.04357421941073225,-0.06980109699105919,-0.12864032481672727,-0.13045396074521265
2021-05-24,-0.11657243722736388,-0.07862257468069922,-0.10402565400926456,-0.15326296917814453,-0.16794225369119475
2021-05-25,-0.1232226977947729,-0.09856437653667849,-0.12846612414235425,-0.15458296002596084,-0.15340661129235345
2021-05-26,-0.12594143418094894,-0.09623086913707934,-0.11911739436901747,-0.13674237128929256,-0.14732909838391373
2021-05-27,-0.1469504751429458,-0.10822043005534798,-0.14392020941158634,-0.141746327174886,-0.1527758354338632
2021-05-28,-0.17409238255780013,-0.13317939688441982,-0.16880889000347932,-0.16091759958375718,-0.16734101917690292
2021-06-01,-0.16416697302535876,-0.1471697081471245,-0.19289422950784463,-0.1527301749135328,-0.17241877366426084
2021-06-02,-0.2075910408095787,-0.13439381257864014,-0.20865817946628662,-0.14933467754675067,-0.16111434375732403
2021-06-03,-0.206177269423511,-0.13158474145591237,-0.20301405358800595,-0.1433228973378735,-0.16559731598222982
2021-06-04,-0.21934156753293788,-0.16137447398096705,-0.23660637885994362,-0.17164809827207728,-0.19281888014704396
2021-06-07,-0.15216497047660282,-0.11762161205310795,-0.19162303121174695,-0.11753592923813005,-0.15375226344919402
2021-06-08,-0.11643269094848074,-0.11543365048341236,-0.16681103662697505,-0.09796272461533384,-0.13137258670064256
2021-06-09,-0.11278828054642775,-0.11736884237536038,-0.16215269707364122,-0.12204702613839102,-0.1164279622762383
2021-06-10,-0.09633411806179548,-0.12683649759574123,-0.15517241028595918,-0.11826060987882014,-0.10246535238103527
2021-06-11,-0.0616234900393523,-0.10387096461650924,-0.12491155902531925,-0.10057310410701625,-0.07513747299039508
2021-06-14,-0.06655070473587454,-0.1076252604759057,-0.1271977025312302,-0.10701787396612705,-0.07959654765441981
2021-06-15,-0.05089959228436913,-0.09290568779971065,-0.11123171322197922,-0.09383753552104424,-0.07259446371394596
2021-06-16,-0.07271133828118892,-0.09424420319839222,-0.1278776437190665,-0.09034756901943697,-0.07946193972790283
2021-06-17,-0.0832208915683863,-0.10477878667422014,-0.138643071995868,-0.09087634404480782,-0.07359515733190425
2021-06-18,-0.10004492409112142,-0.1225533590618878,-0.16114345901645266,-0.09874974896062205,-0.10424896770895886
2021-06-21,-0.111358570825842,-0.13109020636671387,-0.16430235117286018,-0.1003549645413776,-0.12042446048314881
2021-06-22,-0.12030754292095036,-0.1547278451115306,-0.17926408769060698,-0.12286970206504166,-0.13969782796921104
2021-06-23,-0.058108147351096595,-0.1166334421804458,-0.14296076571328997,-0.08588499249129977,-0.09752269559504734
2021-06-24,-0.05950782554834988,-0.10220451533301367,-0.12366582999325026,-0.07208204128046947,-0.08937844804667394
2021-06-25,-0.0747074661885534,-0.11568768287427322,-0.13789903782263768,-0.08872593940775175,-0.10131183500924978
2021-06-28,-0.021037815260929627,-0.06168824711556231,-0.09163652542355016,-0.03982694833273981,-0.048494703095814606
2021-06-29,0.007115731455083596,-0.036622049190891515,-0.07555133894772881,-0.020408109037689304,-0.011308835740838852
2021-06-30,-0.036775050116239494,-0.0631066945616251,-0.09657676704230012,-0.03955547955850214,-0.0288509640000999
2021-07-01,-0.07763831048460934,-0.0978971379535295,-0.12415222165143902,-0.0640550591621537,-0.062021835493463295
2021-07-02,-0.0800744576354595,-0.09558352333306508,-0.12260756423304597,-0.06615730131317576,-0.05518034137111194
2021-07-06,-0.07948596183251078,-0.10314547355940995,-0.11955672386018301,-0.06932771532814486,-0.06673419563925764
2021-07-07,-0.05760709537466535,-0.0914432561961881,-0.1045725328293382,-0.05722074770686769,-0.047379375092727494
2021-07-08,-0.0796069193545832,-0.09840760989490749,-0.11538460652119653,-0.07286591452403668,-0.06576668946594233
2021-07-09,-0.11440878216744932,-0.11183606744251595,-0.138356162542837,-0.10370923303580604,-0.08470869827409044
2021-07-12,-0.08301341312713462,-0.08494764290466061,-0.10055314618708489,-0.08059635803058462,-0.07574990416907368
2021-07-13,-0.009490535949710055,-0.019356475989025346,-0.02845363027041725,-0.01473715580375401,-0.008677542680815997
2021-07-14,-0.022793462733951997,0.015240918663611547,-0.011835541873550182,-0.014043831476886592,0.0019113920383986294
2021-07-15,-0.02737045410561012,-0.014026560433343827,-0.014671992797570033,-0.029161802452522423,0.004744341213980041
2021-07-16,0.021728063564149247,0.03644529013748321,0.03694850738874811,0.01943509937182708,0.06590996629838508
2021-07-19,0.028466048237924424,0.03501031409221578,0.05637369568686412,0.013814528935921722,0.07344306490516184
2021-07-20,-0.030155590855524772,-0.005410747547823669,0.004101870206407066,-0.03208265191070547,0.033525606086848736
2021-07-21,-0.08224300281565666,-0.02907958326859028,-0.03970893779632312,-0.06738192650765851,-0.0062510958395158855
2021-07-22,-0.06616255333770693,-0.0058449644053631955,-0.02481756876896657,-0.032949966657339846,-0.0024146152251425246
2021-07-23,-0.08632074801172407,-0.003959353183399128,-0.027561489422220586,-0.03629199845695441,-0.019570804972505407
2021-07-26,-0.11548909628041959,-0.03167751598851176,-0.05843104413958056,-0.06276577459055932,-0.05647295089314375
2021-07-27,-0.1085740924095343,-0.03198240425521237,-0.06413160634583692,-0.05923778273388525,-0.04939312744857327
2021-07-28,-0.06611181013917644,-0.005084707162129165,-0.05209600306045237,-0.04887947205200216,-0.024471992762433503
2021-07-29,-0.10486534271865378,-0.04535524174988459,-0.08558468513565387,-0.07080495516990959,-0.04689886819193201
2021-07-30,-0.05250244057340625,0.007017457322906706,-0.04023974783806605,-0.03543156765872446,-0.014992227299428285
2021-08-02,-0.04237290150046347,-0.00025365045784808693,-0.04775343558742451,-0.034378774917783295,-0.00722976289950894
2021-08-03,-0.028571507788196504,-0.003268737980352432,-0.05758487865181028,-0.04323803812690119,-0.01486271191697719
2021-08-04,0.022622036475565155,0.04876131774221526,-0.01788863914378236,0.00449878074854726,0.03222300371491005
2021-08-05,-0.05643234403570896,0.0030008261783913692,-0.057154967548830204,-0.02715571664737726,-0.011118887926967247
2021-08-06,-0.032825904806427664,0.011408710516565668,-0.04934898208381966,-0.022476317929291834,-0.015724898292865275
2021-08-09,-0.03891046973934731,0.02723362771133009,-0.04305704988482406,-0.011265279132289918,-0.013190291803540033
2021-08-10,-0.02005730972216746,0.027928835533707064,-0.04194630845635494,-0.009000154555628304,-0.017444850974323356
2021-08-11,-0.015544038192253917,0.031234725400742347,-0.015349468529815224,0.009259393702859109,0.005887274510167462
2021-08-12,0.04698967548372712,0.07401927430676825,0.032811159652584854,0.03647776204881659,0.03790338453594533
2021-08-13,0.0821572151325809,0.09724272930150213,0.055710906841879515,0.05058508040856036,0.06299897839995494
2021-08-16,0.08451417292258023,0.08790388070898825,0.051403911605470975,0.0586708851461355,0.06729429165408618
2021-08-17,0.08634953790682798,0.11810208111809328,0.07551331640121006,0.07818602116470452,0.09431569381185545
2021-08-18,0.07210037158421145,0.1024579000087118,0.056172263052167715,0.061725923274103645,0.06758970897661043
2021-08-19,0.15589963415158214,0.19641452963623807,0.1686774367388082,0.14517504477378873,0.15227864561709437
2021-08-20,0.1562161832242399,0.1794337187105426,0.16511470950078833,0.16258427219440685,0.14241033846858753
2021-08-23,0.12349548025260448,0.14103547332659305,0.11750499521759439,0.11825096655078382,0.11695370389456028
2021-08-24,0.03580438701729438,0.08610905855754925,0.06578952374976987,0.07163934306135622,0.06880252763768913
2021-08-25,0.0009925785678566168,0.05762722341707782,0.040554744672990584,0.054439056228618554,0.044745089106525304
2021-08-26,0.008542717565463986,0.06401766068610026,0.045734984102181686,0.07260798976412963,0.045820197934619555
2021-08-27,-0.004451046273203807,0.04022159862219965,0.030811176879304236,0.015526567708715522,0.004122257965260667
2021-08-30,0.039979532419011754,0.09095465961937821,0.08189933204160416,0.061216100926147154,0.030329769854890776
2021-08-31,-0.016549644677411823,0.014589439548179817,0.029456091077684432,0.02953004053281294,-0.005231936453823138
2021-09-01,0.0,0.01980196276435109,0.03723752482877418,0.03955600664729686,0.005067288447439422
2021-09-02,0.011133568360638613,0.0041646254683460615,0.026518428635096125,0.015322649234130292,-0.0012102298519978127
2021-09-03,0.024264289777547132,0.018881809621715817,0.020553806212723735,0.01862472356888545,0.005428078362470945
2021-09-07,0.0,0.0024783618365187277,-0.007515535246181093,0.01751524179789299,-0.0035001883982463955
2021-09-08,0.02038689566682872,0.016393251447644808,0.009224730834685557,0.02805506501177013,0.015250942004965351
2021-09-09,-0.015346602058538994,-0.016792567320165097,0.003005568573316353,-0.011578336576234194,-0.034364260717906325
2021-09-10,0.010554028893864587,0.009654432310484129,0.05390165497121546,-0.005636748172032857,-0.040648935159464106
2021-09-13,-0.0041429272873442224,-0.016674902497856747,0.04036577535976105,-0.02565151269153232,-0.05633312157625747
2021-09-14,0.009370136062175849,0.006845790794100415,0.06656033860808508,-0.009160972255314093,-0.036056817172398614
2021-09-15,-0.018059777568496527,-0.01437940595496634,0.044687621003134836,-0.03900127154311428,-0.0644302637253098
2021-09-16,-0.03519350814837774,-0.026603613847435148,0.0346300215551405,-0.038273480151286066,-0.07295685398132434
2021-09-17,-0.026862584470024875,-0.02443324601977781,0.03592273105596888,-0.03667488008302566,-0.07238227449790358
2021-09-20,-0.027545473096110995,-0.008827888113861593,0.06140929426078934,-0.009076277113946207,-0.039501405129294564
2021-09-21,0.0035424946363060705,0.000743108716834584,0.07941504429039381,-0.0048830811264972684,-0.029584741211103438
2021-09-22,0.005360560455607288,-0.00841554748237694,0.07377405668499804,-0.02349489898819168,-0.026457796998746286
2021-09-23,-0.012918682425442918,-0.037567285930756644,0.03518007427851044,-0.062117883011809094,-0.068060196433947
2021-09-24,0.020102866640747896,0.01745906169833855,0.08034429381815777,-0.011731373826418534,-0.023688146401038113
2021-09-27,0.03632979560275729,0.019872574897001893,0.08211081151074762,-0.030022519544804838,-0.03869386011240439
2021-09-28,0.03873074717155234,0.025092229705848457,0.08483979133574748,-0.040339179219468724,-0.039039518817261976
2021-09-29,0.026653948588375886,0.008072108306467873,0.06282080539530233,-0.05424452314198669,-0.048138954684615376
2021-09-30,0.03947365730374153,0.019713720239169064,0.07925163930942514,-0.045693171765304186,-0.03054602640681936
2021-10-01,-0.06281749316239726,-0.06963408901256829,-0.029411731925308326,-0.10910788526197523,-0.10530545268036762
2021-10-04,-0.05002336256924056,-0.057384345664492464,-0.01598439974696586,-0.10770058179603004,-0.10339832449452802
2021-10-05,-0.07591985155550196,-0.08270010342028955,-0.0330188732293204,-0.12612450770400052,-0.1251623259002469
2021-10-06,-0.03310614775395315,-0.07519303798292265,-0.029470320714094278,-0.12947650743874584,-0.12301389705790922
2021-10-07,-0.03867132789762617,-0.08150204915937731,-0.04220517231962628,-0.1419319604440622,-0.12782205425621485
2021-10-08,-0.039362183367767645,-0.08506214408032164,-0.06204229549486273,-0.1314911779110094,-0.11806016134893826
2021-10-11,-0.02483855046424943,-0.07918495623086275,-0.05490038117497331,-0.07644661654051088,-0.0920286920573512
2021-10-12,-0.04041407418297982,-0.09209901214052196,-0.05979459463444803,-0.09965502141007276,-0.09755263962294625
2021-10-13,-0.007649236165741091,-0.03265872564085226,-0.024018410614546237,-0.08312200503927702,-0.0724053471568401
2021-10-14,-0.09623215113970884,-0.1169902190406551,-0.11792948327851216,-0.1271596325345815,-0.14029902000348438
2021-10-15,-0.11211210322517573,-0.1158819643352299,-0.11374998092651367,-0.11556795158082311,-0.14401938080140864
2021-10-18,-0.10836691542312471,-0.11728851616198366,-0.10409158443946354,-0.10789640623413355,-0.15412746005463085
2021-10-19,-0.1664106444308694,-0.1710753419986607,-0.154911286419546,-0.13831520321227309,-0.18703895272287585
2021-10-20,-0.10758198423271526,-0.09081887111700637,-0.09379763442283129,-0.08348506358207342,-0.13502182606526336
2021-10-21,-0.1644041553926281,-0.10940597144196751,-0.13077911923606766,-0.09001246428682219,-0.13576514171769838
2021-10-22,-0.0637075372144642,-0.040261664621375925,-0.058634664896433764,-0.043460245241400464,-0.05928270507329203
2021-10-25,-0.06968279690515566,-0.0372058879573266,-0.06945340991402582,-0.04780954785070535,-0.06655543648475848
2021-10-26,-0.059824645896141115,-0.02090151420756392,-0.03291303452435479,-0.04874988897963639,-0.052330940273312865
2021-10-27,-0.046768327108975716,-0.01458929099045958,-0.030117875977880404,-0.06356037079391785,-0.024473552227917805
2021-10-28,-0.0614903737538498,-0.02477658474698352,-0.04259941656105981,-0.1115579282300404,-0.02251234255894452
2021-10-29,-0.10833332505491078,-0.05775594757276492,-0.0953618935714331,-0.14382394522295516,-0.04734848553265203
2021-11-01,-0.14466365928830527,-0.0962393926366314,-0.13881369978879832,-0.18094825451219254,-0.08353134292267317
2021-11-02,-0.14321735569916827,-0.09358761154009176,-0.13505626519508507,-0.1799223308786423,-0.07676768129672518
2021-11-03,-0.1992243756761357,-0.13191089405034295,-0.18348624138611402,-0.2007683052389868,-0.11997137578866968
2021-11-04,-0.17838092814010575,-0.10807521001905529,-0.17012618465991747,-0.19176672005450768,-0.10227885895853217
2021-11-05,-0.20714942809260584,-0.17882124532064048,-0.22026182530842886,-0.246410094123652,-0.1686604646822013
2021-11-08,-0.18561793980973496,-0.13729026645893716,-0.1728488081279842,-0.20439948142131392,-0.11565898861674406
2021-11-09,-0.17969451746950538,-0.12126680440009763,-0.15603108245011765,-0.19230028411045674,-0.11286763552063384
2021-11-10,-0.15345384852910438,-0.10089229180995485,-0.13328185174555374,-0.15737580943815233,-0.07855405606265708
2021-11-11,-0.14814814152437483,-0.10241658898304506,-0.13167117844647014,-0.1491444168360626,-0.07375466185741308
2021-11-12,-0.08624938004121907,-0.06134521397625492,-0.0915111620656045,-0.12660042640739766,-0.049415991457271935
2021-11-15,-0.11171262263069182,-0.07597918765224554,-0.1198494312980044,-0.141868709308275,-0.06340935684215687
2021-11-16,-0.08921373206404926,-0.04873280681472936,-0.10304877268707813,-0.10252094911635057,-0.03618483549869966
2021-11-17,-0.09566976170627983,-0.040039355154054435,-0.10176452048341311,-0.09620269090943356,-0.026895823996682666
2021-11-18,-0.03300667404817492,0.004237289387774901,-0.040902353241125344,-0.05111047091887111,0.029120646224517044
2021-11-19,-0.013485488569610293,0.02267556310533636,0.0030362044631377927,-0.046337781335488715,0.05138412965919792
2021-11-22,-0.048395257066008,0.012823640486123278,-0.015060257526538168,-0.07816424419058143,0.031838707016024426
2021-11-23,-0.046224943516714134,0.01467235392005084,-0.01991435310454681,-0.0657727231311851,0.03280863943210566
2021-11-24,-0.009249661166262357,0.04585506080372648,0.012411766247300227,-0.03490100750575109,0.0557550703354186
2021-11-26,0.05859160087477999,0.11682223802450342,0.10222441270945981,0.006227678540629,0.11425677702751535
2021-11-29,0.07215336545434625,0.13769294169966018,0.1024917845913853,0.028962718643166907,0.13225481930485183
2021-11-30,0.04578854954712597,0.12182338732788378,0.1012778694743417,0.01824335527284049,0.13547461133206218
2021-12-01,0.18796064722850425,0.23680302055415248,0.2332308365427671,0.07614598536740513,0.2216461032320185
2021-12-02,0.061423633188172566,0.10016373267351297,0.12247844292923316,0.010586831088406079,0.12661551695887896
2021-12-03,0.07701556646587471,0.09894392779074557,0.1231223817988687,0.02597135980986609,0.13197446752496433
2021-12-06,-0.03457896423205442,0.017829054777424913,0.009320296243880533,-0.024802247773205277,0.07408139231780853
2021-12-07,-0.063163733891486,0.021030371535490255,-0.012209140316974065,-0.01924358864935638,0.06871902689229059
2021-12-08,-0.10586946536692132,-0.026234373235478836,-0.079557977328643,-0.0419704551587996,0.01147190645706675
2021-12-09,-0.09536932747768168,-0.015324697880978788,-0.06863184813933498,0.0059619345095729415,-0.0003888884437667217
2021-12-10,-0.0860633606169261,0.014143633232735153,-0.05153236088716784,0.04479353474325598,0.010063876063309163
2021-12-13,-0.05140192902903151,0.05126091052498616,-0.007426961208076399,0.07979255712877986,0.03996028164448795
2021-12-14,-0.0668243716521294,0.049548449662931704,-0.010874836909711805,0.06411495409891765,0.04906260698879339
2021-12-15,-0.07945847239446802,0.04561619445015985,-0.01421687114669612,0.07030671692569346,0.03938729906915173
2021-12-16,-0.003026703572861056,0.10865955891931045,0.07066171997416482,0.1323046926617153,0.11214953922922355
2021-12-17,-0.007079695211328563,0.10749436086100816,0.0779794114851764,0.13918307396069762,0.09554272857532387
2021-12-20,-0.019653188877577055,0.11410521822922615,0.07347933260058959,0.12525415190965683,0.10154029805511522
2021-12-21,-0.08554089804748355,0.03141218910553967,-0.019348929392585257,0.06288227759960408,0.02246979048396036
2021-12-22,-0.09912373730858492,0.018400273257985322,-0.03926407924573583,0.06177078199647967,0.024909045525295603
2021-12-23,-0.05366919660199476,0.04173019980823156,-0.009583247501934289,0.0652017158699798,0.04413429144445136
2021-12-27,0.0049532279697297454,0.09256408401221927,0.050471061184045096,0.10320892417507466,0.09559108126371019
2021-12-28,0.011866197545343349,0.10724169677300721,0.08084823968196875,0.11184679559661159,0.10756140761027044
2021-12-29,0.036565090044823334,0.12104166159965302,0.10826021472546965,0.10365301502467683,0.12428077518395275
2021-12-30,-0.0254565075949843,0.08427244390239164,0.0643553157455019,0.06577719647955305,0.09433965451356774
2021-12-31,-0.02950995580813176,0.07395088716652687,0.07195069926243369,0.05929052826102299,0.09424184244172262
2022-01-03,0.004800008138020839,0.10424443311185749,0.10969438733020764,0.07499992480400164,0.10800814103105894
2022-01-04,-0.010515286967714865,0.09411179374336709,0.08562160182643574,0.0618001829337127,0.08764653820527601
2022-01-05,-0.02462532035900633,0.07522346863668483,0.05635652904869537,0.054330454521138494,0.07522364245846469
2022-01-06,-0.03769514631634174,0.06806269825982136,0.03626829431526768,0.04761895338846567,0.0795079306618871
2022-01-07,-0.09595437321489042,0.009154575369274776,-0.02092584336777692,0.0059537000507601245,0.03526675974181881
2022-01-10,-0.11442264082606968,-0.010829194558410693,-0.058608914762075304,-0.02718845755331123,0.01306717315139827
2022-01-11,-0.10830711481135402,-0.021828507102994665,-0.0605543722854851,-0.032511402273172174,0.0037506532983981877
2022-01-12,-0.0562162657041807,0.02290078341635393,-0.014826008333318264,-0.0015484703606563066,0.043880291967167695
2022-01-13,-0.10806619111159765,-0.03737654588058059,-0.078264413252498,-0.04345955272888269,-0.007250218442857448
2022-01-14,-0.1189831737600815,-0.06623637271492944,-0.10462137417077877,-0.08446097713253276,-0.061839051914753695
2022-01-18,-0.08547479396105706,-0.037936282541561894,-0.06994085504752778,-0.068456853382459,-0.04292471134959874
2022-01-19,-0.09243208995721963,-0.058217348405164016,-0.09076582106974074,-0.06212038070025272,-0.05425787789025416
2022-01-20,-0.1294749431181076,-0.11122543431767173,-0.14388996804924237,-0.08254397670830149,-0.08678687724324363
2022-01-21,-0.21226989241851113,-0.20470160747772814,-0.2509003692700089,-0.1424945825750591,-0.16013075274418775
2022-01-24,-0.17672148967067847,-0.17647052691329168,-0.22106783875599767,-0.1073626693742028,-0.09202340888165395
2022-01-25,-0.13122715758686776,-0.15392562447410185,-0.1646720309821358,-0.0727479589191059,-0.06821225622282101
2022-01-26,-0.1256157629682385,-0.16021657803001188,-0.15037411287341995,-0.061313334743150705,-0.0604090950956383
2022-01-27,-0.11153354277504368,-0.163536868805773,-0.1480576918667822,-0.06025190591669638,-0.07186309674812275
2022-01-28,-0.08887470030754774,-0.1622257215918459,-0.1439745639603327,-0.06592142345589358,-0.050717732552706285
2022-01-31,-0.0546447878598586,-0.12169318438669041,-0.10820893829451539,-0.06032177403155203,-0.05480452882740994
2022-02-01,-0.021390410694207995,-0.0879229070306311,-0.06301184066089027,-0.04559546305493534,-0.002189431555834731
2022-02-02,-0.024174520609937744,-0.08316900728470422,-0.06119675494797461,-0.03409352690166756,-0.0005519554763402379
2022-02-03,0.010863024048938685,-0.05159826994469063,-0.016945295401713856,-0.004603816704573216,0.03662653806847782
2022-02-04,-0.021884534568692215,-0.09435369950687522,-0.046006567836132994,-0.02015600394670436,0.004673770651621556
2022-02-07,-0.0416667356535213,-0.09672667802011381,-0.05040499399167997,-0.0345287657493516,-0.014992807476586045
2022-02-08,-0.11226731208725249,-0.14996469523590195,-0.11317537571060243,-0.0694595647349272,-0.06123161319275128
2022-02-09,-0.10874205173977947,-0.15086590018990043,-0.12568979128390412,-0.06592936840249819,-0.045229587284134176
2022-02-10,-0.0908604456855181,-0.1364464740878083,-0.12307069794315462,-0.046206610528613634,-0.020129654156884502
2022-02-11,-0.017603711672150024,-0.09425924665537166,-0.06621248732224339,-0.024379662573792094,0.006157608606289777
2022-02-14,0.04188178596988079,-0.05837490391848732,-0.026848543107541922,-0.0011017506707883262,0.024206299048319613
2022-02-15,-0.04193210770323841,-0.11598121045816501,-0.09152137428248663,-0.03657498641662893,-0.031714263573996315
2022-02-16,-0.03028691307476361,-0.10898442276227716,-0.07667792360728598,-0.03416283548813415,-0.0381363455378132
2022-02-17,0.0010977200064443693,-0.09235725486599766,-0.053349913120191994,-0.010133909025327403,-0.015961939827668137
2022-02-18,0.020145421717751466,-0.08029876301080352,-0.04005906627986189,-0.0010873738971438618,-0.027725821444658738
2022-02-22,0.023522652910703767,-0.06827416689198862,-0.03475821720550365,-0.008987118158759966,-0.01660043003239886
2022-02-23,0.0444711417224275,-0.0646928404549807,-0.017787886121756746,-0.006362016599506859,-0.013973464413494008
2022-02-24,-0.0005895237071301684,-0.07934570338816216,-0.03767589186727516,-0.043978340600796195,-0.04982204980514837
2022-02-25,-0.04982812013194571,-0.11555134412860324,-0.08484186519317016,-0.08639786354050294,-0.09171441388372226
2022-02-28,-0.01623192386350769,-0.04283554987612326,-0.04459466866863804,-0.026940549760426924,-0.059137864818651686
2022-03-01,0.05156526691404828,0.026035861308945307,0.021027505381138845,0.02073884054227526,0.02120750109124092
2022-03-02,0.15760536294675442,0.0783385936879899,0.0641207293284225,0.0881378379450728,0.06879518852267608
2022-03-03,0.20942074817722856,0.15864316484035346,0.11790939465373529,0.12215023672307224,0.11065738319770468
2022-03-04,0.27073342848723847,0.2204521329453668,0.19776633934325694,0.13716800528826778,0.1568986402164425
2022-03-07,0.5257009283321188,0.4294256211304244,0.4727563986960093,0.2731915610072575,0.33371486128043726
2022-03-08,0.44189483436068033,0.3946188238630035,0.4429279787796827,0.20863142424192493,0.2575530518396698
2022-03-09,0.4139859471089564,0.365384536507559,0.45701994988209416,0.18986731732483153,0.20871884614941116
2022-03-10,0.42112680114325407,0.3422426780193426,0.46193176048600115,0.14184748315145845,0.15055946045668644
2022-03-11,0.4251069108326788,0.34923609091491636,0.47117868679234065,0.15382661815691234,0.15608355140347574
2022-03-14,0.3171930145799069,0.3065170724253343,0.3952027404819656,0.12269334826202316,0.0858871424855614
2022-03-15,0.21836863745479085,0.23666094572504637,0.31485346685039195,0.09224904044195226,0.04928486962384082
2022-03-16,0.1797207720234213,0.20037902140393293,0.25807238219285544,0.08766233081138974,0.015542188885761643
2022-03-17,0.1341390527518489,0.15827712832167706,0.21921782309161064,0.09209913189214558,0.0012886541829433273
2022-03-18,0.10805966960850055,0.1324310255730663,0.18512397721522222,0.0760867683465194,-0.03859389937341229
2022-03-21,0.18893716465812238,0.2011637924096048,0.2577724109503947,0.10448800817024484,-0.012653522216919733
2022-03-22,0.1847826975830691,0.1857758346607361,0.22985783382871672,0.11634891150046389,-0.018888663164392527
2022-03-23,0.14373855414258263,0.16316958861801223,0.1774621469590809,0.09633783239756522,-0.055062815983920155
2022-03-24,0.06698569887732231,0.10037554784408687,0.11079948138663087,0.05009096456337003,-0.10225236943918703
2022-03-25,-0.04056440474856915,0.008968716917737929,0.0030106777951932617,-0.012393173783071587,-0.1770542899041152
2022-03-28,-0.0421965071924687,0.008868024027941512,0.005927914225150266,0.0038271329527646003,-0.1699597419026062
2022-03-29,-0.12059469156302816,-0.041244989726952785,-0.0545215231793611,-0.05118038970669814,-0.2154478189391391
2022-03-30,-0.14182823125477761,-0.06763287645465033,-0.09507197017715296,-0.07109947490025392,-0.2309946233218143
2022-03-31,-0.09150685349555865,-0.03133670321926241,-0.0666522888676998,-0.06135357951340281,-0.20444745972784983
2022-04-01,-0.09265353921405317,-0.029000234849021034,-0.04892961825028552,-0.05946398803317088,-0.21311479078903672
2022-04-04,-0.022490392633428113,0.033502685015400324,0.03162755282262464,-0.017853280557185824,-0.15990201914009006
2022-04-05,-0.05325116338643332,0.0071741857301221845,-0.001789264549218128,-0.02167675546289316,-0.1809389360663568
2022-04-06,-0.03624851502805326,0.04389485085254896,0.02646852560311097,-0.0036591201844597965,-0.15043609113854983
2022-04-07,-0.040707994277279225,0.04066801366698325,0.027122586551789007,0.006133618379215333,-0.13670417309295502
2022-04-08,0.009644354788456821,0.07566695691880243,0.0667302025298826,0.051891407485080476,-0.11149362648650263
2022-04-11,-0.08662341619529002,-0.025909561557626914,-0.02003768295170172,-0.02088219625256793,-0.1630064494528054
2022-04-12,-0.05837711903047449,-0.0005179989807843066,0.00819102018647122,-0.00864070944568951,-0.15509823755279284
2022-04-13,-0.09023751572430228,-0.0046318201108819235,0.020602576822122298,-0.022801305271938577,-0.16198435879207318
2022-04-14,-0.04578951785438934,-0.00306897224742253,0.07267889877392952,-0.02053031214972234,-0.15198739647014592
2022-04-18,-0.03613808215795811,-0.01044381549018536,0.08323856597231138,-0.008646695894875767,-0.15109939108438464
2022-04-19,-0.11740680036476214,-0.08131984554072957,-0.010010861302175766,-0.06758179652187413,-0.20078944003819021
2022-04-20,-0.10369612449856214,-0.08153412396704263,-0.016122097863712104,-0.05831423240390865,-0.192537050629919
2022-04-21,-0.19782394341418996,-0.13838578616068808,-0.1262536550952429,-0.09384057704647175,-0.1684245987883306
2022-04-22,-0.1922696238572449,-0.10734711953967346,-0.13019822934588987,-0.05186771294985548,-0.13616270321526702
2022-04-25,-0.1646646187966062,-0.0815808257225541,-0.09454188199319347,-0.03338357791416635,-0.12597443247083373
2022-04-26,-0.1395844845677513,-0.08782828281399191,-0.08718792638180883,-0.03665052867160512,-0.10675826095135399
2022-04-27,-0.1845018014239861,-0.1475295530488112,-0.1507557319090178,-0.08489333619855133,-0.15140911921318723
2022-04-28,-0.242923324389835,-0.20775995402000047,-0.20571207854477913,-0.14413643806677934,-0.20777819094887884
2022-04-29,-0.29035698614941785,-0.2514525714070538,-0.2669306840046798,-0.19477728486373436,-0.247471947702106
2022-05-02,-0.3022629212340011,-0.2645887339396553,-0.2630005441207107,-0.2000858976562846,-0.23482854460388225
2022-05-03,-0.3042341346823497,-0.2627450787336072,-0.26255354998110836,-0.2120634902295354,-0.22389748889255234
2022-05-04,-0.38022429524588996,-0.32542761339071946,-0.32986516846334735,-0.27231101967520144,-0.2770093400901723
2022-05-05,-0.30204967953663986,-0.28174709785095764,-0.25807775772569785,-0.24191490148043338,-0.2096206755699146
2022-05-06,-0.26905830435425027,-0.26707308527310814,-0.23190236430149824,-0.23417171667714964,-0.1933493162713622
2022-05-09,-0.19730388318424386,-0.21568640416721507,-0.15215885346639357,-0.18571758290763007,-0.1459699906718669
2022-05-10,-0.21665662152723264,-0.23578085670112325,-0.18834990389331718,-0.19398969774301789,-0.15946912787359924
2022-05-11,-0.1296180722533986,-0.17656374869543756,-0.10815196736075072,-0.12276200520641012,-0.08491602461757886
2022-05-12,-0.12459647385534767,-0.1698936457529754,-0.10361443944724213,-0.12615165309079468,-0.08383774102883434
2022-05-13,-0.1857659793654327,-0.2087138340845227,-0.1455973924291969,-0.14747619305077397,-0.11635975230836704
2022-05-16,-0.21268880159263037,-0.223474057075552,-0.18052366663016095,-0.16211223231168648,-0.11228068208797126
2022-05-17,-0.28843992579536015,-0.2885561712089477,-0.24590169792601324,-0.19929080211954397,-0.16597253529210598
2022-05-18,-0.22261689822866138,-0.24904607665407708,-0.18350890086035399,-0.16956802461083875,-0.11614434198030776
2022-05-19,-0.171343276749796,-0.2400612381540167,-0.16376380940284496,-0.16203795198620963,-0.11163382363942531
2022-05-20,-0.14575644847466662,-0.23576600692973848,-0.15820894398053464,-0.14865175038509293,-0.10911060619927215
2022-05-23,-0.15820893244956857,-0.24316821857380544,-0.18029490610909815,-0.15352687284678201,-0.1181661207910858
2022-05-24,-0.09870966019168981,-0.2015045491220986,-0.12268459253214958,-0.12053672970105533,-0.07509612674907884
2022-05-25,-0.16738989436267893,-0.24119160353503033,-0.17896941902198538,-0.13239103803300167,-0.10673161450642543
2022-05-26,-0.1432714237904129,-0.23855010763757845,-0.17017582384461538,-0.1435554988596276,-0.1130914854712487
2022-05-27,-0.2107004367334112,-0.2967084818303979,-0.21689733594496807,-0.1528383960071117,-0.14804877015200657
2022-05-31,-0.20257418406415095,-0.28592011349657287,-0.2053328233188122,-0.16136081056963292,-0.1547865243640676
2022-06-01,-0.16310008670768916,-0.23899854003188203,-0.1475050044314722,-0.10351075752505923,-0.11294821464466964
2022-06-02,-0.1672393628712393,-0.22130542115332918,-0.1404850391275253,-0.10365694156541494,-0.12365479396126733
2022-06-03,-0.0653513878431331,-0.1541257066002405,-0.06662163097324658,-0.05360373767414217,-0.12459083509636915
2022-06-06,-0.06687111962774173,-0.15769239187732442,-0.06881139704770034,-0.06573609439336425,-0.11156595943660863
2022-06-07,-0.15638109807280087,-0.19577251328113032,-0.19397205572102338,-0.08890361272581837,-0.12446792978792043
2022-06-08,-0.15294113756637184,-0.17974872521017982,-0.1854259400449313,-0.07216923573970879,-0.11141136026504816
2022-06-09,-0.11118295005428303,-0.14530630346381768,-0.14894614746404378,-0.033777444431841275,-0.05057516891234515
2022-06-10,-0.08701561724349482,-0.127562609174243,-0.14139941001943768,-0.013452825163347337,-0.03636360168457031
2022-06-13,0.04879884287513625,-0.022042601570035236,-0.01620751705562251,0.08373195089965302,0.06987541141039033
2022-06-14,0.0625482958723429,0.010197670223021982,-0.006758583094240156,0.02498668816709171,0.0839901471815494
2022-06-15,0.03005256242822818,-0.00500636453095249,-0.030087078596255812,0.02390565665488542,0.07649347990614253
2022-06-16,0.1743420980396031,0.08958751236842977,0.0836687737074997,0.09519718672383926,0.16959672496210443
2022-06-17,0.0865533906918583,0.05155321133532009,0.026185247930095468,0.05585195508191987,0.10094017852255499
2022-06-21,0.12193252739564775,0.10648915591648467,0.05835619364699274,0.10419028805851926,0.14292770070172156
2022-06-22,0.1343510857982173,0.11100023501341583,0.052015244660047255,0.08685938855803665,0.16224918034088098
2022-06-23,0.1355932427543527,0.11434349527586019,0.056129523721056396,0.07985553998340844,0.16666660292903734
2022-06-24,0.08057560215615478,0.08173065474305541,0.00363550273819202,0.0357803601647122,0.11641224430516273
2022-06-27,0.07817104964163013,0.09099854363433191,0.016128990909022756,0.03649616347411788,0.11891364662013792
2022-06-28,0.11629627369068296,0.11869443451445005,0.04652413711695158,0.0717599013280763,0.1429622855706032
2022-06-29,0.1504221088498856,0.14574909959567806,0.08380038784180721,0.0771147065298925,0.14204545615176012
2022-06-30,0.20268135906709595,0.19088708364399598,0.11067199848359843,0.09246975194586105,0.18202249823719074
2022-07-01,0.16755520107311228,0.18563690253581844,0.09385296686416056,0.07922658555298856,0.1768278580951086
2022-07-05,0.11671468819900177,0.18511045839042573,0.08980253138225547,0.09202944141022984,0.16129033739224208
2022-07-06,0.07703381341805304,0.16965810487383748,0.06273865920986643,0.07243149424988848,0.13562210217221327
2022-07-07,0.05248225185090605,0.15312614499219968,0.06459533484028968,0.06154686721443969,0.13961428449056057
2022-07-08,0.014316378342323022,0.1187751879702248,0.028242356589562423,0.03215258886291972,0.11151874398035355
2022-07-11,0.020848825510695113,0.10549698326288226,0.027989870182731247,0.017377125061466714,0.09543873226470745
2022-07-12,-0.06431961635045835,0.057253107988181506,-0.034527850134182914,-0.027763380170449103,0.06459332086651304
2022-07-13,-0.022362029288263696,0.12154893597542893,-0.013716709571529262,-0.025773052471219304,0.1005817182428983
2022-07-14,0.01192982991536451,0.14175363454348933,0.011096486144636097,0.0023402756240986644,0.13263053998492835
2022-07-15,-0.05044923859289874,0.08607521353085201,-0.05698811640119206,-0.051793907738663436,0.08666177432451194
2022-07-18,-0.0708390464699784,0.028580685846607112,-0.0843924677668264,-0.06307897683186836,0.07488564174728385
2022-07-19,-0.1207123972378169,-0.026993625550411182,-0.13334946783732893,-0.10339847643024314,0.048609440800517545
2022-07-20,-0.1459566246851417,-0.054185552295891615,-0.16002883720742933,-0.11566261722320148,0.0036866322992339384
2022-07-21,-0.0816761097131865,-0.027221508182385445,-0.06036320524651306,-0.10418190148772766,0.01157675424631277
2022-07-22,-0.050438634405333915,-0.013078156052418799,-0.028075981457611143,-0.08697818551332426,0.02035085220783084
2022-07-25,-0.03854543512517761,-0.007004107784810865,0.006604338950441768,-0.09551903085473934,0.003657975337730157
2022-07-26,0.03425167741579971,0.05189288352204846,0.09224669800389007,-0.04570705018852261,0.08702826636590544
2022-07-27,-0.0007158359835853778,0.019682496069936883,0.06754538777729868,-0.07628155928955882,0.04338884840050161
2022-07-28,0.03124995235093886,0.030284120227641376,0.06858999803866017,0.005766566425060571,0.05794144851194294
2022-07-29,0.055434006328752394,0.04245295124183812,0.06721091757015296,0.017051303958663944,0.056169586305435226
2022-08-01,-0.042016767438032065,-0.015203256767817308,0.0026532844909019637,-0.02140447033460302,-0.006631366945784367
2022-08-02,-0.0021337614331540244,0.026398728398807636,0.03223209179946629,0.010898362387314675,0.03280896819039669
2022-08-03,-0.024606948315871846,0.0009023677764372628,0.0069893981438826636,-0.0538461644507191,-0.0008639506735742541
2022-08-04,-0.0746971522424279,-0.036603718549408804,-0.029769647788803866,-0.104666351143342,-0.054134637680169684
2022-08-05,-0.03595656317510143,0.0,0.023268140539822957,-0.07549635479168026,-0.016541363488372318
2022-08-08,-0.06990680151358653,-0.02962971983757734,-0.012419232548081416,-0.10209822076771435,-0.03141020149508422
2022-08-09,-0.09507526362539365,-0.06172831646237986,-0.04444445341492609,-0.11006759531524113,-0.04898311581439363
2022-08-10,-0.15660250195544367,-0.11700582622744637,-0.10958898977170084,-0.15987790183713702,-0.10148035786950516
2022-08-11,-0.18545695633214943,-0.1454652390523209,-0.14481506954448942,-0.17757262315512334,-0.11788883445608223
2022-08-12,-0.22229510448018064,-0.1878260057745299,-0.18912050089476662,-0.20501759488529914,-0.18018586294471262
2022-08-15,-0.19960857672350352,-0.18571432281486688,-0.17636725217387972,-0.20534807329387583,-0.19401447632317048
2022-08-16,-0.17741935483870963,-0.16553475719348032,-0.15810381240589888,-0.1866062934616176,-0.1635572746645988
2022-08-17,-0.18114973470833284,-0.17660693481961565,-0.15528745839913916,-0.18746779874191122,-0.1608061770614987
2022-08-18,-0.1886792561957341,-0.18643090526899564,-0.16717875996950982,-0.20882519986330073,-0.16149062588570795
2022-08-19,-0.15878616710554527,-0.15007510024756876,-0.12506663004557295,-0.17581846241359,-0.12189220731641293
2022-08-22,-0.055434006328752505,-0.05033990042085701,-0.028327798735064857,-0.11422495242804609,-0.034849448940676875
2022-08-23,-0.06874094285406718,-0.07149372846949265,-0.040368509472407,-0.11956228283568582,-0.04134831803568295
2022-08-24,-0.0900643494993516,-0.08075673029602526,-0.0649906484312095,-0.13915350219568323,-0.0649636814105291
2022-08-25,-0.15533978913083768,-0.1353339647571561,-0.11523385928043473,-0.17328146532140265,-0.10194803044788925
2022-08-26,-0.12299851590505295,-0.09975515744193375,-0.06480719036539107,-0.1564080464900084,-0.0826464498756081
2022-08-29,-0.09252405468711511,-0.09959407599449155,-0.05802332387637199,-0.16083346307139212,-0.08736554131956398
2022-08-30,-0.04726182430958059,-0.07913001025319522,-0.04757927517564964,-0.1508064881936826,-0.08156897558585186
2022-08-31,0.004618970028783531,-0.02220806799456354,0.011139766439401066,-0.11634883893898651,-0.03810835158581849
2022-09-01,0.013921063205962314,-0.00032166559857926824,0.008243346020798015,-0.10565115946913439,-0.042572599087179364
2022-09-02,0.016166284976685263,0.006140765052812913,0.022373182387572577,-0.10941770052703603,-0.047913805680086075
2022-09-06,0.03630858793804004,0.031420388452172654,0.01831596870988994,-0.09335885494075336,-0.03553533756420035
2022-09-07,0.007199382672692378,0.00899804728812148,0.012953368387701447,-0.12357784010084338,-0.09199396104208357
2022-09-08,-0.03581661881330256,0.000933928998879896,0.004372380768392636,-0.12878386540594555,-0.12716125483088547
2022-09-09,-0.033826607218501614,-0.0024495009004272816,0.030056045736725823,-0.13734696563422355,-0.11920109295661563
2022-09-12,-0.02557013674714026,0.003619643881976886,0.06782253351914669,-0.1302552652259814,-0.09055954488265938
2022-09-13,0.04459061718342605,0.06805298619314648,0.12728228213980786,-0.07655364258691377,-0.03404536773589395
2022-09-14,-0.002138256132727556,0.03796665893244078,0.10460578781786412,-0.09623975692966114,-0.06744992462735733
2022-09-15,-0.021023138129729113,0.024338758294281115,0.10514138797313266,-0.043631363203680884,-0.06463462975046719
2022-09-16,0.018181818181818077,0.07972597777847934,0.166488840839897,0.04319026447082486,0.0011266164005676593
2022-09-19,-0.0021111705060279373,0.030055024733715685,0.11317831994230043,0.013099290554512866,-0.028833545872027466
2022-09-20,0.010021430706687706,0.026870231255271104,0.11763169750738456,0.052721594560806384,-0.01786899052662516
2022-09-21,0.02645505620407329,0.028883221707187268,0.13815065963531614,0.0697537701870028,0.0016095583380690837
2022-09-22,0.08025173100141592,0.06708948170641227,0.18867924110447487,0.12000004511760465,0.046800358989600666
2022-09-23,0.15561012388159035,0.12887652229996593,0.2887813524399643,0.15694241051729585,0.10004909154450536
2022-09-26,0.20741990804038335,0.1905783423876921,0.34106580849131296,0.19222193884227035,0.16052562024704797
2022-09-27,0.16136914982619355,0.17859664373779416,0.2848004249965257,0.18857161838591918,0.1554417365791767
2022-09-28,0.0964705523322611,0.13462199888944104,0.24911560197770477,0.14708609232673142,0.09640652667782867
2022-09-29,0.21877553511639025,0.24789051962933284,0.3470070506408889,0.2269277976970867,0.1992846029303581
2022-09-30,0.2358804120918616,0.26300814290591434,0.37442363240811183,0.24383919243388208,0.20689650468511056
2022-10-03,0.2315436418805754,0.2275298513056485,0.34196881854261374,0.20916066049019721,0.15935857265516784
2022-10-04,0.12818531829046464,0.13495945742570226,0.2465326530726828,0.16420639204325083,0.09847589209800467
2022-10-05,0.09479411638516977,0.11795539230098329,0.22219094165516085,0.15156103117687136,0.07079232228236565
2022-10-06,0.09583663086404837,0.11234531770551848,0.23712817885082016,0.15642278423271394,0.08054644506323716
2022-10-07,0.15353036442572532,0.1728479768359794,0.2941523598622653,0.19579551934213701,0.12509034506505157
2022-10-10,0.14937760682517398,0.16349414860798817,0.2698830215301733,0.19235601826823312,0.12433217323801848
2022-10-11,0.14029357922054153,0.18689305720546545,0.27998820850440254,0.2152179059654511,0.1281295334056134
2022-10-12,0.1354330939260331,0.18076001341602854,0.27636573797788055,0.22285524488328146,0.1244843771435109
2022-10-13,0.11111109487144644,0.15536541575977614,0.2548021540754004,0.20937402679087702,0.11933173789771412
2022-10-14,0.05491993027338449,0.0897684292441765,0.21285590575772995,0.17735046997153692,0.09442975795687625
2022-10-17,0.07121216270001973,0.11178920465264253,0.21024932059287793,0.19957198721952984,0.12280285188355844
2022-10-18,0.05328470847254718,0.09947164936342956,0.18577176292470643,0.1981386135565173,0.12045343542138309
2022-10-19,-0.0007148126551425049,0.08794589478031001,0.12250642205773166,0.21014509946227355,0.13285547373984175
2022-10-20,0.03789006147373297,0.1107309059699706,0.123943668300881,0.2115208893452547,0.1710130268847192
2022-10-21,0.029175756193822622,0.09852636913680124,0.11350149130708376,0.19335366362974193,0.13899051441673782
2022-10-24,0.0163120238307648,0.07935090420123347,0.09646602191483411,0.17674958238986882,0.08736489539774439
2022-10-25,-0.05178444878191635,0.012684348862319839,0.0342723697527092,0.09214320025526668,0.020041440565373048
2022-10-26,-0.028571401323590928,-0.010914450563273448,0.008244958017213033,0.09077663918484835,0.02799815085979329
2022-10-27,-0.03149610061898722,-0.008506869372371995,0.0011630433847038546,0.07707598819245898,0.029812824171021823
2022-10-28,0.014285700661795575,0.0028841642489476627,0.011893880220603226,0.07479986612080003,0.02970964856532876
2022-10-31,-0.05077575821814362,-0.016210029786312696,-0.04433620197138732,0.039064751532884134,0.018443538275073834
2022-11-01,-0.0538624588022486,0.020220283647571557,-0.06000940887125472,0.032485132631026925,0.027403441333306855
2022-11-02,-0.04786447880574696,0.03711785158098313,-0.06227198577677484,0.021643953302624253,0.003902620835304793
2022-11-03,-0.06700649332066766,0.03565853467986302,-0.06153847157053827,0.00865794713788004,0.008667907545452103
2022-11-04,-0.11552091807950937,0.004884169413738038,-0.10886906395901319,-0.019687338167258428,-0.043691463615815995
2022-11-07,-0.125,-0.01378911932192084,-0.09887797248567032,-0.027005424616845963,-0.043738924970225246
2022-11-08,-0.08561405382658305,0.0023815644650158063,-0.07539118734395966,-0.022435940984282365,-0.027925495375905385
2022-11-09,-0.10157361724723468,-0.016138551683157254,-0.09653057011313815,-0.046774225108275114,-0.03074142311828898
2022-11-10,-0.14869391973550072,-0.06565260858807276,-0.13399508675961913,-0.07032467688814581,-0.07733270898206823
2022-11-11,-0.1579301319486598,-0.07167053058966921,-0.14560497550522344,-0.11522428630295523,-0.10560850113157239
2022-11-14,-0.1607629810143456,-0.07783211060732709,-0.15307740292145344,-0.14728479150187457,-0.10741303590951679
2022-11-15,-0.13073236771358698,-0.06217748300575365,-0.13896463713342655,-0.13612854183682788,-0.08623259834387575
2022-11-16,-0.09723207031388537,-0.03692826900414914,-0.1291291299229993,-0.11371418723815252,-0.059982523208440996
2022-11-17,-0.08673835517498218,-0.042572260083157176,-0.13965320035901374,-0.1336699988108121,-0.08108110579989447
2022-11-18,-0.03274021579375597,-0.002321108674778194,-0.09356454821256799,-0.11781703965193902,-0.05098545528182752
2022-11-21,0.010108258901981415,0.029214343738584336,-0.050425940854713525,-0.1117880705460107,-0.047300187101429025
2022-11-22,0.014306206687290102,0.05258551854689486,-0.027400382646720067,-0.08095338139882569,-0.014795481260257759
2022-11-23,0.013176115074760242,0.0661059665860182,-0.00778210490444009,-0.07342332340303526,-0.013379346781252521
2022-11-25,0.04758617795746911,0.08518537784455305,0.02994151026292724,-0.07198471891458236,0.008528735568610335
2022-11-28,0.10918295279912038,0.12725102866829463,0.10901902781971251,-0.06259985597149964,0.04193975611268175
2022-11-29,0.19024041832174232,0.14417814210096247,0.17418175439582972,-0.053231129856236015,0.05940382574122971
2022-11-30,0.17948718626560978,0.08001133425930718,0.16934579277824313,-0.06838441261716532,0.060075935314504614
2022-12-01,0.22174538504840546,0.08140163272637424,0.16655277910564514,-0.07108185934262146,0.06095759120332889
2022-12-02,0.19112377033529526,0.07476908465101428,0.11323766894094134,-0.08208248961685094,0.05588866312016916
2022-12-05,0.15379171387444757,0.07152845641570948,0.07417277910572584,-0.07245592750931096,0.05758943468488442
2022-12-06,0.14026519466735676,0.08688389603294744,0.07709061534591632,-0.061211112408174784,0.07602592906623862
2022-12-07,0.19335792241173322,0.13836303065180466,0.11847474451442475,-0.024616918000194277,0.13143631109460108
2022-12-08,0.17794117708932156,0.15717272585941688,0.1518691615856771,-0.016559449668685278,0.1286881069500474
2022-12-09,0.20177387655506895,0.16508905489448233,0.16821556017108708,-0.024989418455736545,0.14564626713991968
2022-12-12,0.16971836855335454,0.12798416100687948,0.11776670178130999,-0.07847649057240624,0.12174862720927249
2022-12-13,0.220653808217796,0.16027567521745567,0.18362889748665467,-0.03555971603385144,0.1267668249384155
2022-12-14,0.1955055866739912,0.1192068549260279,0.20224441194394127,-0.06520848062667806,0.09663310027874639
2022-12-15,0.24825978412295302,0.17593984658559214,0.27003891189197016,-0.035814364830102585,0.17402242602361562
2022-12-16,0.30288836747415315,0.20477185656667096,0.3067915904736398,-0.03933029643384334,0.1723201881848253
2022-12-19,0.3669871868348924,0.21202914169294051,0.37730389688706434,0.01815431319816896,0.24895104720994476
2022-12-20,0.3583400495195208,0.20303952276912307,0.32607003744736485,0.0040525870275391895,0.2414674158246788
2022-12-21,0.29854185902087726,0.17730912261316334,0.30564097869090534,-0.010771107081550935,0.19539442716746303
2022-12-22,0.35031835333252603,0.20261236571151153,0.3257576180343904,0.025850141305817198,0.20802234017615406
2022-12-23,0.3351691001118673,0.18938491870769925,0.3224798454009199,-0.016844627105879195,0.18887093155855528
2022-12-27,0.3296089547051879,0.18571406520434364,0.30418844763893715,0.032107745742333105,0.20113583382867528
2022-12-28,0.3214286598955789,0.19318552856924187,0.31027083429237834,0.07947502179186472,0.20048432801335458
2022-12-29,0.3000000375462335,0.1793456651265508,0.29720466777325094,0.05604806822923103,0.1716888165929078
2022-12-30,0.319968597724662,0.18989620781264405,0.32785146844086843,0.060087406586429415,0.17792276312728084
2023-01-03,0.3186812824868712,0.1965656334537884,0.3413061294118396,0.10135656136495985,0.19236244401574343
2023-01-04,0.2060337899648481,0.11311452237907216,0.23338369015285676,0.05867414518841829,0.10880360672313283
2023-01-05,0.16940678184471292,0.08884468591552608,0.20344323589174884,0.06001710927927695,0.11289955731870105
2023-01-06,0.10648795787799537,0.029697286127021716,0.14109845756731954,-0.032664935722700905,0.05521201562273581
2023-01-09,0.06502400994275659,0.0065271196452663105,0.12525952701976117,-0.05644468765396382,0.0393700610017802
2023-01-10,0.04476631494144012,-0.014702048004624935,0.10557381051485648,-0.07097505607094545,0.008668073023791134
2023-01-11,0.014341607877474072,-0.021477227135736188,0.052399917165658394,-0.06672235484944744,-0.008385776089749775
2023-01-12,-0.07130123676203148,-0.044444644041358505,-0.011695876862462762,-0.09277796394880589,-0.029959581198763185
2023-01-13,-0.06110463499153129,0.00366492801998608,0.0060018886628381285,-0.09218703212047841,-0.048916266448368995
2023-01-17,-0.0614753654420811,0.006534156612138187,0.02324216033157467,-0.09152293205391004,-0.04135184985897378
2023-01-18,-0.03124991403175914,0.0010421673621314742,0.07572658036675439,-0.06556470166444672,-0.026972252971282362
2023-01-19,0.004914000020385556,0.013037746366126424,0.09696097880859522,-0.0622773185538833,-0.019433256467958016
2023-01-20,-0.013463850140763234,-0.01460404270408433,0.060250699502577554,-0.08904483725565371,-0.03853870294472883
2023-01-23,0.011750187579539162,-0.0002558497310594099,0.09598213594565785,-0.08561265772476212,-0.03173653095836315
2023-01-24,0.03558050427819959,0.023968994171485125,0.10060850225620399,-0.07083653871824536,-0.010456474211748779
2023-01-25,-0.023370240411555665,-0.022600365757378005,0.03659507154454267,-0.09798435731197352,-0.06914787134285039
2023-01-26,-0.0692354322665043,-0.05022962919447249,0.03073812809529497,-0.07715236985948026,-0.10171475548994557
2023-01-27,-0.0961655443918843,-0.07875047640038757,0.0020521709369540897,-0.13834183266823707,-0.13602506006353687
2023-01-30,-0.08145364584133163,-0.07630186884214363,-0.04148516983988404,-0.13465903224945797,-0.15749604365851066
2023-01-31,-0.14126392931795861,-0.15012780384886226,-0.11887254500929911,-0.16440147374136138,-0.2134787505239264
2023-02-01,-0.15398445573768504,-0.15492598014083214,-0.13201913394980214,-0.1399555793906665,-0.2191358135978798
2023-02-02,-0.18053927433320216,-0.17393486420062698,-0.1772127741234747,-0.18003887039833222,-0.26670400200033095
2023-02-03,-0.1797885039551148,-0.16270849069932658,-0.15708135655473132,-0.16805388250267528,-0.265569486417766
2023-02-06,-0.15070923045133933,-0.14505553513413383,-0.13079340312062027,-0.13363747405412274,-0.22639707920644403
2023-02-07,-0.1851414834404792,-0.1722656754577364,-0.15625616364878392,-0.16437569033135335,-0.23938219872231203
2023-02-08,-0.19681787472349344,-0.1850912686933056,-0.1794366856059083,-0.15640886725747682,-0.25228202087822493
2023-02-09,-0.17647056466450017,-0.19020747139344796,-0.1698113034182046,-0.145227269534155,-0.24881792102148514
2023-02-10,-0.14373470562453416,-0.15823950784170726,-0.1416291833237615,-0.12318147669947843,-0.2135941863954267
2023-02-13,-0.15324049979234045,-0.15880806883640053,-0.1378328718963513,-0.12192233773568817,-0.20633968312611706
2023-02-14,-0.14532462185878214,-0.1478260307062783,-0.13164202900129995,-0.10986956580681917,-0.1967180783459449
2023-02-15,-0.13869042118119834,-0.12583300543326614,-0.12422361815056049,-0.10440730180020052,-0.1848020853577017
2023-02-16,-0.10006097929962243,-0.08777445907776527,-0.09675447062803899,-0.07612436081102736,-0.14576547237594528
2023-02-17,-0.11858193531057137,-0.10349352846715165,-0.126536418674968,-0.09898552142904604,-0.14259523280182718
2023-02-21,-0.09751432593306764,-0.08571429180133894,-0.11742738086767901,-0.05539011802605254,-0.121598947405399
2023-02-22,-0.10732648015796675,-0.09591991656444909,-0.13837638722666024,-0.055080966196447645,-0.11721379716262625
2023-02-23,-0.1172022476427208,-0.1023181068472907,-0.15658366344265173,-0.055905536369635134,-0.11884297375286745
2023-02-24,-0.09061701562095192,-0.0907386182424409,-0.14100773044122394,-0.036567416583827006,-0.10295980994581111
2023-02-27,-0.08381320601567743,-0.08615204560363399,-0.12583828347353532,-0.01951888486367881,-0.09891481729732832
2023-02-28,-0.18648308057581398,-0.11997911223278523,-0.20246344578761533,-0.03475828008994686,-0.12230821795662394
2023-03-01,-0.19213978449460078,-0.13347184044965388,-0.19889288586256726,-0.037662343220300154,-0.12111157206027823
2023-03-02,-0.20657572605552865,-0.12103053269040842,-0.20719183637387772,-0.061327909523377744,-0.12651104111580613
2023-03-03,-0.19926651022366815,-0.10965240745612237,-0.20128156857816837,-0.04964310286682372,-0.11973574321826108
2023-03-06,-0.1755583579432961,-0.08060309903629725,-0.1792524400714608,-0.045264963402545266,-0.11169106718979782
2023-03-07,-0.16687043973478066,-0.08036860286582548,-0.1433067599389959,-0.027569637727568486,-0.10018546616805346
2023-03-08,-0.19710671655741852,-0.1281146521233424,-0.17268704794939627,-0.049852529828295244,-0.1148140178072955
2023-03-09,-0.15617131473792545,-0.10808015790002734,-0.147160366963345,-0.028113635065993847,-0.06544614015977901
2023-03-10,-0.13842175537143486,-0.08402681983313043,-0.13812047767163516,-0.01861443347791769,-0.04446853155995967
2023-03-13,-0.13535354728946503,-0.07202898531461532,-0.1298382124687082,0.007405061990168216,-0.03584396019560876
2023-03-14,-0.130968628668361,-0.07668464963298705,-0.08894180246224226,0.01211914527625324,-0.0004731813502277804
2023-03-15,-0.07070703943085599,0.0030093855389892177,-0.007185849860446125,0.005045501678243358,0.06414066577707445
2023-03-16,-0.03399430213361665,0.017798972967535853,0.004817597699874998,-0.006233459744040659,0.07361659031460799
2023-03-17,-0.006437711148821523,0.05339781262492438,0.03183082952469274,0.018648001334496955,0.1068974462985981
2023-03-20,-0.013610285090552288,0.04194309581767519,0.03341839456044893,-0.003989421227451606,0.10440535844991383
2023-03-21,-0.040361860008705897,0.007081798510244042,0.004970655875422558,-0.008053986211926878,0.07174555593896903
2023-03-22,-0.022431220896371062,0.009459517803136253,0.0023353216915875663,-0.02626325322834744,0.06827407417591402
2023-03-23,0.017608200227664295,0.056005298213893884,0.07561213483956797,0.0013504820885301694,0.12103895707563916
2023-03-24,0.046647184926552177,0.08262102024755857,0.10880077208881245,-0.0013498193852572449,0.13978489029769348
2023-03-27,0.038020136484891776,0.06442571345897252,0.10538870120104749,-0.017247309831236013,0.12592971623604154
2023-03-28,0.025751117463482798,0.04096071904099463,0.07333177603256558,-0.045380395315411715,0.08289372326609756
2023-03-29,-0.01951224245311345,-0.0030012570076575207,0.03703705003773461,-0.07856244341974161,0.059561853441456813
2023-03-30,-0.031098811400197546,-0.025798771896428097,0.031343005611471186,-0.10025121646802915,0.04245977788929567
2023-03-31,-0.031864424883309095,-0.03436412154881585,0.02146894379524178,-0.10725270551302712,0.03288849137811134
2023-04-03,-0.01525660650934968,-0.016574349450923287,0.046136103123370464,-0.09940039032937786,0.013067218699611471
2023-04-04,0.052966102265676884,0.05925722076571782,0.12247294246227858,-0.05800755147967873,0.07815102892298476
2023-04-05,0.08351330588481587,0.07262395502116026,0.1451344864616817,-0.05129831217602776,0.07556610515597018
2023-04-06,0.05781580676012821,0.05639643964086716,0.11439289933357255,-0.06679328442225896,0.05899142455347439
2023-04-10,0.016254452446023082,0.04386205651328634,0.0992348405588368,-0.08859171193845883,0.058684841995294335
2023-04-11,-0.01745810093071154,0.03846144175777755,0.08009926131554379,-0.09874647048942864,0.03821217031536528
2023-04-12,0.061538476210374116,0.035269595814187316,0.12596528459676937,-0.10235747787157057,0.04883275987171065
2023-04-13,0.11042473561680533,0.07132157809816064,0.13128420684475017,-0.09220747670153806,0.06465308623672916
2023-04-14,0.12197032246047668,0.06277740634553464,0.13414927761513207,-0.06378280081979071,0.07611545307380774
2023-04-17,0.11603049311658276,0.04885798771069583,0.13284561376884252,-0.07768487855643835,0.060272038733849786
2023-04-18,0.11211435480774923,0.02743199169986754,0.10292751419476831,-0.06830949354008009,0.05593422117014479
2023-04-19,0.07850327849157979,0.01252436876591867,0.024637980945970694,-0.10292753594491344,0.027262281445820102
2023-04-20,0.11636638335188176,0.0684178383439582,0.08041881620484093,-0.0664390842388729,0.05831030809809579
2023-04-21,0.10522394337508767,0.0806873819387548,0.08571422931831241,-0.06687406432212739,0.042107609509342
2023-04-24,0.1208709194623454,0.10316553005584495,0.1106305617252401,-0.055037477194551765,0.07741202965886052
2023-04-25,0.18068533234064055,0.154636006673194,0.16239109057692613,-0.015979468618463777,0.13788236730238967
2023-04-26,0.20094195177462026,0.19419872538631133,0.18456058763374772,-0.010032286677404634,0.15175188429691322
2023-04-27,0.20885089724240768,0.17851776185086798,0.1772121413356409,0.024765836803717578,0.13218524886704297
2023-04-28,0.17448680751727474,0.17166986882662716,0.17146123897363053,0.03862648998453011,0.14081921020492105
2023-05-01,0.17422599444232412,0.19700475175695265,0.19770319318766028,0.06080412178725392,0.16854444087057185
2023-05-02,0.20479299935202788,0.22183613826002402,0.19806871629479716,0.12049416354079501,0.1630159065931287
2023-05-03,0.20739663992667157,0.25637276022849687,0.2045863844979896,0.1032801910704968,0.15803999859592466
2023-05-04,0.2198371031116042,0.2935309932471599,0.24650517899392255,0.1693410992061657,0.1979091942541904
2023-05-05,0.17664021841961097,0.25162022250069804,0.17607674956134378,0.16831124672536846,0.14712693458227255
2023-05-08,0.13509746704493986,0.2511695144505799,0.1524203613331776,0.1669983132978381,0.14081921020492105
2023-05-09,0.1306150869692304,0.2555553308631291,0.14430540419827342,0.16304789148128962,0.13143499869049013
2023-05-10,0.13389121728478148,0.26804757389282075,0.15663446828676775,0.1665273533098237,0.14242633502014157
2023-05-11,0.16844356010222405,0.2986153657639996,0.18278610312950705,0.17982840515257803,0.16051103298193525
2023-05-12,0.23751781847211317,0.38699979698778386,0.24290143086682314,0.23773064410669797,0.215589860049191
2023-05-15,0.22899156619304617,0.38523123998224174,0.2455751833354447,0.22744902185643,0.2099676613309316
2023-05-16,0.2394366632305287,0.3693080765611876,0.18456456512029118,0.2662903051992418,0.22584430595590188
2023-05-17,0.20321936402778817,0.32312840618261607,0.1491099252750736,0.2182499127338935,0.17524862552874665
2023-05-18,0.20265781741401678,0.33630558786200515,0.14398504366056852,0.24284687715298903,0.17885638044910124
2023-05-19,0.23616734629369462,0.3633043451996796,0.1701724862597882,0.26922143578250135,0.2050763920538794
2023-05-22,0.24339353396881114,0.33474362249276357,0.14785906652804703,0.272032978820965,0.1752004244742562
2023-05-23,0.30419337451868933,0.3333336268091962,0.15709213757167695,0.2818384530892346,0.19897385243393506
2023-05-24,0.34565213320010457,0.38734591454837286,0.20724393517499995,0.33424090353320235,0.26163980870198045
2023-05-25,0.3073712856358677,0.3611191809691081,0.18323506417055202,0.34702462641182485,0.2486702457072607
2023-05-26,0.29407659938488995,0.3360266671541081,0.17223875356417118,0.30703799788674413,0.24146349385343147
2023-05-30,0.2619699663037247,0.3150497629769029,0.15038536707185934,0.2495197522178949,0.2019464997346334
2023-05-31,0.2273342163316665,0.28234645270141634,0.12365702087500008,0.22370607334300563,0.16536835643688774
2023-06-01,0.23673473068464013,0.289123084199725,0.12486821351394117,0.2525463597252333,0.1632470934414516
2023-06-02,0.2562206085365717,0.30968923845198315,0.129690740526337,0.22827096338839103,0.15878524809352013
2023-06-05,0.2559081603288109,0.31137416717318556,0.1355159789263658,0.251577586105169,0.17610202551528098
2023-06-06,0.16811789535005528,0.296287433926542,0.1594588775016994,0.22658464006444778,0.13948594341098253
2023-06-07,0.14907653374862195,0.2726124891030033,0.16643047828070912,0.2162001058977272,0.11972706456682669
2023-06-08,0.10326790525065022,0.21656151360586673,0.12412277068345046,0.22250861353595308,0.09619733110771445
2023-06-09,0.06936415830920462,0.18476442426491246,0.07536698115348828,0.16648312024506007,-0.009660867542894414
2023-06-12,0.046192244068229193,0.1574010500966574,0.06353533880882267,0.15866400503186862,-0.034691431165413844
2023-06-13,0.015941154959860926,0.10313029186363365,0.0013160311455444607,0.022941507611992096,-0.07241244248867185
2023-06-14,0.012055500970459931,0.08594541454753402,0.015370191532844801,0.009176089731898651,-0.045995237073534145
2023-06-15,0.006006029054705486,0.0810905690537791,0.013624477739626162,0.01090610657151836,-0.03396899243721496
2023-06-16,-0.015169903333994594,0.06322417700981497,-0.004486012681622409,-0.018785010205562447,-0.04998010183622981
2023-06-20,-0.0226715620390866,0.056828968297051086,-0.000569309175707633,-0.03191175878321573,-0.03211472846882235
2023-06-21,-0.01963188403694216,0.034887027578332175,-0.013055792746084038,-0.060844229040911024,-0.055869309307460924
2023-06-22,-0.031784867870643496,0.04060704639370849,-0.012818102072671422,-0.04521572328590151,-0.058989261093035594
2023-06-23,-0.016605193970666954,0.057746587834071716,0.019563129144271718,-0.028293514398067154,-0.04994921998929247
2023-06-26,-0.01581509856664609,0.0636573671163454,0.02888223789087596,-0.007646867347392727,-0.055244162772432825
2023-06-27,-0.09164265807659888,-0.02094646940015321,-0.051757947070546595,-0.04595754701672916,-0.10244559336723102
2023-06-28,-0.10199424991419648,-0.03758885380025423,-0.05950263800209599,-0.04595439595849926,-0.10926772868597856
2023-06-29,-0.11079549549285939,-0.04420713937168108,-0.027178013142100443,-0.06258682257160941,-0.11842354261524757
2023-06-30,-0.11482722175542626,-0.06767162434110863,-0.04665568814338261,-0.07401284519710494,-0.1305001614682869
2023-07-03,-0.14088398546916503,-0.10111860414314255,-0.06756267940283156,-0.10583161597010415,-0.1462680763332489
2023-07-05,-0.15720524904018296,-0.1187217516597745,-0.0882617248451989,-0.11552955187364111,-0.1688723413907227
2023-07-06,-0.15827735474627413,-0.11540754555843369,-0.08985666214959387,-0.13126693462122407,-0.17673805018462152
2023-07-07,-0.18038149050717278,-0.13163853260926983,-0.11355842182411813,-0.1447193212343647,-0.20427906125090844
2023-07-10,-0.18362950476313333,-0.1368617868118035,-0.11894195890556047,-0.16896644082466472,-0.2268226579149064
2023-07-11,-0.2111701848119445,-0.1430867896914526,-0.12014951874925728,-0.19601835221773278,-0.24156905526253192
2023-07-12,-0.20409262380921667,-0.11806795626948507,-0.09043324906570904,-0.18106368919640892,-0.2382568271598806
2023-07-13,-0.21029815217726167,-0.11993278503736482,-0.10555853819804972,-0.15712735965707691,-0.224880404607823
2023-07-14,-0.19625135533212257,-0.10303286745961004,-0.08248971715957953,-0.14136411374929736,-0.20129871643744002
2023-07-17,-0.18976901567802784,-0.09380343108347722,-0.07762990928560087,-0.1428178091354324,-0.19497695933083659
2023-07-18,-0.20235549383787532,-0.09510028560081552,-0.08231432854297227,-0.13418620963238093,-0.20816172431748903
2023-07-19,-0.20591397016968327,-0.10957776119955842,-0.08576643847397902,-0.15314604906960627,-0.22689690253311878
2023-07-20,-0.1553899603689276,-0.11932630405090228,-0.11949793809441545,-0.1477885120853185,-0.22392751849718995
2023-07-21,-0.15729045689539922,-0.11719871487029454,-0.13695537764376864,-0.1565101071779007,-0.22843956413685906
2023-07-24,-0.15284354847767467,-0.12047173322606286,-0.13539065227715175,-0.1680835851878052,-0.24357774671784405
2023-07-25,-0.1393393242028801,-0.10185196743887959,-0.10844708476085463,-0.15162738496071826,-0.15857200791316106
2023-07-26,-0.16467781570346507,-0.11415028936299032,-0.12625983925563278,-0.1836853809106358,-0.16381111685343752
2023-07-27,-0.1563065902407288,-0.10775940059360334,-0.1092752511873657,-0.10054058139362132,-0.15549423231360993
2023-07-28,-0.1608100426273652,-0.1067366970095065,-0.11962340338329924,-0.12227139570483125,-0.1598087863134494
2023-07-31,-0.1576119607953883,-0.12040650990788826,-0.12355004105136735,-0.13791851054508564,-0.17520049908758684
2023-08-01,-0.17991369100293164,-0.12885459943333566,-0.1402553068235024,-0.13383524646003164,-0.18308977407914084
2023-08-02,-0.16865201332608903,-0.12209805323831746,-0.1376495206387659,-0.12775710501822846,-0.17863100763098694
2023-08-03,-0.1670838046999077,-0.09708068959953275,-0.12384967606155328,-0.07436247842663746,-0.15680410034715297
2023-08-04,-0.17234851449572908,-0.12783141438494894,-0.14779450108136505,-0.10639908522482111,-0.1681643202416203
2023-08-07,-0.17510945783703802,-0.12798397539332307,-0.1572279914069823,-0.11808980477057363,-0.1647787760977384
2023-08-08,-0.1928306444197676,-0.15090639593069222,-0.1913962793142724,-0.1498420875418235,-0.18199152571481725
2023-08-09,-0.17131978236377854,-0.14945583371116877,-0.17767743744826414,-0.15423888740830694,-0.1815060925485975
2023-08-10,-0.18147211731065294,-0.16027645533600787,-0.1865911411852217,-0.16632308627445913,-0.1971740369297983
2023-08-11,-0.17507986184701796,-0.149649019110646,-0.178530392575866,-0.17927446130090408,-0.18923613008249618
2023-08-14,-0.20025190694324746,-0.16866376811439132,-0.1846683156912401,-0.20330941539278957,-0.20328722285181777
2023-08-15,-0.18906755614121173,-0.14783801788688555,-0.18134011191314203,-0.18585515651259765,-0.1981942310117164
2023-08-16,-0.16321240755025956,-0.13405197985783512,-0.16581229583999446,-0.16838275040281392,-0.17403001334331314
2023-08-17,-0.148837192207955,-0.11440889430158663,-0.14597213245356278,-0.1552598451334979,-0.14680159659040137
2023-08-18,-0.15226063614769347,-0.1214752096956756,-0.15234215427071296,-0.1494039904496648,-0.13888236060635228
2023-08-21,-0.1893139785254685,-0.15572585655064897,-0.18335688279210316,-0.1552482281986295,-0.16647267517742337
2023-08-22,-0.14160488147493744,-0.13338127864029936,-0.16224965422312376,-0.13153260062788186,-0.15445819201559663
2023-08-23,-0.13058182587081013,-0.13649277628226308,-0.17999602708245832,-0.12963521887840912,-0.16342323496691813
2023-08-24,-0.12422783142441374,-0.11694510942029357,-0.15344132787291098,-0.12760948253581528,-0.1673789035099834
2023-08-25,-0.16049383846588472,-0.15395689998573825,-0.1871679629024967,-0.14629447937881246,-0.1762314439422844
2023-08-28,-0.16768495520126092,-0.15515200073202273,-0.17889813951493705,-0.13787217649222516,-0.1681352962867707
2023-08-29,-0.162416116661126,-0.1756750887993762,-0.18456640820599968,-0.17161384938559276,-0.18321513332818096
2023-08-30,-0.18348002397809637,-0.1846314012375283,-0.20518960264254216,-0.190747876904103,-0.20057039149598133
2023-08-31,-0.20434483155119887,-0.20253177130272293,-0.22264605193395037,-0.19252610826040228,-0.212056260829668
2023-09-01,-0.18664854685503163,-0.19467255313138632,-0.20494775123141373,-0.1802176593890028,-0.17903302443232405
2023-09-05,-0.16503500551563866,-0.16721607608538192,-0.172271551032101,-0.1618458789271502,-0.14600890846230163
2023-09-06,-0.20725752148229604,-0.20324259968096492,-0.25031026967163383,-0.1758425686623405,-0.19437594696987515
2023-09-07,-0.18214287076677593,-0.20249100626040406,-0.24433727876076106,-0.1719332985220614,-0.1964018121050961
2023-09-08,-0.20743917836111536,-0.20822643529188423,-0.26032881179654954,-0.1804943416272814,-0.19567949376544724
2023-09-11,-0.19872250961051918,-0.2132793705937157,-0.2581253494039625,-0.17409027604111538,-0.19465740471135395
2023-09-12,-0.2055279722957266,-0.2108719939435698,-0.2617646950397875,-0.18374317548958308,-0.20568436485814579
2023-09-13,-0.17054848882033646,-0.2035928075046437,-0.23891684260037882,-0.18027102615049173,-0.19192435532544105
2023-09-14,-0.15912523181981053,-0.19429346681667503,-0.23117570284666122,-0.1917760769320661,-0.1928353667401047
2023-09-15,-0.1795642575488049,-0.22967973113807305,-0.2582056682727627,-0.2475580162229265,-0.20825946203395362
2023-09-18,-0.14721582014065637,-0.19471836566895606,-0.22025546932100526,-0.22592859743814453,-0.18209880752449015
2023-09-19,-0.15466262522760033,-0.20564108034142647,-0.22612738676804345,-0.23106205816999592,-0.19063465509789168
2023-09-20,-0.14701378366037565,-0.1976062092738039,-0.21528401951446374,-0.2205471158009833,-0.19502720972831766
2023-09-21,-0.12710572341123594,-0.16162887991955188,-0.18013273470495383,-0.18104663854158753,-0.1580603500082094
2023-09-22,-0.07131783748058462,-0.11220237070132022,-0.12909220832799706,-0.15508012747434663,-0.10506663004557293
2023-09-25,-0.0968241684565605,-0.12108276332388879,-0.14372238387565772,-0.14436354098298887,-0.12098502098287678
2023-09-26,-0.07480313571123642,-0.0880177038019565,-0.13177028242711697,-0.11295170922358178,-0.09989143023706726
2023-09-27,-0.04758124061309543,-0.06531313157174823,-0.0949321432227812,-0.10518456057285064,-0.06838785193358843
2023-09-28,-0.09055728091214965,-0.09137480001152698,-0.11793905735055898,-0.14217475016385595,-0.09041546743141515
2023-09-29,-0.078844667899867,-0.07688311483442334,-0.10189119707637273,-0.1444403074346552,-0.07605187082703213
2023-10-02,-0.07607845231598498,-0.05992790267055281,-0.08433441642508599,-0.15079074072916188,-0.06733649833387956
2023-10-03,-0.0032546755066870103,0.002798887875723466,-0.028373988300465225,-0.09362171131225916,0.008100584405240197
2023-10-04,-0.024351883510588368,-0.00554419547537921,-0.03549870142766953,-0.0830882461270318,0.024356413711666525
2023-10-05,-0.0513619285208875,-0.022794333143000833,-0.04937078728446542,-0.11090765979749939,0.014574003736436136
2023-10-06,-0.036833876065689886,-0.022677862184366626,-0.04925876107899563,-0.08382571098081693,0.04818929687525486
2023-10-09,0.01307188320294328,0.03747599580720995,0.006033224882643795,-0.05169806695120849,0.08301888380299505
2023-10-10,-0.010603598043551932,0.004197881940225079,-0.023520692678765664,-0.07579740698437387,0.049527613144050964
2023-10-11,-0.013621725068522439,-0.0008336554133934193,-0.029268311291206217,-0.05687036189169892,0.06888570537397554
2023-10-12,0.02072968418751886,0.02702673370913722,-0.0027624462881615797,-0.02278969211668702,0.10582643988948726
2023-10-13,0.0392491491182867,0.05102628642603202,0.012654903107480742,-0.03665738722430112,0.11400061967202602
2023-10-16,0.0192630237850695,0.04706568433012337,-0.014419421007489275,-0.030847522724363086,0.074344002734126
2023-10-17,0.02428810486136701,0.05651676331412481,-0.02168491911881254,-0.01783656254007182,0.08969521289276838
2023-10-18,0.09419020077783213,0.11436349070142238,0.0871964597421564,0.03522290295382158,0.15768528934292014
2023-10-19,0.13711796285167788,0.16325273102828053,0.11684715630878739,0.09519905052171551,0.2353855637668285
2023-10-20,0.20487368893450308,0.1839900235835603,0.1547449496028377,0.12809898417214005,0.0643348327245743
2023-10-23,0.16297609909698285,0.17384521655141283,0.11899375232825382,0.11856714593280082,0.09244466199569357
2023-10-24,0.20249772492102402,0.2161148523752967,0.16476952237036646,0.17112970760901458,0.11958560846216226
2023-10-25,0.25996375864818044,0.2843044362897602,0.1839311371038379,0.2355933837157409,0.13757116590814067
2023-10-26,0.2340807802373357,0.27689868022113884,0.1732532465347647,0.24283875190318804,0.12086874715953955
2023-10-27,0.2564102720853765,0.32169651894468654,0.19646016364712948,0.3133392334910563,0.1439999999999999
2023-10-30,0.2558139157968724,0.32052503632863183,0.18103446480399077,0.34651277751234066,0.1732705115857036
2023-10-31,0.2636771869634513,0.3180798847238675,0.18766077762079036,0.31129126781685446,0.2213089501447516
2023-11-01,0.30969476687072506,0.36419141150703016,0.2522263267140685,0.3387316614667222,0.2599742581576743
2023-11-02,0.27105265403388357,0.3222985213579581,0.21663881078568914,0.2525907340219353,0.21264016370419947
2023-11-03,0.18864777255742338,0.23478287325314895,0.12849916622775437,0.22236265185187198,0.17014299317094195
2023-11-06,0.22641512674708064,0.25000020906064035,0.1539717112581207,0.25456853584336425,0.22411694811674887
2023-11-07,0.18978719508394293,0.20633985577562552,0.11207133844679285,0.24144077603481717,0.20898674116600202
2023-11-08,0.1948376442958446,0.20339485363732024,0.1193480758743668,0.24141707055276962,0.19663922003831802
2023-11-09,0.21787237613759136,0.22849471049161107,0.1401393243570057,0.2711340102531281,0.21432836731868
2023-11-10,0.19576266344098459,0.1967115878315886,0.10765990976268247,0.2663574138957687,0.17221254567810695
2023-11-13,0.18760611954526407,0.18788422375838199,0.09498816252712139,0.2728107816012262,0.15487627164910212
2023-11-14,0.1412244524274553,0.15295096299374755,0.06576942819549414,0.21647087219787386,0.10612352452657947
2023-11-15,0.10628016801253515,0.12499995875913616,0.03304956785705793,0.1650831083096138,0.05566067189180246
2023-11-16,0.10254307161844012,0.13911583698189678,0.036659941093613924,0.17969192974311032,0.059116003992997435
2023-11-17,0.05370218465912813,0.07432061183923677,-0.00578469698052686,0.1075188136143097,-0.009249188468779868
2023-11-20,0.05564520607133705,0.07397258532324935,0.011244396746431295,0.11823919054514942,-0.013401232420161002
2023-11-21,0.12118716019456222,0.12987750775886497,0.058823523722262516,0.19077703760944065,0.035188241159210154
2023-11-22,0.18440287788065213,0.15799710695609348,0.07839193446464998,0.18570019438729912,0.02545352339402074
2023-11-24,0.16815594023258962,0.1722993837163458,0.09644930544841768,0.18616290813886405,0.004569843157494535
2023-11-27,0.17816092134019268,0.1749443256615495,0.1287936586323557,0.22308793499554924,0.005971802925947456
2023-11-28,0.19884963526071675,0.17258576435363904,0.14245378253287688,0.20963224063379715,0.00379927300252203
2023-11-29,0.08013086938607072,0.04994554930798345,0.013503153612659302,0.13483144182108697,-0.06313273012206422
2023-11-30,0.061142337614509934,0.014622230211445153,-0.011928964530481423,0.13008180982561668,-0.08965890191002213
2023-12-01,-0.006912453872781943,-0.023915644251833124,-0.05864812405349484,0.059664935828353194,-0.1540397433274242
2023-12-04,0.035205940069250374,-0.0018342428971267477,-0.018509377875791655,0.10674860006515008,0.025821514264594114
2023-12-05,0.04036555432991018,-0.008774241284472573,-0.01944936738560077,0.11056269046177136,-0.020522899873472555
2023-12-06,0.010385782498292917,-0.05033387796340805,-0.060591241723560896,0.08413820331068411,-0.0235490995517329
2023-12-07,0.006470176389299809,-0.05775905241711221,-0.01866206190959907,0.07341768356503087,-0.0038921152320633423
2023-12-08,0.01235465650190326,-0.05353160003477564,-0.0031730794298717724,0.07674112934179278,0.005897194071140088
2023-12-11,0.11953348088407822,-0.008146117728492164,0.05917153919925777,0.04214185199492304,0.04671323549497375
2023-12-12,0.0776353387143478,-0.039039586296707784,0.0352798252256008,-0.001167929592228223,-0.014473355552163336
2023-12-13,0.06032643141166272,-0.026705414085107293,0.012265471358211988,0.04272167531548976,-0.03650012447387441
2023-12-14,-0.004112434474927484,-0.06880274527479435,-0.044276216986000594,0.02067235741981177,-0.06307459730152054
2023-12-15,-0.017943425327036633,-0.07557860989468568,-0.05048188780413854,0.03665544861989689,-0.08010266677204825
2023-12-18,0.007022498811590561,-0.03448290351865546,-0.019607885545749548,0.04815863983081159,-0.07664889485977566
2023-12-19,0.018181833945029924,-0.02843252904652216,-0.024752458330590588,0.035105662805680504,-0.10124377158162567
2023-12-20,0.02002866207538645,-0.02726821882388797,-0.028411898372315614,0.023391735980050177,-0.11998007869751826
2023-12-21,0.038327471947022795,-0.022859849750995642,-0.031705078223687844,0.048310729628667115,-0.11332836799281987
2023-12-22,0.04192867995817151,-0.022368169932115767,-0.029847249836317702,0.04203384061087423,-0.12487713355322538
2023-12-26,0.05953225889629121,-0.010058851027637594,-0.010931627356309703,0.1090908777240942,-0.09088649252358283
2023-12-27,0.06361689477366017,-0.001970918345052586,0.014378200225261928,0.11229045162525453,-0.06251574632483181
2023-12-28,0.06795427711348023,-0.0012307320024198543,0.025017851001219338,0.11606530690716221,-0.06487967075873868
2023-12-29,0.06331877001831132,-0.005468477657544213,0.008725172685324134,0.1263851637560538,-0.06398771485865118
2024-01-02,0.10565477088009323,0.009641553883878329,0.051817302237181284,0.1850420879594492,-0.027125741037774764
2024-01-03,0.15057913806840362,0.05833767398694922,0.0834809803608223,0.2526548132528643,0.03651844859752784
2024-01-04,0.11841101395468123,0.02346946361287583,0.037558695624305694,0.21482258137466692,0.01928821130085101
2024-01-05,0.08088230859862189,0.0014800602695053122,0.04070883216637644,0.16157787249370914,0.02555987843228502
2024-01-08,0.014403294872829653,-0.020898441891314623,0.026328078199519656,0.18612657635350405,0.034592062588838735
2024-01-09,0.059805260767251456,-0.004725964498765833,0.039503844047749315,0.16780382598711263,0.05378651842870408
2024-01-10,0.05435538064364165,-0.006903988287174867,0.028242206222404143,0.1369908182142925,0.04290340241956381
2024-01-11,0.047292636954558986,-0.008768142922776945,0.010334821759527602,0.144436994743669,0.01946464918451185
2024-01-12,0.17638152285977537,0.09383671847502151,0.12870796640764826,0.20826039660774698,0.09468302543146101
2024-01-16,0.1721001159954325,0.12383160870204546,0.14975592012986239,0.20020902792768314,0.10633363907065907
2024-01-17,0.21268367634138374,0.14083433981100457,0.20089758172570726,0.21913900058622016,0.11246648945708948
2024-01-18,0.13314039024740332,0.10948616617114348,0.1274830182667117,0.1308691004884064,0.05835243046197336
2024-01-19,0.08418745132141847,0.11772868454124263,0.13704275467919502,0.1373789470711766,0.05826632521257569
2024-01-22,0.07709252566500746,0.13303077482628134,0.13758129546322873,0.14696764212370494,0.06833181534018595
2024-01-23,0.06285715103149414,0.10812955345784725,0.08841684040386988,0.11679000231222014,0.03153773920375791
2024-01-24,0.06963383288614011,0.12285426094514218,0.08031338802747356,0.12551514142044806,0.04075932710528796
2024-01-25,-0.044270792102905965,0.05377121109260563,0.00791434264044888,0.13332506383159548,-0.022180600132851835
2024-01-26,-0.03172508210707181,0.07952487319356716,0.00799060302430643,0.12858778134265791,0.016045693370757563
2024-01-29,-0.0655956874003597,0.06913832442232115,0.001900641864276631,-0.042946976476604504,0.03734549554166233
2024-01-30,-0.03647623831461788,0.11372699224719196,0.0331253258082036,-0.058296362111752154,0.07304443732589405
2024-01-31,-0.016865760986556344,0.10277131756852476,0.03552434432242069,-0.05456264382122833,0.0650292463657638
2024-02-01,-0.02649931034849684,0.08708808719421945,0.05108431161168103,-0.05565285990586355,0.052950967250938286
2024-02-02,-0.030906644915556947,0.08912892719533905,0.05269519848828441,-0.0728155397680984,0.05756982991603121
2024-02-05,-0.023141649257317765,0.11733161752509691,0.09747567331888507,-0.048085947114045346,0.07199549329400412
2024-02-06,-0.022147646453336334,0.13210533919347145,0.1152073745510005,-0.06564622163630951,0.07752144958913298
2024-02-07,-0.008718988314643239,0.1467164062468671,0.1296027724569977,-0.06206409921084133,0.11685393330665894
2024-02-08,-0.008695659939764733,0.13255244710260738,0.11653057215969342,-0.11534410575509735,0.08353884393248401
2024-02-09,0.002688169458695544,0.12387281101785463,0.06047714263776971,-0.11784412431836866,0.06695352972340629
2024-02-12,-0.0006698076810064402,0.13453217922893135,0.055787951781588685,-0.12898093274771072,0.06804170844473578
2024-02-13,0.047227963742098034,0.1852682797177556,0.13503130444043787,-0.0954417182345122,0.14875577446282873
2024-02-14,0.03297447753118221,0.17492477115495597,0.11790798555135606,-0.13052264056592922,0.1525469854635486
2024-02-15,0.034228204156970365,0.17889636512295248,0.1055334216630619,-0.1425081050161724,0.14092714423375408
2024-02-16,-0.01639349174618998,0.17177526043055336,0.08716360326532269,-0.16061617469847733,0.12100215512092083
2024-02-20,-0.036734691759157445,0.14977399887113263,0.026691207359609725,-0.1677878536349009,0.07605352102847074
2024-02-21,-0.06490872485618959,0.12829195975996455,-0.018842180039338574,-0.1859184711538876,0.06584987228845418
2024-02-22,-0.09711283231389056,0.09614465642875025,-0.04573574395912827,-0.16792232112622574,0.07872012163633646
2024-02-23,-0.0812954716858636,0.12679790032664218,-0.048340958676793666,-0.14736563229434008,0.10168176326058798
2024-02-26,-0.08704188134481317,0.13232804133953358,-0.034022738547086484,-0.14482841532423663,0.1405462573782681
2024-02-27,-0.13706564476638083,0.1014769729694367,-0.05634749461057209,-0.18573798915229311,0.08987010609019896
2024-02-28,-0.11901682716997153,0.1337777602616168,-0.03842711060108328,-0.16822461430043856,0.12053561232099064
2024-02-29,-0.1613520814671403,0.108587642977096,-0.08111677962748798,-0.192118488569889,0.10457341297776557
2024-03-01,-0.17369095105567978,0.10649915073827887,-0.08474574540877278,-0.17586301056658182,0.10756755519557637
2024-03-04,-0.12018910440325137,0.11979804864798704,-0.059809683419877024,-0.17329797495269805,0.10659073553097298
2024-03-05,-0.05316971567243789,0.14545458641209308,0.1143118383203332,-0.1636151325667311,0.14807853458211273
2024-03-06,-0.05779567540746344,0.13874323747199147,0.1667800890632707,-0.15914344058467256,0.20238094500870174
2024-03-07,-0.053020133025409644,0.11196845512081532,0.1645512763370398,-0.15647444135434196,0.20734977991815584
2024-03-08,-0.010218022417322725,0.16051121124965695,0.24572747291278563,-0.13222417293347255,0.2443290131026874
2024-03-11,-0.028668947933807587,0.15346758233308133,0.25973419324265823,-0.12788630117365907,0.20663814492990396
2024-03-12,-0.002865326772473087,0.12114114548911337,0.24899218534309475,0.018775987507906988,0.14555811559293308
2024-03-13,0.009285722460065537,0.13595995370558578,0.24326201634044686,-0.036067982673058885,0.13157227446558628
2024-03-14,-0.007862734701707175,0.15931258454859631,0.23313890394885717,-0.0384204497535805,0.15199159487035185
2024-03-15,0.0014326292288471265,0.16999058549795465,0.21435127275951893,-0.053262808056380284,0.1547930801512052
2024-03-18,-0.04252299379124891,0.15262437351269664,0.1816303096667058,-0.07390201770527505,0.12588331558598886
2024-03-19,-0.025125654975016842,0.14357568813861077,0.15395122625880875,-0.08874686665165543,0.1152829361589931
2024-03-20,-0.048730271312166895,0.12450433453585563,0.12396695997579443,-0.08425798708728294,0.1010830868240078
2024-03-21,-0.0629228260016016,0.1206523270662545,0.10765602279164987,-0.08821489526012594,0.0734406968538821
2024-03-22,-0.011470990539447667,0.16100020937953174,0.16139444379137724,-0.03620384512267405,0.10844279453757744
2024-03-25,-0.04490617110374506,0.14927376641182177,0.17375806066193022,-0.052963825183477864,0.0879535745193607
2024-03-26,-0.03351206417179842,0.13825353152166575,0.16732722578607806,-0.04329445177081359,0.08577883308914624
2024-03-27,-0.053594812959224525,0.11498640413194305,0.11409820487168476,-0.06798769193580612,0.04403719025787489
2024-03-28,-0.06188929897918949,0.09880922163341754,0.10108604938630616,-0.0626928619882765,0.017911063340388056
2024-04-01,-0.031148575404881473,0.10101489082604886,0.14889130472962853,-0.041123962775674316,0.01857439616273515
2024-04-02,0.05486110991533888,0.13349818825500703,0.20679076256673223,-0.007059649315118044,0.04089389799920684
2024-04-03,0.05508472749833704,0.14583307883659002,0.23173465710684016,-0.009275918547296924,0.038204356096333214
2024-04-04,0.06941431984402491,0.14668758116368097,0.2674687004186458,0.0003576222690435671,0.03639847985769418
2024-04-05,0.07049413497235935,0.14633918017472625,0.2727483901031964,-0.016937235894050495,0.019067829143587067
2024-04-08,0.044604378147382606,0.1293541742979185,0.2611405495260166,-0.01570677812700505,0.03076555900094724
2024-04-09,0.0057347616343994545,0.10586418645035045,0.2207642830515999,-0.03717731068688146,0.017205340789244072
2024-04-10,0.05145417911326633,0.11760926633169078,0.23719611730973167,-0.0028611426908682347,0.03908482901410082
2024-04-11,0.014684273931396374,0.07700028509044521,0.20260216590422941,-0.06556807724915503,-0.007499407278088621
2024-04-12,0.05247152502463237,0.1083812307812615,0.23755982024927125,-0.025417592482398055,0.033898342657174174
2024-04-15,0.03863987760540488,0.07986637424714416,0.23391808625640076,-0.04741384391008774,0.018545684351391145
2024-04-16,-0.10821180938662933,0.0740074745881365,0.24891570677240216,-0.09055245614055107,-0.003676414558493213
2024-04-17,-0.17638593969633887,0.048568195601228936,0.05334424260534587,-0.09277272371113421,-0.03604870953938599
2024-04-18,-0.17974325074777042,0.06827973154322797,0.03053293592821782,-0.07639372693945445,-0.05445540602449217
2024-04-19,-0.18284904227372722,0.0697233708173759,0.026080189270752063,-0.05752202565315545,-0.0684291964277618
2024-04-22,-0.20853405290129323,0.01907343274407758,-0.02966256052755689,-0.0649175196457833,-0.08280256004482789
2024-04-23,-0.18341530152059793,0.034263731632660166,-0.020729205204311874,-0.03394444154650167,-0.08052353417640279
2024-04-24,-0.17887929292174976,0.05394377846075682,0.011961288969375428,-0.04948800542834986,-0.07347953953507269
2024-04-25,-0.18612881055485964,0.01315295799973093,-0.009530897729966292,0.01797497930797176,-0.08552183218499954
2024-04-26,-0.17219022504446302,0.013545526594341606,0.0035957347872883627,0.09877924217194622,-0.059372171626669856
2024-04-29,-0.1931330398908746,-0.021131957323137662,-0.017368358739682233,0.045081812612208116,-0.08732135315937661
2024-04-30,-0.1487786968785414,0.012910207768942472,0.028565900638476194,0.09637605615279021,-0.03510000279318837
2024-05-01,-0.15758470952470638,0.00490925960452504,0.027629792312424906,0.10673922012643722,-0.02773831140771732
2024-05-02,-0.18614718525357998,-0.04344893128513261,-0.038506224201153794,0.07459297634793094,-0.05550348687444884
2024-05-03,-0.1740072732641097,-0.033856853057832814,-0.024975815632473863,0.10019127142123985,-0.0358481435884932
2024-05-06,-0.2300341278709992,-0.061506898328403725,-0.08134147286186122,0.04336221681276253,-0.05336374535950983
2024-05-07,-0.2112280862373218,-0.0478066739141676,-0.07193010437675162,0.04580223386307569,-0.04239050484078655
2024-05-08,-0.223300988210284,-0.053671298390628785,-0.09128630914372571,0.04998342489334395,-0.048741061809373654
2024-05-09,-0.22928175412852736,-0.061723317218296714,-0.06555197972491711,0.050929835113249666,-0.046739608037687064
2024-05-10,-0.22708330491074735,-0.07028569450892264,-0.07966617347668259,0.0485927641914381,-0.06718461470466475
2024-05-13,-0.255190913713236,-0.09077189319635726,-0.11636032451292133,0.023199378407379845,-0.07271480976468614
2024-05-14,-0.25740618534720494,-0.08405608211206461,-0.12506805900462092,0.018458716387264262,-0.06898128236567702
2024-05-15,-0.24163318327112215,-0.1092751957690864,-0.11462880898847083,0.03673499473969888,-0.07083712163716838
2024-05-16,-0.2535496963943309,-0.106455874984274,-0.11774364899547696,0.010971338587407065,-0.07370607016363717
2024-05-17,-0.24983024208178373,-0.11366235389002188,-0.12315809182143356,0.021827330013182156,-0.08223611221994931
2024-05-20,-0.23415981164013322,-0.10568037092801019,-0.11186379952096281,0.019855913942025127,-0.0820232062926427
2024-05-21,-0.2131147418407655,-0.1188971839321844,-0.11370920079392899,-0.030761023622385197,-0.12388567243303572
2024-05-22,-0.22482269436389313,-0.10139600181630026,-0.1068294290295998,-0.012833784692931172,-0.12454129576171369
2024-05-23,-0.20549929198996364,-0.08417977771116958,-0.08809887377250358,0.03725891311389229,-0.1171192269936816
2024-05-24,-0.19436419829479723,-0.09606484252987091,-0.0885365949523731,0.0359148428972107,-0.13185013975460325
2024-05-28,-0.20163691389562421,-0.10521071426679995,-0.09873617812527213,0.023371073770141138,-0.09175854520941584
2024-05-29,-0.08089497329096351,-0.12585172520384624,-0.13717924675224502,0.08597911964015403,-0.05510459026774572
2024-05-30,-0.07080415171791843,-0.141887821925473,-0.1367354974074696,0.06796088306163428,-0.06629430602246023
2024-05-31,-0.026956558227539062,-0.09800078656369904,-0.11171922619599106,0.07640657292073438,-0.03617326133281451
2024-06-03,-0.045099697843215436,-0.0990353113173994,-0.1096358585007835,0.029190872076923835,-0.04531365399595222
2024-06-04,-0.07652174908181897,-0.09907749391934828,-0.11367980025971136,-0.007821152329254955,-0.10799804843880123
2024-06-05,-0.0895008581837855,-0.10586387425679533,-0.09412208574179204,-0.03896248984326511,-0.08492160176052188
2024-06-06,-0.06474196894442685,-0.130874617317166,-0.09587243308623683,-0.0005693156537017741,-0.05490483223849285
2024-06-07,-0.08869569197944971,-0.13540837422781815,-0.09018865621314853,-0.014373809170833862,-0.06578301901721084
2024-06-10,-0.11488248225576436,-0.14970301332200375,-0.13218929818776337,-0.0983995656413349,-0.08488508950562446
2024-06-11,-0.06028363187933783,-0.11807668840331009,-0.10240150037432405,0.007372302262966146,-0.03876742813670908
2024-06-12,-0.07652174908181897,-0.12820998994637134,-0.1050444236016248,-0.03651770176804503,-0.04938567381240089
2024-06-13,-0.08828665316906237,-0.1393262690955389,-0.10197813336685757,-0.06808701191097655,-0.0546207743342767
2024-06-14,-0.04609924790772901,-0.10959162414760948,-0.06198426446930683,-0.041217651045688086,-0.044631861394357375
2024-06-17,-0.06993000580457565,-0.13156369807784474,-0.09809377246891504,-0.057712451634409745,-0.08797090187968626
2024-06-18,-0.10106377807051226,-0.16005100664673944,-0.1452198567372721,-0.07281030912275,-0.12454826253903728
2024-06-20,-0.1432384065357576,-0.19433903420832843,-0.1781186631366546,-0.10727002867477742,-0.16473152753156695
2024-06-21,-0.1714285811599422,-0.2291976787036788,-0.21378163494851743,-0.1643158646132652,-0.20058285757691696
2024-06-24,-0.1657705603127232,-0.22361862303440394,-0.21106142748483936,-0.14566507981563592,-0.19636456899077315
2024-06-25,-0.16801436355178478,-0.2327373242844618,-0.2011542053616937,-0.146966009802193,-0.1793238547170386
2024-06-26,-0.11061147076392142,-0.17500879012307147,-0.143332628112962,-0.1135325648689719,-0.1504424504909876
2024-06-27,-0.1258865345664253,-0.1885390619196099,-0.1398340575058481,-0.11029153090128652,-0.14916580634757792
2024-06-28,-0.15180938028340207,-0.17377398034274316,-0.16933830054060361,-0.11289776998812018,-0.14381190974879843
2024-07-01,-0.1114130023991301,-0.15520688843598052,-0.15332098864825694,-0.09569556220861619,-0.11474179238246163
2024-07-02,-0.11855207212712093,-0.16881032766742854,-0.16514520660740384,-0.10286318473106848,-0.12484266653967013
2024-07-03,-0.09262587622044804,-0.1491862147927563,-0.12059366473992073,-0.07137850808656654,-0.12385211131985119
2024-07-05,-0.08967389262128189,-0.12451194431853196,-0.10489362351437836,-0.02264289370477568,-0.09261682447616337
2024-07-08,-0.05672459910778671,-0.12381706721548869,-0.09547204719860913,-0.022669079137591308,-0.08409743878594877
2024-07-09,-0.0628414944580924,-0.1413978335679219,-0.11525428714987729,-0.03458316431400443,-0.06472314010294689
2024-07-10,-0.06726457629232285,-0.139563232247499,-0.10943795716697857,-0.03800207161292257,-0.05611000899597618
2024-07-11,-0.054985948190507394,-0.10469179025920705,-0.09202455782442565,-0.0014830945213974989,-0.0891585619023939
2024-07-12,-0.027153553704721056,-0.048045678343364706,-0.0313059366651085,0.02361055626430697,-0.07003380987751351
2024-07-15,-0.039510825190243626,-0.04365463622305188,-0.034747313315238726,0.017683089466633328,-0.0824447833743095
2024-07-16,-0.09115277411426115,-0.11012042301945657,-0.1047376319766129,0.013932517127529742,-0.11654324001736116
2024-07-17,-0.07811086216833829,-0.11339740196347747,-0.11951420877251995,0.012711987576305317,-0.10691978290817361
2024-07-18,-0.021657207600263573,-0.0715743105381923,-0.08083638821596495,0.048522381223279565,-0.03892619497824035
2024-07-19,0.0037807147581732092,-0.06166103464049422,-0.08116001178552823,0.06401761046502918,-0.04798311838072589
2024-07-22,-0.008419008647926218,-0.02994058466858951,-0.08964515081828384,0.06941433837835631,-0.07306992124467282
2024-07-23,0.01431303232410075,-0.025046975931693027,-0.08399010678620544,0.0923719808371335,-0.050972211545101676
2024-07-24,0.06194691344294423,-0.014508650710257642,-0.019556747434301136,0.12711420935648343,-0.0005285533214328675
2024-07-25,0.018867905855434186,-0.029756042895631718,-0.015196979465302296,0.06416804586169267,-0.028179941674975617
2024-07-26,0.05649721166999244,-0.006746797307776609,0.029132385459826438,0.0984950805766609,0.008616324391190311
2024-07-29,0.05369122239282098,0.008598637476673776,0.035500425727082785,0.11855125717883164,0.026566901396324782
2024-07-30,0.000929389281516313,0.024288684652226777,0.03990561222903044,0.07198175830593678,0.02491572617660598
2024-07-31,0.02255636873816247,0.029056300221404152,0.0931308570555105,0.07820181578033503,0.06448180288717609
2024-08-01,0.05424055408664019,0.08867465048764078,0.1849929201272802,0.0946733805258706,0.1458447775125591
2024-08-02,0.12253377893591932,0.13783591462215639,0.27743224451042825,0.14629683165710716,0.19721985560492072
2024-08-05,0.20366383595979154,0.23068817526223429,0.3896514758537626,0.20734698541682706,0.2448360213122467
2024-08-06,0.184747501163411,0.22762920158886657,0.36494845685169297,0.19461535181229705,0.18333333711775546
2024-08-07,0.19978395054735354,0.2628618464460464,0.3568112082030561,0.19725267694752957,0.18089556338182144
2024-08-08,0.1132456872274279,0.18505426464730723,0.26687707096466995,0.1585170611496758,0.15798607834235523
2024-08-09,0.11359025604028417,0.2000000595775535,0.2629040464682766,0.1769209646530634,0.20213374451692268
2024-08-12,0.14880336693687446,0.22375833291206293,0.3268184932605753,0.1793595860701207,0.20323789385039714
2024-08-13,0.1213047430664429,0.2341774121509057,0.32233633997120514,0.12367496666540978,0.19611154565528155
2024-08-14,0.2104723037893379,0.33910570179906574,0.4624750501840278,0.18649525721015858,0.278400925445325
2024-08-15,0.14568882505435665,0.2827275593230809,0.3593530681173842,0.11947219812035126,0.2747875629627685
2024-08-16,0.1184079161988838,0.26500637688281325,0.3563109528691293,0.13222200313268662,0.2998850106741331
2024-08-19,0.057225914151370016,0.23449460495978625,0.32538378017686864,0.12468910945415224,0.2903318590299102
2024-08-20,0.04373176005183388,0.20638100938835158,0.3347702087843456,0.12183414207246446,0.26308254581345447
2024-08-21,0.04038462420187083,0.18118473091699694,0.3246010171132636,0.15488310850646547,0.2197770293746939
2024-08-22,0.1351084654017034,0.22770310247884495,0.42905413086897504,0.16752051328852335,0.23023460886149905
2024-08-23,0.10972082309709164,0.1955051159372918,0.3661126667146879,0.10823433863331755,0.19092943621937453
2024-08-26,0.1674828630517149,0.2352365904074487,0.4027582990622871,0.09424745099690002,0.21145133665785787
2024-08-27,0.1730580349733093,0.24920387593823023,0.4102990309908401,0.05900348250173182,0.19619901333886025
2024-08-28,0.15862075574981072,0.2475491960892151,0.45802070292324126,0.06505842682420204,0.2016782960691652
2024-08-29,0.1347449058969472,0.23872639095591097,0.44934334244065477,0.07193701316051837,0.24664810109587298
2024-08-30,0.11770244947928221,0.25528185167126494,0.4425521675431634,0.056567729937361255,0.23760725204468192
2024-09-03,0.13490559434330796,0.24818512202078957,0.4599955461864895,0.03707475841166241,0.26462394418428703
2024-09-04,0.2126058517921945,0.332928486978312,0.6305184430299942,0.04744159625593469,0.2843300321556177
2024-09-05,0.18611112901703297,0.31427740172365093,0.625221710261054,0.009392857363058615,0.20703336579154574
2024-09-06,0.21203702976020122,0.33154124492780634,0.6116062645274183,0.043097618900274304,0.19553068487059
2024-09-09,0.15597147578887016,0.2651692550419602,0.5179487179487179,0.02388170051029359,0.15678396477596657
2024-09-10,0.1792538951825995,0.2663990004281773,0.538413892620601,0.042393045947787034,0.15527639255382586
2024-09-11,0.19127199427901687,0.23783368531853344,0.5153702310382713,0.06664348955157084,0.16054697095758752
2024-09-12,0.17463231604275653,0.24083181762167527,0.5007049314468575,0.005195661159485887,0.14167708984533345
2024-09-13,0.23012162158183802,0.20140986551733064,0.4862604057221369,0.026150546668201935,0.0936599803805096
2024-09-16,0.25809434352935523,0.22558314510534916,0.4820801735828426,0.061667763429645195,0.1393323246316589
2024-09-17,0.23724257837333051,0.23198830036834717,0.4614361929552744,0.09106888197964436,0.1451927972035978
2024-09-18,0.26382592183692033,0.24962733666750192,0.5185045233983709,0.08892736824713943,0.18888336150062668
2024-09-19,0.20612061499720302,0.21767148265827374,0.4881156476357109,0.05666903588352845,0.21107174378812354
2024-09-20,0.2297910699705894,0.24759924420835744,0.5422657065065268,0.05406330770764112,0.23013490702461903
2024-09-23,0.18306013776685948,0.2098787191389322,0.4753628552236435,0.009449919289693298,0.1328856104106011
2024-09-24,0.19474634293109205,0.22305461938654392,0.49226174129012445,0.029579833004599987,0.1667468193058883
2024-09-25,0.2727272727272727,0.2821311758857685,0.6185548113688271,0.10567096697888445,0.21601879868400586
2024-09-26,0.15521627901841262,0.16981921088127128,0.4516567972851022,0.04443695941735992,0.14713162662035595
2024-09-27,0.19463667113557115,0.18801242688431286,0.5090532782089092,0.07619380654815888,0.1333333333333333
2024-09-30,0.259786488946117,0.25512020310858663,0.5672975491205772,0.10192383409608086,0.14687015094253653
2024-10-01,0.27614681965353105,0.28580900971044265,0.5879208187659994,0.07195438537009924,0.1405453351098609
2024-10-02,0.30446932285392636,0.3357483429815198,0.6106924304952119,0.09502871612510799,0.1697985128120978
2024-10-03,0.3179298180297687,0.37044599775677733,0.6389788819260642,0.06260239084878849,0.23898783247437105
2024-10-04,0.2502172073997171,0.3039586397371059,0.5395136151579911,0.04319995375727226,0.27024481322845073
2024-10-07,0.23937556745897726,0.28212304714908676,0.5272050825845211,0.04155932417494057,0.2418900022113406
2024-10-08,0.20218119395863332,0.28291361442187735,0.570738289829404,0.055102794743465244,0.2419279304286357
2024-10-09,0.21207038292141211,0.2520162862916415,0.5922934000923539,0.036879916612700514,0.2415887929183531
2024-10-10,0.20748295347739987,0.25949474228882696,0.5665450407446522,0.047101517437673435,0.2174115538089878
2024-10-11,0.21967770661305597,0.23397623406878676,0.5411003080831029,0.044088850243144906,0.17454620018809375
2024-10-14,0.25695031340694974,0.2126739065605343,0.5241618714245844,0.06782994719054103,0.1957932483526763
2024-10-15,0.21695766153661755,0.21638537649210665,0.5067915306458648,0.04821268758757413,0.16585899837480467
2024-10-16,0.13576415464616565,0.1298167888495827,0.3378228681630606,0.04691046055163439,0.13558958823635825
2024-10-17,0.13348945996351014,0.15490418628754243,0.32046910423024055,0.07544038472363068,0.1522452730763273
2024-10-18,0.11611913570442955,0.1363798482276668,0.31409306050248653,0.06520319033442945,0.18291058014892259
2024-10-21,0.1156515010884902,0.13557168417501098,0.2944594718314506,0.0834427808252538,0.14139874439788858
2024-10-22,0.1481481535989615,0.17262774564791306,0.3323936480910177,0.12003951862826123,0.18334059132454206
2024-10-23,0.354637510843121,0.20347665915100643,0.3946903566734301,0.13374549009267422,0.21928865013159582
2024-10-24,0.36150234601648057,0.17819990077166237,0.3458595611895139,0.17780847210705408,0.19140538095618842
2024-10-25,0.3049429920310536,0.1504067381556129,0.2864415518254022,0.15188582120137029,0.18928411854611293
2024-10-28,0.2860293588630072,0.13344166535578306,0.2686292998443438,0.10363027185033924,0.3012739469450916
2024-10-29,0.2720694871136653,0.1070804056415251,0.28636421021585146,0.08217848431344499,0.3656508826151086
2024-10-30,0.23672885868509663,0.05422514724289895,0.1933599030814519,0.0559262193886243,0.34165427448243557
2024-10-31,0.2626866088037807,0.07514843290375794,0.215307922491359,0.0797906600068945,0.3059903964538204
2024-11-01,0.22008866353813605,0.045555704226797555,0.1866766647199667,0.06795151359257545,0.2878326653544976
2024-11-04,0.2871439267096503,0.06890500641111053,0.22964398529151486,0.09695783460320673,0.338132571998474
2024-11-05,0.2486732249672956,0.010121877851678063,0.14294642778834699,0.060071745002952204,0.28583189581728985
2024-11-06,0.18857138497488846,-0.03112959138918936,0.09111664262045571,0.04428166297751446,0.2586207393462827
2024-11-07,0.23935384013211403,0.008274119649843037,0.1401147275891783,0.06461941137142779,0.29476357069717096
2024-11-08,0.24909482084424006,0.00769865296357386,0.1367843781110749,0.06544996325027164,0.32294120040594354
2024-11-11,0.2252825260192799,-0.015733080489436335,0.13116407600252145,0.05206740940388199,0.3037608575410278
2024-11-12,0.24730413887801816,-0.025761236226370166,0.13171778138604018,0.07305980025283088,0.3026238221427269
2024-11-13,0.23840114903798693,-0.04964325347518894,0.10993542972578019,0.05680419018938321,0.2740469162745165
2024-11-14,0.23562416244189843,-0.0636854073531562,0.07733649779671525,0.040616797272263305,0.22673981536086507
2024-11-15,0.21125781023790235,-0.055720371534325075,0.06504333030902365,0.03672093807552379,0.19996295586728863
2024-11-18,0.18964311024361669,-0.06593940306748158,0.05587522909076914,0.037605524208636165,0.21711150526519196
2024-11-19,0.18422884882791224,-0.08880308393090142,0.014958582651812602,0.044098990177457775,0.20535036426476805
2024-11-20,0.21161828572227548,-0.05656806183684704,0.04163587187744455,0.07045055995740057,0.21189315516672536
2024-11-21,0.24577470223030184,-0.03410167643688777,0.07213980348005444,0.03973603226916045,0.25277242062822003
2024-11-22,0.2239221308346977,-0.030312614927893722,0.08903825647983865,0.03388205220044416,0.26459372817755855
2024-11-25,0.23190342270642295,0.03814533309707091,0.10616542997936773,0.02665655775453435,0.275823391789906
2024-11-26,0.20218579021393368,0.014967389126457453,0.08496525506928632,0.027285521971719406,0.25580957561799456
2024-11-27,0.24385236731078108,0.04196801321689647,0.11748832251268482,0.0291880348118132,0.2801822712742146
2024-11-29,0.2444902978747776,0.026324125766433504,0.08396155220158819,0.018936394194480677,0.2673004866132407
2024-12-02,0.2518823644987711,0.043683769379071924,0.08897781149132111,-0.020320646613721682,0.2682467713029424
2024-12-03,0.2626123096482247,0.051941854553305467,0.12099380130616444,-0.02155561330975575,0.26241669459634887
2024-12-04,0.2526881213904342,0.06349189818500989,0.11355160345658843,-0.02063671649616683,0.2659437134090361
2024-12-05,0.07364791418028171,0.030560989582680165,0.053982806008423534,-0.08071662823884795,0.20615605292708028
2024-12-06,-0.02126430689634795,0.045250136613776304,0.02712406515569965,-0.06090696782900262,0.2670224195949358
2024-12-09,-0.011655056218990323,0.07902338851825008,0.09352222110895103,-0.0460335134952361,0.2915435218854521
2024-12-10,-0.016580846882433664,0.07965569625776969,0.10577021872564685,-0.020585231946366966,0.14961654481917575
2024-12-11,-0.02445963066222434,0.0656901137037158,0.07457555903086033,-0.04652227091547645,0.11421450682610024
2024-12-12,0.005220426553523838,0.11033580357652428,0.12806086026052976,-0.042529901732334285,0.13844211656877903
2024-12-13,-0.0011820601461872693,0.11459685200560799,0.1502470909875282,-0.048314025906074254,0.18954771724783348
2024-12-16,0.024213051298209276,0.10188368665270886,0.10850432149890277,-0.05562014652096592,0.15536274821855445
2024-12-17,-0.001196085600258745,0.09324123778727555,0.10358989565824883,-0.06612147710170702,0.16281640785776919
2024-12-18,0.022465139930721634,0.17289371867349068,0.18803975859518385,-0.04674481419819676,0.20996163858723982
2024-12-19,0.0192307515962582,0.143755924392031,0.1282963839415452,-0.05269298950747603,0.15299372409798884
2024-12-20,0.010663525718303868,0.11472156654594157,0.12063654841810312,-0.06088425593866942,0.12708281499017793
2024-12-23,-0.004637676736582885,0.10760723991149712,0.09569759068974615,-0.07964254871284715,0.12524080028694762
2024-12-24,-0.04207490064472774,0.05802456520431698,0.04863580457528349,-0.11823244147503553,0.11035501853344742
2024-12-26,-0.05417870394179147,0.03766028858617321,0.02418949881603316,-0.12927750969469198,0.08698899019801476
2024-12-27,-0.06282421490618761,0.08276181082820488,0.04545909392806635,-0.12220918638675282,0.12076555866799099
2024-12-30,-0.10669699083834028,0.05500660200973306,0.02728846685835573,-0.10816460668134698,0.11823643971326092
2024-12-31,-0.08376362665429393,0.08082641089370446,0.07373845287976644,-0.09934555973425219,0.1697296967377533
2025-01-02,-0.05411765154670267,0.0892161466431376,0.08194487760470115,-0.10098896750910691,0.17169506628555298
2025-01-03,-0.057159655427396205,0.10237288287605661,0.11330620021694382,-0.10145778488433921,0.19724912507312053
2025-01-06,-0.09474890169599437,0.06179215124586834,0.03976867384682703,-0.09518181415617044,0.1701863171551079
2025-01-07,-0.1390616686011501,-0.019287424129106445,-0.052563973351921534,-0.09336987745553371,0.07112338066034551
2025-01-08,-0.1301136313760577,0.0011397611886103665,-0.057366028804568314,-0.07937966673449082,0.09096392662568875
2025-01-10,-0.1768225894842822,-0.0770721571932983,-0.09831013648859233,-0.08665460733017238,0.04722794377075834
2025-01-13,-0.137500001354651,-0.052227423433085285,-0.06981183862580842,-0.06031842955008504,0.0856025626133734
2025-01-14,-0.20208674006136196,-0.09646080174824612,-0.14395839382925324,-0.07515867159021938,0.053825580100946846
2025-01-15,-0.20586604184725077,-0.07990077448649724,-0.1062309605862829,-0.05304883519943049,0.08430835296191264
2025-01-16,-0.24166215465937402,-0.11465009644224311,-0.13608521683485464,-0.048196494165776316,0.03678438778237636
2025-01-17,-0.2692939218949628,-0.16707265788642678,-0.19715029531043737,-0.08255444005304302,-0.015676716061842955
2025-01-21,-0.2440986795089355,-0.1672760089303903,-0.17417662490679842,-0.09978959990299585,-0.03745636330628821
2025-01-22,-0.2899249673982395,-0.18716527687589612,-0.2009817943159916,-0.07313249936396193,-0.07715134488450803
2025-01-23,-0.2348796707219757,-0.20815654348283308,-0.19533983249108766,-0.08549947486047693,-0.11924472427633503
2025-01-24,-0.2629716583272641,-0.24899288550552068,-0.2607618786039807,-0.12402849932896276,-0.207004951526348
2025-01-27,-0.3337209575688137,-0.3095209060893812,-0.2874274022783113,-0.06292206293437286,-0.23871700132523643
2025-01-28,-0.3626821837729892,-0.3287450858281248,-0.31860069983231687,-0.04934013369540813,-0.25304582807505926
2025-01-29,-0.3843046668627945,-0.3566120477209115,-0.3543321619565528,-0.014728142630198504,-0.2714681343847104
2025-01-30,-0.35680472598114754,-0.3165533590324868,-0.326599660498922,0.021055184280187822,-0.275292242300877
2025-01-31,-0.33096928819259896,-0.3012594502145548,-0.30158729472213697,0.052444052773868544,-0.24709895527810366
2025-02-03,-0.337125797060399,-0.307582669388231,-0.3194696642964575,0.06896644026046439,-0.2877942349432093
2025-02-04,-0.3182898195833961,-0.3068870947441319,-0.3150823450879041,0.09773554662099371,-0.2836532528687229
2025-02-05,-0.33608485632580753,-0.31849946888171965,-0.31329993391679123,0.11209258677623612,-0.29448677225397824
2025-02-06,-0.33235634818974613,-0.3097175308374924,-0.3140632001839163,0.12694037766869815,-0.29001479329376156
2025-02-07,-0.31100757885031427,-0.28090511835509524,-0.2640366860485952,0.13053631236449115,-0.2868809181321328
2025-02-10,-0.30746091169194323,-0.26290089856864574,-0.2562217179111972,0.15750490267564898,-0.28284034663025914
2025-02-11,-0.302864126340171,-0.2557969423405825,-0.2462491086362001,0.16204098344416784,-0.26135892243832737
2025-02-12,-0.3148831373608888,-0.302540648308135,-0.29420235588496324,0.14227675307805243,-0.2884250356651967
2025-02-13,-0.3202033059175189,-0.31397378530818143,-0.3038952940648014,0.1289414109288014,-0.3061758864648506
2025-02-14,-0.3393863485077028,-0.3316065006373279,-0.3377133930849704,0.11556003834538298,-0.3501451992481812
2025-02-18,-0.35945272141761553,-0.33908322937480173,-0.33946734190564465,0.059245105290795186,-0.34908410805345724
2025-02-19,-0.33812499046325684,-0.33155459462201586,-0.329922060697201,0.06122369400437022,-0.3323759737811768
2025-02-20,-0.40037828280292465,-0.3913045574608264,-0.41233290274535384,-0.05157902660325919,-0.3903928044767213
2025-02-21,-0.3788574968822426,-0.37765367990240195,-0.39858172347458654,-0.12702354612499722,-0.3666286610195232
2025-02-24,-0.3657740188102443,-0.3920820083581402,-0.398895341355916,-0.13729889950190388,-0.39339049893518674
2025-02-25,-0.40052877553072164,-0.41790847598933556,-0.41861668604955204,-0.17696567472467084,-0.4256302878835494
2025-02-26,-0.26745720276648477,-0.28074742363770044,-0.2727926003960549,-0.06421232306325986,-0.30335368754755154
2025-02-27,-0.3454920575599235,-0.34125526382886806,-0.319192782395625,-0.15329770558406897,-0.37371607552188135
2025-02-28,-0.326132416778128,-0.32002646988566297,-0.3007142076392517,-0.1517923501598153,-0.36690648734985565
2025-03-03,-0.3093006486841873,-0.31052183657873633,-0.2834078351311695,-0.16002642779319065,-0.35608015251803304
2025-03-04,-0.26217227715275004,-0.2534283650254284,-0.2228279699394241,-0.11840155461340607,-0.2981623324775482
2025-03-05,-0.33144073993755163,-0.285009738340263,-0.26602388158564017,-0.1650269520856843,-0.32654601100059677
2025-03-06,-0.28603773297003976,-0.2567321898208177,-0.2314824894909,-0.15723910482795622,-0.2736334445176515
2025-03-07,-0.3039140536685173,-0.2591966442887016,-0.21211383668253148,-0.17182959915819052,-0.27968336502601976
2025-03-10,-0.2551999664306641,-0.19849002958199535,-0.13720692024000058,-0.11650861284716219,-0.18983238439273764
2025-03-11,-0.18673650403135444,-0.11311046225441157,-0.10557453375029191,-0.1591433188881467,-0.1403802920391164
2025-03-12,-0.12076858294994408,-0.07240614644007692,-0.04706039298647424,-0.12093028661557892,-0.2217848105964194
2025-03-13,-0.0862230618290204,-0.053278597977400644,-0.024320522754313956,-0.14548394586841507,-0.2032319189508799
2025-03-14,-0.09383620191610453,-0.10245993680684529,-0.06556267070861299,-0.160100834060808,-0.20244713472310238
2025-03-17,-0.12544170623460393,-0.10258057295884815,-0.06750538402834927,-0.15157173725127593,-0.20761560192462714
2025-03-18,-0.1011743375280072,-0.09342330288770417,-0.035323756271739115,-0.13677063239263165,-0.15418417407905194
2025-03-19,-0.12630660863098553,-0.1308900174585269,-0.07080473762539996,-0.14940476550550552,-0.17960084253215547
2025-03-20,-0.06571933890552406,-0.0585729253832572,0.0004051698936511361,-0.1259151070887471,-0.11087979119855118
2025-03-21,-0.06409134977231135,-0.026940256573318888,-0.0001335933733610517,-0.13637671550484654,-0.07912171418322156
2025-03-24,-0.11834316378352838,-0.08326507684839823,-0.08352037491502284,-0.1435131816394406,-0.07757666808807706
2025-03-25,-0.08253690620103715,-0.06924168565692335,-0.044993700673040204,-0.12662239159995103,-0.06817763066701854
2025-03-26,-0.03583914881563066,0.00977735266690627,0.019776561720937336,-0.09653970877515095,-0.019327279111417295
2025-03-27,-0.002693059759507954,0.04745394793556801,0.05086356488316124,-0.08104921886142025,-0.008952404203869002
2025-03-28,0.09065423217941415,0.16651440066854795,0.11946460185979935,-0.06906813831303715,0.06358030661281888
2025-03-31,0.16587677425227643,0.21894247817074763,0.19623453763219412,-0.0681953841884616,0.11499389896462198
2025-04-01,0.14951455663450375,0.19586966111234072,0.15821116419867298,-0.006647651693266976,0.10440454397021925
2025-04-02,0.1104815920147113,0.16273723390402672,0.07243937186471405,-0.0003138283531893826,0.03597966708150446
2025-04-03,0.2471082409292138,0.31929198499784683,0.29387349987488065,0.13201644110797073,0.16782766934362536
2025-04-04,0.25369974723598276,0.37827089072926356,0.36327389011290245,0.2597605511769563,0.20562427970235242
2025-04-07,0.1997939827767008,0.344248545416147,0.298791921669473,0.25192612259564506,0.19398227361353748
2025-04-08,0.23925029209562743,0.34927544164859925,0.30596615918625947,0.2832323731953539,0.21360649828729295
2025-04-09,0.02517983236086274,0.09877297434592203,0.07299164245790801,0.09316984690928765,-0.003182809746471782
2025-04-10,0.17665607897666646,0.22106126795980563,0.18964145857974346,0.2000775231982297,0.13929456294632114
2025-04-11,0.20372288019503482,0.21196965832959402,0.1917683250559441,0.24704084907682944,0.146853178915894
2025-04-14,0.1931106885389251,0.20950300696858548,0.17978378930839534,0.2867761375370699,0.14685627320250916
2025-04-15,0.15736032254135512,0.19134647111616587,0.1726865626093168,0.3060828697976561,0.13528249401118364
2025-04-16,0.21125262791941268,0.19567277262644556,0.18584870838412293,0.3427191440633688,0.14064946393466582
2025-04-17,0.20295983811328133,0.19076328249774832,0.22518853119087368,0.33831853781940646,0.12660471850523303
2025-04-21,0.264608671770314,0.24078150535532306,0.24165387506627534,0.35607313191154066,0.16185896624150153
2025-04-22,0.22663797653879336,0.21775139810339206,0.21875468506561702,0.3038384119784816,0.13729421833973054
2025-04-23,0.2092275565226005,0.18318042632829967,0.18109657380404776,0.2719433862938736,0.09976140562202485
2025-04-24,0.22580646761898482,0.21608479863750518,0.2198406898519223,0.26530604105069333,0.26475553174777566
2025-04-25,0.20615386962890625,0.23498351763548597,0.2239003659200971,0.26727070978632494,0.23431161370979092
2025-04-28,0.20203042579184505,0.23527246127029078,0.20859967132868062,0.28930599450516903,0.1989772497026141
2025-04-29,0.1171718026044366,0.17192597320661007,0.14072242717680417,0.2285400942873741,0.12471397409130991
2025-04-30,0.09547736959557795,0.1776073248692398,0.12510898937128445,0.16523630229817776,0.12130108146278595
2025-05-01,0.03389832120037073,0.13682839118784518,0.06998259227308723,0.11021691829046132,0.06891886156378191
2025-05-02,0.03612159165698192,0.12229640865296765,0.060078263353268824,0.07872691180371061,0.03830600495350467
2025-05-05,-0.009380809495948217,0.04283010947544885,-0.01589637231771135,0.04521267057229328,-0.04008223436338787
2025-05-06,0.014381554567725052,0.06449254636574375,0.010609445651613258,0.0502488648885846,-0.061473764101833916
2025-05-07,0.005681767382406999,0.045007656103149385,-0.014333136734244412,0.042627012606995196,-0.06339713546350512
2025-05-08,-0.011786048738724575,-0.003050176665560733,-0.030726638066766676,0.031978496489079467,-0.09550882834578112
2025-05-09,0.023402361558631846,0.028254003073314493,0.022647859143617888,0.02769261087226771,-0.04747256321268045
2025-05-12,-0.0522707500162215,-0.05255920086189003,-0.02403967595550105,0.00800955298865591,-0.09097700435159128
2025-05-13,-0.09512195594722539,-0.0758633946352939,-0.06113796023792262,0.01315101098970839,-0.10696068936471737
2025-05-14,-0.047297332128352965,-0.019572977425588833,0.002405398740913167,0.030757954104251306,-0.08844167151075466
2025-05-15,-0.04591836320945142,-0.02187753083880728,0.040370999489546255,0.024389160343181615,-0.06606266572746489
2025-05-16,-0.028667724178402687,-0.03770624282876922,0.027203936074426283,0.028539347082738198,-0.06411933538803183
2025-05-19,-0.0193928793334186,-0.02070705482326951,0.030399380643017615,0.048963477941107225,-0.0505691188049342
2025-05-20,0.003433473232857809,0.017606968670468737,0.07899906504186127,0.05465352398069534,-0.025391405191556693
2025-05-21,0.031138824608259563,0.03583998724911108,0.10609571232823978,0.07067642097238913,0.016073924647427962
2025-05-22,0.01578950098236831,0.041649381314041056,0.068552619532535,0.09502278650990514,-0.000997789591928644
2025-05-23,0.02591599398818678,0.05801339577025999,0.07407901763243485,0.12241957282526461,-0.01932556813112629
2025-05-27,0.11168377995850198,0.14939264832436283,0.172550496432736,0.1501857072998276,0.03239330750319991
2025-05-28,0.06911635527212501,0.16563783755332295,0.13148390246975805,0.13541516132221854,0.017822588196031663
2025-05-29,0.08596495865821696,0.19814436104120503,0.13198425336464847,0.12480227266139088,0.017297742590703713
2025-05-30,0.06660825933790093,0.1512708391581994,0.08736146272314826,0.11874788051838081,0.013940684865860975
2025-06-02,0.0782074107533064,0.1455669663486001,0.08912960192745745,0.13637615001650394,0.014734773625078912
2025-06-03,0.08544023708991477,0.15379893637104747,0.12506165713682416,0.12515341976577132,0.04669948634255694
2025-06-04,0.09544659766251251,0.14924466973728068,0.1302376488080077,0.13790610543765625,0.03991392860821397
2025-06-05,0.09316763038259013,0.14742013203971882,0.1493466114235824,0.14209032538986466,0.03746798580520361
2025-06-06,0.06112056734717841,0.09263976182348799,0.07776320979837759,0.11660788564980051,0.010666692824590873
2025-06-09,0.07823129748199165,0.09335930771073331,0.08338323927981883,0.12170345859366893,0.04156198617638651
2025-06-10,-0.032094603846593794,0.058630033625900024,0.07848565682945452,-0.026440340160934328,-0.014540519065054602
2025-06-11,0.039782962358924534,0.11572115882586087,0.15871809478399923,-0.002650687146670827,0.061241062626383735
2025-06-12,0.062385351282009616,0.1376841003167102,0.19372336227405818,0.0039058659433528486,0.09448030820049258
2025-06-13,0.10125363571093748,0.1585884719621331,0.22500002061998514,-0.014211117973350396,0.14096086326295354
2025-06-16,0.05596336070641206,0.08370389572303538,0.1492613566195058,-0.04078156946332556,0.09305187190686226
2025-06-17,0.08806811690782324,0.12842967056630372,0.1987240362905256,-0.010556535021255087,0.1340470710763042
2025-06-18,0.042533063564286655,0.07926900219815547,0.1382233677152378,-0.04364579904101773,0.09601024328035002
2025-06-20,0.06120532760913222,0.11662839981309192,0.17153636823751528,-0.05224589080706321,0.11919970930999702
2025-06-23,0.06788997712756428,0.09960796259899984,0.1388853094954985,-0.06148054862874819,0.11418396847284162
2025-06-24,0.03254176686747501,0.09585317725256304,0.12465206937439066,-0.06748281599880557,0.08958834753184242
2025-06-25,0.06057858021698426,0.11402957785393175,0.1466180047936021,-0.05679639329243269,0.09432799356722565
2025-06-26,0.044025136215623206,0.09921988244734714,0.15138616894617152,-0.060279198261639744,0.06672108895639273
2025-06-27,0.02659576221956539,0.08264390187561355,0.12818895537709962,-0.09639308040568306,0.035851741868694775
2025-06-30,0.15686267676654775,0.19247055161175686,0.23659430638089707,-0.05302099752405831,0.13621668837554268
2025-07-01,0.13802075831012894,0.2169213168913442,0.24659584148930347,-0.07303206561295439,0.15016930995840383
2025-07-02,0.10232154502781854,0.18028164795302826,0.22379949111629038,-0.09679334156418318,0.11772794296427902
2025-07-03,0.12660398195344658,0.18859688002797115,0.22547352546389154,-0.07570427574504379,0.12360433824865114
2025-07-07,0.13632440922386535,0.22610049951690736,0.26211320399764837,-0.07394259142417481,0.13506034946157475
2025-07-08,0.14162351935472972,0.20176074471997585,0.258342612898083,-0.07033541822427314,0.14103071044581594
2025-07-09,0.1149826394715514,0.16879361673771331,0.24519825340342072,-0.09727850772497082,0.12467325196079515
2025-07-10,-0.028593500584033427,0.022254091329779957,0.0602160399554903,-0.16813918543612172,0.013658136943547339
2025-07-11,0.10883796191842743,0.09280030342470424,0.17436424324134325,-0.1174254310538827,0.132470478933999
2025-07-14,0.05008076573730147,0.04323921785031448,0.150663295802272,-0.1374005522971007,0.13376153363946042
2025-07-15,0.08052584520071426,0.10151205939368957,0.20548738787205334,-0.10045792769661843,0.16808676235026732
2025-07-16,0.07008961895621546,0.10647261665631369,0.17791339037628684,-0.11280406849979363,0.19728941579224069
2025-07-17,0.06425704441694147,0.10380045507233926,0.15194036861299587,-0.09569510506351975,0.18938255978112606
2025-07-18,0.06874497529518542,0.10139354506220122,0.1382113821138211,-0.09887691328546855,0.18118526767546927
2025-07-21,0.08685070413987561,0.09466752252409338,0.13351382820552926,-0.1250679007165002,0.1896977651863525
2025-07-22,0.07519996643066396,0.10446661167418991,0.16942063328513757,-0.12533059478779252,0.1779117674780315
2025-07-23,0.014195532111145992,0.08544350986557236,0.17273031841058195,-0.16413808852800205,0.1657386809233068
2025-07-24,0.14136124608783418,0.12219591839448674,0.18789693915300876,-0.050926546951900686,0.24237653454691177
2025-07-25,0.12608693993609887,0.1297370422068136,0.18285584371757757,-0.03980805256156161,0.22105059074053912
2025-07-28,0.10189985431348214,0.09501134834671277,0.14302716841993623,-0.04169939415334767,0.14651203416530656
2025-07-29,0.1225919097353112,0.13038668156251298,0.18599007530670963,0.005936082132058429,0.15697137138468498
2025-07-30,0.12510856227178313,0.13158101081334062,0.21187946807630098,0.038685552395026024,0.19744981094609915
2025-07-31,0.12358573582075505,0.12516438386445317,0.20688489160402002,0.02934678312030048,0.19656344462559128
2025-08-01,0.1359927503457825,0.14213097507291028,0.23625403132354972,0.06061774855814783,0.15106097523030937
2025-08-04,0.1011534466143802,0.10167560870948211,0.19756343397276965,0.06713252127198266,0.09547349692372031
2025-08-05,0.0721648775032413,0.11254029940693244,0.20362762637935727,0.07955472779745532,0.09984959275703909
2025-08-06,0.07155026992882862,0.09885444355959061,0.18577691005496133,0.09226270772559775,0.06296299121997984
2025-08-07,0.06138109932880198,0.11430162446094116,0.20834273132834102,0.10631002192326533,0.07511737089201875
2025-08-08,0.06110155293799391,0.09787475027384684,0.16675998697474648,0.0965999795578647,0.047819434934455396
2025-08-11,0.05267700006011933,0.09813086402631188,0.16567776915927723,0.15372093583080804,0.058662495811590665
2025-08-12,-0.08012326645073564,-0.01249149476989797,0.029653682672356796,0.08221222854572185,-0.05905371082776889
2025-08-13,-0.13119751017525416,-0.04510258319184324,-0.006413462108194601,0.036784524703029176,-0.11186145600818453
2025-08-14,-0.11778465765620472,-0.029850641811789758,-0.01240665458050716,0.06555637242413437,-0.10532790533272152
2025-08-15,-0.13591495455455882,-0.04282871439852276,-0.022689001373260798,0.04583723486569924,-0.1206415953627753
2025-08-18,-0.14654520075894228,-0.07104271648230942,-0.05734104316782407,0.02488342450139136,-0.1327526575612814
2025-08-19,-0.14750376474110305,-0.07256195211601368,-0.08846267442561917,0.027577706276876723,-0.15091034826810934
2025-08-20,-0.10703123946441351,-0.033361422254196915,-0.0501802352824664,0.042057398952114244,-0.12426248390877082
2025-08-21,-0.07875893358420705,-0.010027651750758593,-0.019137777174899395,0.0525434472277424,-0.10433357125412968
2025-08-22,-0.12693728729280018,-0.05560066913968287,-0.057389818114736535,-0.00021762235891253923,-0.18554623387440916
2025-08-25,-0.10307693481445312,-0.06257247563589763,-0.055598935075445555,0.0015926696325512246,-0.18346939892485414
2025-08-26,-0.10190108272135001,-0.06590358332039448,-0.058004427877088816,-0.022989956882267792,-0.18534483358319853
2025-08-27,-0.1150038245027184,-0.027587264487676455,-0.027540569732234732,-0.040138305026317544,-0.20520696305622388
2025-08-28,-0.13056600318764744,-0.07245440286161187,-0.08003429306777887,-0.045918053507428724,-0.2526115702339621
2025-08-29,-0.12191474408324254,-0.049530536711744455,-0.05476190476190479,-0.024953133250408377,-0.23112453972073355
2025-09-02,-0.08961917342577685,0.0022901377842579063,-0.014615960783687765,0.042095505220234974,-0.21041703070035933
2025-09-03,-0.06994044715263992,0.007018174379632036,-0.01987566444578659,0.03804524145198962,-0.2185599975585938
2025-09-04,-0.07542763135696062,0.0005714267517140659,-0.07411598664938723,0.0697300762428994,-0.23929314226038878
2025-09-05,-0.09327219221291372,-0.022192311811347842,-0.06989396007319182,0.06785621705321954,-0.2508313502747367
2025-09-08,-0.060231640498800365,0.002893946290964511,-0.060128012706549216,0.08577740684253654,-0.2384989630120501
2025-09-09,-0.032131648907347876,0.030165952970744536,-0.052437300856738034,0.119070686910969,-0.21319637821170379
2025-09-10,-0.05694224333960385,-0.01965491763043925,-0.10454846311807697,0.08518144068676192,-0.23894654199680188
2025-09-11,-0.013899564027227473,-0.02465888396037752,-0.12509144320433452,-0.0022067154596244754,-0.26980894734666483
2025-09-12,0.06738961238124874,0.021150526386305213,-0.06821171089849465,0.017056270403301488,-0.3092946000391884
2025-09-15,0.07023145516318752,0.03791084728252714,-0.05499760719426705,0.026089699095065644,-0.24268564230681766
2025-09-16,0.024174068849599717,0.003056284218236005,-0.08886751226524048,-0.0152042625773815,-0.2534722024459892
2025-09-17,0.0392628800292949,0.002033050694550731,-0.09079709636139854,-0.04545446341822912,-0.2858608435783072
2025-09-18,0.015898236127033005,-0.03658025245836882,-0.11387360327161888,-0.0675550032194655,-0.2909407721079976
2025-09-19,0.0546184992444525,-0.036891311906483426,-0.11541714725657559,-0.06826566248472754,-0.2710917110526405
2025-09-22,0.08191404988900097,-0.0035864342976984487,-0.0774620816969156,-0.05789470157701515,-0.25027381142721217
2025-09-23,0.03773585348495212,-0.049870958929053355,-0.1283011712545976,-0.11007805160999562,-0.2534170922677622
2025-09-24,0.12395314471720731,0.017482573558853742,-0.04675015181283715,-0.04355726669476134,-0.20869566346092694
2025-09-25,0.15452144180481064,0.02197193261048036,-0.03459405196560206,-0.013153756424357899,-0.1980892896481955
2025-09-26,0.20689647321806892,0.03251664888910888,-0.004902495546727836,-0.002459112604760838,-0.15625001171474917
2025-09-29,0.16959580718515643,0.018712714822415544,-0.025344687910271335,-0.003052456959472094,-0.16019029017338038
2025-09-30,0.15569395334835567,0.020554602905934027,-0.01606220779023637,0.0025070738346899546,-0.15548409107210626
2025-10-01,0.19432116161758062,0.0811769926114072,0.07321523975423117,0.032837711812636394,-0.10474230579494204
2025-10-02,0.1434820075119163,0.052787351666284454,0.024675696432648664,0.02259352027510375,-0.13556552575960412
2025-10-03,0.10189985431348214,0.02320148486701412,-0.0031469951326497103,0.009224953019587145,-0.1528766145092042
2025-10-06,0.04311075504403439,-0.03998594051128479,-0.0733491580196396,-0.022406399940784305,-0.19294260525722917
2025-10-07,0.06003428974490932,0.011912576232254724,-0.048939506283060874,-0.013275622108167129,-0.20306124005998882
2025-10-08,0.04403043908665949,-0.001333817187513131,-0.06891624792756423,-0.01633292900132377,-0.21408222605675808
2025-10-09,0.0533562729488144,-0.057561477596063115,-0.11140708204181693,-0.01641407710699716,-0.23051885003684303
2025-10-10,0.11718744567285189,0.022077392140718688,-0.046239798338375104,0.04825817862484727,-0.1628547700679569
2025-10-13,0.11584332511635398,0.03636622873110107,-0.03657427963141535,0.043260201911754725,-0.1657344090352767
2025-10-14,0.10418379831672953,0.0174628880741452,-0.04110516530342245,0.028126906608063607,-0.16511534094996616
2025-10-15,0.1144000244140626,0.0448366558113682,-0.023642543409090555,0.044695963118374094,-0.12960691669283864
2025-10-16,0.18166524684964647,0.06125815737240847,0.03839491342630441,0.045659245885554034,-0.10297191910095138
2025-10-17,0.1770658045750797,0.07562048162286228,0.019971791094647973,0.03729100545205166,-0.10124711005042475
2025-10-20,0.17009036005319267,0.054898788107157426,0.030506430150667896,0.029044448487843155,-0.12041237428016272
2025-10-21,0.1789473659825076,0.08295889555038172,0.08360805809161653,0.028835186828898296,-0.07427054711914072
2025-10-22,0.1861042160134616,0.12066667768808137,0.08787791636924802,0.060722925715677833,-0.007550348323141387
2025-10-23,0.1597494039722438,0.1417390185397034,0.096885416110988,0.19589247849228553,0.06476518096905415
2025-10-24,0.07837445171511548,0.10287126611895392,0.05226062399552567,0.17857130855043923,0.12382906356547552
2025-10-27,0.1208053619681222,0.11513661555988008,0.06983799274651559,0.18294598093450376,0.10629750482331768
2025-10-28,0.19118806434953073,0.2086070325345224,0.13482194115449908,0.28111943588907873,0.20348837209302317
2025-10-29,0.15343097379704496,0.2008169355925169,0.12988636552522137,0.3287671923558577,0.25807992964226134
2025-10-30,0.17057905717725386,0.22216393278433566,0.14414220904231168,0.3682286131156236,0.262899276716541
2025-10-31,0.16755520107311228,0.24207028151858268,0.1452572937019121,0.3768976690583654,0.2434699247271459
2025-11-03,0.19865064379449704,0.2160683687885092,0.1703256960006605,0.3858034312556011,0.2763574034199825
2025-11-04,0.22608701158868882,0.2528302783617147,0.21482869583745368,0.38119309591996653,0.26768936169409563
2025-11-05,0.16318923755089054,0.19832596841399286,0.16761507183116287,0.28810884306182794,0.23913039119874813
2025-11-06,0.20000001450455285,0.22919889409434346,0.19086916433422285,0.3094254916024557,0.26428394479939366
2025-11-07,0.19120884126680937,0.2238449800093636,0.1908036157206403,0.3016948001950799,0.24574887402897616
2025-11-10,0.17205108111626743,0.20389342096261687,0.18088204181454204,0.2725046069041379,0.20821528724597949
2025-11-11,0.20708241581639886,0.2289574546330817,0.2091627303703587,0.29665519485716607,0.22216936130318188
2025-11-12,0.1471024915768806,0.17146172016744954,0.14074221789556618,0.2435485187187545,0.18585913979363733
2025-11-13,0.15837801812025032,0.1605740592391256,0.14695892815052702,0.24997622592633784,0.18776572353067267
2025-11-14,0.20141063077782007,0.18712558227216292,0.1735241300177941,0.26294566538024666,0.20302383659509649
2025-11-17,0.2423014371268961,0.24461982693700235,0.24313511382514186,0.30330077885045625,0.28611604326457707
2025-11-18,,,,,
2025-11-19,,,,,
2025-11-20,,,,,
2025-11-21,,,,,
2025-11-24,,,,,
2025-11-25,,,,,
2025-11-26,,,,,
2025-11-28,,,,,
2025-12-01,,,,,
2025-12-02,,,,,
2025-12-03,,,,,
2025-12-04,,,,,
2025-12-05,,,,,
2025-12-08,,,,,
2025-12-09,,,,,
2025-12-10,,,,,
2025-12-11,,,,,
2025-12-12,,,,,
2025-12-15,,,,,
2025-12-16,,,,,
2025-12-17,,,,,
2025-12-18,,,,,
2025-12-19,,,,,
2025-12-22,,,,,
2025-12-23,,,,,
2025-12-24,,,,,
2025-12-26,,,,,
2025-12-29,,,,,
2025-12-30,,,,,
2025-12-31,,,,,
