date,AAL,DAL,UAL,LUV,ALK
2015-01-02,,,,,
2015-01-05,,,,,
2015-01-06,,,,,
2015-01-07,,,,,
2015-01-08,,,,,
2015-01-09,,,,,
2015-01-12,,,,,
2015-01-13,,,,,
2015-01-14,,,,,
2015-01-15,,,,,
2015-01-16,,,,,
2015-01-20,,,,,
2015-01-21,,,,,
2015-01-22,,,,,
2015-01-23,,,,,
2015-01-26,,,,,
2015-01-27,,,,,
2015-01-28,,,,,
2015-01-29,,,,,
2015-01-30,,,,,
2015-02-02,,,,,
2015-02-03,,,,,
2015-02-04,,,,,
2015-02-05,,,,,
2015-02-06,,,,,
2015-02-09,,,,,
2015-02-10,,,,,
2015-02-11,,,,,
2015-02-12,,,,,
2015-02-13,,,,,
2015-02-17,0.44597759102080403,0.3903052437239683,0.44796040708572504,0.4013225005715344,0.3533807693227146
2015-02-18,0.45461976664113457,0.39078897669772406,0.45509189811298667,0.39923689101231163,0.357084584458234
2015-02-19,0.45415716069260315,0.38791207748244333,0.45028860305056123,0.3889218082114332,0.3578992439475059
2015-02-20,0.46064017099116067,0.39963882126341765,0.45592203506594436,0.39313069058144884,0.3606361866238248
2015-02-23,0.4594124590665066,0.3926691504253197,0.4547461582702429,0.38722772044224424,0.3580683380585851
2015-02-24,0.4509473936718379,0.38755580787021415,0.45740843839224626,0.3791252262174416,0.3539336797111578
2015-02-25,0.4411954618828818,0.39116070995566216,0.4675585782365147,0.38661143284845756,0.3559155002066134
2015-02-26,0.43913854865339214,0.3941257004325426,0.47086508879428607,0.3867352406884386,0.35487703639346346
2015-02-27,0.44375625304948,0.39578304478791976,0.46935432156353735,0.3828975496006871,0.35543137853690343
2015-03-02,0.44454752177041035,0.39948546959941894,0.4742302329386711,0.38333776956472737,0.36358730987812454
2015-03-03,0.44480077026778364,0.3970281491616171,0.47568395072779196,0.3829163839816539,0.3627734849766245
2015-03-04,0.4081181614375336,0.3342807757453831,0.46580552041888645,0.37275868322758715,0.348977990306058
2015-03-05,0.4046354469239239,0.33669623206867927,0.4642444809067203,0.3665184791717545,0.35252234792371734
2015-03-06,0.38768824882522906,0.32202837446056526,0.4464116823793877,0.2762141471758607,0.3272741047563975
2015-03-09,0.3873271277334071,0.32864599927162513,0.44498624892458655,0.27454755734047864,0.32569078637453824
2015-03-10,0.3916283433922239,0.334553670817234,0.44772646339605765,0.27188902253286995,0.31507339394674944
2015-03-11,0.37199321841934924,0.3355809473320727,0.4489330271813539,0.27872507600189883,0.31794202475438216
2015-03-12,0.3656517622230287,0.347135822804057,0.45525614867243824,0.2895629348063475,0.3297303747764626
2015-03-13,0.35410337109768664,0.32849373181896646,0.4391262683624062,0.2797428026959049,0.312964023389076
2015-03-16,0.31247174612728773,0.28810976549143064,0.40837496417052527,0.2651288454753975,0.28779643250050246
2015-03-17,0.36825311942470584,0.285598065618363,0.4115562314559367,0.2648274554680162,0.2913442113292882
2015-03-18,0.35827936956099155,0.288799249386336,0.40932166878309156,0.25158667959050984,0.27732994644200265
2015-03-19,0.34427706932386226,0.2972468413912022,0.38571465891714934,0.2375458294472286,0.2699553191815022
2015-03-20,0.3417105206326,0.29243333391631404,0.376953193284713,0.23706398907650392,0.2701699564460211
2015-03-23,0.34812975795388307,0.29444828278464,0.37531715394342774,0.24378483076656063,0.2722088369309894
2015-03-24,0.33159267524274016,0.28802404798215453,0.35045880183617145,0.23859532362755603,0.24942909977020897
2015-03-25,0.34123802679988813,0.29908532463506815,0.3348068748095144,0.2497762404929635,0.25839686360863456
2015-03-26,0.34297451801042134,0.29959803010972946,0.3350877935333169,0.2517149044917735,0.2554428384154994
2015-03-27,0.35011195639127657,0.30405479410614905,0.3581135606668415,0.2616416737366146,0.24505398661425815
2015-03-30,0.35229528616217637,0.30622448067744057,0.35485102512028543,0.2618863310196388,0.24559229171503652
2015-03-31,0.35540527391591026,0.3085777329153842,0.35226331441135667,0.25760298088285943,0.24471446739334052
2015-04-01,0.3738554527746775,0.325069613917512,0.3712776127792797,0.2563517140336925,0.25473863972938343
2015-04-02,0.380353608403284,0.3276361832376453,0.3821873680667669,0.25893747653525845,0.2550302197026598
2015-04-06,0.37798334793101185,0.31051683253829165,0.37801540383726323,0.2745098726651542,0.24809598303356264
2015-04-07,0.3784684518875032,0.3105131414431311,0.3752015529325375,0.27567945574165165,0.2488196205361454
2015-04-08,0.3869788255438212,0.3296663921651608,0.36649563181744266,0.29405569595918196,0.266592723585028
2015-04-09,0.3776121179596117,0.3232984497624213,0.36042054537731094,0.28398726901374916,0.26435472359210527
2015-04-10,0.3771151695553918,0.3194202586383564,0.35767031794612547,0.2839963704038908,0.26345809227149314
2015-04-13,0.36729259914294504,0.3077469314479623,0.3460674838042122,0.2786759637294615,0.26452382020825727
2015-04-14,0.36709957898518125,0.3016170730692993,0.3376189955541689,0.2705361411798221,0.2529468085018059
2015-04-15,0.36657473583517947,0.31079028633439854,0.32356073861839185,0.2732896147789886,0.25087503061832006
2015-04-16,0.3677124599741623,0.31300566754779113,0.33076847158102396,0.27491371245496293,0.2614929341744258
2015-04-17,0.36624487635025493,0.3093276660497891,0.3308730641430014,0.27613368546908323,0.25798400163463714
2015-04-20,0.37709896227102446,0.31221360680332483,0.3315206885525976,0.2776285020454698,0.2557002267598017
2015-04-21,0.3872563330767421,0.3096364515317472,0.3374950455683257,0.27944008352533417,0.26496795651526306
2015-04-22,0.37864128476929304,0.29894101265996625,0.331196532128662,0.2779671746965643,0.2664855729146506
2015-04-23,0.37738975327376467,0.29725563901425844,0.3293399468707763,0.272436695615545,0.2788815081309555
2015-04-24,0.3759475250940873,0.2870505437959267,0.3207243325785475,0.2616596755746002,0.2773573217435628
2015-04-27,0.37899322772987315,0.2892560848740655,0.3270881127231307,0.27164020420048257,0.279491747535592
2015-04-28,0.3773511943180157,0.28682994406341766,0.326718759311854,0.2628972981958932,0.27960562295590324
2015-04-29,0.3415065201119291,0.29429185757787796,0.3268939440269682,0.26310443768680186,0.2778653806808289
2015-04-30,0.3404475838428026,0.29082812932817254,0.32563260193396837,0.26297688225221666,0.281171358912641
2015-05-01,0.34245146591585857,0.2833411145035619,0.3243790563771221,0.3027876901996445,0.28709333984741525
2015-05-04,0.34028191674527947,0.2837544985954427,0.32422785597030956,0.3059166192972455,0.2880184476785277
2015-05-05,0.3509039887813203,0.2926021065629041,0.3249939193186125,0.3128673841037044,0.29186060320309615
2015-05-06,0.3510208144376038,0.29180333870676406,0.3255204275608721,0.31391339843026456,0.2919710595040864
2015-05-07,0.3633813214061055,0.28907599146506424,0.3536168549190183,0.31945413811034773,0.2854325185765136
2015-05-08,0.36141770866837153,0.2913734329879391,0.3528712861861699,0.3275128497342188,0.29115457362701114
2015-05-11,0.353866560148107,0.2896518634801484,0.328919682735759,0.3195418223467615,0.2880447650490319
2015-05-12,0.35088826536830914,0.2906838821321105,0.33066050559020843,0.3222740039780382,0.29132662079323046
2015-05-13,0.34894403914489613,0.29043490246950826,0.32980660583161486,0.3280894301777413,0.2920029589632738
2015-05-14,0.3264443096909009,0.2670599659811582,0.30193913750987855,0.3303936641823196,0.2823250367005104
2015-05-15,0.31842873226347024,0.25747839421595964,0.28612848310676886,0.32850332123935544,0.2785538145509461
2015-05-18,0.3118428220865576,0.25354517134122634,0.27452462000516553,0.30531018131775134,0.27892781630470864
2015-05-19,0.31765695767216867,0.26635045837025406,0.28204057955184836,0.3171120123032378,0.2798720811645455
2015-05-20,0.42256303354697633,0.29676035862213873,0.40887532188322356,0.39466940812008944,0.29725323858711133
2015-05-21,0.42134055205909443,0.2966013756410525,0.40710741573148873,0.39484774666328026,0.2975225501835368
2015-05-22,0.42179583453133873,0.29921424920816486,0.4072593792687956,0.39494770948653385,0.2976781134804102
2015-05-26,0.42599327563154094,0.3123096989991219,0.4156721216889252,0.39846559085783206,0.3106600957816352
2015-05-27,0.4299703687571859,0.3161514074526721,0.430226024866654,0.40970114846864375,0.3120269115927461
2015-05-28,0.42891108812971385,0.3066812800117471,0.4276282263031027,0.4084908675123258,0.3111337744523228
2015-05-29,0.42870699906599147,0.3056430367738536,0.4279846246329582,0.40784890109033217,0.3062082230895615
2015-06-01,0.44948577696609393,0.3213879908885337,0.4394308671520585,0.4150406712754333,0.31111027448736933
2015-06-02,0.43734344309464146,0.32290725722515035,0.43644350421654576,0.41006077575273325,0.3114836440827527
2015-06-03,0.4247886557991874,0.3208056469184622,0.43049548778998437,0.407818920568598,0.3040199108506381
2015-06-04,0.42712712504837663,0.3201524122246746,0.4331452868655461,0.408270097066756,0.30301933330879366
2015-06-05,0.42677326039638286,0.3202020438087503,0.43125613129831714,0.4061818241949017,0.28881374235039153
2015-06-08,0.4300784053242189,0.34565316057597706,0.4428876788777376,0.41077516245701756,0.3061617783197721
2015-06-09,0.43359575328772765,0.3451879650199086,0.4444146697488625,0.41952222682986046,0.31498942669832075
2015-06-10,0.4343260820865497,0.3470271814931023,0.4442903546259353,0.41945751945849413,0.3136809455616374
2015-06-11,0.41949883968379564,0.3410193940678375,0.4403880029388676,0.4182249034540088,0.31591441477369364
2015-06-12,0.4247630656166639,0.34211832151678473,0.44152722377587345,0.4198652470953481,0.32173363130998517
2015-06-15,0.41722182231044963,0.3343113539709319,0.431802153306623,0.38944373945571437,0.3185490477297329
2015-06-16,0.4178411594778997,0.3340317851436921,0.43379448245720004,0.3880384853556225,0.3173055399656794
2015-06-17,0.40864975953785737,0.3246878810342467,0.4289829366240864,0.38119078530957645,0.30973852348105757
2015-06-18,0.4088888707077655,0.32709832853013343,0.4315287710452721,0.37928092682731024,0.3230183185466016
2015-06-19,0.4057300892032331,0.3177867705492282,0.4069616499102542,0.36744670937724466,0.3145765819176057
2015-06-22,0.42230643158007075,0.3205511294105063,0.4187386959904385,0.3605254530917723,0.3170721273424534
2015-06-23,0.4194797493527654,0.3175040370333298,0.4186586782533148,0.3604839052305481,0.31730935384792824
2015-06-24,0.41859118059826483,0.3161141678065832,0.41783991090290024,0.358980293981211,0.31327950914180663
2015-06-25,0.41869533138446396,0.3119436887377774,0.41897977543582254,0.35668869677993076,0.31452213213054614
2015-06-26,0.4194400482921512,0.3082263272459332,0.4177191395925174,0.34793573992735366,0.30942863758736416
2015-06-29,0.4319087870652804,0.3167263265846727,0.42485136084594993,0.3564148841579375,0.3112343182944941
2015-06-30,0.4314185734410169,0.3148162472460056,0.42318177571869847,0.3544639461259412,0.3084095890545637
2015-07-01,0.433406217629916,0.31248518593912994,0.423871214040857,0.3491953355970405,0.30812698914242603
2015-07-02,0.3316059904104445,0.27165225983076646,0.30537927000906634,0.24276994116654593,0.28011152522510163
2015-07-06,0.33543772167266517,0.27454539254931754,0.3341246512869978,0.2493968763437285,0.2827765413868309
2015-07-07,0.3433331815230547,0.278420845816577,0.3340760781662707,0.25253042323927116,0.28723107485983135
2015-07-08,0.3494175446407678,0.2732136463460821,0.32960132585878915,0.25917530927935467,0.27713243500708346
2015-07-09,0.34681011997766253,0.27013272084813433,0.31493450006978835,0.2436231883557593,0.2740865624084517
2015-07-10,0.3659053554236021,0.3039554505147999,0.3376529221266564,0.275454676217664,0.322308096459557
2015-07-13,0.37496192301041426,0.3068433794621287,0.33560567763305527,0.27462207350208645,0.3264119721802776
2015-07-14,0.35338307240110306,0.29143495705383793,0.3250055443540536,0.2630249041818029,0.32485296036829714
2015-07-15,0.3541354167920329,0.2820926476624519,0.32469305372200435,0.2633652632550882,0.323726915324347
2015-07-16,0.35194856536896707,0.2836253188141807,0.3257960729634073,0.2714319392568699,0.32473875887236636
2015-07-17,0.34620775345275434,0.28373230837147073,0.31910103261645645,0.2713998993969706,0.3236035601170256
2015-07-20,0.3499134445891502,0.28992055171397874,0.317870533003829,0.2731406123833146,0.32575621948715316
2015-07-21,0.32504421960715413,0.24761689467176928,0.28948726027204885,0.2645997567701794,0.2864885035778063
2015-07-22,0.32539641531002134,0.24885588192056168,0.2909535301461416,0.23684294830581748,0.2653269808750117
2015-07-23,0.3349411529963915,0.24883749196354088,0.2918826026148483,0.26076067838041267,0.28322411142865705
2015-07-24,0.3934493134967717,0.25933741911278585,0.29237369737981433,0.2878790770201718,0.2814324850637099
2015-07-27,0.3919831443056551,0.2594525822942832,0.2922186358635009,0.28691236422459754,0.2804139451089422
2015-07-28,0.3960461942103295,0.2626804361865685,0.2982068168842935,0.28869102338455205,0.2774696440117396
2015-07-29,0.39480601954059524,0.2682067886410727,0.2990380478065395,0.2914164695462415,0.2751604040011841
2015-07-30,0.3955437324687798,0.2687040015966871,0.3004864853882717,0.2971390231817459,0.2734670858691288
2015-07-31,0.3957465439938128,0.26709832518605003,0.3007724192451492,0.2975283590914059,0.26303747593515914
2015-08-03,0.39629120366081433,0.27757197237038633,0.3084711673050389,0.3130236416461015,0.2720016858491788
2015-08-04,0.38925567045838105,0.27336030798800404,0.29955371012433785,0.31127236150550547,0.26795592922255407
2015-08-05,0.3889355923407218,0.27334451888420297,0.30302062318262185,0.31033941673395354,0.2697147465618417
2015-08-06,0.3903152628336608,0.27178968618418214,0.30155852851449577,0.3093598369046042,0.2755977104674233
2015-08-07,0.393301889401434,0.2717231180329418,0.30404889758898096,0.31056222434581554,0.2709000578961816
2015-08-10,0.38946249659629933,0.2706523235794129,0.30311826079555054,0.3097092053323754,0.2664409210062174
2015-08-11,0.3749125063337131,0.2553479097666853,0.28848186551337457,0.29116936184253067,0.2608264674731491
2015-08-12,0.37539333083817544,0.2587354668677815,0.2902784308275773,0.29038340038592914,0.27096260655538423
2015-08-13,0.3637186449364265,0.25122209963126646,0.280509821884283,0.28441725993476497,0.26977706385645883
2015-08-14,0.36367218489844316,0.24854509184479884,0.2795436571866448,0.2831854636906949,0.2695292049436098
2015-08-17,0.3666537804272343,0.24795404548392097,0.25463842331815106,0.28855545338260413,0.27230860635038256
2015-08-18,0.3629719889073503,0.2514627446107018,0.26180474581044244,0.2901052859973276,0.2705798416901707
2015-08-19,0.3469104679993929,0.23796600392184783,0.24702544714215768,0.26703939779455116,0.26207589477849635
2015-08-20,0.3646184998538758,0.2578185677894702,0.26280034926754753,0.29350788810640566,0.27748617789051533
2015-08-21,0.3814139089903928,0.26464283030323715,0.24671207181187743,0.29303582081223206,0.25343428065028434
2015-08-24,0.3996639633012226,0.27540932120021044,0.28120698603602,0.3002065052735039,0.2737002938412679
2015-08-25,0.39939660415912015,0.2791848739759543,0.2798856812280275,0.3065062712588833,0.2742206390929988
2015-08-26,0.4143137565887414,0.3250133627601222,0.30021677304261124,0.3124888114394095,0.2822801062860774
2015-08-27,0.4146923842197581,0.3235896965770399,0.30064075471410107,0.3092944571497934,0.28013035758744576
2015-08-28,0.4154596296278462,0.3220584149941101,0.3644158404238479,0.3101285997211294,0.280773615419276
2015-08-31,0.41282753437987896,0.3174603650013904,0.3645483843791788,0.30925883699986406,0.2821813486180407
2015-09-01,0.4123183238211761,0.31518816885400003,0.36335996650472535,0.3098151445845423,0.28048010200039697
2015-09-02,0.4459967352516172,0.34657231586604315,0.3590733302042056,0.325487374279593,0.3194627927914764
2015-09-03,0.4400618222034128,0.35190768220062524,0.358411197789843,0.30811892833372223,0.3098659200175024
2015-09-04,0.38916568680334723,0.3451489723714095,0.35952283091703513,0.282576155830432,0.3100737142112734
2015-09-08,0.3877700905440642,0.3521807569521197,0.3615494151843949,0.2892839924811171,0.3189104076838929
2015-09-09,0.38086268554501823,0.3494139285954982,0.35200623617552207,0.2797943598359178,0.3162839477353056
2015-09-10,0.37968333436306995,0.34641933347422565,0.34891123919505773,0.27502588314909077,0.31731088326705964
2015-09-11,0.3831365288378237,0.34663809973782866,0.34839097672610925,0.2688655330908926,0.31748015305403887
2015-09-14,0.38271585343705705,0.3464685294918377,0.3488406897051285,0.26900959520029366,0.3208679934571104
2015-09-15,0.3659873931085301,0.3352765307167891,0.33427042259802925,0.24875120757091115,0.3126339351738776
2015-09-16,0.3601433913090148,0.33336363156423016,0.3345405670824778,0.24763341625184193,0.31341777508485646
2015-09-17,0.3650798365699263,0.3340946867008598,0.37769524792636266,0.24852647430620622,0.31063744560358664
2015-09-18,0.3634896410243463,0.3378031010414616,0.3816565673506945,0.24836394524451513,0.3088772554094054
2015-09-21,0.3603455588712621,0.33909179488210334,0.3789079446666869,0.24758320111863932,0.331855834228633
2015-09-22,0.3869098896405725,0.3428911323038066,0.3949571221689951,0.2626925751991907,0.3547111716520445
2015-09-23,0.3798800586621732,0.3394118862452672,0.39343511327968467,0.2603259915563865,0.3551892809715643
2015-09-24,0.38567588263830843,0.34067259761269825,0.40368985340153624,0.26109063262142757,0.3535499258510205
2015-09-25,0.385399881088152,0.33629408028551305,0.4030060885144831,0.2600956627092015,0.3580150906543994
2015-09-28,0.39272991207438734,0.34638423003504365,0.4115229334763731,0.262219847941595,0.37006488532461823
2015-09-29,0.384254282959903,0.34686241395173195,0.41095621456864523,0.24847581740589325,0.36303606648820713
2015-09-30,0.3844239403160949,0.35081012649032645,0.4109011789325529,0.25065734407103496,0.36552745157962085
2015-10-01,0.3862934294401451,0.35272824409388764,0.4109021989697718,0.2517564653052764,0.36631462367479894
2015-10-02,0.3756122117045429,0.3442251399519535,0.40857173065608404,0.23180544425351868,0.3608754676137431
2015-10-05,0.3636742527649396,0.34200838350547,0.4129237011341172,0.22542338600069597,0.34818600961126883
2015-10-06,0.3607087684866917,0.3484731836264055,0.4105983860717388,0.24006103946602475,0.4031141369495036
2015-10-07,0.37093505953904654,0.3461696013464632,0.4131602853007339,0.23821992737919395,0.40290735407792866
2015-10-08,0.3577549208136634,0.3083150263192516,0.4013807405480585,0.2291029557287759,0.39715727774963716
2015-10-09,0.4063092276077305,0.3169336218768085,0.44410893645002864,0.24383995407112544,0.39718619466502747
2015-10-12,0.4134492726637193,0.32487560821597516,0.40870296654509025,0.2571645893778096,0.4043903991543855
2015-10-13,0.4152485849594132,0.32911944974198853,0.40950266035754035,0.2566581171095924,0.4315637139741302
2015-10-14,0.4154816875325953,0.33175882918556493,0.4095519389984389,0.25392598641241687,0.4319471466614003
2015-10-15,0.3833284023040279,0.3006521300835296,0.4096506536513706,0.23421164750403126,0.4140931729974051
2015-10-16,0.3841358399028603,0.29302267643781477,0.41976199768225453,0.23906714373515198,0.4132808933695225
2015-10-19,0.3852269808240627,0.29869402796715855,0.42079224001186855,0.24340376467122152,0.41488461059398557
2015-10-20,0.3854071641561726,0.2912671194255631,0.421728822709037,0.2361683683794957,0.40209550249012666
2015-10-21,0.38753045239820755,0.29207620862456457,0.42584972817077643,0.23822403492493385,0.4059452906373814
2015-10-22,0.4006139173674789,0.3002981637807091,0.43238490229208376,0.3159799764375158,0.40961264125878327
2015-10-23,0.3977298370441923,0.2997480892124808,0.4714841975764691,0.3219271811210281,0.4275495242349221
2015-10-26,0.3999577227054437,0.29969735666401176,0.474545451277564,0.32235060446825736,0.4257818937076107
2015-10-27,0.39982494000273244,0.30157880407283916,0.4744065914130735,0.3240105017935678,0.4265791942579434
2015-10-28,0.4019576490429617,0.3056417311868768,0.4791072674115469,0.3245851152355426,0.4381075994313497
2015-10-29,0.39785203962077936,0.3054328604059832,0.4443672912750296,0.3245939663860115,0.43821753420898674
2015-10-30,0.3962670283440695,0.29999329584086437,0.44032172810647124,0.32445837701137,0.43756849283164284
2015-11-02,0.3955657904816732,0.2990856529845463,0.44047657042200317,0.3238133937531205,0.4198103384809685
2015-11-03,0.3662112050953178,0.29357494959023606,0.4263195730212837,0.30654761086041277,0.4027423200491546
2015-11-04,0.37221009710467795,0.2943379328871864,0.42740332914218193,0.30909566774336683,0.3991286165020416
2015-11-05,0.36314166506841195,0.29007074089581203,0.41573470520923966,0.30536465526144574,0.3980915083759616
2015-11-06,0.3641028177153261,0.29139046613249286,0.4146766935501684,0.3043265766775903,0.39267307807835283
2015-11-09,0.35537209402090997,0.27718536457187776,0.40902082364511366,0.30042003966834524,0.382428508347548
2015-11-10,0.3561481963611233,0.2737588674000559,0.40104291268978254,0.3008092560823476,0.38525424424113897
2015-11-11,0.35447063915310323,0.27216150454167964,0.40198789526978806,0.30075608124333625,0.38493893738599877
2015-11-12,0.35707945776703454,0.2712429516300503,0.4029382176432162,0.30145314165707965,0.38492238702691023
2015-11-13,0.3553460959615863,0.27605620287873595,0.3961373524348548,0.30861965687709736,0.38392778237402925
2015-11-16,0.3420964812413196,0.2526423897872888,0.3912538530639842,0.30503120870437517,0.3803143971843434
2015-11-17,0.3057121564753562,0.2217969105601805,0.3635296589045405,0.2826476892488557,0.3018713572968694
2015-11-18,0.2981332609721433,0.2153134071908971,0.3619505568384278,0.2803448285912482,0.29767905632231534
2015-11-19,0.2987693072894211,0.21924029913332346,0.36206507078214806,0.28046937695940216,0.29992694514105744
2015-11-20,0.2262693967927852,0.20612557469320827,0.3108560161284118,0.271365020989156,0.31347191669380625
2015-11-23,0.2030436902374219,0.19073416974998417,0.2923988506105921,0.2597557102851401,0.31004300821036024
2015-11-24,0.21354440776297082,0.2060067665102722,0.3046070282290706,0.2718226786566822,0.2681127403820946
2015-11-25,0.21148882054295404,0.19969738777061802,0.30576287913979583,0.2738000449975387,0.26686582776489143
2015-11-27,0.20807917898140307,0.1992969478985013,0.3071946075234838,0.2736584734314313,0.24955668278924353
2015-11-30,0.20484757601502526,0.2023776046746239,0.29875741346922,0.267055473841698,0.24938815312940682
2015-12-01,0.24611189364610345,0.20533599014234105,0.30328965227465726,0.2696891800927291,0.25148973403550823
2015-12-02,0.24814647933208908,0.21012869306360524,0.30172203785951285,0.2697103177859972,0.2509252130082
2015-12-03,0.24885607008968585,0.20648249811792885,0.3008714719093652,0.2684092168279721,0.2443107953270265
2015-12-04,0.250728287032161,0.21237893249017853,0.31094902945412595,0.20989334101792756,0.28386990595443046
2015-12-07,0.25558586107877623,0.24278942671463674,0.25941497532313723,0.19906917170962754,0.2643065554834043
2015-12-08,0.2618638160442147,0.25703302866887257,0.2663429738550872,0.33411372255201993,0.26629423947202924
2015-12-09,0.2675533939407721,0.2594610784177959,0.2687141410598292,0.335371926008741,0.2731229257168204
2015-12-10,0.26760535869367474,0.2765992092837522,0.27491626377234335,0.33907562645978445,0.24899279944437516
2015-12-11,0.29669394808084715,0.2990806396065051,0.2983142050908834,0.35763916643758853,0.25735479003063805
2015-12-14,0.29533451954109297,0.30335861893313115,0.2987996206876516,0.3570684723735671,0.25898816265503255
2015-12-15,0.30187002366678617,0.30843470150540725,0.30029109713155067,0.3572257598984681,0.25774227933082505
2015-12-16,0.30539068944892633,0.3126903282788846,0.304514225338279,0.3593294016994184,0.2578131619054401
2015-12-17,0.3046852982300501,0.3188189458351733,0.3125381498981821,0.3678273042900171,0.2650810936464878
2015-12-18,0.3168075328600249,0.32474348169631356,0.31289398004945895,0.3705150723801546,0.268427504048396
2015-12-21,0.3326345724937357,0.3343351967878791,0.31296435630890285,0.37349534452833005,0.2829153977005436
2015-12-22,0.3325340597918816,0.332845384306639,0.3071294350818354,0.3731143719504946,0.2827684462191639
2015-12-23,0.33374499557668946,0.33211760916381744,0.30780516327557145,0.37295013808944233,0.2797560616138572
2015-12-24,0.3357227372273816,0.3322971402516353,0.3157180805505165,0.3741026065005724,0.27649104440200084
2015-12-28,0.3363987849875457,0.3330048074181325,0.3174367538492726,0.3740879874360406,0.27348141699739603
2015-12-29,0.3355533395759425,0.3268695492324439,0.3168859536392358,0.373189847309993,0.27203927953293594
2015-12-30,0.33627970392667994,0.32537307532153165,0.3272407242052244,0.3783294829547027,0.2761960339900059
2015-12-31,0.33571832242041943,0.3267649538785652,0.3254805335403191,0.3782382047836431,0.2780894767684642
2016-01-04,0.34820914757688703,0.34894078119397914,0.33607401388032954,0.3830687061871702,0.2887113863897428
2016-01-05,0.3467078469856151,0.34606817763236153,0.3340499185255182,0.38300886780939064,0.28948644356880854
2016-01-06,0.35089395153939473,0.34640675312889024,0.3336358985554106,0.3828924718841848,0.2751009531403606
2016-01-07,0.354763625193486,0.3651157157093363,0.3578825268979755,0.3859260155934037,0.3112807049564778
2016-01-08,0.3473895385663756,0.35482974610868745,0.3504188220387235,0.3809952440066407,0.3384176829359369
2016-01-11,0.3512717627048509,0.3541806453830326,0.3497950698942158,0.38073918784402694,0.3390255027925353
2016-01-12,0.3563044543522108,0.35404864769687516,0.34916141876458295,0.38421526339615564,0.3396473816566055
2016-01-13,0.37915152043827,0.37341733085033424,0.37752905124356056,0.4118422086091963,0.3625013231268692
2016-01-14,0.35156012095001754,0.36592305621227783,0.36858534912836344,0.40292743449608526,0.3614558446957271
2016-01-15,0.3690891352479911,0.3662228043236236,0.37986761976277866,0.40208305712176223,0.36005921873368124
2016-01-19,0.36858317665836143,0.38024961474320657,0.37812539086000296,0.40209137053157146,0.36344406071369284
2016-01-20,0.3469389310014102,0.36673437803045017,0.35268256386737296,0.3726679695066486,0.3170641086047005
2016-01-21,0.3473253723607392,0.34957452147094076,0.3389187367677407,0.37311010479440276,0.40326118073029366
2016-01-22,0.342810056376891,0.3415963913102372,0.35165438676644056,0.2791125105064351,0.4039791721272844
2016-01-25,0.3494373173332944,0.3424626845244299,0.3511839606282985,0.2821405749904384,0.4143967463843656
2016-01-26,0.3537121431694292,0.32362655152339614,0.3422141117954785,0.27604681891774463,0.4197373783559199
2016-01-27,0.33058688127019253,0.3160746564699392,0.3296279769518466,0.26451841087264283,0.4196038781101513
2016-01-28,0.34756102747680984,0.3217046112141896,0.3376461060034849,0.2708209463829416,0.4219661026419067
2016-01-29,0.348997467202666,0.32597420375286157,0.3692664323069413,0.29813303422577797,0.4320716692310052
2016-02-01,0.3474875850232077,0.3271493801889785,0.3670023678233463,0.30129055896924734,0.4306191656963222
2016-02-02,0.3827706029802757,0.3360221392358262,0.38377583798040027,0.31910643655692766,0.43634987030890005
2016-02-03,0.3764136527705832,0.333575567489315,0.39402102413602913,0.32018799140926196,0.4357461992297539
2016-02-04,0.3676914162530135,0.31898418301000514,0.39283583591926524,0.3228429041806989,0.4306749924339783
2016-02-05,0.3783803070493927,0.3386532292126322,0.39979331888980923,0.3468773423270533,0.461787071162083
2016-02-08,0.3827948487828708,0.3443702473986448,0.4013363465488182,0.3517986943840925,0.4623419234131198
2016-02-09,0.3856502542056242,0.3575973358707523,0.39692929139291855,0.3541066979662432,0.4834236616348685
2016-02-10,0.39565322665301217,0.37398320203338914,0.40896356726389893,0.3565837709516465,0.4881295134036776
2016-02-11,0.3958086535979015,0.37332487852826596,0.40815500034217467,0.35224260603550134,0.4876679912032837
2016-02-12,0.4124687618896146,0.3742110917870161,0.41555451178323705,0.36162831368899656,0.49388371850640456
2016-02-16,0.4179612049311891,0.39356808480137795,0.41818037841170014,0.37115344074776735,0.49766501973287197
2016-02-17,0.41155110217799734,0.39300531222708585,0.4274422789554384,0.38608162240548977,0.5035378406490686
2016-02-18,0.41106168740674004,0.3939045332593547,0.43500346283177854,0.3863521414131004,0.5024958806110648
2016-02-19,0.40798154488992866,0.3935996531917281,0.4484979589892592,0.3860424839688799,0.5005212118830443
2016-02-22,0.4120335718022358,0.39819495718371034,0.4353740848622807,0.39957474480029676,0.4757730386097566
2016-02-23,0.413442568048214,0.3970744247026306,0.432771908462988,0.3996005149051138,0.4529909882291502
2016-02-24,0.4107454123678753,0.39712033693128684,0.43348572726986695,0.4000268059665357,0.45390959690284144
2016-02-25,0.4085684104749541,0.3971608360100828,0.430580926537329,0.4070510266707743,0.45617234609154894
2016-02-26,0.3874240301840173,0.3840484282890674,0.393686396289412,0.375497540701088,0.4316799777009037
2016-02-29,0.3862828653262746,0.38391914053424725,0.39278874941767983,0.3760324096498312,0.4315532785562084
2016-03-01,0.3657918187607023,0.3799494518784759,0.3628210089041007,0.37364719531975343,0.44667109966271556
2016-03-02,0.36664745540833843,0.3707330462483452,0.36173745334655,0.3759426562310705,0.43833754209261655
2016-03-03,0.3667950698469722,0.3700109123815578,0.360550926179293,0.37478935495445476,0.43873845991630755
2016-03-04,0.36439676048436737,0.3672701041066808,0.36288388911528663,0.3772586741739859,0.37695699642843294
2016-03-07,0.36496230830448423,0.3677827751228176,0.3592033659117703,0.37479534811375304,0.377786972798139
2016-03-08,0.36529296953318263,0.3880289575855573,0.3672704951457044,0.3684555519750687,0.3558750225348752
2016-03-09,0.36619316075042857,0.38916887475739936,0.3679538941615495,0.3708036256549711,0.35247402275778555
2016-03-10,0.366258531001926,0.37805800084182534,0.3689164058184968,0.35881838166127245,0.3495934664144719
2016-03-11,0.34844463812535903,0.3637994181596831,0.35061252870307724,0.34873242744741745,0.37530914945068894
2016-03-14,0.3440674662322125,0.3580244810171049,0.3307791500198883,0.3346984373878181,0.3734591894809862
2016-03-15,0.34596872267718387,0.3543234055419928,0.3367967257653134,0.3335692809086654,0.3730638520308602
2016-03-16,0.291335713831965,0.33982587419401916,0.293443125994001,0.2943364180173204,0.3553801047418728
2016-03-17,0.29155439720957066,0.340452185278482,0.290032214111,0.2992315951515721,0.35205896296265116
2016-03-18,0.2996502477655711,0.34844091690123147,0.2939923212252808,0.29979062016066976,0.3485779422917027
2016-03-21,0.27128197120858716,0.31385378803785674,0.2692077222207075,0.24965390183379943,0.2803549372070505
2016-03-22,0.2581475131718308,0.30183132889408365,0.25666828105827744,0.23204703625720483,0.2662264533980195
2016-03-23,0.26625145827423574,0.2973262363713085,0.2631429478065905,0.2339296922459657,0.25476214733598007
2016-03-24,0.2816372213732228,0.29744672013256046,0.2821456181721875,0.23860751085637655,0.25558735169013963
2016-03-28,0.2757770891952454,0.29330821801323764,0.27498067454301445,0.23862951367193627,0.2554771855541345
2016-03-29,0.25902365306571445,0.29609943013498624,0.2676154521788346,0.2350498548301705,0.25147402200939517
2016-03-30,0.2535302689000293,0.2797596372385433,0.27009757215524116,0.23009656310922735,0.2501596926271683
2016-03-31,0.2506398484121882,0.2681896691793947,0.2564711530112753,0.2110248988449761,0.23971074830844405
2016-04-01,0.2732303327553852,0.2872973113134531,0.29956831090912783,0.21192787228755416,0.2399348723209959
2016-04-04,0.2729583935952175,0.28699786669217653,0.2870875543584018,0.21586649436494365,0.2692102808467533
2016-04-05,0.26197548901487827,0.25415113028319625,0.27340875061664643,0.19371423240624178,0.2697776542692845
2016-04-06,0.2603244239106253,0.25397652120545555,0.2744126770641062,0.19337607709324647,0.2699642343713019
2016-04-07,0.26171982105021513,0.26709609983501914,0.2896165094584457,0.19300659042034957,0.2748580475279036
2016-04-08,0.2560431004740099,0.2688402007254242,0.28723053272507204,0.18214031390676091,0.2719829195507729
2016-04-11,0.25545316342900554,0.25859225671461317,0.28992211982950333,0.17944038515347582,0.27275694740280054
2016-04-12,0.25811622812592866,0.2573919631986206,0.28816108688914155,0.17862177324708517,0.2717094948323078
2016-04-13,0.2573298458789775,0.2697751703903414,0.29426936156413386,0.18882250356517494,0.2602472604444593
2016-04-14,0.27328352471629336,0.270455579131866,0.30038199932559456,0.18848519624430018,0.2603275748329001
2016-04-15,0.27296862763746965,0.27643049510895396,0.29967814156460876,0.1886798465580776,0.25867619288921334
2016-04-18,0.2725075941288381,0.28199445082432856,0.29932704185808223,0.18235324963070138,0.257427094164609
2016-04-19,0.2718609737676188,0.28264738214192686,0.3037510888056404,0.18212751216275544,0.25651632678294145
2016-04-20,0.2547089963592523,0.2507550172340284,0.2971483499455884,0.1829100064020522,0.2550647931580169
2016-04-21,0.2617169964573484,0.2685283150229058,0.4126097135587306,0.18115342927433678,0.26714476206843724
2016-04-22,0.2908172934543903,0.2684163141781489,0.42546484426457076,0.1851185626038898,0.2818790975792267
2016-04-25,0.2941913497807226,0.2667494076889989,0.42487055410690555,0.17668323226935703,0.23949226946812072
2016-04-26,0.2934784700323604,0.2663515489626889,0.42228068406560193,0.18132774429196863,0.2377964161302571
2016-04-27,0.29281860930927966,0.2667924759512845,0.4212194980024373,0.18564899475130897,0.23848586139271336
2016-04-28,0.2949476537310309,0.26074606587818416,0.4193104882273527,0.20815769418535576,0.2427004701337359
2016-04-29,0.3077815991055666,0.26952018936911565,0.4346291145756533,0.20772187556022803,0.24671948294593535
2016-05-02,0.28595100642843074,0.25451477107162834,0.4296133454825264,0.20293494860523695,0.24182776113721913
2016-05-03,0.2870548493416953,0.2627120021126155,0.4284780821784458,0.20759371892200854,0.24092991869147887
2016-05-04,0.30098760697510785,0.27526381615423,0.4346211272929165,0.2278544387730976,0.2439771091619083
2016-05-05,0.2992596054809464,0.2776797067118194,0.43461419944588664,0.22780507174503226,0.24403306894464374
2016-05-06,0.2916261343966709,0.2751128180475529,0.43483089103627603,0.22789160344182843,0.24427003765443012
2016-05-09,0.28760708806080687,0.27696857241896355,0.43466884192249605,0.23049096332110508,0.24101690235022544
2016-05-10,0.2981801553491885,0.27292192152515476,0.44307755751309674,0.22817613400488898,0.23950248554050155
2016-05-11,0.30313105566456944,0.2735274320924315,0.43874955410205924,0.23114116521956207,0.24532766613686155
2016-05-12,0.32372258611523597,0.2814947581796002,0.44968989893128597,0.2376144220237604,0.2544847661127795
2016-05-13,0.3153007921266866,0.27246424478374504,0.4322234005895176,0.23953833261376242,0.2589283149543169
2016-05-16,0.3245017027586009,0.2928547195224998,0.4377475538009843,0.2440463410100597,0.24275356980860444
2016-05-17,0.3306803324364676,0.2975753049433808,0.44062103656334733,0.24236389001412506,0.23922042837886232
2016-05-18,0.3306619449236814,0.2980682663091295,0.4418467755569374,0.24763758096823466,0.24664427543662623
2016-05-19,0.3307116649205242,0.2902223514447225,0.4377236895914132,0.2522356351438205,0.24606845734369
2016-05-20,0.32958619375553966,0.28788029439673074,0.4402763912610693,0.24471672105495695,0.24237535248124362
2016-05-23,0.3277619407573813,0.2869642395075921,0.43719382862894807,0.24476247337702645,0.24347143729124054
2016-05-24,0.32844084336801244,0.2916082975093491,0.44121566516255745,0.24789000446843962,0.25403269800555384
2016-05-25,0.3202748792947724,0.2751825659251492,0.430501641353601,0.23359882802217902,0.22736896310179036
2016-05-26,0.3018022336700146,0.27545902793532234,0.4230986099009887,0.2284182543974426,0.22700374356915118
2016-05-27,0.30411220491438595,0.27313051930802157,0.4272760523500054,0.2314060113191239,0.22926267301810155
2016-05-31,0.30690970075839785,0.2699596610262667,0.4267879166992463,0.23189764135485316,0.2287760646096768
2016-06-01,0.30334649122196855,0.2688247626466502,0.4209094453689737,0.23202386460565583,0.22820446473401831
2016-06-02,0.3027509087342503,0.27625108255021624,0.41812485050818166,0.23248885554075105,0.22903390708018498
2016-06-03,0.3009179662490216,0.2646964581660055,0.3185293117672055,0.22711117898306096,0.22164774431394063
2016-06-06,0.28720914555635374,0.2645635267325157,0.30438489523618295,0.22782351005890525,0.20859938907884518
2016-06-07,0.30115199918542995,0.2691190938655626,0.31084984917782005,0.248880415962395,0.20384711939943012
2016-06-08,0.3021914635589896,0.2687874992147563,0.3107718121637583,0.24891228602955504,0.2041692777991773
2016-06-09,0.31545098342908773,0.27180355388254296,0.3185910913683616,0.25157099608269046,0.21127962798615219
2016-06-10,0.3115684261443051,0.26734311262574906,0.31674509007404444,0.23518826587782238,0.2046050220854509
2016-06-13,0.31633138093995644,0.2744686937150214,0.31311365982547057,0.25118435011761586,0.2243752089147106
2016-06-14,0.33967358389131697,0.2900620452514767,0.33172738345743835,0.29201268496149957,0.25242805943286795
2016-06-15,0.3396577688794615,0.2838888770106999,0.33582273725108747,0.2878992468274516,0.2523459300979475
2016-06-16,0.3441457968895406,0.27399364075565386,0.3297617434209488,0.2715809692152766,0.25009578787103887
2016-06-17,0.3447245668325154,0.2723495415423729,0.3341701515294024,0.2715279523631896,0.24991236672555778
2016-06-20,0.3466615092563556,0.27119170841591256,0.3353858344620502,0.2720368416016646,0.24962337040291274
2016-06-21,0.3489389934424712,0.27299087981859427,0.35052235179823493,0.2726421253606811,0.2557659323219593
2016-06-22,0.3386556015665216,0.2688021758403788,0.34038712937085,0.2683175532684662,0.25451973266527095
2016-06-23,0.3354649013500232,0.26667084696559523,0.3325048301383787,0.26801032593681995,0.24761283322432825
2016-06-24,0.4377274155350624,0.34362697666111125,0.4059067881455388,0.27683496591043844,0.2641669411184616
2016-06-27,0.4710268885272691,0.3649092648129621,0.465498053840386,0.29616624629731936,0.26165327323991955
2016-06-28,0.503538712267994,0.37067097555158557,0.47331025982079006,0.2974590066771776,0.2705413602444742
2016-06-29,0.5132755974782858,0.39547914582839866,0.4899487708774276,0.322239396223017,0.27680746671355183
2016-06-30,0.5191082811125959,0.3956882734025316,0.4912702793396016,0.3188433613416725,0.27440315174983065
2016-07-01,0.5309706736143531,0.3965187127271093,0.4863557036115556,0.3179103907517369,0.2742381971772211
2016-07-05,0.5319334713589136,0.40341114122481997,0.4899076805558219,0.31867041187314954,0.27390740617005
2016-07-06,0.5340342343058604,0.403597711931993,0.49377653842489466,0.31857300031466756,0.27349497083118524
2016-07-07,0.5447413951349779,0.40699212420759295,0.4945466916330067,0.32078029716714457,0.2678659714569281
2016-07-08,0.5491875647850814,0.4182076470953771,0.5064478032651311,0.3253604414466283,0.26926220075547924
2016-07-11,0.5574541971921606,0.4225152998952643,0.510133179482228,0.3239938111660148,0.26928356933967634
2016-07-12,0.645287145018798,0.4540942188922287,0.5709480865818913,0.34660063261475965,0.3101324459547665
2016-07-13,0.6457713867738651,0.45492807719388134,0.5713265927869033,0.34792966642235057,0.3098206206586227
2016-07-14,0.6551023597371206,0.4684459324230529,0.5842744705664208,0.35178030292593493,0.3199380772838179
2016-07-15,0.6540105037662657,0.46846283818473783,0.5850748595419623,0.350646023862938,0.32006747670279817
2016-07-18,0.6468958048228715,0.4650655448554918,0.5815542929386525,0.34865939271672475,0.3198170697116694
2016-07-19,0.6466434250380803,0.46584476894989024,0.581521625019804,0.35029801226905466,0.32013637544591633
2016-07-20,0.6408237934433885,0.46239528292931087,0.5767800515400021,0.34164594744593796,0.31603451977894886
2016-07-21,0.6470870155412287,0.4772592206738738,0.5862279940071361,0.46841932235915956,0.3215351468283574
2016-07-22,0.6522163897453938,0.4768010714508974,0.5854759734259831,0.46762590121098213,0.31728983554760304
2016-07-25,0.6537490864576035,0.476489732077849,0.5857034334181382,0.467589922760326,0.3189029604541073
2016-07-26,0.6420870186904575,0.46625245332982707,0.5715729337257917,0.4667401480547479,0.30084038052374995
2016-07-27,0.6257034636932542,0.4557422979886184,0.5540691297519121,0.44442184168539894,0.2743983603999874
2016-07-28,0.6257181789960391,0.4595544862985029,0.5525667756631658,0.44434144376915585,0.2733620948258434
2016-07-29,0.6136488573827537,0.45696635255576873,0.5477393971740304,0.4453547455056032,0.2765374324131629
2016-08-01,0.6137875686170435,0.4598376417090008,0.5463026361936026,0.4454213275624734,0.27432260112745466
2016-08-02,0.6424529500472012,0.5148922286961141,0.5773634033361756,0.4582101652303595,0.3024790280775751
2016-08-03,0.6422738451149018,0.5127212255747018,0.5701044896413751,0.45739841405579373,0.29980663915443106
2016-08-04,0.6417457545656072,0.5127710361008223,0.5734270637084141,0.46048251846637045,0.2963064205017305
2016-08-05,0.6439834094340239,0.5208908339759646,0.5939958592747704,0.4742984137244059,0.29680485894837105
2016-08-08,0.5481657559597936,0.46046804845222683,0.5230684036512764,0.46594645677152213,0.2603428642282317
2016-08-09,0.5007879114437203,0.4322405170580591,0.45881596826707616,0.45014541968872823,0.2593889749211922
2016-08-10,0.48337007045819697,0.4214359902210862,0.45781408262006024,0.44876540075534915,0.2570207810551723
2016-08-11,0.47900808458590577,0.4014677906206173,0.44580014244037447,0.43390018001721803,0.2580937739998043
2016-08-12,0.4779534675816121,0.4023679825514861,0.44616598042227656,0.43611685337367556,0.26142379043242947
2016-08-15,0.474051802654361,0.4040067454595306,0.4480326445139272,0.43609588820191797,0.26208032496483874
2016-08-16,0.4723413377034515,0.39252953846652877,0.4384416815156945,0.4357348993927158,0.2615313097256288
2016-08-17,0.4661750953356273,0.3944237907460415,0.4288844549494804,0.4368841288300976,0.2650645688866181
2016-08-18,0.4589139258252126,0.39175752113115736,0.43063764117140846,0.4328161786886447,0.2630374794096905
2016-08-19,0.4584139200249173,0.38444464856377836,0.4245084398708426,0.4299378835060171,0.2660135131935564
2016-08-22,0.4528267455016001,0.3798156943492972,0.4216035109646798,0.4274487910361982,0.26680940573613854
2016-08-23,0.32071371105237273,0.3414222813632422,0.3379831090241919,0.40587732462399617,0.22600128602119757
2016-08-24,0.3201026686428938,0.3392394324239193,0.3372104017726257,0.4056807372463723,0.22641366972455865
2016-08-25,0.297820284779293,0.3199245569657288,0.3129274446156025,0.40037332954222526,0.2149497932327258
2016-08-26,0.30072714341895707,0.3145051386990212,0.314513949855691,0.4005336745190554,0.22090729659401784
2016-08-29,0.30062657310417573,0.3173836680270259,0.31404054643633555,0.4013142512594927,0.21761107616379366
2016-08-30,0.3084855388972844,0.32003702267876744,0.4017282470060977,0.40750673308352386,0.21710209012720355
2016-08-31,0.31457741492020697,0.32062498219656743,0.4031033596089876,0.40611676220703735,0.21589580841315073
2016-09-01,0.3038324848731707,0.29818725845452115,0.3891077055333576,0.24557507281020557,0.21049515111960632
2016-09-02,0.28188762894533587,0.29753602324620276,0.3860373965792367,0.24334502586423304,0.21337226996840497
2016-09-06,0.27963566025834297,0.29845353983909495,0.3827310427728648,0.24082374137072096,0.213046923329003
2016-09-07,0.3064596754528959,0.34257661137042317,0.4038414123212534,0.2677620160434682,0.22326732858118897
2016-09-08,0.30667631144143453,0.3414633931855128,0.403338046397327,0.25991669307846194,0.21695273151340952
2016-09-09,0.315039776037987,0.35504997353058315,0.41947161399098093,0.28228073056804226,0.24005031245332847
2016-09-12,0.3064221027184616,0.35652680263770425,0.4184468013138772,0.2820819563394304,0.23627213847894807
2016-09-13,0.317097964748751,0.3584605210143169,0.43000340049633184,0.28737875510258715,0.24458344233426996
2016-09-14,0.27421166991205914,0.27650449393984716,0.38567745404416814,0.26154859547351733,0.22428986782833493
2016-09-15,0.27429233355610755,0.2766699980094932,0.38613506800091474,0.26054411530113464,0.22423469048138434
2016-09-16,0.28621834428508613,0.28005263169609373,0.3862369957539595,0.25940872083994315,0.23003838384937386
2016-09-19,0.27742981141226186,0.2725701076839258,0.35491952843414026,0.23201265037196317,0.22444869271609943
2016-09-20,0.2785450262120143,0.27192649901676885,0.35747082317992424,0.23042929584390195,0.224005216026589
2016-09-21,0.2810492627777034,0.27247011735822624,0.35459362763629304,0.23056826474433317,0.22641045840121302
2016-09-22,0.2825777201888698,0.2709549491944612,0.35343539248273126,0.22995278769462343,0.22846242881209894
2016-09-23,0.2760225237593287,0.27114175412803004,0.3536916540536122,0.2293178167328059,0.22179816429736177
2016-09-26,0.2809665714341758,0.27603150677558486,0.36544808878285456,0.22391847270022636,0.22556341281710449
2016-09-27,0.2839929423805133,0.2859646859292623,0.36548674133335185,0.25777557436494636,0.2319215968376258
2016-09-28,0.2747515267862306,0.28596627057573076,0.3655256960738336,0.25970912579289823,0.23200159127669906
2016-09-29,0.27456344843283764,0.2838714377633636,0.3661243100572985,0.258739860528237,0.22704013374922663
2016-09-30,0.282247463285488,0.28173017537729017,0.3698171428049529,0.26394003354431156,0.2279861844786933
2016-10-03,0.2945338023421914,0.2826708161780655,0.3686981490081688,0.26596141808756196,0.23329636615945487
2016-10-04,0.29141440521683226,0.28183942996378947,0.36826276690299536,0.27054158511923915,0.24318448017511604
2016-10-05,0.29039857122440643,0.28183582444941524,0.36780067701881386,0.26954644303082015,0.2432084958620832
2016-10-06,0.29058441503084226,0.28423352522040957,0.3677727606130297,0.26939354913742997,0.24418926679236197
2016-10-07,0.2930257848058575,0.2937880799932246,0.37507955406685456,0.2756875459844022,0.24731850106831207
2016-10-10,0.30190860734592795,0.2960435086863325,0.37662062360049364,0.28781769847893934,0.2541430563534328
2016-10-11,0.30740020702175824,0.30278564060207364,0.379993830564284,0.2878750284050963,0.2553383867113624
2016-10-12,0.30715012042966944,0.30031641081742466,0.29398555334886345,0.28349339138636465,0.258231925485927
2016-10-13,0.3321113375699237,0.30151815266332543,0.29410172879972113,0.2959057535714339,0.2766929396801577
2016-10-14,0.3359167743151961,0.30157352218410327,0.29507013856072684,0.2942482375347052,0.2780928288427081
2016-10-17,0.3356891243186419,0.30645716554826224,0.2953137471263562,0.29452482210810627,0.27673067638424104
2016-10-18,0.33857870942687096,0.30451385570225986,0.2969751110615873,0.29508729438635684,0.2752202803732782
2016-10-19,0.32251036973084224,0.2780629364206838,0.2766595972318431,0.2678574605172336,0.2674651981905575
2016-10-20,0.31995082523150714,0.2792034858085285,0.28031219282098957,0.26791413715132983,0.27605095388866246
2016-10-21,0.3172043203418737,0.25227303592389544,0.2642829937306509,0.24006926541244322,0.2562474654821575
2016-10-24,0.3169545615376073,0.24818358855700562,0.26350539691693464,0.23944923103005844,0.25798611925126386
2016-10-25,0.30710622133691023,0.23634118377421923,0.24765693302137007,0.2336617912712607,0.2547355150251923
2016-10-26,0.29726690937861905,0.2325144374147839,0.24741094520706866,0.34657077354286636,0.24922119379552393
2016-10-27,0.2992816443505284,0.2325753142873739,0.24555549327832887,0.35147177867030754,0.24932012794510586
2016-10-28,0.2868253610177437,0.22752387944536565,0.24293853279875846,0.34950613379127354,0.24356506530280614
2016-10-31,0.28753967739904523,0.22214441286694073,0.2479584625553269,0.35413589454207894,0.24352395222749784
2016-11-01,0.2938935983680482,0.22208216005627382,0.24429654365935277,0.35595372773093514,0.24639507731251123
2016-11-02,0.28966439167135266,0.2210360209480445,0.24381516531088326,0.35619353291866307,0.2435006812633765
2016-11-03,0.28889045166451316,0.2197706226618272,0.2418556804298942,0.3552208139131601,0.24830789818648877
2016-11-04,0.28898294508862676,0.22700096662412636,0.24807479300079296,0.3574753379528155,0.24837587716141246
2016-11-07,0.30395668950612614,0.2301976438540793,0.23255036408201596,0.3633257396086672,0.25601934376421004
2016-11-08,0.2948576617081692,0.21811811557190347,0.23009612807944152,0.34228257219733516,0.25061735579682687
2016-11-09,0.2953461945198002,0.2203423613519207,0.23133483859075443,0.3398117998506313,0.2507778730006238
2016-11-10,0.2957901489758582,0.22020151143178812,0.2325007420141074,0.34810117934431667,0.25547723079597556
2016-11-11,0.2930879575156777,0.22031513659913607,0.2241534195824641,0.3453141891615795,0.2552803177750822
2016-11-14,0.28453244771322606,0.22448290241113172,0.2508959975164577,0.35274203335881277,0.2667347856598353
2016-11-15,0.29375445476936146,0.2245178135717234,0.2812400940584531,0.3505250019636104,0.26063876519041235
2016-11-16,0.29614555005401644,0.22700493938217498,0.2844500423321759,0.35242100635897805,0.2607037589107602
2016-11-17,0.30516398948687823,0.2282910844873857,0.2965430838385376,0.35413384538754267,0.2613630938808551
2016-11-18,0.3004857777146552,0.20778276223667533,0.28331295446808136,0.3467647661893039,0.25528280725672653
2016-11-21,0.29346119825250155,0.20759996436813036,0.27854848148370825,0.3373177386458833,0.25039208165471694
2016-11-22,0.2854261987028653,0.19019061605953277,0.2715367579147472,0.33862088740485974,0.2626143310570308
2016-11-23,0.27287523521065493,0.19022977902798824,0.2645188850762638,0.3386196505419112,0.263222660502475
2016-11-25,0.24187734153290008,0.18833950484605974,0.2645595580064891,0.3278937392311285,0.24805264792801504
2016-11-28,0.23676399974846327,0.19849186077211328,0.2663898891253971,0.32751972534747126,0.24611612721106962
2016-11-29,0.23554242017634955,0.18580515964336716,0.2639915278492898,0.32843492464837176,0.2443883395671016
2016-11-30,0.23667362561440355,0.19094005240643902,0.2702822069989922,0.3320260271016051,0.2464064659381047
2016-12-01,0.22979299883624718,0.17414302674999316,0.26373976905731034,0.33123965296161667,0.24292224557930583
2016-12-02,0.2294794406594609,0.1732907187887028,0.261151832178086,0.33357667353338194,0.24210358225075898
2016-12-05,0.22370229373754918,0.1754616592515493,0.2591967439920609,0.3395777969773092,0.24912697235304557
2016-12-06,0.22495505889684145,0.1938538952606576,0.2706204244984423,0.34064708427615914,0.24833589543938378
2016-12-07,0.2546928921212272,0.2071602279291803,0.2683136578737688,0.3583719676184416,0.2533753969964182
2016-12-08,0.2565142182772942,0.2071284348428959,0.2610583529322018,0.2369727667786787,0.2428871380112179
2016-12-09,0.26662690672846107,0.20642065845172622,0.2695271713468735,0.2340379311747152,0.24239840349902886
2016-12-12,0.3018041974042936,0.23892910123219346,0.28958144298228944,0.23735096874297792,0.2710287607827898
2016-12-13,0.3009769573149067,0.2414687553557154,0.29289811102632546,0.23370749235139696,0.2714115244943401
2016-12-14,0.2914997421610874,0.24140248716481555,0.29058399205288177,0.23162693238790721,0.26888570558129543
2016-12-15,0.2903460626611028,0.24191503366543876,0.29367335247351734,0.2363803117857208,0.285928753528294
2016-12-16,0.2943015540639444,0.24420463350002153,0.2942464831841004,0.2438626179942526,0.2837014842090744
2016-12-19,0.2967913669704486,0.23906322239269712,0.2925457767927216,0.2422859248302315,0.28507932803220276
2016-12-20,0.2759701686274328,0.22673999634821035,0.29191620882080066,0.23349088520396546,0.2762075708228216
2016-12-21,0.2759697275456766,0.22580246784983687,0.29408502830371136,0.23584135040675572,0.2781870560759777
2016-12-22,0.2807616866301088,0.2356547385378353,0.30490867673588906,0.23913175777506085,0.2914655411498865
2016-12-23,0.2811970679315283,0.23283628066414894,0.3033249273297942,0.22798181749374147,0.28542020294059733
2016-12-27,0.2795755151398292,0.23285158236069559,0.30442610962735595,0.22830857649720507,0.285697360887476
2016-12-28,0.28699802716526623,0.23113878711710253,0.28982069074475675,0.2124807907235023,0.2829562332785613
2016-12-29,0.2762935532407562,0.23157968939299128,0.25857639788913706,0.20688630210465694,0.2835347545206486
2016-12-30,0.2780324164176364,0.23092998752910296,0.2574979889447661,0.20621371796227378,0.2819360839638505
2017-01-03,0.2651548888199566,0.22139679959338293,0.238969233257686,0.20099294386627647,0.2828599978512472
2017-01-04,0.26494658044320735,0.2311709654025489,0.23874884630559987,0.21221964111654804,0.284003440517642
2017-01-05,0.2696886877326314,0.23783333933986608,0.2536774422404991,0.21909220114787525,0.28756674736428184
2017-01-06,0.2704446035530561,0.2373926595424815,0.2534423078472671,0.22120847265964472,0.274045076829584
2017-01-09,0.2753905274711802,0.23677688564918667,0.2531635880451313,0.22150041118237918,0.2704416324456769
2017-01-10,0.28680311945579956,0.24721929942684404,0.2702218670489402,0.22788839261517416,0.3061631244868675
2017-01-11,0.2858018306322679,0.24339879185633356,0.2712735041094107,0.2281166681940627,0.3086416882224358
2017-01-12,0.2873910551522498,0.2461995912563626,0.2752211707651581,0.2314017629722959,0.3100707188595858
2017-01-13,0.2873145673379892,0.2447067340954561,0.27241759761922457,0.22633465177796896,0.30915878577994477
2017-01-17,0.28947824600501926,0.24950102321578907,0.27268659959058794,0.23341462518240488,0.3118447844008692
2017-01-18,0.29364343500636947,0.24796624175007326,0.27135113329614696,0.22876094215895607,0.3072895989461316
2017-01-19,0.29356959899678153,0.24874524346284613,0.2666753355275057,0.22268011178331815,0.30054518859953894
2017-01-20,0.2936242661677413,0.23369915207791964,0.2465148281741708,0.22582229819812763,0.2967901001874428
2017-01-23,0.2659303655082094,0.23349949509172932,0.2601948095726388,0.19722739543021672,0.28880607852473933
2017-01-24,0.26663707870930825,0.23696846663769022,0.26045562177608894,0.19742021816582664,0.28808650355704724
2017-01-25,0.24864582145196015,0.24014045962428407,0.24155376717039626,0.19741289704411746,0.2860859406677136
2017-01-26,0.23960591141894722,0.22109239115896823,0.23990574383072094,0.32626332254162693,0.27491938115247844
2017-01-27,0.286906350085508,0.2313089797788065,0.24135328138286907,0.3346857185016833,0.2769072816647835
2017-01-30,0.31288087006011167,0.25970744434031323,0.26387675199742594,0.33494215415022566,0.27847838812030373
2017-01-31,0.3134540144861081,0.25663149951470865,0.25657689936681866,0.3269423399383253,0.25140144083015875
2017-02-01,0.311731301922557,0.25634562230085833,0.26061037091778416,0.32459685881768846,0.2465334073804377
2017-02-02,0.30450969188517385,0.25582875344114697,0.2623163432778952,0.32403568276774947,0.24292973934611403
2017-02-03,0.3014610308902333,0.25660514790259514,0.2573074461042399,0.3229498090786124,0.24085708276489853
2017-02-06,0.3115997956143595,0.2583047987371545,0.25796359829703985,0.3224638053616359,0.2418719449037946
2017-02-07,0.30914788800044224,0.25103367073416344,0.2658523236537395,0.3212558092467292,0.2342769579455032
2017-02-08,0.3090902478317123,0.2508925032148675,0.26522924048744323,0.3214297906359836,0.24836140768136666
2017-02-09,0.32255403784152625,0.2609405120166423,0.2709489156275882,0.3317986519646296,0.24997496085048282
2017-02-10,0.31821940126472453,0.2563441152484601,0.2677737337093763,0.3306758498827675,0.24362590397578895
2017-02-13,0.3230377359147013,0.26030377803663557,0.27224538166977874,0.3336151563200244,0.243369223709644
2017-02-14,0.32540775713672904,0.2605029612631987,0.27173772299821225,0.3337201285908721,0.2509086963384527
2017-02-15,0.32971100433197803,0.2706139278691245,0.2823516763460631,0.34642356799206236,0.24892129302805469
2017-02-16,0.33106588673693377,0.26217382326084443,0.28232345047356616,0.34550837767981935,0.24721273013651568
2017-02-17,0.32679713307884634,0.25647426936752044,0.26768063776279993,0.3427087292581847,0.24102533814743432
2017-02-21,0.32641952104922056,0.25643620107852727,0.26886466573134954,0.3399201734707585,0.23843121980352194
2017-02-22,0.3233182620718789,0.2565384585898321,0.26874133079105694,0.34006972502681093,0.23851773488831185
2017-02-23,0.3107131995509525,0.24775686415678067,0.2543389278092657,0.33979577223990837,0.19574806276411005
2017-02-24,0.3107978222671741,0.24591458457741774,0.2492573042399859,0.34394149709801614,0.19071438799551588
2017-02-27,0.3094827458822607,0.2439699568222253,0.24577047822979456,0.34056706066535875,0.19062701976591195
2017-02-28,0.30850001162864504,0.24479783296791485,0.2500710358416348,0.34350381526942647,0.18850470919583998
2017-03-01,0.3070415356252271,0.24784292853510614,0.2539444083812679,0.33936136214583706,0.19716097281795208
2017-03-02,0.3134103022217839,0.2556857687272169,0.26715383740464954,0.34873942072129815,0.2298114010900066
2017-03-03,0.32097004485942643,0.2533035009002954,0.28253246567470053,0.3508456177966087,0.23875364840203706
2017-03-06,0.3305041393253415,0.25974582229888443,0.29432227519247,0.35687677944511503,0.24936648063425984
2017-03-07,0.32591927831768225,0.2504286420272365,0.27869172157126865,0.3508809816547679,0.24834016903921274
2017-03-08,0.3232994280159879,0.2467954239586633,0.2800056071774258,0.3501837694167852,0.2481550692136684
2017-03-09,0.33579516779401924,0.2429282830436623,0.281827304467371,0.3506084502141945,0.24825688315987168
2017-03-10,0.3198062564253793,0.2428276173930905,0.27200287550959057,0.24093835225340376,0.24211810462590905
2017-03-13,0.29885444303414077,0.2358970923678817,0.2868315118414035,0.24296301680410484,0.24079583414533712
2017-03-14,0.28298544429803035,0.21430537689762136,0.29970480294022045,0.25805683558628517,0.24741484106171302
2017-03-15,0.2889388411089973,0.22073239235247774,0.30579254556979907,0.26888681742371323,0.24839149174415692
2017-03-16,0.28886580773190584,0.22111277449139544,0.3031316463603909,0.26838357406622715,0.25138524804087564
2017-03-17,0.2899053310288657,0.2279391931070612,0.3025619066162154,0.27391274792717013,0.2510411422393322
2017-03-20,0.2893955135041179,0.22735918346276748,0.3016440231871992,0.27424745044831456,0.2547675179957066
2017-03-21,0.28985321775738854,0.23920615938755208,0.3128835513602558,0.28740620782510756,0.26616579596698914
2017-03-22,0.2898954040988099,0.2399446841006819,0.3137876688700928,0.2894060572054396,0.2658736045586904
2017-03-23,0.3024918889762081,0.24045445010842062,0.3143905225945125,0.2893756947120504,0.24970479064570408
2017-03-24,0.28840472969222586,0.22684580950874805,0.30987647540520524,0.2751889375617674,0.24764482729890608
2017-03-27,0.28794452370253804,0.22717770854777158,0.3107410308758164,0.27546267623382914,0.24618529134059644
2017-03-28,0.2878984874008588,0.22320972462047672,0.32393043106702984,0.27978635640321076,0.24891293128661357
2017-03-29,0.2868381645875469,0.22514091236567838,0.325598962407942,0.2814238494155664,0.25122813897476887
2017-03-30,0.28239917910110574,0.21016186487136881,0.3172609979879478,0.2602393162605173,0.25088108581375157
2017-03-31,0.28134665482964527,0.21016990507561203,0.3172467674866787,0.2564823833683479,0.2543031449280325
2017-04-03,0.2819992747446531,0.21015331083107555,0.3187648760889305,0.25093711731360635,0.2544566574405561
2017-04-04,0.2980474359106673,0.2202242858532525,0.3239002519778781,0.25245364988628555,0.2621876127539337
2017-04-05,0.300281729299115,0.22032061157383998,0.32439847324299975,0.25331672698431085,0.260870765328519
2017-04-06,0.3028092370083232,0.22099259614858915,0.32343481669406493,0.2521097342434373,0.2589424749780243
2017-04-07,0.30249797139929635,0.22084404882312533,0.3240817778498907,0.25158931809904544,0.25558091218509194
2017-04-10,0.30558987394443227,0.22064632693834105,0.3253516689687334,0.25181373082309466,0.25339430944183267
2017-04-11,0.32768957215452416,0.2219587415529975,0.32389518683470636,0.2556177826142372,0.2532667319817779
2017-04-12,0.3236495366983784,0.20875636954838406,0.3199715734739882,0.250185873662276,0.23920839976456368
2017-04-13,0.31551912674033644,0.20998663505502818,0.31216433637374186,0.24974363750878636,0.22586787867601033
2017-04-17,0.313042759636941,0.21148287568432692,0.3063460499800299,0.24080009974998162,0.20933726414813453
2017-04-18,0.3004422947488659,0.20181677032472872,0.31647098247171557,0.23362135561788622,0.20134854659527304
2017-04-19,0.3018849889225184,0.19763205236587167,0.32433670906157575,0.23253585841796987,0.2005521754020129
2017-04-20,0.30667004321113717,0.20641430765015523,0.3232959972059322,0.24347032978172758,0.2058688006528153
2017-04-21,0.28811193570400206,0.2063815303326781,0.32175133469762474,0.24348445805027352,0.20810426282402142
2017-04-24,0.29684834058226406,0.21906876994212315,0.3278878899138178,0.24636988052134698,0.20665606931678807
2017-04-25,0.27546513896972225,0.2166071008592552,0.3116520928655951,0.2358844000167513,0.20871555305690143
2017-04-26,0.26090031013663856,0.20741988371214878,0.2766034601954328,0.21708959660434726,0.22255659835066222
2017-04-27,0.30233560719136754,0.20256443493354342,0.2704422101110664,0.21495430597667414,0.24229284648537083
2017-04-28,0.3167389815621871,0.20246843429949274,0.2698367370269894,0.21573989423124582,0.24125903973127508
2017-05-01,0.31768330264315703,0.19543213684570582,0.26710083589123246,0.20789074160860788,0.24118736776910954
2017-05-02,0.340218184104661,0.2501853379655167,0.3037384266252316,0.23057332011674977,0.24849078761505028
2017-05-03,0.3259122177627738,0.23557768020121,0.2839585140597692,0.2101187187560056,0.23649789359214987
2017-05-04,0.32575251337185834,0.23585081756035386,0.27728762753506575,0.2089882887696579,0.23653142435237798
2017-05-05,0.3199333922435669,0.2358037175432819,0.2770175929754418,0.2085290561366947,0.23232025789186225
2017-05-08,0.3202512018892882,0.23639474474467287,0.27786937399320955,0.21599575811218355,0.2352842863802171
2017-05-09,0.34556498490123594,0.24309524024954604,0.30593073985209834,0.21822308664571977,0.23704796617838636
2017-05-10,0.3420808787364149,0.2428578967115961,0.29275404696009577,0.20856674672574932,0.2319376094154003
2017-05-11,0.3425909522278128,0.23998298294937276,0.29408379835122933,0.20449550367738545,0.22848021744912042
2017-05-12,0.3445624387648035,0.244462604178424,0.2960665927547394,0.21053127873223443,0.22848767900740158
2017-05-15,0.34654750508763665,0.2442469116050483,0.2989847468943162,0.21309786124642133,0.23212431286017074
2017-05-16,0.34659478818271294,0.24384227033645486,0.3007476570543465,0.21307550964937855,0.23179249253434125
2017-05-17,0.35360632113056173,0.2500523185942259,0.3138336661919006,0.2164918032088221,0.23768319191725887
2017-05-18,0.35406635571110917,0.25016819321517975,0.3142502441406772,0.21640764201278742,0.2407997402135324
2017-05-19,0.35465090056320314,0.2515474318761347,0.3214834352416572,0.2184857819726245,0.2507647790248925
2017-05-22,0.35883013716433365,0.2514155218139198,0.321984394993369,0.21435236299786078,0.252394468664786
2017-05-23,0.3583921268505436,0.25053580895781713,0.3216641872408297,0.21450539559213483,0.2532305119157224
2017-05-24,0.3431720951624515,0.25036578846821667,0.31891898240271,0.21164630855315927,0.2562083447306791
2017-05-25,0.35027463731103137,0.2622781311533074,0.32525949089770734,0.21879962928433072,0.26665955834537003
2017-05-26,0.34799001485003306,0.24995556243387276,0.32176658947950265,0.20711573857625162,0.25524171833114684
2017-05-30,0.3493166222594225,0.27449471844115597,0.3280947135562254,0.2175215476671524,0.256010382939617
2017-05-31,0.3477255585836684,0.27448942381813596,0.29677799629417057,0.2170494049741547,0.2591237954356786
2017-06-01,0.34766570522317447,0.2743358571684157,0.294169257918502,0.2170355317351883,0.26111256950049544
2017-06-02,0.34531607776624135,0.2791478608692743,0.2949457476202299,0.2082842363309659,0.2605844863759267
2017-06-05,0.3450164716789014,0.27657648901844745,0.2952104227433187,0.20865561869691723,0.259544554292199
2017-06-06,0.336839811100652,0.26791187350028356,0.2931999188685908,0.21150130304081147,0.2543225208045542
2017-06-07,0.34176235490228224,0.27191029343386636,0.292804590304784,0.2103596475981664,0.2662022208590658
2017-06-08,0.3417140069448787,0.2702821701044621,0.29783216163647047,0.21456493669674878,0.24799967583191523
2017-06-09,0.3088319776943887,0.26476691875688624,0.3044699979028821,0.20401959978946618,0.22076393781180184
2017-06-12,0.29647825808485845,0.2686991501751468,0.3072905150269275,0.2052428126514504,0.2234980227454514
2017-06-13,0.2921804517636525,0.27053508208458743,0.30782990145747896,0.20531041094447222,0.2218701068141291
2017-06-14,0.270895578240403,0.22765831848611418,0.2708658678384907,0.17774054038226994,0.21135413407017645
2017-06-15,0.2722729079328728,0.22832545149068345,0.271119451374824,0.17921628928657526,0.21323308854348663
2017-06-16,0.2737163280317675,0.22866508234125468,0.2711965818261022,0.17920744346162454,0.20892146789250388
2017-06-19,0.27529198265289473,0.2296115222887284,0.27917309888479613,0.1811856699556256,0.21754924151534488
2017-06-20,0.29440422730808086,0.2341996696487911,0.28399172818583257,0.17695615373825355,0.21362882723708976
2017-06-21,0.26230302028698654,0.22835268596617975,0.24783340684405614,0.1756948131823611,0.21669295894607707
2017-06-22,0.26372731982171227,0.22892008880128192,0.24787010867859743,0.17665819652662645,0.2120966786014521
2017-06-23,0.25978302631972644,0.22775867845496514,0.245161314563986,0.17597971515720387,0.21223526108279495
2017-06-26,0.25597719178291317,0.22265010933024654,0.24257965035049253,0.1690016707210146,0.21458878748481788
2017-06-27,0.252156110145793,0.22158575404560077,0.2397642108638926,0.16641370339104164,0.2225664325229274
2017-06-28,0.25519057938638307,0.2265350410958269,0.2362434934291255,0.16724560247902567,0.2234254462517455
2017-06-29,0.21739767191548418,0.20133524327853536,0.21638555036338047,0.15301475680213808,0.20286060711668505
2017-06-30,0.21763843177247585,0.2015307174173058,0.2163755296787316,0.15312599172177188,0.20210129000021845
2017-07-03,0.21618750703856995,0.2004513976201336,0.20122070302839284,0.15036376976730484,0.1938155506265213
2017-07-05,0.21319982080383906,0.20037991701551786,0.2065174313774262,0.15228782583676156,0.19498281832027395
2017-07-06,0.21525484764634123,0.20052094901933282,0.21173982740281308,0.14946617841959325,0.1947144536412582
2017-07-07,0.21958538242631037,0.20591835666295508,0.2169247442001269,0.15294338952605696,0.2011378541501798
2017-07-10,0.21122692714431657,0.1943268616620856,0.1969640395565405,0.15148759505859627,0.19513422614494616
2017-07-11,0.21837183118917758,0.19702095731798733,0.20227622944188559,0.16401092914007487,0.20134782233951182
2017-07-12,0.24101097203972974,0.17236760692892064,0.23553728286447345,0.15246813844527413,0.21798918491517025
2017-07-13,0.24068281870328814,0.18352211877684624,0.23555966041548118,0.15034873555897663,0.21840416104951615
2017-07-14,0.23928930124421977,0.18210545002430822,0.23079841992354852,0.15036668970482103,0.21969521616792437
2017-07-17,0.24023369805792685,0.17125509421431148,0.2273099769365913,0.1505259727458626,0.21844123675284685
2017-07-18,0.24475527647863352,0.1763478990012748,0.22902244337824812,0.1493174538871101,0.22303880111655858
2017-07-19,0.24735232962313553,0.17635673567829646,0.2840823323187753,0.142785294335231,0.22364981917965246
2017-07-20,0.2402922066179139,0.1760251709421015,0.2929045905470037,0.15106061277871893,0.21112474690314512
2017-07-21,0.23976308685593986,0.17602014762521973,0.29154369195583824,0.14564570359828774,0.2098577568921777
2017-07-24,0.2328909966229473,0.1800304781315801,0.28930496775753367,0.1470322694170584,0.21271614536624867
2017-07-25,0.23138324193907434,0.17667208462484582,0.2891631222672405,0.1532006461701709,0.21112888263803598
2017-07-26,0.23222908008905746,0.17555589862061008,0.2922083616253925,0.15674250719343114,0.21219548226515642
2017-07-27,0.23998336471763623,0.18491155891996505,0.30252830504369604,0.21212486830682867,0.21220082938879398
2017-07-28,0.24070394613238646,0.18494422333187666,0.3025197810446137,0.20944229940252712,0.2177048366908127
2017-07-31,0.2397284630961085,0.19031064071149956,0.30239613648961,0.21429144205440645,0.21995779445117833
2017-08-01,0.23691378216343464,0.1931491913578384,0.291254955449373,0.21160180725815528,0.2083039348014529
2017-08-02,0.2179557994712029,0.1893168856079134,0.28891056329948,0.21072114513708629,0.20463337122283637
2017-08-03,0.21706064457534235,0.19003020568500215,0.2914263290923457,0.20858967024378652,0.19850100868609294
2017-08-04,0.21540701483910102,0.18706148597120217,0.2944710379265878,0.20874758199974605,0.20145317179583094
2017-08-07,0.21466892333702214,0.18718087687846877,0.2943463484173847,0.21365354958367586,0.20009321399527033
2017-08-08,0.21779621200077,0.18837890072878036,0.2939733785069959,0.21445399886869884,0.20057769066753064
2017-08-09,0.2202006415715678,0.19108217541755787,0.29335491978510586,0.21450973015577923,0.19341229930251072
2017-08-10,0.22028367475108718,0.18279883505053499,0.2980150326334938,0.2128287070396904,0.19356847202555968
2017-08-11,0.21926829184655944,0.1858409634723097,0.2990689142471699,0.21374706811647526,0.1937034680015063
2017-08-14,0.21696405393348822,0.19065869004254132,0.3031240281358732,0.21640787747420812,0.19367588745967249
2017-08-15,0.21734396843306047,0.18905532556426288,0.3038934189329085,0.2194846684169422,0.19566552758721356
2017-08-16,0.21025703910941682,0.18879451503251543,0.2961211083643764,0.21077863546445103,0.19110936375670706
2017-08-17,0.24489088754089217,0.23627592916720064,0.3015304652300623,0.2321666902259297,0.22673380715095676
2017-08-18,0.23580096207885032,0.2251605294730565,0.29518810294952663,0.22544784787331643,0.2082795143208988
2017-08-21,0.2369478789459261,0.22973202625247513,0.2959975828935724,0.22602735408555766,0.20787261107225785
2017-08-22,0.23251972608314067,0.23089280646375482,0.29430219754579995,0.22167601494695052,0.2067635023835768
2017-08-23,0.2007479565295465,0.2213058949141613,0.2563388959237851,0.23353641196290217,0.1818838740634266
2017-08-24,0.20577765999897565,0.22306848873260854,0.2589699074075021,0.23632024497575901,0.1845991785377021
2017-08-25,0.2697906974123081,0.24455435863405872,0.2827010771917568,0.2702351982696633,0.21040834146483048
2017-08-28,0.2697948354761882,0.2463230562732895,0.2822908819558875,0.27133046637731034,0.2122167836242102
2017-08-29,0.2689947861548601,0.2453437327623723,0.2822733224747866,0.27114896806140726,0.21215539688286525
2017-08-30,0.26865541102665436,0.24671764478392227,0.23713719166781583,0.27174701215293445,0.21231640450134176
2017-08-31,0.27214023786723,0.2456098943660765,0.22699306576873995,0.2744069285193235,0.2148464245349714
2017-09-01,0.2767321798234913,0.246383026009644,0.22974974297892162,0.27478943029919395,0.2173754472749646
2017-09-05,0.28634026075153957,0.26207734153479306,0.2325956429497158,0.2783451422231482,0.22589474013827418
2017-09-06,0.2879793258044698,0.2831526570530496,0.2323160534863254,0.2795492230986363,0.22879409649575883
2017-09-07,0.28621341016038476,0.2832689011347532,0.23789230452711455,0.2788596032616823,0.22592146291022136
2017-09-08,0.28268452335661215,0.2791196669412603,0.22613654334195749,0.24728349280393427,0.23302737693056405
2017-09-11,0.32415859739821107,0.29217114485734447,0.25500372461893617,0.25149300479444103,0.2384109137093532
2017-09-12,0.32608535957965684,0.2870742584190603,0.25952133933994803,0.24725649920620785,0.24029100749619833
2017-09-13,0.3274099765286267,0.28389929117197643,0.2606277803360889,0.2502275610892635,0.239531210573922
2017-09-14,0.32909181378311386,0.28683979535624804,0.26067922717004394,0.25068560603238826,0.2463599566855016
2017-09-15,0.3288183125512389,0.2845824061459036,0.2637038227873477,0.25053769693687555,0.25692668409143776
2017-09-18,0.32978091029116585,0.2848528747164671,0.2687351950420091,0.2509511251629659,0.2636303304774737
2017-09-19,0.33344203920288906,0.28457765847328503,0.2689628436516227,0.2451892215560894,0.2634609040731707
2017-09-20,0.3419490417999152,0.28404163609264355,0.27207390802711023,0.24693116722305553,0.2671462236373929
2017-09-21,0.3466395384148414,0.28208059640087313,0.27408947698774866,0.24770684932528417,0.26696981952803867
2017-09-22,0.34827124352211697,0.28043726705536043,0.2665231025054409,0.2452235477364688,0.28048762418470863
2017-09-25,0.35058543848373647,0.2792521556020304,0.2670657637738638,0.2453039962283153,0.27860890198110205
2017-09-26,0.3494158172257141,0.2771042998775538,0.2636925439015955,0.24536500506695497,0.27723618670054206
2017-09-27,0.3517153864815381,0.28062039126074567,0.27227939903570597,0.24429233110840465,0.27608997936147256
2017-09-28,0.35421024261715356,0.2829556078761436,0.272944536892868,0.2446260979988898,0.2788706722138634
2017-09-29,0.322650338046933,0.238211213248638,0.25748503960980307,0.2142000141966626,0.24933313046564015
2017-10-02,0.3209010295408332,0.2384729292879612,0.2578358348118263,0.2142129609149861,0.24746623688950256
2017-10-03,0.3602946932130021,0.3034352846810413,0.3169104094592201,0.24778986854927396,0.2737770987388606
2017-10-04,0.35901131256809804,0.2996010560198833,0.31721050663605843,0.24814829376420058,0.2721016432328756
2017-10-05,0.34361595939080575,0.291071839140864,0.30524201772751947,0.2253902509779755,0.26082731396746467
2017-10-06,0.3335807194268821,0.2813557685783742,0.30000809885375535,0.21408349383442676,0.25414355319776755
2017-10-09,0.30534497436728764,0.27011463836613625,0.28899436511783766,0.19456335396961527,0.24390391654172472
2017-10-10,0.3291157992419029,0.2735367635960305,0.3176276628788003,0.18447482163259526,0.23761861492593472
2017-10-11,0.3275534450521339,0.2716388414444921,0.31774299277379625,0.18287017974134517,0.23853979200524042
2017-10-12,0.3270110918668874,0.27185184444465227,0.3166850667578517,0.1826169107255334,0.24286555115198796
2017-10-13,0.3271479358487361,0.27380282907998676,0.31817945378088125,0.1812339641662988,0.24283758314324128
2017-10-16,0.3288291510391477,0.27550725229471573,0.31982333187236667,0.1826064827051495,0.24389687336036053
2017-10-17,0.31232334387489596,0.2564543990935159,0.3120796201159337,0.168953538143297,0.22644496986105095
2017-10-18,0.3127677531258657,0.24133820324130825,0.3084415569815953,0.16828390759966996,0.2262329410326313
2017-10-19,0.31249764103250594,0.24370621634212825,0.4677019505651555,0.16873538719097853,0.2341242726424387
2017-10-20,0.31080289733079713,0.2476913347396181,0.4675097652787215,0.16872667103193834,0.23225629794614017
2017-10-23,0.28649457980276455,0.24441299440410497,0.45770273036816456,0.17089385940036686,0.23141354574272632
2017-10-24,0.28950888534203184,0.2481135491877791,0.4579108300584558,0.170721492694381,0.23101736142967638
2017-10-25,0.2941983573251776,0.2549320012508759,0.4574108218036672,0.18974176806084608,0.45030137831202716
2017-10-26,0.3234401176789042,0.2627057223987864,0.457049499709615,0.2178396928019819,0.4673633592869917
2017-10-27,0.33016749257670275,0.2639816737361795,0.4518310183202784,0.22354506872175006,0.46678636553514413
2017-10-30,0.32742812099963176,0.26364489721179785,0.4478869029048545,0.22342683442196312,0.460382251295904
2017-10-31,0.32235397600908405,0.2644612573713951,0.4478203900603908,0.22639757069249877,0.4598028842086224
2017-11-01,0.3214347773858053,0.2648055969381295,0.44720268267930663,0.22315954367267635,0.4581332831862819
2017-11-02,0.3189643472236125,0.26485020556791117,0.44709080415788616,0.22215254115713776,0.46589682993412723
2017-11-03,0.31551058772190277,0.2644552986798766,0.45209506277685935,0.221676690623175,0.4577712265822592
2017-11-06,0.3130640926292876,0.26415708516581843,0.4512482723561111,0.2224524011950797,0.45833517489825526
2017-11-07,0.319539375609579,0.26746566330776694,0.45512821963107336,0.22233508491790815,0.4623414378730776
2017-11-08,0.3165125492211839,0.2624913730908412,0.450973015621324,0.22229491755044026,0.4619276431982094
2017-11-09,0.31581284454706415,0.2661469859448151,0.45137356974985643,0.22301561942106565,0.4605465795037768
2017-11-10,0.31605018282679037,0.26678862887876004,0.45135343327292593,0.22302718760457882,0.45975037296079413
2017-11-13,0.3155455292114371,0.266585395597762,0.45215360725157155,0.22314643766577302,0.4573610207205985
2017-11-14,0.2608418658668743,0.18049177218899237,0.4120979696019141,0.17780575826207248,0.4352921100796876
2017-11-15,0.2773655958090393,0.18166088620831344,0.41208439621058135,0.18626319421421053,0.45942454253379716
2017-11-16,0.27971189160140425,0.20184939731413695,0.41799960412276305,0.19054888834563508,0.4666933259745333
2017-11-17,0.27559264908964565,0.2036440583829611,0.41506349531712866,0.1916271745971461,0.4661016493414927
2017-11-20,0.2746024956853406,0.20328615047231513,0.4164782892453104,0.1886594737405815,0.4662757776639049
2017-11-21,0.24043853619723274,0.2025656315111916,0.39371396242719336,0.1930481775034045,0.465966535955958
2017-11-22,0.24055865108068378,0.2014308596900169,0.3938366671749768,0.1907489095223742,0.46343085321154803
2017-11-24,0.2405488257461286,0.20173670761425905,0.39319366843373665,0.1899924075542316,0.463062345128318
2017-11-27,0.2403265580799877,0.19608317191431265,0.38972647535718147,0.18994708098826138,0.4616989646971472
2017-11-28,0.24597650534653412,0.20621002099495067,0.3949006473212881,0.21042765678456518,0.47338371403538787
2017-11-29,0.24599689481046833,0.22101081711873144,0.4063752617516003,0.25497681518214166,0.4823847462505653
2017-11-30,0.2580183108134726,0.22569956089494203,0.41061598218020845,0.2695850804752008,0.48253853898704085
2017-12-01,0.26998444747618866,0.22841896762034544,0.20860596259671826,0.27214314244269533,0.48750236701894906
2017-12-04,0.27510561130045763,0.22653310372660743,0.20863500011706182,0.2880355496977778,0.4909599260771892
2017-12-05,0.2714048588374747,0.2216326952691582,0.20520601550180076,0.28654408461276826,0.49047734881001115
2017-12-06,0.2651166358380973,0.21584617414754595,0.20211910680820674,0.2878572482662717,0.4890599697808345
2017-12-07,0.27138829361770983,0.2180061443985263,0.21038526816722422,0.2862478488057567,0.3129697795423707
2017-12-08,0.23129502101977423,0.20348312119740633,0.21039774856828344,0.26080882722821475,0.271647383981873
2017-12-11,0.220566447722814,0.2061320500672057,0.21179601852266108,0.25209725008129424,0.26750250706970297
2017-12-12,0.22578785501182908,0.21065448605187,0.20669953702801477,0.25165504220568163,0.26729143608649075
2017-12-13,0.2251391562115553,0.20928213412326205,0.20491979086300366,0.24550335211311317,0.2689181080123059
2017-12-14,0.21753377355938336,0.22389351483510792,0.20493929785519913,0.24587425631460136,0.26858336307143477
2017-12-15,0.21884563791120887,0.22625787378653825,0.20426200871388656,0.24617775623840293,0.25305648320551805
2017-12-18,0.21946021205340346,0.22649418532590562,0.1969221143245581,0.24737112326001226,0.2719233246271455
2017-12-19,0.21969986003193756,0.22818822252189816,0.19731096930860675,0.24755290849266157,0.2735129773021174
2017-12-20,0.2072550444229708,0.2230328843613677,0.19367480219889205,0.24165627498242495,0.2561763706739541
2017-12-21,0.20977305197619342,0.2241147009697471,0.19984012661569878,0.2424257660859475,0.2557127995611119
2017-12-22,0.20478377710109702,0.2151448506916526,0.19632530426789183,0.2382000359327442,0.2580227260986279
2017-12-26,0.2047339488953959,0.2128088039443649,0.19642099978899916,0.23830231649049058,0.2575251031327038
2017-12-27,0.20754919192261398,0.21440843248845554,0.19146513231213974,0.236823942321803,0.2549861120780215
2017-12-28,0.20760210898295928,0.21407327340488924,0.18566567584575064,0.23806072274467202,0.25435473281769505
2017-12-29,0.19606707220468542,0.21618942671288677,0.18699883021490843,0.2393845996170748,0.23415860468152344
2018-01-02,0.19994353231557874,0.2051571733044269,0.18862548188161876,0.23962973705878385,0.23305084461455008
2018-01-03,0.2033212519459087,0.21004406125372624,0.18764588439687446,0.24783987354373266,0.23432419997047735
2018-01-04,0.20331805586517882,0.20994145317926033,0.18801302839077422,0.24844127195180715,0.2380824854658312
2018-01-05,0.19724784405320334,0.2058510973947102,0.18562385654932134,0.24934998684334,0.23848036165626024
2018-01-08,0.2004986715375544,0.21846822650283704,0.1917544339226263,0.24891642805570444,0.24076522398795694
2018-01-09,0.20031329262605702,0.21985876993408432,0.19048315603274582,0.26398449321583684,0.24978322081554177
2018-01-10,0.21784660391493432,0.23111395971163035,0.25996660537377647,0.2608956291657332,0.2505033930911848
2018-01-11,0.2523526503978668,0.2597560122937552,0.281732491551701,0.26179001511071043,0.2595947627307052
2018-01-12,0.26809355210477287,0.2542230536181736,0.27787705543441504,0.22779011603677257,0.2566517033306014
2018-01-16,0.26471664803260664,0.2546213519260311,0.28112413253463386,0.21322810159674135,0.2735657395320483
2018-01-17,0.24410638173528373,0.2473540198367703,0.28106563787200517,0.20910633206246165,0.25534804306980236
2018-01-18,0.24099878449508547,0.24621746168582395,0.2821094747486814,0.19297112095544325,0.25351794957196594
2018-01-19,0.23901867913584246,0.2431193416845352,0.27972020749754445,0.19201195499676665,0.25653660341503304
2018-01-22,0.23930370284649127,0.24251134431107482,0.2789719355881816,0.19032544013657202,0.2566728335144314
2018-01-23,0.23154024365760653,0.23844363508224167,0.27652335932168676,0.1698052555833157,0.2510358827851378
2018-01-24,0.2979925853659691,0.2887658009672784,0.4475775867034421,0.2189216380126259,0.32021248174039385
2018-01-25,0.3139279803372485,0.3045052974244082,0.4663736874414625,0.23770616760329286,0.3386900957767737
2018-01-26,0.30955028458150935,0.3022324430427912,0.4644400089927899,0.24009878353817585,0.36121277795712303
2018-01-29,0.30950312108833344,0.3030693663752616,0.4657084462453716,0.24061034519932198,0.363448291107116
2018-01-30,0.30967067806488613,0.29108444366882585,0.46825646386636255,0.2384648987023593,0.3665206659517502
2018-01-31,0.3197737426174139,0.28962074851070646,0.4685917471075663,0.24023054525286128,0.3683100796108176
2018-02-01,0.32059247913929734,0.2902643209612551,0.4689195253772799,0.23502929980402348,0.3529650408085266
2018-02-02,0.3360224121183692,0.3046054484136447,0.4738188164672876,0.24407954129406959,0.35461593351158865
2018-02-05,0.35786683331037067,0.32243644045040265,0.4801869959326714,0.25418530042813475,0.35953922179381875
2018-02-06,0.36454249605132755,0.3246280044762574,0.47665722397134225,0.26414374867674206,0.3576073807836994
2018-02-07,0.3647028494431639,0.32779299678340457,0.4814177933730171,0.2639707635206825,0.3631265892763085
2018-02-08,0.3963620927119016,0.35439110883121633,0.4891130553721014,0.2821544685749307,0.361353007185102
2018-02-09,0.396019851468672,0.35605426233942006,0.48926798605578947,0.28188934258072174,0.36411215206554615
2018-02-12,0.4110715190895008,0.36960436149796894,0.4922356621766546,0.29415908855064077,0.37039042873240346
2018-02-13,0.4132968273661761,0.3696611589253437,0.4977614298165258,0.29579748568579695,0.37225291984815573
2018-02-14,0.4096817518585954,0.36691769674401326,0.49287939086170707,0.2944671883896138,0.3656867786853617
2018-02-15,0.40977438864563726,0.3668390583424973,0.4950966104625975,0.29229931332092557,0.36599053421654565
2018-02-16,0.4093550531394114,0.366816365253387,0.4939232225540169,0.2926619830129919,0.36648621210943166
2018-02-20,0.4094486045245303,0.36664104439922807,0.49390864346091384,0.293084566378567,0.36670562314665595
2018-02-21,0.4126644006855337,0.3634857656319657,0.49310442489940476,0.29409947622599164,0.36644969762060453
2018-02-22,0.412717314033164,0.3628965474187106,0.49325597087912676,0.2878899747824618,0.36336453307779526
2018-02-23,0.4022873571960454,0.3544710406067476,0.45204999292902764,0.2888344359839469,0.36405329246104406
2018-02-26,0.3856655821700442,0.33155709695699626,0.436314935642298,0.2852960481933078,0.3484485726466444
2018-02-27,0.3710678377088575,0.32717674519723405,0.4305286844076072,0.2863970597110581,0.34909670175349566
2018-02-28,0.37063322287580147,0.32774797599184513,0.4300870658433969,0.2867334010564204,0.33990989537769295
2018-03-01,0.37199890026230786,0.32727073828664277,0.42947227762775314,0.2848181502525863,0.34007369072525356
2018-03-02,0.3717248984187364,0.3272859047831353,0.4295829435260168,0.2828629421410686,0.3419403091818446
2018-03-05,0.37176693421071727,0.32746843229685585,0.42916742529732194,0.28545410531633775,0.34104578531831875
2018-03-06,0.37273013879127803,0.32733426761077594,0.42912808428324967,0.28560791361271026,0.3429915372018146
2018-03-07,0.3741452750028349,0.32741333735081446,0.4263995133040812,0.2852555231113054,0.34003724733345064
2018-03-08,0.33347039568772696,0.2999140666487643,0.28424360699917933,0.2591462053748266,0.277920524200232
2018-03-09,0.32562774162453484,0.2920510340069046,0.26038232784354637,0.25192530801690266,0.24950486383853548
2018-03-12,0.32597487457764845,0.29127984029985227,0.2602519366434078,0.24996857480999835,0.22591931344608954
2018-03-13,0.325394353734672,0.2909690494735662,0.25703218954491985,0.25061955120312057,0.2581167723125232
2018-03-14,0.33002284742866544,0.29150867093616745,0.2660766355858089,0.2516947802852798,0.28610160721898165
2018-03-15,0.31681102205073225,0.28973252063099925,0.26594066597119614,0.24758198989762079,0.2780330088934574
2018-03-16,0.3158179287451781,0.28962716302307845,0.2650964465746468,0.25082436425627536,0.2682280365401484
2018-03-19,0.30246486909087117,0.2760535442568172,0.2581987014200199,0.23807213924963286,0.2754893572981181
2018-03-20,0.27224516644030894,0.2500804077238065,0.23314585230613738,0.21977906802778727,0.2616316279448543
2018-03-21,0.27173047284985763,0.2513408789501671,0.23488104127726775,0.25705683328091433,0.26538903323896484
2018-03-22,0.28977877496613647,0.25867700985582587,0.23806710415007468,0.25976033154164857,0.2688480343844625
2018-03-23,0.2508247336252506,0.21731518127232138,0.2240773647956602,0.23300291686138275,0.272057807231631
2018-03-26,0.25362853749202086,0.21827627346050402,0.2262228964173686,0.23652452093514748,0.27039589027979116
2018-03-27,0.2400988121836099,0.20686723774770402,0.22224147147269666,0.23182361132792223,0.26427534999594504
2018-03-28,0.23591331101390484,0.20806496667997332,0.21261172465377629,0.23217476265117493,0.2604571410514925
2018-03-29,0.24400708527645248,0.2124902809688013,0.22169828650185763,0.2366147775009858,0.2617037955024399
2018-04-02,0.2710075864011381,0.26065323285719305,0.24701369428260994,0.27794776758623024,0.32352033649707074
2018-04-03,0.28939119671786234,0.2789572323631314,0.2679412031745127,0.29297260491056554,0.347413023473909
2018-04-04,0.29105951867307644,0.2779355895104014,0.2695322892509693,0.2928200985640643,0.35195150551464893
2018-04-05,0.28481013623419194,0.2761156951323318,0.2703014373726778,0.2936407154669811,0.3545939440671286
2018-04-06,0.30218229919307077,0.28306865505649753,0.2844620083291874,0.3022631780337105,0.359034190563487
2018-04-09,0.30167059427209136,0.2797791649470196,0.2822802043632854,0.30048145865456766,0.35872493713415116
2018-04-10,0.31303869636265436,0.2709257081648506,0.27537342217829164,0.29044172626722087,0.35359137803916046
2018-04-11,0.3317805596608163,0.26952107287168453,0.29326429056665876,0.2885301232898302,0.35169882837600014
2018-04-12,0.34384646316539663,0.2832449819391903,0.2991102829006623,0.29980792671493145,0.35798686478490443
2018-04-13,0.34405282648130425,0.28173804149073234,0.29970498979229127,0.29973936398680806,0.4019406652050921
2018-04-16,0.34731504477338343,0.29170821491685467,0.30168004734277903,0.29972962330797764,0.40145176892078843
2018-04-17,0.34815647105225844,0.29066171503737787,0.3013761017922652,0.2990446876720431,0.4015964313786445
2018-04-18,0.37443773108913786,0.2925580364513588,0.33170741488793454,0.312035836642363,0.40271493994111013
2018-04-19,0.3745359187006455,0.292059608717257,0.3321597573625725,0.31453120388376765,0.4030345828433137
2018-04-20,0.3711230865425283,0.2865238857035536,0.3264483772290736,0.3111750735611367,0.4016568608772969
2018-04-23,0.36142794870767503,0.278747469850574,0.3243792682366475,0.3028294558334832,0.43348427896739694
2018-04-24,0.3617396216998323,0.281555293610633,0.3284237551514554,0.30677534639155357,0.4631671230200236
2018-04-25,0.36177713712110277,0.2846732251970841,0.3274660573343877,0.30447096273368385,0.4458396577191358
2018-04-26,0.3966260857441281,0.29456606254718687,0.3287605659996243,0.30407416327711834,0.42600609642769716
2018-04-27,0.40756327624442645,0.2952821516238178,0.3333161034223589,0.30382125249159503,0.42590960320230997
2018-04-30,0.4061008903630883,0.30125237575908725,0.3316964441694951,0.2991770404765973,0.4278555631353431
2018-05-01,0.4090353196139498,0.3017254303013261,0.33286489379664436,0.2997901237115609,0.42387912493030266
2018-05-02,0.40781946934101965,0.3001187928025352,0.3328781376620233,0.30048753047071497,0.43378514611069835
2018-05-03,0.40604203262982885,0.30038316661383113,0.3326103653879997,0.27149248083223376,0.43213692357030986
2018-05-04,0.4056048858651689,0.2961977510930407,0.3288480084279748,0.2724319162454645,0.4274315936994298
2018-05-07,0.40180793345498955,0.29451746506911103,0.3274676708545489,0.27470811409561596,0.4285820838160735
2018-05-08,0.40025160288308975,0.2883517549332577,0.32411320811197597,0.27077192071990497,0.42839012419411754
2018-05-09,0.40750378556171896,0.28827045176556987,0.3341110278001111,0.2704158713175014,0.4312910047129352
2018-05-10,0.4111181319682372,0.2915893405005201,0.3342134889114724,0.27166143849593966,0.4313604537025798
2018-05-11,0.40684568257926546,0.29149679659904215,0.3295223024896243,0.2671612119004147,0.4309162683047476
2018-05-14,0.3924985345559704,0.2519515705310444,0.30965761012390647,0.22432189924250043,0.3814613262808425
2018-05-15,0.38091548106605405,0.23153508181518842,0.29701293817273733,0.20491664302117912,0.3683170297092141
2018-05-16,0.3852208744483307,0.23985423731383362,0.3042776521552124,0.21878747107685348,0.3644827476341984
2018-05-17,0.3848403190193748,0.2399274736333163,0.3029647068056234,0.21756614805988486,0.362093463902727
2018-05-18,0.3742521359292747,0.2316872140195361,0.2941224279098427,0.2044852924506754,0.357526178128894
2018-05-21,0.38101355815536486,0.23636620237739972,0.30219094226308063,0.20376166987335215,0.3548623787861869
2018-05-22,0.3677797547724281,0.2376250093800019,0.2991424775848861,0.21353692870419963,0.35511600356732625
2018-05-23,0.3472949655039356,0.23166747848601335,0.2732345266114549,0.21308831791389346,0.35328561082894977
2018-05-24,0.3425403733181784,0.22245760061203176,0.27077158421880343,0.20369512114072666,0.3556778217021806
2018-05-25,0.35304228511236685,0.2345570106281073,0.2739456628955126,0.22667003955618106,0.32199901864347324
2018-05-29,0.3608679203627865,0.24029392709542002,0.2883976000164481,0.23764780762350943,0.3211811067795513
2018-05-30,0.35932305136525877,0.2399739093407798,0.2884991164719102,0.2360507134148851,0.3212568887405413
2018-05-31,0.3334303032927848,0.23765378321078148,0.2522727737128988,0.217941044320806,0.31883918166300707
2018-06-01,0.33219769250583764,0.2384756302881945,0.2522612404918421,0.21298721164676798,0.31867378353057463
2018-06-04,0.3379119769101201,0.24143654057443945,0.24582201274399085,0.21787049078910337,0.32284830726268887
2018-06-05,0.3403590949130933,0.2393194783644176,0.24061519579429133,0.21890202558044344,0.271824176464716
2018-06-06,0.335221095761238,0.23684223103402563,0.23744845337808532,0.21244810017251667,0.2265601688290798
2018-06-07,0.33486684764191293,0.23557173244377894,0.23931550531710472,0.21243409063419305,0.21989910681636735
2018-06-08,0.2816455068054931,0.22320402482008062,0.2243364101878687,0.21112560678216394,0.21963980994005974
2018-06-11,0.2816792580578979,0.22618723543782768,0.23490047819714432,0.2131038390698705,0.22144811014685645
2018-06-12,0.2844401637059976,0.21464910953822897,0.23401230508617618,0.2102401874108168,0.21814786749003476
2018-06-13,0.2850155491890207,0.21323391638003925,0.23208235178485706,0.2114990620643251,0.21800001169018943
2018-06-14,0.27451436884714475,0.21179709983242903,0.23100549187254152,0.2107250393977738,0.20358228490163277
2018-06-15,0.2752886276590899,0.20847612809995475,0.23113754045775917,0.21114427154853513,0.20396117641040942
2018-06-18,0.2714501590961284,0.208650079664369,0.23016355821907802,0.2092201820504086,0.20430324823291446
2018-06-19,0.27799942948540207,0.21499465148760183,0.2359476030973509,0.20798260466564664,0.19726406896464357
2018-06-20,0.27771818909574736,0.21378940800734011,0.23847683077765786,0.20779784572836385,0.19977781016322138
2018-06-21,0.2609235850709708,0.2089461604780683,0.21904438524525868,0.2125358810766036,0.1923477447701147
2018-06-22,0.25819733819830976,0.2133369570839507,0.22991506002105885,0.2231545585167072,0.20088091773353464
2018-06-25,0.2794042575362704,0.22206210409649263,0.2392459863943461,0.2239059983520251,0.20914914618104352
2018-06-26,0.2817970649373854,0.21817877055541893,0.2392842365571455,0.22357425665590822,0.21479850502286216
2018-06-27,0.2803474843017963,0.22687887574789795,0.24126245289411996,0.22639035541108174,0.2069279209309611
2018-06-28,0.27108903796969097,0.21642334802937402,0.23008507296860684,0.21383763441878056,0.20680501573467405
2018-06-29,0.27070156429584474,0.2161272148482841,0.23014616929735277,0.21257571369477846,0.204871978059161
2018-07-02,0.2741373544607484,0.2180046901810131,0.23023957092603278,0.21580489924429863,0.20622091091731434
2018-07-03,0.26590554562755986,0.21650977947536387,0.22223703230315064,0.21579192952359266,0.20693977914201034
2018-07-05,0.2556630803724536,0.2191712205770226,0.22433773210871874,0.20198488298662245,0.20747380611883803
2018-07-06,0.25630597420244633,0.22077631103685139,0.22336417843904857,0.20430384602767127,0.20742036638736475
2018-07-09,0.2697016816586403,0.22080202149184314,0.22259351893632606,0.20021692439812597,0.20214959185712014
2018-07-10,0.24936696200813735,0.2030001886802971,0.21799492363899473,0.1784222915019029,0.18146232161715675
2018-07-11,0.326525762825803,0.19085063815661846,0.22278178257123907,0.16285499123484384,0.21260566967719516
2018-07-12,0.32998781783651665,0.19969560684461607,0.24066715395529484,0.1627655398645041,0.21456715977298316
2018-07-13,0.33799424744500045,0.19972019744103223,0.24385643578750382,0.1623782898331017,0.21476823898696806
2018-07-16,0.33595864834844014,0.1979509734819155,0.24315979122286802,0.16206033100936962,0.2147756752966687
2018-07-17,0.32860190752723234,0.19491218234293836,0.24190056166607946,0.15806075243862425,0.21060609785253112
2018-07-18,0.34030692827857456,0.21831294856589814,0.3461121069635856,0.15686384725682137,0.21828889251607939
2018-07-19,0.34004948920969885,0.21737068140696014,0.3477661444129567,0.15668184786964398,0.21706651236103067
2018-07-20,0.3399594421786289,0.2209904434031721,0.3442882676591843,0.1581786759841503,0.26179167340222653
2018-07-23,0.33892810920718797,0.2184389492441244,0.34439186522870124,0.15747232371897335,0.26559713232922977
2018-07-24,0.32957603094690185,0.2148285626212298,0.34260501730573373,0.18205383531711067,0.28915388931346475
2018-07-25,0.3353768791269418,0.21575835167563265,0.3426994251208135,0.18304491486763824,0.28845959890791867
2018-07-26,0.3666947844808298,0.25422716022214364,0.34288799015204546,0.30313823639652415,0.4016713414554604
2018-07-27,0.36669276594802847,0.2552173346786132,0.34717727599356013,0.31174015480397055,0.4037023696786311
2018-07-30,0.3692824256457649,0.2572203348652713,0.3462703494562528,0.3137638237172299,0.4074360539842359
2018-07-31,0.3723784808327197,0.2588490169189146,0.3459408006116184,0.3137731229326388,0.4077576725171425
2018-08-01,0.3805852516677788,0.25691083795371483,0.3399837172295264,0.3239002538402282,0.41568402712470853
2018-08-02,0.3779630555412661,0.25744044619767564,0.3389630151184575,0.3238174903501664,0.4149820343667937
2018-08-03,0.37958423435552524,0.25792574953290415,0.33903943546016624,0.3201366405398488,0.41711024256734275
2018-08-06,0.3798028890655239,0.2512697954640394,0.33196195448212723,0.3105475837846584,0.4140444764974353
2018-08-07,0.36214193372994247,0.23680612388230615,0.3226069347199088,0.306877749568083,0.4112498586730595
2018-08-08,0.3598467316855392,0.23669950206668802,0.3213946176000769,0.30713807500188667,0.40716642016571447
2018-08-09,0.35614466474464873,0.22350393101946567,0.31259766790910093,0.3010444850473226,0.406271791456007
2018-08-10,0.35970507154428016,0.22727826215352576,0.3163865986661245,0.3014344346986766,0.4072849379508019
2018-08-13,0.36105652108986014,0.22877167935619047,0.31823726427269,0.30224567172251215,0.41274331937948433
2018-08-14,0.36047749635475823,0.22924383847143265,0.316325240355883,0.3013091449680917,0.4129546398924454
2018-08-15,0.3587175522368229,0.21566106490473697,0.3128826472602652,0.3045012690994923,0.4146832012388568
2018-08-16,0.36259959726519186,0.21505953211322745,0.3127565753640436,0.30933642618184876,0.41487235213487667
2018-08-17,0.36372625514365564,0.21496249086639,0.3126688814670993,0.30720875547391024,0.4157177534041945
2018-08-20,0.39063675938286213,0.22571348190357807,0.32752829685234985,0.3177294034163588,0.4231355337997018
2018-08-21,0.3908316848912453,0.22560034638744894,0.3253060319950179,0.31858141079888985,0.422089586281573
2018-08-22,0.31767507766815145,0.22345831475032035,0.3080871759929723,0.317726698874776,0.4085538959119578
2018-08-23,0.31888385182749046,0.2202494216392275,0.2995146828028219,0.31775416620259633,0.4081703492999421
2018-08-24,0.3136789367511843,0.22001522665375234,0.2983493643751172,0.31812953003318317,0.40765468479622746
2018-08-27,0.3171475754278746,0.2197841068794425,0.2983425295655941,0.31830259351615553,0.40876860020390127
2018-08-28,0.3269334122925075,0.22280474759958424,0.2985818082677309,0.31828196758338584,0.4112892802637932
2018-08-29,0.3199825597710346,0.2085143759638014,0.17064668818446413,0.3179955303139339,0.4073743724995742
2018-08-30,0.31931278941377816,0.20903955824386633,0.16365800863566407,0.31903405199848806,0.40711470695468605
2018-08-31,0.3182329406267646,0.1980085398311897,0.16387140576137385,0.3174874575090988,0.3763956919211774
2018-09-04,0.3184857895008433,0.19814755430410197,0.164449764342731,0.3179295686020593,0.3749928109601527
2018-09-05,0.3258022477102509,0.21559722312878996,0.15165794809739286,0.30262074565266417,0.3501639986216772
2018-09-06,0.3343164537293838,0.22105399631514144,0.15762395373066082,0.30453083829106126,0.35743953911092646
2018-09-07,0.3026535405005305,0.18275137884633957,0.15706580103820472,0.19463061240723645,0.2312685075034609
2018-09-10,0.31177042832185226,0.18416776497605342,0.14785472278559786,0.179009439071469,0.22988034395990825
2018-09-11,0.3115299446123785,0.1814666033271704,0.1496353588150983,0.1766687958852282,0.22120569008643046
2018-09-12,0.31651542936517235,0.18650886854065019,0.15885905265393224,0.19492697300628617,0.22919644404786352
2018-09-13,0.29840342669833764,0.17993089451257496,0.16472617412408191,0.17684773828614642,0.2106748055470429
2018-09-14,0.29802656418476964,0.17965423482693335,0.16413583875070306,0.17697118844658344,0.2104617546316687
2018-09-17,0.29860848275089574,0.17932379024628906,0.16477882921446277,0.17615906273457005,0.20535110259800932
2018-09-18,0.29995455142096533,0.17978198779786908,0.16500232209934557,0.17625571805535983,0.20563200160943906
2018-09-19,0.3036513585125871,0.17956245134178447,0.16820118307528542,0.1762373675715331,0.20431339808227625
2018-09-20,0.3038730479546791,0.17818288381637498,0.16866413963213558,0.17743010051824076,0.20436225951034737
2018-09-21,0.3192501527018008,0.1909628228229263,0.16950258453631561,0.18507002728255767,0.202500814637575
2018-09-24,0.3359153162097567,0.21936148730473398,0.1806240753340928,0.2038967230489822,0.23618583543815147
2018-09-25,0.345328923230147,0.2180986708432082,0.1788063709124767,0.20499618368560124,0.2328011037336499
2018-09-26,0.34512310537564905,0.21734474132431883,0.18079868909118446,0.20547571817388227,0.23313846008803546
2018-09-27,0.3454213024803968,0.21732756935425976,0.18298892137793474,0.19892936481785334,0.24145486423301707
2018-09-28,0.342894106665979,0.21762656477732728,0.18355222877471325,0.19467036780764022,0.2411220639092141
2018-10-01,0.36485077290828494,0.22725638585711117,0.19174397682457814,0.19868254310854153,0.24563700202581767
2018-10-02,0.33326959716966115,0.22860883265001047,0.16004874757604268,0.17673269898390856,0.2358422652265146
2018-10-03,0.33309906544052087,0.22865741657379876,0.16089465649587537,0.17680808982427956,0.236364623878669
2018-10-04,0.32951019992488484,0.22950467964953136,0.16271206999783105,0.17574555696191882,0.22363553022068067
2018-10-05,0.34693230702985506,0.23297607399345321,0.17537980234262157,0.17674952507036518,0.22611070796714347
2018-10-08,0.3489007744145034,0.2332455148407294,0.1753929103861524,0.177952420569843,0.2289265573611081
2018-10-09,0.3881820669904082,0.23801823468770178,0.18860103516113164,0.18585448284468156,0.25541055653259753
2018-10-10,0.4025947906637064,0.23429329930844345,0.20281943100201696,0.21095830030691257,0.26900465473257573
2018-10-11,0.4025350698765938,0.262831804349387,0.2088172220424879,0.21114190200274122,0.26741592071048775
2018-10-12,0.40225610013219976,0.2664165012320357,0.209053039952947,0.21211219263195696,0.28426541237511677
2018-10-15,0.4151613035799742,0.26609007370095455,0.21355701179709613,0.21118734919616416,0.2843204167143858
2018-10-16,0.4429034261199565,0.2769673755363553,0.22706631205632105,0.2190213932855085,0.3011845820307715
2018-10-17,0.44054068235398375,0.2761057777275288,0.2882692398997385,0.21835855680870642,0.3018962042438305
2018-10-18,0.44991770192593894,0.28009268144904526,0.2898836564422733,0.22543637108484593,0.3110215280016776
2018-10-19,0.4499790219857332,0.27945392288192517,0.28952215573921436,0.220849233709913,0.31144102497540077
2018-10-22,0.4408943666785925,0.28124442033294916,0.29186231756418207,0.21805352519089424,0.3094749764612216
2018-10-23,0.4361815721854469,0.28027901883530576,0.299292290027089,0.21628318587737894,0.3070372246315375
2018-10-24,0.46366475981819244,0.29476946542732235,0.32683763919903913,0.24823759088419642,0.3141459283030069
2018-10-25,0.5110703070071246,0.32247842330498216,0.34469441156154196,0.33695463670361697,0.328359312589897
2018-10-26,0.5103685428033157,0.3226469002009703,0.34462693910098247,0.3360449502688876,0.33344275229596726
2018-10-29,0.5075871674420499,0.3228811336786587,0.34509502304201733,0.3398221443066155,0.33253755393672585
2018-10-30,0.5443067439765168,0.3378784480703939,0.346795758464917,0.35386202230631525,0.35284460066487355
2018-10-31,0.5417104721536155,0.3381797293614832,0.34624735568280407,0.35347409250968553,0.3595723544132831
2018-11-01,0.5542237467666885,0.34592789308691085,0.35752899035228486,0.3774538902454057,0.37847835188523604
2018-11-02,0.5377656706578875,0.3368529231488856,0.3571330013040462,0.37556248659060826,0.37821192396866715
2018-11-05,0.5300674330615981,0.3199831919081377,0.3511722969041491,0.3706836590792759,0.36161346708725894
2018-11-06,0.5265583289850642,0.31983889197187937,0.3511855280068361,0.3730580380893073,0.3602785217923688
2018-11-07,0.5500624786978591,0.32688185139037246,0.3586586168590175,0.3784676626555612,0.36504961215118875
2018-11-08,0.5484567255291991,0.32588791433817554,0.35783271873211575,0.37584401351781566,0.3557582153351665
2018-11-09,0.5499749140750347,0.3258120587079076,0.35750026662799966,0.3758378128000149,0.3560903591760755
2018-11-12,0.5412471194456239,0.31967674350500275,0.35601902231921095,0.37575435915136923,0.3533935570791939
2018-11-13,0.5406741206812359,0.30277981443238045,0.35635069304334094,0.38081344831312547,0.35668257391228236
2018-11-14,0.5407987074476885,0.30280376053518115,0.3574056061444152,0.37886738661158315,0.356739461097427
2018-11-15,0.5370438015023888,0.3000546407513487,0.35361033688706883,0.38291747246792984,0.3572872948942105
2018-11-16,0.5310339790994042,0.2957014722516458,0.3458660642858734,0.3833909466194404,0.3556524346505346
2018-11-19,0.5345922386350307,0.2932161575674417,0.34522629043160813,0.3833358233749247,0.3541598000968487
2018-11-20,0.4973142303350912,0.28609118801867894,0.33384330622236796,0.38247883702903773,0.33079232913902507
2018-11-21,0.46542468078819993,0.27595080024144647,0.31756839463431263,0.3734629225798512,0.31207952183608306
2018-11-23,0.4769111208358456,0.2647198111757786,0.3196925755995615,0.3747409242059092,0.31097891654217147
2018-11-26,0.47379052538283056,0.26591261629617935,0.3383484779325989,0.37406886086290525,0.3043996502992994
2018-11-27,0.46976506077063457,0.2745665071957235,0.3393076780176044,0.3734736948743263,0.31147194502100906
2018-11-28,0.4550850506042776,0.2683598862730517,0.333601210457631,0.36709816501736964,0.3367215592465241
2018-11-29,0.45831337116941623,0.26266359490106156,0.2899059511260593,0.3668404774548822,0.3472243885686331
2018-11-30,0.4473111327339879,0.26445632823855136,0.2874818628685693,0.3723284364104603,0.3286719844768854
2018-12-03,0.4506927633387654,0.2677805348172557,0.28802895309594867,0.3721402301718511,0.3302975992857922
2018-12-04,0.5099167564430616,0.3124105612711387,0.3209563192333704,0.3785867068001351,0.3524743561364342
2018-12-06,0.5099159147260307,0.3125396325042915,0.31166967883417573,0.3818449258698918,0.3517518567766283
2018-12-07,0.5477803914595003,0.31072008596460365,0.31694376351055736,0.373203583310859,0.39637307229753255
2018-12-10,0.5146515363858766,0.28738402005616615,0.2947538839681628,0.2756821313855539,0.39262121108946074
2018-12-11,0.5149048069867753,0.2872742797984738,0.29289244492829586,0.2748168634268539,0.38843371651137976
2018-12-12,0.5150839982433086,0.28761221879538995,0.29619403290324703,0.25467866971687925,0.38823846499995873
2018-12-13,0.5076506444298396,0.30869608613085964,0.30439564426733196,0.24725659006404765,0.374468496349855
2018-12-14,0.505987386980909,0.30808128320704714,0.3041150628358439,0.2478027190889456,0.3674788628909132
2018-12-17,0.49297318044406807,0.30476242609584403,0.2961918322015205,0.22535729170104293,0.3542040401346852
2018-12-18,0.5142281932667523,0.3068041849182552,0.30048763834821013,0.21948698235215994,0.3604338609328469
2018-12-19,0.52115442484481,0.3110660784610912,0.3027472107263756,0.22319310606194004,0.36154774200647255
2018-12-20,0.521362961748773,0.3151481353139552,0.30902816613318307,0.24108755469131654,0.3648971827649774
2018-12-21,0.5033584788641476,0.31355735325958983,0.309900533296275,0.23844717152603795,0.36074345028988897
2018-12-24,0.5101507726584383,0.32206193563915153,0.3170619235026856,0.2530019331611535,0.3686744380806231
2018-12-26,0.575738382274764,0.3612395684147194,0.36763178239728295,0.3033816772750704,0.4069294512728714
2018-12-27,0.5724429919090437,0.36134706236817826,0.36700391755817,0.30282465429639666,0.40693981795858153
2018-12-28,0.5658247970968835,0.3610152239680005,0.363215000355684,0.2973403748008637,0.3971389090535038
2018-12-31,0.5658379747440957,0.36094226482454317,0.36397521919732123,0.29739917430075713,0.39865976215259913
2019-01-02,0.5678070611621245,0.3615597965475287,0.36448535399844245,0.29735115375233284,0.3995937709383743
2019-01-03,0.5995879503220765,0.43902149945544916,0.38848854971940594,0.3079432929761518,0.42688444334496184
2019-01-04,0.6314326127629797,0.46535652511425646,0.4037542811434458,0.34517344695291635,0.4401618599353609
2019-01-07,0.6377977895863923,0.4649026202390644,0.40477565738046223,0.34305022327298745,0.44043715250465026
2019-01-08,0.6355890425628794,0.46292867476243715,0.40280983195158204,0.3401711305175824,0.43530426721992604
2019-01-09,0.6274634734015657,0.4628324534886937,0.40055697886785435,0.35392633797974515,0.44079005486770917
2019-01-10,0.6364531372502014,0.4637234798417834,0.39819681925222083,0.35376845764791165,0.4455350334901357
2019-01-11,0.6357831840363618,0.453199972443227,0.3943898742713768,0.3543201540509878,0.4390035218574036
2019-01-14,0.632310581122167,0.4518982854679335,0.39136265027314665,0.3542168464801437,0.40213563093540006
2019-01-15,0.634104420859085,0.45215643196374417,0.39492911031359273,0.3586234329300497,0.3979754716405206
2019-01-16,0.6218779511048778,0.4376337325475533,0.438026577816911,0.3492033571487826,0.39921648015481115
2019-01-17,0.6269120371258694,0.4425831081400393,0.43860509889011223,0.35346910209021665,0.3993183637038639
2019-01-18,0.5922387016070467,0.4206871632370093,0.41993285585096635,0.35121604509885684,0.3864092079965099
2019-01-22,0.5998241472552923,0.41604204654269084,0.42349662254008663,0.35232240128819725,0.3877430730553709
2019-01-23,0.5472388849610644,0.4085031284468233,0.3981490516118736,0.3324308748016928,0.33613244307613144
2019-01-24,0.5782762475482538,0.4085435672003003,0.4004601553842977,0.3782085589840942,0.34247995009562654
2019-01-25,0.5888243887444131,0.4092834617630838,0.4004190076401338,0.3796343978095826,0.3548132052844665
2019-01-28,0.6023117167748611,0.40926135496112787,0.39727442703590254,0.3796949346403136,0.3569593589133255
2019-01-29,0.5779640871772543,0.388699078853766,0.39352506669010695,0.37881607820386176,0.3550041581708324
2019-01-30,0.5777670783616611,0.4106658404452437,0.39831298818104494,0.38051392274899526,0.3526193877112321
2019-01-31,0.5789175914125166,0.4091322580242613,0.39488917171402943,0.3799817178273854,0.35065929656240336
2019-02-01,0.565048360455026,0.4089356804585072,0.39135429211750294,0.3800038417537053,0.3454877737521514
2019-02-04,0.5559020340740369,0.40642844952116375,0.38983045115981285,0.37685393407140894,0.3438604530474985
2019-02-05,0.5522857113858598,0.4026165527915075,0.38383935429710897,0.3584854292924889,0.3367366111005407
2019-02-06,0.5398936113422049,0.3933028123615201,0.3674155821221133,0.3482745059901101,0.32870283410414664
2019-02-07,0.5302986550542002,0.3822548450328666,0.36211611435830443,0.3269561677991212,0.31368760836885623
2019-02-08,0.47478661292662044,0.3527359425377798,0.3218065766381948,0.3002078279400677,0.2732946711986712
2019-02-11,0.47468305505903235,0.3527841148975418,0.3211480059154912,0.2999315072047875,0.27575649920997625
2019-02-12,0.4804855007428483,0.3548126537752429,0.32439765478340826,0.30327606568692755,0.27416465915790705
2019-02-13,0.4809527642055462,0.35563470872362757,0.3244232596754813,0.3007697725850093,0.2738310423829555
2019-02-14,0.48093471190580794,0.3555135091034684,0.3248747780095861,0.30086908097574244,0.2731982761403788
2019-02-15,0.4321576885449357,0.23289147118928558,0.2860485574109087,0.2793133369207382,0.21080890989946569
2019-02-19,0.3933054991831519,0.1952900552340529,0.27250989477174703,0.2511879937704052,0.21270518906200597
2019-02-20,0.388592784759398,0.19942033791877772,0.27405886306778915,0.31015271305387926,0.22174025656889718
2019-02-21,0.38491377599932014,0.19709673448873025,0.27154722634109973,0.3088877030546499,0.2224581428449734
2019-02-22,0.3774707496048546,0.1893605964830855,0.268552228233663,0.30122362346241865,0.2120017348518055
2019-02-25,0.35474520415452643,0.18948618794941813,0.2521630439958214,0.300985371188129,0.20471577357680612
2019-02-26,0.3533543698087997,0.19011527719719717,0.2457844245078209,0.2995539395660117,0.20191504327763218
2019-02-27,0.35755953988715694,0.18763690712467776,0.2561424071084342,0.2995286439926061,0.20607304536927246
2019-02-28,0.3571315697253795,0.1907689419093492,0.25318363709035235,0.3160446912020568,0.20632527658446825
2019-03-01,0.36367254790494186,0.1935847507384183,0.17841268880034994,0.3315858125732371,0.20427386664408792
2019-03-04,0.367542570375893,0.18949398450220975,0.19829333351676207,0.33109162757353855,0.21921180140760396
2019-03-05,0.36847418487499817,0.19654850937146762,0.1966089813851378,0.32771478730306536,0.2303555812471331
2019-03-06,0.355142008443323,0.1848494646679603,0.18227159836596632,0.3222687992300394,0.2448287124018251
2019-03-07,0.34448680802962844,0.1851840460437206,0.1913827533042658,0.3238513152003591,0.24552647487430485
2019-03-08,0.2898908013266843,0.18506869901759618,0.18687311217275496,0.2687557999163189,0.21976702749239596
2019-03-11,0.2637512074545404,0.2034210534177385,0.18679051783079853,0.2647331109886493,0.2009857037378001
2019-03-12,0.23823284683178791,0.20567273997422048,0.20505427776060772,0.26947951004778997,0.19885478689494077
2019-03-13,0.25890197024261813,0.20604556720493414,0.20811733711362254,0.2648020464213965,0.2319708265164956
2019-03-14,0.26128981927986805,0.1670035244105845,0.197415107729944,0.2591684981792867,0.2317293070460177
2019-03-15,0.2642677952711451,0.15894848870817055,0.19789182212750703,0.2586470456363421,0.23261015983649705
2019-03-18,0.26125161514266343,0.15953480472612028,0.19929900232017458,0.2571176852224009,0.23095114349747176
2019-03-19,0.2543471975242581,0.1582819469548714,0.19625518771289927,0.24710865371964827,0.23200865373312274
2019-03-20,0.25551026940126137,0.17031889403756006,0.19785858666593076,0.2514009911439856,0.23315064972697008
2019-03-21,0.2630461535961694,0.17220419257991773,0.20401513030856674,0.26226613821522304,0.23299766551617604
2019-03-22,0.2695720451320141,0.1749704764047767,0.20122033999058497,0.27123510801184875,0.23315174057601495
2019-03-25,0.2701801666695789,0.1798903665392485,0.20520915154304403,0.271132514322969,0.23297729217204954
2019-03-26,0.2626132074193324,0.17968842593681508,0.20045213862159234,0.26749898154251034,0.22646757495684472
2019-03-27,0.27188541972307667,0.18282716958341522,0.20528439336509727,0.2789983723271056,0.23672605347226017
2019-03-28,0.26700565147867095,0.18145363573882653,0.20330300530927395,0.2819888233881717,0.23761718621823297
2019-03-29,0.28357670886765013,0.19671071521469846,0.21051586680731674,0.2979231608391403,0.2467904773640061
2019-04-01,0.2805154934893285,0.19598937032324693,0.21572133953584255,0.3002474453956166,0.25807733662777815
2019-04-02,0.28489630532434734,0.25852602505012395,0.22574235553414354,0.3012262036746023,0.2552073656327255
2019-04-03,0.2917715931935453,0.26709021004304495,0.23202643315051233,0.2546818269954799,0.2510908065179493
2019-04-04,0.29258885843970284,0.2670805414985165,0.2323406037023056,0.2552859898267938,0.25088514879007545
2019-04-05,0.28930300245859625,0.26729548246694573,0.23150241303095584,0.25267107036386105,0.25421755958933234
2019-04-08,0.2869551765932754,0.26697903789587707,0.231374537186307,0.2616676907634275,0.2532203539534148
2019-04-09,0.2880187813318356,0.270268562592931,0.2314203325798468,0.2613978903469014,0.2532938089512159
2019-04-10,0.29348679991567617,0.26719211576642193,0.22417745952454796,0.26478392912552984,0.2561569271127972
2019-04-11,0.30205189493096357,0.26362524363919054,0.22854881947134695,0.2357025311764144,0.26090978917666435
2019-04-12,0.291053648754812,0.2603286934117123,0.22691933259303712,0.21963853581268053,0.264605301159878
2019-04-15,0.29148791382491096,0.263201900511579,0.21171245024425736,0.22265092806853953,0.2513485645331476
2019-04-16,0.28896529873154925,0.26073768773821493,0.21135162665298465,0.22413002329362752,0.2387785480745087
2019-04-17,0.2865380389545949,0.26020800482018874,0.2506864872565879,0.2234339024066328,0.2137717610359419
2019-04-18,0.28137214591974924,0.2608142937073211,0.24468580400145126,0.2230446836014893,0.2137866940463344
2019-04-22,0.29115025727433963,0.26295878817391255,0.24619329814739552,0.2215336591450003,0.22485573258006944
2019-04-23,0.29345817511653854,0.2517656917608619,0.246192538061906,0.22933617613044835,0.22489604412520822
2019-04-24,0.27135578742540983,0.2508728465876495,0.2255549886921349,0.21747358561549157,0.21018533150935118
2019-04-25,0.26556116495075177,0.2603733996332068,0.22669332954624227,0.21811463872059855,0.20604251777383079
2019-04-26,0.26690267841008464,0.2600683900531882,0.22856255641793785,0.21782190241429333,0.21307080694712463
2019-04-29,0.26412109483302204,0.2608299197951496,0.23341784058196652,0.22188881235694466,0.21336394938158557
2019-04-30,0.26525515686715595,0.258355682923806,0.23173594965019503,0.22138633673166108,0.22069420031772857
2019-05-01,0.26685097984419304,0.2635054531335195,0.23467601174346536,0.2211963995269817,0.22063694453819804
2019-05-02,0.2582978112644667,0.2522934816571312,0.22585375213456377,0.2137598362850735,0.21245077925496403
2019-05-03,0.2633266506157677,0.25219598813162697,0.22336488421134942,0.20663553937063092,0.21225649120439927
2019-05-06,0.2463878893705381,0.2485275732622444,0.21787841455737647,0.18685998307356969,0.203872757350372
2019-05-07,0.25331947217763046,0.24545870856015295,0.22283099408592677,0.1972115437788,0.20853353093328994
2019-05-08,0.25434658298435875,0.25073539277351875,0.2249199541638165,0.19722118729103588,0.2108989828928507
2019-05-09,0.2471229590394266,0.24778830800328205,0.22422153624016972,0.18821985416239628,0.2073778964137446
2019-05-10,0.24682635830887495,0.2479240044218037,0.2247472716420173,0.18583495556001298,0.2107365403539187
2019-05-13,0.2877989905407228,0.2602190107257279,0.24290312113832074,0.191954276699343,0.21610914138554663
2019-05-14,0.28330552854431323,0.259741795236971,0.24449136768587673,0.19313143191690912,0.21566163558139287
2019-05-15,0.2775795025491884,0.1929063204752162,0.23841107576652745,0.19350888667959817,0.21267394441291673
2019-05-16,0.26993979952905606,0.17170543820902653,0.23288983798768184,0.1961068006780729,0.21665019765915414
2019-05-17,0.27317903458951426,0.17271811107932894,0.23498199406461043,0.19625118693206342,0.21745202976918293
2019-05-20,0.28024165658241923,0.17235462591525222,0.23494366285984075,0.19648603514024027,0.2157211609898701
2019-05-21,0.28300484883630744,0.1757618797040253,0.23940253514588375,0.19791439751224157,0.21642069147871357
2019-05-22,0.30525082606291154,0.176286144772536,0.24201457344546506,0.2032161032545038,0.23549031595462983
2019-05-23,0.29758425634670244,0.1683641592286366,0.24375438814486866,0.2180544006684391,0.2332605671807253
2019-05-24,0.2862521858367207,0.16552926281450922,0.2390540067136485,0.21714638287548668,0.2328545822877129
2019-05-28,0.2874690281082464,0.16531949264185586,0.24050528337736166,0.22501668059255994,0.23023201231790053
2019-05-29,0.2809421604898406,0.1663228949951355,0.2396157397729243,0.22232340762993744,0.23173087176023524
2019-05-30,0.27798540545090816,0.16111409094933032,0.23830226571189933,0.21987107483368656,0.228206305420226
2019-05-31,0.28443404997291843,0.17583269056810585,0.193272144374572,0.24096422909742896,0.22843593253266734
2019-06-03,0.2842654454435986,0.18152646611642606,0.1929742929475542,0.24072749927531087,0.2327320493068069
2019-06-04,0.3580286594744714,0.2244020971478449,0.22488438266345465,0.2560175964808225,0.2410394266166297
2019-06-05,0.37939686778499265,0.22581370747539803,0.23079570098125338,0.26025911117775014,0.24198988067908464
2019-06-06,0.3794032727714831,0.22548192963558805,0.2352173806718142,0.26014342057144274,0.2441795264614223
2019-06-07,0.381901195036604,0.22002278139857856,0.23320109691059637,0.26010144230351856,0.23139339683022314
2019-06-10,0.3812119307574059,0.21931917922154762,0.2300748786362385,0.25961986573584195,0.22049340047970073
2019-06-11,0.3747435021003791,0.21671230098998048,0.22162423218933863,0.2552153995964524,0.2204911813796269
2019-06-12,0.37670421471728105,0.21702643741024433,0.22499098728560588,0.25444260783720246,0.2106004802810019
2019-06-13,0.4229830938597151,0.2220590557731586,0.2534235040141324,0.27120662756234065,0.2182683709858318
2019-06-14,0.42437433580260675,0.22199133868182014,0.2530832917376029,0.27146952431673005,0.22237481951027566
2019-06-17,0.4174278315029808,0.2221898546127174,0.2531892395813148,0.2730107484459899,0.22426377614247886
2019-06-18,0.41742686051541916,0.22328509013169176,0.2531366829461698,0.27497265956157463,0.22450290121088182
2019-06-19,0.41831550116081945,0.22251649750415844,0.24587328292985214,0.2664753736460062,0.21777010922419637
2019-06-20,0.4280898604691756,0.22040798904692235,0.2486552799369638,0.2662071946863599,0.23977433012836427
2019-06-21,0.4302190955819239,0.22027021439193709,0.24835010195042304,0.2665570795112334,0.2471719015878458
2019-06-24,0.4311038884982671,0.22031372131920762,0.2476424715631916,0.2659791618197561,0.24353345792427014
2019-06-25,0.4044594832338492,0.1987192623633823,0.23385607230377162,0.24899124001636308,0.23791756339043812
2019-06-26,0.40448551594894794,0.19872389126518047,0.22928803774501413,0.24704602497025996,0.2306420649201333
2019-06-27,0.40938044123392714,0.19929826961159533,0.22787803391423825,0.2460967263579511,0.23699508534685534
2019-06-28,0.41119507423413953,0.19886595225318224,0.23018997826594198,0.24362349309908382,0.23374100554224278
2019-07-01,0.40791949628842666,0.20285813801001543,0.22677935207439995,0.2472388086134777,0.23359564580919168
2019-07-02,0.4060549246738733,0.2015484005837287,0.22684757316214915,0.24699152950850445,0.235572289687084
2019-07-03,0.4074630031076265,0.2016434114805238,0.22975567482952278,0.23586703591122454,0.23599207818421358
2019-07-05,0.3849392763255358,0.1978520264086128,0.22494180443273706,0.23194563479355135,0.21602630422521304
2019-07-08,0.38201208150916804,0.1990147903760631,0.2203885889423827,0.21344700009181913,0.215450040701622
2019-07-09,0.3827095062731126,0.20116744419237464,0.22552594405623316,0.2146451468311005,0.21719209861191655
2019-07-10,0.3805515629401219,0.20057497409653394,0.2215110070016708,0.2038858624967769,0.2185684292134925
2019-07-11,0.37760251462760247,0.1961635673399882,0.21897160119400633,0.20139653042439912,0.21438054685742766
2019-07-12,0.37853829943033607,0.20356736915811863,0.2234155221616818,0.20334224405187337,0.21488240132433764
2019-07-15,0.36121996496607,0.17697954011219688,0.20795773832038797,0.16915540744087268,0.217159165741259
2019-07-16,0.36164422490363196,0.18355481147117356,0.2177772311888008,0.17557179790134408,0.23095470837491158
2019-07-17,0.32419186746493006,0.15920429164241975,0.19916411125515426,0.17129142496225142,0.23073513021440695
2019-07-18,0.30527716669290533,0.1579487882639252,0.19641864989224547,0.15592528650117257,0.22962604444394777
2019-07-19,0.31256649095720906,0.18218503642807957,0.20329998645653458,0.1573283697929715,0.23106804961361396
2019-07-22,0.31028229605786956,0.1820853725477031,0.2036607234902433,0.15968013505489237,0.23211902132350928
2019-07-23,0.31640848986102765,0.19418107453304526,0.20193864949564935,0.1759653041104311,0.25229886302931886
2019-07-24,0.3215604997439381,0.194232950137248,0.20184538758789755,0.17752120410281053,0.2526634910953353
2019-07-25,0.4091881872536918,0.20165447664145947,0.2064246945944954,0.17745055933486426,0.2660170988294091
2019-07-26,0.3646520966787022,0.19695199318936896,0.1782633175813336,0.18129149444319229,0.2643476298907941
2019-07-29,0.3657258446129472,0.19317040439398045,0.17819458648257652,0.17958000268381016,0.2650156467571665
2019-07-30,0.36568777550737197,0.1910427007700545,0.17731670313952613,0.17655859306022004,0.2632861030960317
2019-07-31,0.3659510786591038,0.2092275017849106,0.19004035859254995,0.1837933971573996,0.26459458903923694
2019-08-01,0.3636788503325936,0.2134560463530715,0.19243789955222007,0.18629097409648623,0.264789039275264
2019-08-02,0.3547845902843657,0.2122763830772762,0.18865602700793532,0.187196142459891,0.24397569143927447
2019-08-05,0.3617469289315767,0.24344237029517832,0.22717376875984435,0.208997145889068,0.24975914577819763
2019-08-06,0.3602442914765797,0.24748791573100937,0.22714996576514476,0.21456996411164186,0.2533653327020513
2019-08-07,0.35956763264810954,0.24763479973212416,0.22400213931243151,0.21486227930864985,0.2538747862386313
2019-08-08,0.3625857668574628,0.2491432864151798,0.22689676395805222,0.2169263876903411,0.26153032242204344
2019-08-09,0.35588574374301013,0.25050166112705774,0.22526623051454436,0.21692180133932562,0.2576835287256524
2019-08-12,0.36682213920583506,0.25491432594641456,0.23446209018576555,0.21807963871690977,0.26824506829590783
2019-08-13,0.3646258050411684,0.249920006425503,0.23201626328146474,0.2132185940963697,0.27138367629741766
2019-08-14,0.3857054488242039,0.26016550553136436,0.246340983259765,0.22277284565585118,0.28453933031572964
2019-08-15,0.38348932387139617,0.25815921045111834,0.23664310620494616,0.22210210470518219,0.28151845415344756
2019-08-16,0.3892117948410174,0.26196529404257723,0.24328317478887068,0.244328548656709,0.2903973484367041
2019-08-19,0.3899678534597294,0.2598546769465041,0.2465888499894301,0.24967482143952005,0.29044657761106984
2019-08-20,0.38968311212970635,0.26031905798526245,0.244666820324207,0.2499861325329522,0.2882473490703905
2019-08-21,0.39267347207712255,0.2595728094421861,0.24949272764894156,0.25224785049496407,0.28682786060600135
2019-08-22,0.39300054096241277,0.25703058113855043,0.24983937564907888,0.2548158475021953,0.2860093958223722
2019-08-23,0.3953236652189221,0.2588505356688556,0.26040061190781816,0.25403471104335495,0.29325522506234253
2019-08-26,0.3951438721741372,0.2589295527364497,0.26423504084013866,0.2539848302169614,0.29310203675653174
2019-08-27,0.390600722290241,0.24657562495138582,0.2511993240154354,0.24669479652375587,0.2741094365698851
2019-08-28,0.4095599039813818,0.24724738171710808,0.24996315086502066,0.244978538798745,0.2703547128616807
2019-08-29,0.4274446538599893,0.255527988476269,0.26501329768892423,0.2536259192419029,0.27671346835877225
2019-08-30,0.4264611670684047,0.2437231836908376,0.26280566627408575,0.25244255423296247,0.2746435214208654
2019-09-03,0.4285805863187113,0.24381224402732357,0.26426832345138185,0.25513082241227153,0.2762835278040158
2019-09-04,0.42464279157329554,0.22511448474348458,0.2630458116475665,0.24518886909653664,0.26343015080761506
2019-09-05,0.4246818470396827,0.23037508391643183,0.27401889780072175,0.24404345421319545,0.2743798561914598
2019-09-06,0.3562087494190675,0.22753739677004642,0.27370729443353564,0.24426042065599923,0.26406305964032334
2019-09-09,0.36359514923150554,0.2278917259923728,0.2767247680740049,0.23477992774538436,0.27107381270918696
2019-09-10,0.3693124081919208,0.22936795185069309,0.2769361722849634,0.23432429393492546,0.2674799372726155
2019-09-11,0.37549397532292506,0.22931021206127963,0.27812989828136053,0.24370352950465413,0.26975241706619807
2019-09-12,0.3755568231908345,0.2212901351548684,0.27424315876504207,0.23556428721221434,0.2678128920922678
2019-09-13,0.36986754847774134,0.22072740245931693,0.2783170296025866,0.23462782284328287,0.26741455250626495
2019-09-16,0.42526057527606276,0.22517603782873036,0.2886306626951963,0.2329236341254707,0.2736862213693581
2019-09-17,0.4258844717441662,0.19475511166300996,0.26093145138275786,0.20674541599582405,0.25984786681319344
2019-09-18,0.42582910819180325,0.18893502672266385,0.2607536428895892,0.2046746495169166,0.25679608815603455
2019-09-19,0.4261498165782093,0.1901472865621287,0.2608342890703212,0.21689359892711182,0.2562247614803609
2019-09-20,0.4245922261649346,0.18574135628916094,0.2586516157369189,0.21939961796929255,0.24869206065290547
2019-09-23,0.42648182827984316,0.18657550926111732,0.25941802848138173,0.2193211763365166,0.2476342499632052
2019-09-24,0.414034427032608,0.1819126207524963,0.24676567172456665,0.21700048041170142,0.2317426074472339
2019-09-25,0.416623692303696,0.18239935967599005,0.24772373888457375,0.2163642027007799,0.22651640497172074
2019-09-26,0.3882899345596263,0.164653846722205,0.22968713289403225,0.20271104921705235,0.20464401155410095
2019-09-27,0.3799893581721894,0.1667172108069879,0.22956024010142093,0.19916435836722285,0.20547983812680226
2019-09-30,0.37822163696220584,0.16371158783919945,0.22597437107718918,0.18178782413518088,0.19858182293765803
2019-10-01,0.3776347244548714,0.16601940763828232,0.2255802067729524,0.18151778540876487,0.19755119336301516
2019-10-02,0.4083497394270764,0.21208933940438074,0.2663707035620058,0.19532770044760725,0.2227586228904749
2019-10-03,0.4025115654811377,0.2237345124504124,0.26287499355472765,0.1932318611465582,0.22324570901763183
2019-10-04,0.4079258080146223,0.23226923833664806,0.26533199225276183,0.19246727274065503,0.22902121602161876
2019-10-07,0.3887117809546433,0.21750801003211503,0.2442105512675651,0.1884493537755389,0.207856619416221
2019-10-08,0.3901700517192787,0.2173452009360365,0.2417961114164876,0.18850385062648245,0.21220919689949122
2019-10-09,0.3875406662798346,0.22180802247799428,0.24093603231468716,0.188841270555629,0.2131696694130866
2019-10-10,0.37527037472325214,0.2229064596716042,0.24182304240732133,0.18586049730314613,0.21296192629536137
2019-10-11,0.3593217210079478,0.21172863076574588,0.22998770168029034,0.17560675050949898,0.2114476537209676
2019-10-14,0.3600025288874233,0.2118669529026527,0.22958714375356679,0.17561552716528042,0.2103535931943294
2019-10-15,0.36512963525585257,0.21517782949788114,0.22664410572586693,0.16602776501014616,0.21258228879028224
2019-10-16,0.36300914185014993,0.21600936561218254,0.2322469643461226,0.16474777796267306,0.20747505792603962
2019-10-17,0.3560832603294145,0.20917767329899165,0.22417198413454725,0.16359101232771384,0.19513051037436027
2019-10-18,0.35713079684252014,0.21174955212230878,0.22447826797692963,0.16351418461889453,0.19449799430987044
2019-10-21,0.353032213140302,0.21662431405149396,0.22309402310920184,0.15590795775503322,0.2021187143997432
2019-10-22,0.34776646652451854,0.2143079593152712,0.2262869203452369,0.15593060347657314,0.20208733953956673
2019-10-23,0.34110163138455574,0.21447863682565232,0.2249040388513371,0.13804106766776572,0.2002147624904906
2019-10-24,0.360800220016092,0.21057683370946997,0.2226585419272391,0.21762474242709,0.20019780642213375
2019-10-25,0.38845081389519,0.21398523464348282,0.22129158453438105,0.21475336945375784,0.2303074908553654
2019-10-28,0.32069514888830575,0.21373295663942812,0.20453849567053312,0.21922474466247807,0.23237050980720814
2019-10-29,0.31430508368286225,0.21340152136526686,0.204902786189499,0.22053781079617965,0.2333060780498346
2019-10-30,0.3212156917196306,0.213398739194003,0.20568849521496357,0.21948422117131725,0.23391410468882498
2019-10-31,0.3203367742477688,0.2120212601434524,0.20571985002209262,0.21610223387688957,0.23753170306678234
2019-11-01,0.32046408358584577,0.21895117369485195,0.20667386117584877,0.21339664464817365,0.23835746248430276
2019-11-04,0.3154962275462657,0.22222013734013576,0.2049848239738391,0.2159917092293887,0.2373588671614662
2019-11-05,0.30877344109366134,0.22466026880686968,0.20577672564270003,0.21975530012497727,0.23817968504704518
2019-11-06,0.30883350951732624,0.22413472539973564,0.20438758956074413,0.21985563638250785,0.23824564354064295
2019-11-07,0.30687637926807415,0.22286076584980086,0.2025017386569632,0.21943157679445513,0.237802668174813
2019-11-08,0.3061923614813526,0.22153347134782717,0.20258328892439073,0.21876032429691256,0.23616841273606345
2019-11-11,0.30711725233309145,0.2196598423416332,0.2025814735273157,0.21732316855183165,0.23590440517422911
2019-11-12,0.3265122861450424,0.2174556044413132,0.20347890135589922,0.21497431591372065,0.24176762251623837
2019-11-13,0.29594684393690507,0.17069214990481862,0.14176163458685176,0.19971530921629888,0.21579694283842868
2019-11-14,0.2949103490491522,0.14595935800286616,0.13971963002764978,0.19985949656336863,0.21409056363433923
2019-11-15,0.2901873856526628,0.13819114214118655,0.13761176713243256,0.19881883036456202,0.20948585472678943
2019-11-18,0.29242523501683243,0.13464816016453623,0.137212228441821,0.1989757864231737,0.20938780726774436
2019-11-19,0.2960890051134329,0.13388719952944575,0.13660365152253187,0.19979424492489364,0.20445378621868526
2019-11-20,0.3066746443451293,0.15126242550082813,0.1382930514327006,0.20378109762073102,0.2159789236793192
2019-11-21,0.30863487644229426,0.1449338904485289,0.1389626120058282,0.20455664638862728,0.2154872887206381
2019-11-22,0.3171760194584403,0.14890533218436333,0.140193430971471,0.20504302294321228,0.21157438779440596
2019-11-25,0.3174714933972224,0.14895334758472545,0.14086060299883063,0.20625775487708123,0.2115964120012334
2019-11-26,0.3107955074905114,0.15470285532436,0.13863041402259513,0.20631305955579082,0.20795267064206305
2019-11-27,0.3099589848237823,0.1535453184049202,0.12668453282647496,0.2035752315256446,0.20691617681528188
2019-11-29,0.31054752973569105,0.153578522693739,0.1266875463938241,0.20395009453798438,0.20717515358486627
2019-12-02,0.31699425884476695,0.1566073028917046,0.1315912736250164,0.20908443954966352,0.21110070584861174
2019-12-03,0.32434164334114063,0.1648095119856323,0.15706661464226807,0.21334499963060446,0.1983147698443762
2019-12-04,0.3227944457827495,0.1660482114633164,0.1550558268432644,0.21257051559883303,0.1987843946769316
2019-12-05,0.32298982737365134,0.1642987475178635,0.1550793310138139,0.21295016990019597,0.19939102540290976
2019-12-06,0.30499424715215767,0.16449687040621983,0.1572093315527655,0.13369287245264067,0.20452484923147368
2019-12-09,0.2643701978819621,0.16068873711319412,0.1471066607619882,0.13343345386914543,0.1641379930731997
2019-12-10,0.2605842512931115,0.15879333839042972,0.1487543471040264,0.12487767640744812,0.15639153612296927
2019-12-11,0.25910041052821753,0.1602306588577045,0.14704222260606206,0.13129861407907173,0.15715320945635503
2019-12-12,0.2751096648856169,0.18135952559005827,0.1543434845055925,0.13494104969883147,0.1608735440847496
2019-12-13,0.27529153430467457,0.18068665971579081,0.15481850657102808,0.12861323441547637,0.15683256329333092
2019-12-16,0.27491711267482666,0.1937785786913742,0.15680137127662075,0.12898851878910988,0.16918247800229946
2019-12-17,0.27498216258016905,0.18954882293182868,0.15688431870807776,0.12225662088968087,0.1740530007766581
2019-12-18,0.2727004466758466,0.18733736225525272,0.15510108420254218,0.11340776254935053,0.17603111642900093
2019-12-19,0.2804883252730376,0.18909659140478213,0.15561614116719868,0.11800009243125774,0.176288891929479
2019-12-20,0.2862503021561639,0.1894159457110775,0.15458413079364433,0.12073380028450219,0.17572110882177708
2019-12-23,0.28786461920166073,0.1904083878123173,0.15473661491569055,0.1267730204927498,0.1753289689334527
2019-12-24,0.28771878281221536,0.18916667439201382,0.1546559240150927,0.1269738278776567,0.17224427504534984
2019-12-26,0.2740346032337955,0.18918620504732403,0.15335693396431105,0.12603200895052877,0.1672261076613151
2019-12-27,0.28753614905374675,0.1867178276935077,0.1553549682319651,0.1284462922361067,0.16973139779714677
2019-12-30,0.287615245620812,0.1883973679608606,0.15543094369053975,0.12843588117582097,0.1713370661012398
2019-12-31,0.290246869361538,0.1884096399852442,0.15563431671954392,0.12764545796363294,0.171438853113267
2020-01-02,0.29184796065468793,0.18985993205954188,0.16603295294863687,0.13791372783277964,0.17268158557909052
2020-01-03,0.31745108090736185,0.19673242391085094,0.17398766324545495,0.13939812094593707,0.17990911953589908
2020-01-06,0.30197392485784125,0.18329807875209217,0.16799695109079196,0.1358387933599232,0.16803815092232424
2020-01-07,0.30069930473625306,0.1819671538728651,0.16906116538780372,0.13617104712448203,0.16800314277000206
2020-01-08,0.2976731071406461,0.1874324032941462,0.16775241410701078,0.13395716708770883,0.1650377525137228
2020-01-09,0.29600424423285465,0.1872698054217583,0.1674523460210247,0.12977869004031264,0.16499472030387807
2020-01-10,0.3022793660956152,0.17955270162741868,0.1677306597428771,0.1303205713173429,0.1627592496965046
2020-01-13,0.30250843343973005,0.17819126150251025,0.16721491826425297,0.12983535970327034,0.1626714373601477
2020-01-14,0.3026469903163422,0.20017366661198005,0.17156838693732482,0.1339501019618102,0.163664674858881
2020-01-15,0.29564164031423135,0.19681704627573354,0.1694817742060882,0.131018109563958,0.16119435428686285
2020-01-16,0.2914860152178109,0.1846464286459875,0.1514045179463795,0.12597682454665157,0.1479946027620583
2020-01-17,0.29175553730548703,0.18422434624722153,0.14945052426841224,0.1266258317942172,0.14738965985160452
2020-01-21,0.31765163486357406,0.20388735261578356,0.19673104490242604,0.14763524848388335,0.1623053974786782
2020-01-22,0.3134344928159926,0.20789714158586747,0.21060822266080914,0.14544738147664543,0.15786078621814162
2020-01-23,0.3496885804138228,0.2078111379256471,0.21685149807395712,0.1794764499284953,0.1738998407507513
2020-01-24,0.3662927507592583,0.22105806277407794,0.23630610895831353,0.18778487471009145,0.17207827590845887
2020-01-27,0.4009248374812497,0.2425877227844562,0.27650286511872707,0.18132551493388335,0.1809712736510628
2020-01-28,0.39970912016177756,0.22984107893000344,0.2698642266876182,0.19166285103105707,0.175812923052064
2020-01-29,0.39910942534052357,0.23391483876581812,0.27527749354497055,0.19470276505691828,0.18630060935024176
2020-01-30,0.40911008651416725,0.21779937651745448,0.29353517019930103,0.20329788066525953,0.17568187999391785
2020-01-31,0.41733930406882697,0.22718921113386645,0.3067632908569486,0.20837898755630416,0.17757558997239234
2020-02-03,0.4182700890408331,0.22808979074367403,0.30747120719055254,0.20585451901374868,0.17409851393833067
2020-02-04,0.4404050440338039,0.24803971703702943,0.35053478697372653,0.20565444994178597,0.1826205160848175
2020-02-05,0.4429124979529005,0.25282725865726674,0.37037869036089865,0.21363093235572406,0.1847058701674058
2020-02-06,0.4494649823780941,0.2540541196311641,0.37226909866423064,0.2145937165547482,0.20851074932887353
2020-02-07,0.44945093222564697,0.2543027262102416,0.37327168008626427,0.21538466646073973,0.20855991198025647
2020-02-10,0.44872149717967824,0.2542056776906887,0.37314096550082093,0.21531447602600937,0.210424894297269
2020-02-11,0.44371485874233624,0.25813160539657953,0.3757874127776849,0.21314456663226508,0.20895047124884353
2020-02-12,0.4465385158171331,0.2603130158517702,0.38186838943579327,0.21318549621924035,0.21353213843854596
2020-02-13,0.44757725631926965,0.2607490682361665,0.3834782210303145,0.21281518606876854,0.21824251596308963
2020-02-14,0.4551955417645018,0.25959391485844463,0.38048944862311945,0.2120466535359311,0.2173137877748412
2020-02-18,0.43430784748104095,0.25497256777888155,0.3787062551941055,0.211036046063465,0.21250949196589883
2020-02-19,0.4339324265484464,0.25411549736172234,0.3793175017820254,0.2125409720503113,0.2125282152203805
2020-02-20,0.43382901041821165,0.2542249673611225,0.3795199057748925,0.2129736739671196,0.2119992066186469
2020-02-21,0.43566812845020975,0.24783327770285346,0.38351659232491436,0.21452368641986205,0.2115116600739617
2020-02-24,0.5011501733744981,0.3071098158866294,0.391082971503374,0.2498649978693937,0.2367992121075045
2020-02-25,0.5614121685289952,0.35081923708113266,0.42819443666706725,0.3452106795486322,0.3028603506251848
2020-02-26,0.5676628600790319,0.35491222132810385,0.45245061156193533,0.34700407973174424,0.3087541385965121
2020-02-27,0.6020918629211907,0.3412400180459838,0.45068797015013046,0.36678981057386506,0.3722527130770216
2020-02-28,0.6310264029324344,0.35444946965609436,0.46435718035863033,0.36427245085570653,0.38773157787927454
2020-03-02,0.6223236159183314,0.36413008630960336,0.45838769208074315,0.36866617483694397,0.3869971700126259
2020-03-03,0.6308323998250257,0.3642761808245039,0.4681411061645004,0.377606477029383,0.4061750821392722
2020-03-04,0.642936746830624,0.39870297689816614,0.4694479098174426,0.39322079076974725,0.4391252261656463
2020-03-05,0.7321967376492186,0.441234305378752,0.5844403713576838,0.4037538775110599,0.5512903796414041
2020-03-06,0.702204906542412,0.44539865919261895,0.5806586637887823,0.3877681155513204,0.5624971479577099
2020-03-09,0.7195872472316177,0.4606762275275443,0.6306739024482761,0.3961108898021867,0.5699507976563988
2020-03-10,0.8669159980143136,0.4803948665033551,0.7428916161458016,0.42450859622297205,0.6344291300095763
2020-03-11,0.8615549870180749,0.5025043431291009,0.7563783187826476,0.4493117631872864,0.6342430241169382
2020-03-12,0.9741882834916259,0.7691803652597252,1.0177611000336564,0.6085136416533498,0.895031531981445
2020-03-13,0.9923423209553155,0.8871118648475165,1.0898551070930527,0.7622931729488146,0.9418860356378995
2020-03-16,1.0627546222225925,0.9008317700558609,1.152291379766677,0.798722205751827,1.0108827998440295
2020-03-17,1.0598197276329822,0.9449728985598305,1.1956541702447336,0.8024805504050313,1.0107169989677647
2020-03-18,1.2421097980954403,1.1660931750710835,1.4150518345878051,0.8254607451269084,1.1682661993744665
2020-03-19,1.2597592822230197,1.1703344307128736,1.4006289143687674,0.8749732059814919,1.1632261646396056
2020-03-20,1.2649575006003428,1.171022170118036,1.5052768021028589,0.8839897365778231,1.1632006047424073
2020-03-23,1.2623168625673522,1.1867278708892515,1.5351011783243096,0.9093279156247366,1.169249120998132
2020-03-24,1.6885779148671174,1.372474864281826,1.7469150956883286,0.9859718842235015,1.346342482116907
2020-03-25,1.7197926662776466,1.4628825112088655,1.7856857390813412,0.9986755776339431,1.3539491813694482
2020-03-26,1.7191479234836629,1.4639535712631215,1.781751122357736,1.0108394208639224,1.3876334953462859
2020-03-27,1.7374280456235012,1.471120263991262,1.7887302846389472,1.0575496688436465,1.395001286893556
2020-03-30,1.765309505691055,1.4708275256068837,1.796601244004826,1.059347637692387,1.3959064708214046
2020-03-31,1.7660524332741416,1.4706629696025162,1.8060001311422054,1.0624315478496207,1.3978180503513298
2020-04-01,1.7894929733691862,1.5267004997105555,1.8659060170645507,1.091500689375718,1.4043245344553466
2020-04-02,1.7892266965558363,1.5268218472369663,1.8697480227290726,1.090731947623936,1.4058736417067357
2020-04-03,1.7926162746119874,1.5268135783990446,1.8698004778038197,1.0909818839491536,1.4058998578375437
2020-04-06,1.788514521869524,1.5237781081959418,1.884993924904184,1.0903281829611644,1.4399900533347874
2020-04-07,1.8012588447635345,1.5208385554143915,1.887321472457638,1.0979068755347068,1.4700220764443965
2020-04-08,1.8391246815026216,1.5329845414496381,1.9348489728683633,1.1105651792100326,1.4713736977979188
2020-04-09,1.8618539377683705,1.5461357054864404,1.9940456065670487,1.1240565859409193,1.489608126720845
2020-04-13,1.8620670658564935,1.5467420864663297,2.0007847360512128,1.1353114905220256,1.4945266713236802
2020-04-14,1.866383364468522,1.5571642306596776,2.01598538821139,1.1350858083012765,1.5064942557590861
2020-04-15,1.8643424264992239,1.557324490742387,2.0174748927717494,1.141609589580914,1.5025209030046056
2020-04-16,1.8786646998594536,1.5502421105602953,2.0366532599563385,1.1445757729256898,1.4983828973187536
2020-04-17,1.8475320012123226,1.5613715880589787,2.010465775983032,1.1449976870232945,1.474549889647775
2020-04-20,1.8511010261209475,1.5580636254985443,2.011768453948833,1.1435120234797636,1.467982989123896
2020-04-21,1.8389568895050687,1.5547324069298598,1.9941222554381657,1.1401554611233242,1.4658660446951834
2020-04-22,1.786348897947957,1.5442154774674874,1.9613116542012663,1.1285159821265123,1.439794077886752
2020-04-23,1.7837697696181023,1.5396191524924416,1.9566549786759846,1.118292841453111,1.4435592276772122
2020-04-24,1.7152999754253309,1.4261366587445437,1.8257025800333218,1.0360091433929746,1.2831006651853467
2020-04-27,1.7046376566797683,1.3559414275680373,1.7848207428400502,0.9344171676468734,1.256903814721059
2020-04-28,1.7117507582880076,1.3848554371489952,1.7705527540504673,0.9055173395183663,1.253255372659978
2020-04-29,1.750388190947392,1.3987354981658884,1.7583849219567755,0.9138912829757849,1.271697973151008
2020-04-30,1.5888478381946411,1.1764003424582874,1.506866054359068,0.8859474873153474,1.076760287915398
2020-05-01,1.587082986357723,1.1670640189520605,1.5426964205421487,0.832579636003833,1.0959583794144352
2020-05-04,1.6049850461957857,1.184392424297286,1.4945878709209064,0.8412549873170154,1.1025648171900693
2020-05-05,1.6075044829477576,1.185448351711541,1.4878700326014211,0.8285856548504538,1.102078432728046
2020-05-06,1.2031387996383167,1.010643891646877,1.2809046017029724,0.7531189008627601,0.9425462522830694
2020-05-07,1.1591805846345034,0.8941645271630934,1.2311837708883628,0.739396516048424,0.9388376631587383
2020-05-08,1.176957673650754,0.906221601982587,1.2863346062742718,0.7576917983556788,0.9197521822342278
2020-05-11,1.1444517658427327,0.8918333294443879,1.2786601262605701,0.6953421737005465,0.9031543155775663
2020-05-12,1.0935689374413162,0.895944579682575,1.2660591200294162,0.6945656497647307,0.9040009778824972
2020-05-13,1.103239287217246,0.9174072896675453,1.2785857881278104,0.699517631374948,0.9150034654622548
2020-05-14,1.047511405774538,0.79593811720899,1.16514401955938,0.6588069264804782,0.8915695533692555
2020-05-15,1.0345233697417284,0.7850342305934279,1.1400708858088229,0.6637057673269153,0.87231346273546
2020-05-18,1.0497069274318802,0.8881326616482407,1.2959780362741573,0.7788847847506173,0.9509684035408842
2020-05-19,1.0523019535342744,0.8879727512624506,1.2906606479708735,0.7819456800851866,0.9268609127608028
2020-05-20,1.031467070137242,0.8967526211186789,1.2977964794816046,0.7716510288427201,0.905578984240151
2020-05-21,0.9796665882536105,0.8895689667766333,1.2516505423789055,0.7594640261041248,0.9167928482180494
2020-05-22,0.926555466298281,0.8794846664578468,1.1751601119936064,0.7343188519534153,0.8882539841473267
2020-05-26,1.00592019188681,0.9467163994332548,1.2471162712008466,0.8111727935749036,0.9390935857864923
2020-05-27,1.0248925024954783,0.9368679113798717,1.236484353697598,0.8165413144051976,0.9303722378359065
2020-05-28,1.0508528560878436,0.9400910444213997,1.2458263118865764,0.8052158127286408,0.9320691177888043
2020-05-29,1.0178362823052367,0.9202827043741474,1.201694072363169,0.7819794540584462,0.9116148573989146
2020-06-01,1.023475744615775,0.908008086855181,1.2071212345902242,0.7917630912494702,0.9102203168042461
2020-06-02,1.0149158335816593,0.9036214743399622,1.1991010724276387,0.7938959082385526,0.9055916077182999
2020-06-03,1.0264105148358025,0.9234673674497351,1.248433551888425,0.8002693035791557,0.9236156862498837
2020-06-04,1.5426892087996242,0.9888700939750574,1.299578523613813,0.8072888083249005,0.9339639047236824
2020-06-05,1.5634939188989458,0.9949570729000361,1.3121518136202452,0.807895345168331,0.9338130725168129
2020-06-08,1.574810232680764,1.0114298758924272,1.3607179060411168,0.8151163606907109,1.0400880522658549
2020-06-09,1.6015411589972628,1.0447761834130422,1.3903726159441134,0.8425805163706527,1.0805827055217363
2020-06-10,1.6026937634125882,1.04696372480621,1.4148154089596565,0.847436957055333,1.077439846426381
2020-06-11,1.6475919446735476,1.0800047815029203,1.467435421071243,0.9143971494454736,1.1463433356115142
2020-06-12,1.6973923281811418,1.1186110181642792,1.549573282861632,0.9501436103915561,1.1581887555313493
2020-06-15,1.6532498778886389,1.0949779700392057,1.514552025053829,0.926106978602308,1.1347820762628795
2020-06-16,1.627551998782874,1.072927994512361,1.501089162700381,0.9048028225630051,1.1229489877237935
2020-06-17,1.6213044437793211,1.06628418945226,1.4943503784800936,0.892937879837873,1.1269155312146943
2020-06-18,1.6217281232244494,1.057816043469614,1.4804657611723684,0.8725234378860308,1.117284096737851
2020-06-19,1.6289527299448558,1.0688869156328429,1.499128528802687,0.8840358725286105,1.1242402978229606
2020-06-22,1.6442251709563012,1.0648656112768142,1.4724508955551816,0.8684583674778054,1.113780423050827
2020-06-23,1.6592327212855253,1.0574266678210869,1.4588171229565658,0.8553961654302222,1.097375474476767
2020-06-24,1.6682419692148607,1.0769754868437054,1.4752212716594053,0.8800665731931341,1.1046175571376802
2020-06-25,1.6548115733138216,1.044589080850818,1.442573918636661,0.8627804290562605,1.091207551129811
2020-06-26,1.6695455485833661,1.0552504535659826,1.4534547301199396,0.8691565380878296,1.0988871072694901
2020-06-29,1.6766613815213274,1.0626526918860073,1.4562732893608468,0.8923463575020909,1.110411651342922
2020-06-30,1.6648570166180354,0.9999545054967629,1.3464392874380593,0.8221170522419956,1.0547987128300311
2020-07-01,1.664219520858885,1.001234175691152,1.343960373084079,0.8231117377135888,1.0551965807491757
2020-07-02,1.6676384484272633,0.9962667642102573,1.3413848661567565,0.8121376937513738,1.0468156444745558
2020-07-06,1.6676361361887373,0.9970744601458107,1.3405883122564388,0.8117015905624974,1.038869247510479
2020-07-07,1.6824978444399021,1.008391321423827,1.3627986264617218,0.8168273285293796,1.0390569468732551
2020-07-08,1.6317905995812148,0.938954736196156,1.285340351222165,0.7324701814624203,0.9723740093443628
2020-07-09,1.6323167672997703,0.9489883937650342,1.3012744692395384,0.7348715039468835,0.9828571301628313
2020-07-10,1.6222044262208617,0.9588396992711125,1.3080057833595058,0.7442057289657436,0.9822081725327957
2020-07-13,1.6181658051905474,0.9576418474967054,1.3076309322489394,0.7449406952967718,0.9848286536798113
2020-07-14,1.6114773549366472,0.9558495881940016,1.3013175694691241,0.7342062529551742,0.9728291579285437
2020-07-15,1.6736597558346444,0.993625500557968,1.3632695304632778,0.7623701367591537,1.0079088872764057
2020-07-16,1.6853551742470794,0.9792055331543493,1.3295052431976202,0.755629105389699,0.9846046156764136
2020-07-17,1.1749913551369533,0.8890037937326607,1.2432196478888287,0.7395066860681047,0.9574365683243888
2020-07-20,1.1202627163398307,0.8737827283639319,1.2219826237937674,0.744915908804977,0.9598999508313664
2020-07-21,1.0752846290102864,0.8332026730632074,1.1354358051264832,0.7211827315894347,0.7955600161508303
2020-07-22,1.0547137034837926,0.8093993272222416,1.1187268991207224,0.6999147160929501,0.7655827851655812
2020-07-23,1.0438679451645112,0.7878565843428675,1.088439723578037,0.6984304775807965,0.7136050137424168
2020-07-24,0.9523619230828322,0.6801057967809947,0.9814169518113435,0.6194531990540955,0.5943718250543416
2020-07-27,0.8048629487490175,0.5794053835626891,0.8017904063153112,0.5530191250151292,0.5470186171134419
2020-07-28,0.8150046538383925,0.5828319981247507,0.8083096036950282,0.5568317513053072,0.5511272320234729
2020-07-29,0.8120665402058017,0.5747971404437618,0.80393683407922,0.5571274132261012,0.5497643880049164
2020-07-30,0.8118530113348607,0.5780577931730392,0.8042648554518543,0.5607370108721155,0.5470082805892279
2020-07-31,0.8106214685116518,0.5779276275989234,0.804037514496814,0.5602638137167317,0.5470719416485817
2020-08-03,0.809146012554787,0.5696973245413877,0.7876216554149396,0.557000434021169,0.5412724839033116
2020-08-04,0.8014923108622988,0.5736185544721522,0.788989150688565,0.5570104098293575,0.5417959082393843
2020-08-05,0.8373916412242058,0.5810086025434045,0.8002427805184401,0.5705360653103593,0.5558556543148707
2020-08-06,0.8209990835992556,0.5407277978473328,0.7629635898627976,0.5303956261894525,0.5218255281884931
2020-08-07,0.8205978774546764,0.5359530088561992,0.7501161129274,0.5270642831284236,0.5145117710042176
2020-08-10,0.8264086667010451,0.5706036783179396,0.7793283003735608,0.5380043654972343,0.5424520717195406
2020-08-11,0.8014683774518644,0.5424248250349752,0.7558764371800117,0.4610787475400595,0.49964744281657403
2020-08-12,0.8004742422974449,0.5420853991725454,0.754433481905329,0.4549188543279587,0.4983209970894777
2020-08-13,0.7999750244960426,0.5423041655269081,0.7561615639854561,0.4561549495797729,0.49896970747662256
2020-08-14,0.7959852055426428,0.5426684829062851,0.7557147510186139,0.45572453325824946,0.4956183738599504
2020-08-17,0.809917216713225,0.5464781060700379,0.7654555240150457,0.4650390415559107,0.5062618492752572
2020-08-18,0.7821525016051802,0.5271887033657675,0.7321981548177359,0.45198784387319213,0.5002016533805743
2020-08-19,0.7821380684538531,0.5271749053408471,0.732835965420372,0.4517438566175652,0.500874886609216
2020-08-20,0.7551359754935278,0.5040925905303717,0.6987542200382013,0.4339853248840797,0.47778977344121304
2020-08-21,0.7360547155227969,0.47986121090380596,0.6650018107108826,0.4086446903747629,0.46649590360079524
2020-08-24,0.7896602278568815,0.5477038796654794,0.7168110119045229,0.4421714239151134,0.4906855624727797
2020-08-25,0.7933212132274448,0.5401811535077143,0.7241042221005652,0.4401132773060298,0.48879010545138035
2020-08-26,0.6449345571311297,0.4682918114205238,0.5921775735490267,0.3891649124458417,0.41533922059346046
2020-08-27,0.6161255897601524,0.45090490545932616,0.5960700797157893,0.37811778254416856,0.4255002281017311
2020-08-28,0.6028203439858834,0.45952598583861,0.5989063074053438,0.3858199717712576,0.45482288662468257
2020-08-31,0.6045632308139585,0.46317107345789277,0.5916169103305308,0.38413456005702706,0.46523289671535656
2020-09-01,0.6043903130821425,0.4640861019108852,0.5890489783998958,0.3818132771796507,0.4649839140308527
2020-09-02,0.6029077972206276,0.46324029980983045,0.5755448033507959,0.38843050644839555,0.47341130024100064
2020-09-03,0.5961974916836823,0.46139802309148203,0.5612355465752433,0.3865892678140731,0.4733541422916968
2020-09-04,0.586809690910134,0.44959219910537984,0.5614798528648833,0.36824076267603617,0.4516377901229534
2020-09-08,0.5866816405890096,0.44586902739990936,0.5654062798396974,0.37122551796042297,0.4431986191246334
2020-09-09,0.5977903258708718,0.4547793841965428,0.5703215730888649,0.3858846054892698,0.4477285828641081
2020-09-10,0.5887162581973081,0.4527792376298584,0.5637641065960954,0.38244236678287785,0.4462206366201419
2020-09-11,0.584963218731701,0.43965700432608457,0.5585039162336722,0.37000215422709254,0.4491414881528863
2020-09-14,0.5863762019744478,0.4458937056957782,0.5576951902263337,0.3733565233459776,0.45285906896247513
2020-09-15,0.5874061167761174,0.44713420871377163,0.5570399446594005,0.3715067882604331,0.44983632283039426
2020-09-16,0.5953828792367064,0.4509045097837242,0.566056489461195,0.3775152706047176,0.4518436143839851
2020-09-17,0.5354950413319745,0.45350959696254434,0.5543945695568302,0.3921978912294174,0.447977325855074
2020-09-18,0.534490840417736,0.4670039891377771,0.5647936256879049,0.397030259842301,0.45578658809553535
2020-09-21,0.5772768042499076,0.5479129165930293,0.6209538162720196,0.4388470697579572,0.5211570944723772
2020-09-22,0.5321609395212262,0.4998392597128509,0.555337687274013,0.41736623586510296,0.47662468126116786
2020-09-23,0.5372266057780354,0.5035818592466796,0.5586890723797221,0.4202909158410712,0.4823735988040519
2020-09-24,0.5371609940464275,0.5035983475253585,0.5585147241084297,0.42450377678346557,0.48908412060816475
2020-09-25,0.5532517888211779,0.5073801211846547,0.5735529226326265,0.42154268421109226,0.4943480446141476
2020-09-28,0.5653833159021725,0.5279746106214609,0.5921906165706134,0.4293402961360759,0.49889053527410054
2020-09-29,0.5559070729650206,0.5234436479263724,0.5859306266921775,0.4210451396105421,0.4909856663880993
2020-09-30,0.5559954513047745,0.5210448910811039,0.5848760736527492,0.421034647913343,0.49095052431721364
2020-10-01,0.5600054922414632,0.522355617724761,0.5846759768019109,0.4216727398772325,0.4903387730939882
2020-10-02,0.5662262021431859,0.5241435403456848,0.586847445166354,0.4249301468868488,0.4921303533483646
2020-10-05,0.5597551939150838,0.5214368776036906,0.5788781868249613,0.42609786808174593,0.49091791377586896
2020-10-06,0.48605632555481254,0.46123358606865705,0.5141795728620792,0.39296357038553026,0.4749581331692241
2020-10-07,0.49895408259842794,0.4707381237060153,0.5215258042157446,0.4000586751694474,0.48095416551892994
2020-10-08,0.4926456131648462,0.4718313397055205,0.5158493948564358,0.39621814991990967,0.49005946014437424
2020-10-09,0.4801420749438163,0.46551698015561466,0.48939575016500736,0.3875303317815863,0.469237669285419
2020-10-12,0.4788799820563172,0.45360798621306503,0.48480787613178794,0.38022820359146425,0.4369506100409499
2020-10-13,0.49065489610686674,0.44800405928015186,0.48178074778159413,0.3678116296875462,0.41941709242479586
2020-10-14,0.4919009075728637,0.44768698065867213,0.4826817507210304,0.3672158225615044,0.4213721547771381
2020-10-15,0.4913549964671747,0.4480412646357493,0.4893040905398725,0.35624981778678855,0.41045567802473315
2020-10-16,0.49393928889306316,0.44812474251160156,0.48699626874419644,0.3606245687748849,0.4238269473691414
2020-10-19,0.4910360442783423,0.4452381700230176,0.4971435424049385,0.3576957121251352,0.42295543878794434
2020-10-20,0.49482972657346413,0.4417498513001438,0.4950489586440779,0.3488209294986272,0.4198170616087047
2020-10-21,0.4794871680119502,0.43830921642519627,0.4870475790780405,0.3367562871547221,0.4152469133907452
2020-10-22,0.48809078641059783,0.4834712671443931,0.5055047025706222,0.36752987181627333,0.420357434601443
2020-10-23,0.5033658009573698,0.48349752435644533,0.5073176799895481,0.3710172631395058,0.4238582823714824
2020-10-26,0.529690892805408,0.5070670693355744,0.5462909614385303,0.38319028009002387,0.46540297595502006
2020-10-27,0.5453573323918711,0.5143123945780211,0.5542153598353852,0.39058578114175957,0.46837435123618226
2020-10-28,0.5226758633247717,0.5120144668558682,0.5532303234647759,0.39498868969251044,0.47813974526600667
2020-10-29,0.5279148016347546,0.5245498885544491,0.5620162634101336,0.39540811522490904,0.48634238075153563
2020-10-30,0.5240888936625777,0.5167039938273903,0.5546526787089668,0.3932759067595421,0.49141482678706017
2020-11-02,0.4809955231266035,0.44248202693887406,0.49472309886858107,0.36368118391250576,0.42866088213070586
2020-11-03,0.47998737380687156,0.4455036512132275,0.4945725421867734,0.36236183782302656,0.4288081278946853
2020-11-04,0.47460806922265475,0.4429415787758458,0.49055699771767125,0.35924196398401087,0.4252259571631776
2020-11-05,0.49994545156170206,0.4612069561781881,0.5186330341548162,0.38537886712731584,0.42549619494041985
2020-11-06,0.48304452307099677,0.45988516332778656,0.5070014232080989,0.39443518678970585,0.4258473343164413
2020-11-09,0.6487789637451129,0.6565615690548682,0.7382689944246968,0.47389807404151996,0.7139755907707624
2020-11-10,0.6641982512990086,0.6506120642477934,0.7338810023051634,0.47155397358201057,0.7097243584025092
2020-11-11,0.6693077775884887,0.6744989884539337,0.7450537123858545,0.48628407046325667,0.7161483976412687
2020-11-12,0.669306992683797,0.6769510394101014,0.7571684236034145,0.4964247508664348,0.731137377526092
2020-11-13,0.6739869184788267,0.6949403668713138,0.7719327493558508,0.5093619587887983,0.7434423212250074
2020-11-16,0.6865974298483334,0.703049559142318,0.7842886489870096,0.5174799761106691,0.7566918477353313
2020-11-17,0.6736758222448318,0.6967518038576338,0.7757101061135575,0.5099519740399908,0.742949866607978
2020-11-18,0.6619819702136235,0.6917642691641321,0.7680161542389288,0.5069417361411261,0.7415723734204921
2020-11-19,0.6617683294526403,0.6913214958741416,0.7674787103898739,0.5069538237383897,0.7348807576149089
2020-11-20,0.6642539862002556,0.6955428481775134,0.772343780841863,0.5079665174412984,0.7380581235623
2020-11-23,0.70327381050959,0.7041653063504689,0.77166766723588,0.5089670666730124,0.7429743924857743
2020-11-24,0.7289586596422606,0.7155882081453266,0.8095514106435405,0.513167553506297,0.7508738771551522
2020-11-25,0.7288625288857521,0.7154680334079577,0.8097252298602784,0.5134243268355464,0.7513627462571175
2020-11-27,0.7270573456167501,0.7136767363087478,0.7988210162734142,0.5133362238466261,0.7526149109748195
2020-11-30,0.7497019819798464,0.7187077329641421,0.7992783514521838,0.5218440408037427,0.7519329869682508
2020-12-01,0.7497825580521099,0.7199072193417406,0.7946621588698648,0.5234751589369638,0.7524490409163629
2020-12-02,0.7560834391608042,0.7217802782418804,0.7969850762398758,0.5235075817877082,0.7524848956851021
2020-12-03,0.7872615941812867,0.7254621036993062,0.810901915403627,0.5218259812132114,0.7541747419685706
2020-12-04,0.7850422018225762,0.7066363983644457,0.8071856981734861,0.504208145782133,0.75407494109557
2020-12-07,0.7786863599610973,0.7070950457475191,0.8072424256389369,0.5020156636540174,0.7645215734198715
2020-12-08,0.7460443306232275,0.6765526050528584,0.7720896878205245,0.48754273720587626,0.7268516118488723
2020-12-09,0.7327279397953262,0.6630219437922894,0.7666390239192774,0.48985841821712667,0.7206137594237281
2020-12-10,0.7286063370259498,0.6485927318940072,0.7484536377705503,0.4688176791996546,0.6996576916629844
2020-12-11,0.7562074092006796,0.6513622170083068,0.7562850467419062,0.46604048461676784,0.707333307268806
2020-12-14,0.7632387092505477,0.6584598070771193,0.7685043161402575,0.46892345240484173,0.710174174461964
2020-12-15,0.7603947676702884,0.6564579190944808,0.7673892174661211,0.46151469951672885,0.7123440581249987
2020-12-16,0.7630832922656786,0.6612904017266878,0.7774656519776157,0.46543764823332046,0.7150715937325864
2020-12-17,0.7575174425295258,0.6575441062108464,0.7730276825226562,0.4659419277379991,0.7097356525782266
2020-12-18,0.7541813948617578,0.6490494088405563,0.7659454558868105,0.44442304395555354,0.7056036174935233
2020-12-21,0.7587451611564431,0.6476710444797378,0.7648340994537874,0.43651914351648263,0.6997477248874009
2020-12-22,0.6472896536274045,0.44141727191506996,0.5405926466202069,0.3399075045444563,0.4064832702062053
2020-12-23,0.6163224190535523,0.45037353952023534,0.5360534768083144,0.34655542108336196,0.41175687977465447
2020-12-24,0.6107564384984311,0.41903286788214983,0.5257102381921785,0.3303405230907963,0.4014642824192311
2020-12-28,0.6035121038638928,0.4136876195857112,0.506751058258948,0.3162424112304314,0.37325475417714105
2020-12-29,0.5996952882395341,0.3798907799471968,0.4830888010291292,0.2882840269537896,0.35052949444689957
2020-12-30,0.5908629272785811,0.3630465138021526,0.46481491807043324,0.2666136243451386,0.3182224595654184
2020-12-31,0.5965284151439874,0.36249963924012224,0.47418732040308437,0.2668010408155579,0.32389403037772424
2021-01-04,0.6128061261591841,0.3794036650908829,0.4872670561074958,0.28493240902056166,0.36254671846395475
2021-01-05,0.6139680544789093,0.3838617478891389,0.5017644627001888,0.28596489883639237,0.36142995229067676
2021-01-06,0.6085127346502697,0.38180641542364774,0.4947826854115365,0.2923154701411244,0.36927523934040324
2021-01-07,0.5677333551475318,0.3611612613678112,0.4901911504958176,0.2832626223214508,0.35052386784569073
2021-01-08,0.5052459452478097,0.3095434020345502,0.3975274957757047,0.2690986899720219,0.3144341531320402
2021-01-11,0.5055746908601652,0.3122917011507945,0.3961499077672691,0.2708179931777342,0.31752416969882286
2021-01-12,0.510614836205359,0.31957313977896373,0.40791816754939336,0.27220721159232963,0.3267567120685109
2021-01-13,0.48031877013940755,0.314453078713939,0.40837095442020144,0.2577012376450282,0.32499188885385616
2021-01-14,0.5059282740627649,0.3216382885998174,0.4259127594832912,0.25606533330282805,0.38010539625063766
2021-01-15,0.5113608074982057,0.3292066794996682,0.44257243978415645,0.2877566025876972,0.39316767331842556
2021-01-19,0.45284285364704113,0.2998395120200387,0.3960325863070157,0.2871857448161195,0.3854551432813012
2021-01-20,0.4507853826981505,0.3136570531834415,0.3965571006540911,0.29818410625613556,0.389156486562167
2021-01-21,0.4293195020337727,0.3203176953797092,0.4270444216786653,0.2989732717327973,0.37552948763553046
2021-01-22,0.42178764754998865,0.32325462337157423,0.4273926814046187,0.29750813026223816,0.3769328461603602
2021-01-25,0.42085948676110335,0.33149508030504116,0.43843689801742447,0.3027647544194923,0.3856152797614861
2021-01-26,0.39283948129055735,0.331015757610089,0.43033257130367,0.2953861900957622,0.3874941977003577
2021-01-27,0.4173905574858883,0.33087305671736217,0.4262351907410158,0.30833262212973933,0.41518795720884666
2021-01-28,0.4931868364372776,0.3461088109069451,0.43676340550349646,0.30769121550191747,0.4251231354744778
2021-01-29,0.5153484704027161,0.3670617174734637,0.4633999874927515,0.3002998901074974,0.43076607382902066
2021-02-01,0.517912780255959,0.3641592521030902,0.457147743655399,0.3035726288873025,0.43423163361433786
2021-02-02,0.5197048159857198,0.37329748392377937,0.4635921294684002,0.3055519280251502,0.4358190395329738
2021-02-03,0.545730116729915,0.3802674171996543,0.4686192924458765,0.31049146465033495,0.4484047837775145
2021-02-04,0.5412036795123171,0.38750652831729754,0.4677500361397655,0.34818790519328735,0.45952627236191773
2021-02-05,0.5288042841599833,0.3764440768367402,0.4625979990417031,0.3489603766275036,0.46020649458309076
2021-02-08,0.5318910390215155,0.3920634888384018,0.4813440131928254,0.3591143655326259,0.4772034513820175
2021-02-09,0.5332758121518476,0.3936834830419345,0.4828984328933232,0.3637799212676426,0.48339892087232383
2021-02-10,0.529604261151905,0.3934570023571454,0.48185256179932867,0.3632035023324951,0.4893754886818005
2021-02-11,0.5336702766783099,0.3936190536931187,0.48226337131960645,0.36309708909504357,0.4876489258480533
2021-02-12,0.5332416377897136,0.39364362924056884,0.4795607427684473,0.3633902933563192,0.4864142801561551
2021-02-16,0.5336605874665877,0.40087437929189157,0.48390182965054557,0.3642138409171861,0.49460691490264347
2021-02-17,0.516258217989128,0.383269154646851,0.4691678110098151,0.3465599424719655,0.46306899157321796
2021-02-18,0.518378399945609,0.3803515418644536,0.4611748807497373,0.3482308839221282,0.4633948563100619
2021-02-19,0.5380057280308694,0.384166309208929,0.5000852011135443,0.34511452243486035,0.46698700668917026
2021-02-22,0.5922013022049075,0.4010902170691415,0.508031901165835,0.35766600789161423,0.46771803570125314
2021-02-23,0.5868739906460843,0.4000667607596567,0.508069791556885,0.36592605772653286,0.4783861734442304
2021-02-24,0.5979059606126008,0.398358661354484,0.5549314187786751,0.38274837843933945,0.4723011869655763
2021-02-25,0.6191083529954235,0.40853452935983664,0.5828996827167757,0.3885001991625984,0.4809010494365503
2021-02-26,0.6194434923483417,0.4101547687545018,0.5838098794364386,0.38853887450427177,0.4831029773759956
2021-03-01,0.6026299296571161,0.40617165363420127,0.5743576516646813,0.3878534251116901,0.44808252354625955
2021-03-02,0.583295044793141,0.38706324315312224,0.5488073994239151,0.35902308696293417,0.433743670426714
2021-03-03,0.5871087364517477,0.38720466642666856,0.5502657799213064,0.3595950629652039,0.4320803088822583
2021-03-04,0.6072756895484182,0.39194801620018677,0.5715011856852671,0.3698789407348097,0.43696389731717467
2021-03-05,0.6161553722691367,0.38830833955806643,0.5502182296981198,0.36829593019877666,0.4326535502056989
2021-03-08,0.6263969271491523,0.3934563771486245,0.5777062315862569,0.40164421171509496,0.4467404903213896
2021-03-09,0.6174822343373104,0.3820103861773714,0.5610778261288673,0.39219534174781595,0.43917213825602996
2021-03-10,0.6174477446551216,0.38195269225593603,0.5600059639392253,0.3947276130652073,0.4335129582588422
2021-03-11,0.596065097109121,0.37328423947584094,0.5578881794737567,0.3725517588313102,0.390486646765607
2021-03-12,0.5594185267779748,0.3671676404553934,0.5584442139117217,0.3854580362311071,0.38944387832667793
2021-03-15,0.5624716828282792,0.32178137641742366,0.5559455707449047,0.37812833127439777,0.38780626182968087
2021-03-16,0.5673347201038298,0.3414831551341715,0.5624837032859898,0.3921872418634261,0.39807029917165787
2021-03-17,0.5625809788071507,0.33976148397579026,0.5687628495668642,0.3925436637239766,0.4044791809628013
2021-03-18,0.552657425858346,0.34992381592253813,0.5790413941125105,0.3973112976092043,0.42089377806379125
2021-03-19,0.5482499532253662,0.34516947258515646,0.5803206249029914,0.37288159755616496,0.4136574222611457
2021-03-22,0.5696473837571546,0.35410839787737525,0.5979575167755091,0.38362216265390425,0.4281205923233706
2021-03-23,0.6073901049231286,0.36038853370288115,0.6276406211525237,0.3808829849140195,0.4300886992229944
2021-03-24,0.6082196961934001,0.35602270969236205,0.6230973345710792,0.37421686933095183,0.42244142907358684
2021-03-25,0.6161424103466526,0.3648346610070679,0.6304911939872916,0.3868757526053404,0.4260035645473984
2021-03-26,0.6078381357385039,0.3653517682948863,0.628602685319369,0.3900832628256692,0.42606483592235145
2021-03-29,0.6084956718548076,0.36557797359467126,0.6314567179016918,0.390898188121902,0.42863466883491347
2021-03-30,0.6179488791770101,0.3669427103000334,0.6296448757973951,0.39150133423802497,0.42512449674036695
2021-03-31,0.6206577031093772,0.3689553686429654,0.6324049768187828,0.3955640281331813,0.4274483453155506
2021-04-01,0.6169331081675801,0.36959085100627326,0.6249879547490863,0.3931332026965546,0.4270034550839006
2021-04-05,0.6028992665191715,0.36959895890741085,0.6016666707384376,0.39687092850089695,0.41794873545162436
2021-04-06,0.548035026995828,0.35560683667054505,0.5962719888247667,0.38740001981455463,0.4259162309337996
2021-04-07,0.5488224356477898,0.3653510777737436,0.5954120414739685,0.37907083594799673,0.4134934793663398
2021-04-08,0.5292782006595409,0.35869480579115026,0.5454377881813597,0.3584706398344827,0.4122456900416417
2021-04-09,0.510735536750858,0.3507960904086888,0.5178007284198979,0.35406695486930007,0.40197326490138685
2021-04-12,0.5187361265081729,0.3513771690382966,0.5311628444859331,0.35633670758744146,0.4056229419449402
2021-04-13,0.5209605636619195,0.35313338156575946,0.5307722040334427,0.35659522300549007,0.40881129739902305
2021-04-14,0.5210818764708395,0.3530604597044017,0.530632432101694,0.35640465814162114,0.408449971492334
2021-04-15,0.513202132354093,0.36229601043392795,0.5282738046401753,0.35655012709331924,0.4117544229913229
2021-04-16,0.4975643235159103,0.35267526332897436,0.5090665684814666,0.3444551611391714,0.4064523205874822
2021-04-19,0.48903334660372483,0.3508743543645959,0.5030559925371849,0.3438448688163662,0.4076053879104248
2021-04-20,0.49439096897908474,0.3496529335089755,0.5249322886653114,0.31000665818239576,0.3924829715327201
2021-04-21,0.5030528462312923,0.360350952978117,0.5325321916832805,0.3171450733960343,0.3982529621123383
2021-04-22,0.5185248972818794,0.3654957315247192,0.5335790108829869,0.32019520821619957,0.40601872413041007
2021-04-23,0.5386978244161561,0.3725310970721733,0.5472805236817229,0.32056584371964436,0.4155391686095559
2021-04-26,0.5295871709194889,0.3641432900910107,0.5346665064940648,0.29558211334847856,0.40338554014954847
2021-04-27,0.4751571098872267,0.3562907504963559,0.47233835781393,0.29190444481372385,0.36537907307425604
2021-04-28,0.4699537567291023,0.34614205800726544,0.47049404132926,0.28365546688084453,0.36172743943244345
2021-04-29,0.46192540955499534,0.3391764734577833,0.4490565509417864,0.2785224140141328,0.3438084925720905
2021-04-30,0.46563560176382446,0.3347309461179863,0.4471778411635413,0.27621808989804775,0.32967692487191347
2021-05-03,0.46554231918213584,0.3351395593339979,0.4473060393423836,0.2780949001119161,0.3299850927402391
2021-05-04,0.45276554981822353,0.3499522477328233,0.44121120846932155,0.27450994653837146,0.3297000676203728
2021-05-05,0.41307956257915857,0.32315775981893485,0.39662303248451075,0.2574272236024343,0.3055870498935824
2021-05-06,0.4088779076564863,0.3236012194133964,0.3958014053093743,0.2577172871134704,0.30530734784832514
2021-05-07,0.39377523137101766,0.3201490363142322,0.38799156006262003,0.2375895594851002,0.2895905685977274
2021-05-10,0.39307986095015407,0.31978962401577565,0.38708894576615227,0.2288027479522333,0.29059768537117514
2021-05-11,0.3967013863322549,0.3239564942259809,0.39198936939529144,0.24024543234584275,0.2961620844566936
2021-05-12,0.37462062870972673,0.3187044907978434,0.3846741617302325,0.246375175050644,0.2760694192835259
2021-05-13,0.38203609810593586,0.3262087253467603,0.39485849904338477,0.2599289431070493,0.29737837560022257
2021-05-14,0.4195492484545767,0.36263177506935884,0.4278713985009242,0.2845280932339475,0.3198055000601498
2021-05-17,0.43609405718542255,0.35257860635115357,0.42678637486930904,0.27330428559170045,0.3218882403586245
2021-05-18,0.4366014391415691,0.34098617028975564,0.4266203590361401,0.2677644623096043,0.3070721670680222
2021-05-19,0.44225588562528934,0.33402646993538665,0.42731453600091757,0.27742636781128877,0.3049391941031246
2021-05-20,0.4433663778024625,0.3359205131431819,0.4284433339929731,0.27800705093973693,0.3062711931805651
2021-05-21,0.44324211944429087,0.335108984144879,0.4264783386621596,0.27831137048102206,0.30641423009625085
2021-05-24,0.4398430345011707,0.3414989270584077,0.41390479073871145,0.27844908639983446,0.3073203654149283
2021-05-25,0.4379965168448882,0.3420337060666914,0.41536648351276867,0.27683590917381834,0.30704014939420055
2021-05-26,0.44453530043412126,0.3461666196936402,0.41834238076481445,0.2790037288132072,0.3127283162545322
2021-05-27,0.4461977425211892,0.3375265173021499,0.41910184781638044,0.2802974168436472,0.31072944255012636
2021-05-28,0.44681772881082543,0.33819999962582714,0.42104692404401267,0.2794664786237855,0.31511073865563877
2021-06-01,0.44198138199405684,0.33646075772444983,0.421839786284802,0.2790335466894294,0.3144202501558548
2021-06-02,0.4202167249758856,0.31643391985956587,0.3285056347335693,0.2598967072521158,0.3124086966413851
2021-06-03,0.4319047866075889,0.3243260518181577,0.34879499653985135,0.26648571396392806,0.3171781484854297
2021-06-04,0.41536927495278114,0.316864896428312,0.34778898610869746,0.26397645010880755,0.3076873048220626
2021-06-07,0.39330596573710724,0.3082191444238236,0.32993983706275487,0.2628016436282388,0.29028956162612407
2021-06-08,0.37566209348270097,0.3098850503086167,0.32894193207556555,0.2640108719083584,0.29229784506045775
2021-06-09,0.37669395870713146,0.31118457902076985,0.32972609945638415,0.26341216040473764,0.29317062750940964
2021-06-10,0.38064358917473107,0.31153036754464,0.33449635850328396,0.2654120009118169,0.2941501440760861
2021-06-11,0.375246502736147,0.3117932107732427,0.33458620673727774,0.2638266503726108,0.2957640192805123
2021-06-14,0.3796638918539141,0.31213045935548994,0.3358231697955262,0.2619572602563971,0.2971308870603956
2021-06-15,0.3800627213666395,0.31225108230146215,0.3368566498786527,0.2610873348761955,0.29684637268974423
2021-06-16,0.37219126019532867,0.28775580684527063,0.32379386436296176,0.25554432958856216,0.2842328608599755
2021-06-17,0.38100423377973786,0.29233164198916306,0.33188293174914535,0.26020740529707237,0.2887442764765978
2021-06-18,0.3807274810760624,0.2929647420930014,0.3332388683309319,0.2604518522161626,0.29089899403774333
2021-06-21,0.3753102385264755,0.2875100719222783,0.3230648246897721,0.2633306314862809,0.2998389798007215
2021-06-22,0.3781965913222464,0.2853675563011271,0.32195773280838164,0.2640222120752114,0.30000600859265153
2021-06-23,0.3735178067808476,0.2790408394700067,0.31283713283372955,0.2562191597933572,0.29333409542773514
2021-06-24,0.355170499076131,0.26111002926851895,0.30008877631940084,0.24720239470737101,0.2916236818297479
2021-06-25,0.35132529633945664,0.2561200946356051,0.29154772871633583,0.22843747881941628,0.26934847072864987
2021-06-28,0.32950171548943546,0.2173423493793515,0.25443932639492656,0.19785942055924657,0.2496598898514406
2021-06-29,0.30416146476922096,0.2146391806704608,0.2434861827344436,0.19778118883797627,0.23724741946201366
2021-06-30,0.3032837442857724,0.21731084077919605,0.2439507132228365,0.19884107873431237,0.2349754003914267
2021-07-01,0.3001440829764016,0.22662979972509226,0.24782568870283866,0.1954417284044674,0.24306517483333465
2021-07-02,0.297154875022098,0.22243276876468832,0.24599271295289113,0.19506453434297896,0.24268351231990992
2021-07-06,0.30295120381194696,0.22953450311213128,0.25494793289037854,0.20291912766134235,0.2503177227794429
2021-07-07,0.3092604739137703,0.2230259062782807,0.255685193299291,0.20227496933714634,0.24930441329797023
2021-07-08,0.30715295790301694,0.2205527606279479,0.2508314769508747,0.20210404298426332,0.24922712568163663
2021-07-09,0.30421405923394246,0.22284510327850293,0.261139549820928,0.22527768664559128,0.25660679749493764
2021-07-12,0.29378910368956873,0.21831040122987788,0.25188107279569893,0.22290624353619112,0.2536597743577962
2021-07-13,0.31006924761490573,0.236770071081669,0.27280061100179775,0.23152786026937414,0.2651137212915651
2021-07-14,0.3201278917904938,0.23838830220682944,0.2589512322647602,0.23466713348509688,0.2635217691772244
2021-07-15,0.27896261106804754,0.24587306152175253,0.25370601025842093,0.2345936836192857,0.2582617183363027
2021-07-16,0.2775606351526846,0.24273713910146516,0.2462238955413586,0.2258262796421833,0.2637322107300247
2021-07-19,0.29021008756524114,0.26067880765350077,0.2824715001923895,0.2334185342804851,0.27430688087040134
2021-07-20,0.3938529790050347,0.3131922437563749,0.35370958392149665,0.30288946404042594,0.31980510306761095
2021-07-21,0.41581070482899746,0.31501519166364855,0.3752937577007342,0.3188415588439507,0.3406143894779013
2021-07-22,0.41500167206914745,0.31550475396539124,0.3752698755246823,0.33137817565171723,0.34167104440631574
2021-07-23,0.41351730064367437,0.3173667652756915,0.3738677837409537,0.3303105829414017,0.3418602987890022
2021-07-26,0.4330155720566444,0.3327980629051532,0.3960843439375897,0.3380937503066328,0.36244721360686355
2021-07-27,0.435445192273823,0.3340336530963776,0.396700363460722,0.33904037703860856,0.3642261528806348
2021-07-28,0.4358658389361787,0.3354873412298404,0.3986517267230401,0.34199576910025076,0.3650072263540266
2021-07-29,0.43951842654029166,0.3354071880670034,0.3986010725249397,0.3417068622281345,0.3663223557743233
2021-07-30,0.4459014202562102,0.34221100117796693,0.40537767014013326,0.3419496701493529,0.3641442559928728
2021-08-02,0.44721862651057553,0.34092242868082256,0.4028741855703788,0.3437040343280333,0.3666703342622088
2021-08-03,0.4461872089929562,0.3365125379581096,0.40141327838847757,0.342670327250332,0.35711719749117393
2021-08-04,0.4493413040290891,0.348361762545073,0.4060900936909184,0.3540758770878487,0.3669297398944907
2021-08-05,0.5040400197730212,0.3752397264832884,0.4306016196537533,0.36838718951273436,0.3910305317712383
2021-08-06,0.5038452745212547,0.37663919831908577,0.431207066041351,0.3685125588065055,0.3918016158556443
2021-08-09,0.5071644086646276,0.38159510739109426,0.43515242174277463,0.3720549728518609,0.3940777608840965
2021-08-10,0.4991944591038751,0.38558390466153336,0.4393526195406212,0.3768410406406892,0.3966889360433063
2021-08-11,0.49892080352685825,0.3908601103706658,0.44103923233951353,0.37914175292117586,0.3953109270082037
2021-08-12,0.5107943809113437,0.39292695255213733,0.44376880263577295,0.3817628201388552,0.39746722884445357
2021-08-13,0.5150900406618648,0.38790081915808744,0.4418617603902697,0.379954580715313,0.3956153794737768
2021-08-16,0.5151113456861365,0.3880481882167291,0.44182880138290387,0.380101218032395,0.3946002551332069
2021-08-17,0.5149075847299887,0.3919733384244358,0.4405211339519929,0.381901251159752,0.4021952917714576
2021-08-18,0.5071111820656786,0.3900746753736701,0.4371425132042319,0.3788589737726399,0.39569756610111556
2021-08-19,0.5102454878419986,0.3920641947945889,0.4407238154363133,0.3826324284277618,0.3979273384709197
2021-08-20,0.5035606277588864,0.38663348669456366,0.4301709777501114,0.3684286923562372,0.38891461340882333
2021-08-23,0.5145874661445109,0.3977753505849003,0.44417581825338737,0.37956102724869634,0.391607291461585
2021-08-24,0.5149351533028037,0.39867534535163623,0.4417514044208246,0.39460334805788216,0.39446446285875625
2021-08-25,0.5095135445839793,0.3997373467332051,0.44234877412109846,0.39473595981592297,0.39538825744192435
2021-08-26,0.5102838202577936,0.3987823202394984,0.4429457638928013,0.3984359081626022,0.3947651859203995
2021-08-27,0.5029879176243023,0.3910786138700111,0.43181000710946776,0.38548223960076977,0.37840863837646205
2021-08-30,0.4986475157600008,0.3922487042887114,0.4142038311204722,0.38929969073984855,0.37337230702363766
2021-08-31,0.43843452170562947,0.36077527359426814,0.3695766070431566,0.34804012396012113,0.3463506884125392
2021-09-01,0.4220715441297738,0.3539503565873606,0.35197167072202123,0.33294509810110595,0.32845441838619255
2021-09-02,0.4219567425128498,0.3533345690262893,0.35405178606750376,0.3183997230742665,0.32934303439546686
2021-09-03,0.42489533473753893,0.35264656347506484,0.3547021512192395,0.31953810801150806,0.33108030012842804
2021-09-07,0.4053362772823327,0.3402639597147773,0.3335736638280028,0.3127694791007541,0.3085478192460743
2021-09-08,0.40196071164102104,0.34039306753862864,0.33627188833301014,0.31190067093273005,0.3053916235816104
2021-09-09,0.43644070210845365,0.3562610005065598,0.34237303806081154,0.31779203020441293,0.3200331432558329
2021-09-10,0.4668985827957941,0.3766684348898952,0.3667408602645677,0.3262657424832513,0.33443049707075334
2021-09-13,0.45968741978924343,0.37009082124860626,0.3544325376598236,0.32655678160832874,0.3373399049066707
2021-09-14,0.45784942010355806,0.37263409335075787,0.35754501658693155,0.32615842436712394,0.3336016573971364
2021-09-15,0.45852560194586306,0.37218121123043385,0.3558821166749765,0.32246822135256,0.3326419368403573
2021-09-16,0.45885250645758113,0.35837124400287057,0.3503006970108433,0.3092215900102188,0.31847589105604346
2021-09-17,0.4022448856623041,0.33683024580471,0.32508639439435977,0.29457547616375446,0.29414890911062297
2021-09-20,0.41245966193548217,0.3394408097201479,0.32815802590288123,0.29577703274704814,0.29368804641287827
2021-09-21,0.4155687715700134,0.33203132268971053,0.3247259368078295,0.2911538948533211,0.2924977654133663
2021-09-22,0.42756479208211434,0.33255998680935556,0.3256275785604297,0.29322162996950574,0.28899289177105353
2021-09-23,0.42912116215886525,0.3343749953003184,0.34448679947355415,0.3059347887365311,0.30923368638676285
2021-09-24,0.4191407253571093,0.33415719849147085,0.3484917676754496,0.3028592538411562,0.3092116860258345
2021-09-27,0.40888321744300576,0.3297814238141172,0.34486003445144336,0.3004399848731067,0.30507495696049697
2021-09-28,0.4086092744415523,0.3312756129243651,0.34568711213610315,0.29953754245570935,0.3045262184926103
2021-09-29,0.40778123770191876,0.3177078343715037,0.33834981959792926,0.288437675326479,0.28473206168459836
2021-09-30,0.41319451534078033,0.32300872488437926,0.3459861451919486,0.2956432199532029,0.3000432100008674
2021-10-01,0.4334451193985608,0.3619262318990912,0.4027058029169669,0.3274810983026627,0.3398198550665824
2021-10-04,0.43335102405399006,0.36470003449390526,0.40301670273775275,0.3276794838395961,0.3403196995616424
2021-10-05,0.42528399417198787,0.3593638573049027,0.39544789512393425,0.32316518831538704,0.34082570865401046
2021-10-06,0.43462332819030314,0.35334338422231826,0.38718755128165105,0.3011781143235212,0.3289786131757721
2021-10-07,0.4359219989188606,0.35130823343966916,0.3893249428307679,0.3019462971566626,0.3313432116463528
2021-10-08,0.43455315870013184,0.3495252769320159,0.388069051637117,0.2956078380668013,0.33108887058598097
2021-10-11,0.43216248234879207,0.34663426179831075,0.38608135128233173,0.3205311093834791,0.33441319414707876
2021-10-12,0.41941091442349804,0.3252165347562531,0.3685392672986316,0.3044465177545728,0.3250347591350749
2021-10-13,0.4267769879640926,0.36808132480371136,0.38390769221088167,0.30818862119893925,0.3314601567566747
2021-10-14,0.42446676277680123,0.3681721308854196,0.38314250944028205,0.3078915464638811,0.33228345327450737
2021-10-15,0.42702254757528496,0.36744199244546255,0.3817670215571995,0.31553100415485796,0.3310877896667542
2021-10-18,0.42330125050330636,0.36491257250054865,0.3837844356301093,0.31428738339750945,0.3294273035769958
2021-10-19,0.4254665887505409,0.3672857999480402,0.38801455976395505,0.3145289904024192,0.3303996718472633
2021-10-20,0.42088355991624277,0.36368748965424685,0.3826615458507258,0.31332032102023916,0.3283222720230346
2021-10-21,0.3915788332794472,0.347845583586588,0.37986943368967774,0.31013801197934066,0.3188265146421011
2021-10-22,0.36332477396429175,0.32843371780371505,0.35102262147322555,0.306182403361593,0.32531046270652497
2021-10-25,0.3593216509703025,0.3231506796040626,0.35005156860438225,0.30182741387600215,0.31983256071529736
2021-10-26,0.35972533431418213,0.3188875217875194,0.34308687559583767,0.29912126068414624,0.31805678375802565
2021-10-27,0.36299526029126994,0.3220994412253807,0.3495222850243941,0.3040218066656965,0.3279582421070869
2021-10-28,0.35518809745815944,0.31908621838564777,0.34769684466044287,0.30435380697046743,0.3255975399336705
2021-10-29,0.3545689515066065,0.3190283455822263,0.34772238678824985,0.30440654741708834,0.32561183694069606
2021-11-01,0.3540240055234491,0.3300004016958014,0.36424719711278924,0.3245929468853591,0.34415588958509985
2021-11-02,0.3444931876777205,0.3285902038910594,0.35932619662275,0.32385749382297296,0.34186551412611593
2021-11-03,0.34634023105742673,0.3221201904753928,0.3564203736173277,0.31271926603795064,0.34406022823393906
2021-11-04,0.3420576378483567,0.3142461530956629,0.33913737012753303,0.2966025853688554,0.3207160751837194
2021-11-05,0.37540056802428745,0.3885279971101416,0.390524793441409,0.352308691120141,0.3718499582624453
2021-11-08,0.379270813923401,0.38884990934127983,0.39066661114834084,0.3553711560195485,0.3716255044827038
2021-11-09,0.3791537512282602,0.3881398193613815,0.3901176787175905,0.3560666911194578,0.3716222212522818
2021-11-10,0.38605275469169686,0.39218565125215227,0.3955989734881557,0.3614256267291394,0.3751106460862239
2021-11-11,0.3809157883279173,0.38906310135931665,0.389438574349222,0.3581683750393149,0.3664751041672577
2021-11-12,0.37297356245476315,0.34728213703024474,0.326376273376394,0.31434063594299066,0.319500486788178
2021-11-15,0.3718415882417141,0.34702920445087515,0.32883161957876306,0.3151135768314215,0.31966069085636084
2021-11-16,0.37694827831264505,0.35762178379594783,0.3360802679027563,0.3245398174832131,0.3300282409984709
2021-11-17,0.35642703263549813,0.3557445148020466,0.3351128211699317,0.3243278630498335,0.32980314135839617
2021-11-18,0.3591542129353887,0.3571690300803878,0.34156204416507635,0.3281033634414672,0.3314698902220867
2021-11-19,0.3592275058081896,0.3577436015638509,0.34982674597009367,0.330835747371702,0.3321699807395077
2021-11-22,0.36338851903357944,0.3579653899090304,0.3509583704194716,0.31799522588986917,0.32876178493780844
2021-11-23,0.363098779630523,0.3566677228655396,0.3497801466329543,0.31795298900137875,0.3288331913631546
2021-11-24,0.349872559274859,0.31711693263029683,0.3344190745175284,0.31507938455573664,0.3234475686699031
2021-11-26,0.4325960200627382,0.3965261860721663,0.4331919979696994,0.3351530832101627,0.36963511634187907
2021-11-29,0.4283838886796105,0.3965082143621988,0.433951416115649,0.3311773931376206,0.3689181992865091
2021-11-30,0.428266214363784,0.3963856390727436,0.43213229126283226,0.33034526900673206,0.37079960165191056
2021-12-01,0.4810983657609684,0.4446436995142256,0.4784994889064851,0.34819159446346737,0.38993386942446195
2021-12-02,0.5286578038887679,0.5286401884963908,0.5210664661196118,0.4032622225414332,0.44750974704169444
2021-12-03,0.5383381373078684,0.530250803654773,0.5214453815045232,0.40584511551756586,0.4477440340228505
2021-12-06,0.5820366941045017,0.5593571952013724,0.579713698027558,0.4120835777312459,0.45248457467569464
2021-12-07,0.5817861444860547,0.5591858375684848,0.5807259855200229,0.41248302968189005,0.4524375923010366
2021-12-08,0.5842126179350644,0.5628650174943801,0.5945786073807149,0.4124173749612235,0.45695932247573134
2021-12-09,0.5820631927098346,0.5615954233690454,0.5937951454145014,0.4211384279154678,0.4495408569329843
2021-12-10,0.5816395438542794,0.5620873392166527,0.5941275523373415,0.43057226958590483,0.4497068988245845
2021-12-13,0.597940551183191,0.5707022859802997,0.6125264887227361,0.4401042815848763,0.4560510564643526
2021-12-14,0.5902486646201464,0.5616780322841372,0.5982870094530243,0.41994014106676153,0.44205933612524845
2021-12-15,0.5904578207157463,0.5618341600989722,0.5985989049156019,0.42000263618008554,0.4422512526553266
2021-12-16,0.5783843464240115,0.5599285437176074,0.5996195394147474,0.4172939858999279,0.43632287182637053
2021-12-17,0.5858887914120612,0.5646680400192136,0.60336171862512,0.41836950840626275,0.44029268904013563
2021-12-20,0.5602539940427542,0.5058370398411731,0.5579505217562305,0.35994989901213675,0.3906935820486317
2021-12-21,0.5772588191150748,0.5387729994393572,0.5992282847201208,0.384493252167029,0.4289138897178722
2021-12-22,0.5783689278804388,0.5419369757742245,0.6020766494971844,0.3864099813134,0.42919576774758733
2021-12-23,0.5736551264462706,0.5405940829442203,0.6013210719642315,0.3894758322003385,0.42918831427069
2021-12-27,0.5733518714981098,0.5406965434784592,0.601231730123561,0.3889997229038964,0.4283723489432611
2021-12-28,0.5620800000220434,0.5379874124752353,0.5988161097920118,0.3914832610641322,0.42534497306711727
2021-12-29,0.5662150394599208,0.5385482409291726,0.5986903649693458,0.3874069062816755,0.4269712295239565
2021-12-30,0.5630378712221276,0.5312460406806295,0.5952217270762712,0.38252399573182205,0.41739147817488
2021-12-31,0.5630295968433412,0.5308700048244055,0.5951031076472049,0.38292293297371455,0.4171977969685613
2022-01-03,0.575184111120332,0.5370092809851846,0.6026429939016754,0.3883627383050359,0.4278876907439241
2022-01-04,0.5765493846754048,0.5362352224926056,0.5990275037431305,0.3899319713422723,0.4335811078947562
2022-01-05,0.5762514136332733,0.5368525501869902,0.5994387517202315,0.3869972211094911,0.4353127327444246
2022-01-06,0.5760450995688182,0.5366723724679896,0.599284213302339,0.38500486214792495,0.4351719825953166
2022-01-07,0.5871312235981456,0.545553964877811,0.6071632085863891,0.3983291067545593,0.44081150255568124
2022-01-10,0.5307738997172361,0.4875906372343199,0.5364476379223145,0.37767998205108694,0.39499736446658806
2022-01-11,0.5314414548397339,0.4879256978108436,0.536459294939696,0.3781936267591709,0.3963806034347293
2022-01-12,0.5384264969496588,0.4910419216384389,0.5366526590756652,0.3804269911342534,0.3950992976072842
2022-01-13,0.49358409109003487,0.43364696562612126,0.48787870199960776,0.3596890819511546,0.3678773142695068
2022-01-14,0.4757689406607974,0.36265804243945643,0.4663998600014717,0.30633252170995423,0.32037440527853767
2022-01-18,0.4650063863296759,0.3632308729013075,0.4661002429466026,0.29919594555026113,0.31769246017842134
2022-01-19,0.4167414937648707,0.32611245406274725,0.40970383767970214,0.29432149876135316,0.29951250496695503
2022-01-20,0.42628512653355266,0.3259538594999398,0.4202764788446466,0.2936062472872409,0.3009912161297951
2022-01-21,0.42781829617823686,0.32806839471339483,0.40818718539435594,0.29999643213110805,0.3124392312860809
2022-01-24,0.42878649054421303,0.32697047752373193,0.40574182057525565,0.28257263928101434,0.3145277763035775
2022-01-25,0.4289423727245839,0.3319367778157073,0.40654922841725716,0.2587152745023794,0.31735017820113876
2022-01-26,0.40694328228422244,0.3149338816400534,0.3775464744018696,0.23425408031933523,0.306830195328138
2022-01-27,0.4132677967261913,0.31546147136717556,0.3783628558019272,0.2424475293143926,0.30671913634470105
2022-01-28,0.4132298667571211,0.315609031530832,0.3782573787586368,0.2419036930148067,0.3076745521104914
2022-01-31,0.4360083348013503,0.32314067787599526,0.38848163945755937,0.2630327020007982,0.3278682853912763
2022-02-01,0.43402934874237836,0.32264766209890167,0.3914323308540395,0.26342556725398786,0.32570179435348
2022-02-02,0.4303184153657531,0.3216973762212546,0.391150379422654,0.2705014625461988,0.32361669655189085
2022-02-03,0.4104062260704014,0.28254827050909825,0.34412004380680916,0.2582719918090615,0.2908585157238117
2022-02-04,0.4094077394939936,0.2791949245136178,0.34149012320715716,0.2581499648061171,0.2910412377293297
2022-02-07,0.4379099775516436,0.2895362114599893,0.35913848450820884,0.2601032268867614,0.30446243941558404
2022-02-08,0.46901982119810415,0.30955193205313514,0.3908691034882618,0.27437862402064733,0.3240443054954524
2022-02-09,0.47202370355747597,0.3169792154208106,0.4085766085559795,0.2776491032606241,0.32621179218234564
2022-02-10,0.4650778931073788,0.3137554280165268,0.40355031804988517,0.28001024555710413,0.3219074788931709
2022-02-11,0.49694863186507565,0.33382666005280626,0.4278253825679547,0.2874303021695095,0.336451180341221
2022-02-14,0.49750475819080536,0.3354337493312124,0.42682643486925187,0.28787728321939904,0.33645161473857516
2022-02-15,0.536195669629842,0.36600027659095885,0.4653647393919456,0.30238972745245474,0.34997215513349017
2022-02-16,0.5346342218193186,0.3661291345004031,0.4644736339136065,0.3000928691100842,0.34395107071856734
2022-02-17,0.5402576611902556,0.3738443683396503,0.4773779115759708,0.304183043537684,0.34981391252284116
2022-02-18,0.5428331824618247,0.3753997788753473,0.48139909729011426,0.30550177666000233,0.34918367754724505
2022-02-22,0.5341352379828628,0.3689353665936046,0.4767987655649107,0.2915378164156807,0.34644822826757166
2022-02-23,0.5444714354493475,0.38288348174273895,0.49938001697848206,0.3092871150433995,0.35957535007477953
2022-02-24,0.5465981004919183,0.3804692525404939,0.4991119284143742,0.307553817826909,0.3570922606217703
2022-02-25,0.5496350620925641,0.3877967719662889,0.5134360685352184,0.3099101771694558,0.3605862510301702
2022-02-28,0.5321035466436785,0.399681860484024,0.5102593287438844,0.3191320262549067,0.36127505293561935
2022-03-01,0.5408862167121773,0.4249207641922285,0.5292223281516216,0.3403710599985922,0.4097754676272928
2022-03-02,0.5346661245483495,0.4232168458952174,0.5275040576675479,0.3415110975547666,0.4084617902003698
2022-03-03,0.5387262388365072,0.4346501153132665,0.5399884164322596,0.338679546739797,0.41233331019884356
2022-03-04,0.568620120941185,0.4620120288523549,0.5910545856937783,0.34454684652519674,0.43004690603727685
2022-03-07,0.6579528013237288,0.5834735035245694,0.7240266320123353,0.4176063262332175,0.526183249420385
2022-03-08,0.6790848085491664,0.5967831256155908,0.7341322924754966,0.44784080900736434,0.567025190623882
2022-03-09,0.7037447045217917,0.6131000209828747,0.7777878618073901,0.46385051892531076,0.5794662105652221
2022-03-10,0.7032274525843535,0.612862846526325,0.7786614934137323,0.4649652011971239,0.5804787638667899
2022-03-11,0.6998820116405213,0.6132877490280363,0.7784646044844126,0.4645895404141472,0.580288909387203
2022-03-14,0.7018644628350821,0.6133849200849727,0.7787829331873953,0.4644428655967935,0.5823552849082123
2022-03-15,0.7373737125709775,0.6587643478929903,0.8138074311088168,0.4699649735501788,0.5792142868757513
2022-03-16,0.7541485350468919,0.6804392711852196,0.8425955384760617,0.4753952727281389,0.603328404547511
2022-03-17,0.7539516407073806,0.6808003136739899,0.8427029136061057,0.4726073981681304,0.6031351497997914
2022-03-18,0.7513906466596846,0.6802861720282609,0.8424108898461434,0.47040239136293205,0.6012932576004609
2022-03-21,0.7603526162221138,0.6905903462953144,0.8487702556298231,0.4712140381057992,0.606719551094213
2022-03-22,0.7506253247388233,0.6896270809708427,0.8470207124620657,0.46718029079316037,0.5996291536571998
2022-03-23,0.7329206185149181,0.6790342242803595,0.8322937342420742,0.45617583271477513,0.5870728074599881
2022-03-24,0.7344802126290105,0.6785621050647087,0.8260581934634545,0.4579782446318942,0.5937298216052137
2022-03-25,0.7367948114141697,0.6814290075422244,0.8264044847148518,0.4585893646420168,0.5991245538288797
2022-03-28,0.7186681663844138,0.6759868892282057,0.8177893527743592,0.45454037809005404,0.592364601724495
2022-03-29,0.7318358645419393,0.6824613894294256,0.8269014984112637,0.45844300750191086,0.5952071292379192
2022-03-30,0.6931694977865738,0.6574022196182057,0.7957735595134476,0.44124859566109825,0.576790586774828
2022-03-31,0.6939756105004529,0.6579527643097542,0.7965633150972891,0.4414765562872943,0.5764010422234707
2022-04-01,0.687412364320456,0.6548249145485229,0.7902524362955369,0.4369552636771456,0.5723071366079434
2022-04-04,0.6847777157471848,0.6544557480747044,0.7884361218115328,0.43618384142225936,0.5736776686449191
2022-04-05,0.6837673001456095,0.6520663199623283,0.7872070934796758,0.4380487868242576,0.5718680396378047
2022-04-06,0.6743742800904574,0.650231620834264,0.7788351433495058,0.43631527186904745,0.570550287633707
2022-04-07,0.676840374173811,0.6508024328141713,0.7801153615583248,0.4446627631042864,0.5766797528362217
2022-04-08,0.674169211832002,0.64409091731118,0.7709414916038888,0.44701960739360724,0.574225377898141
2022-04-11,0.676719614324301,0.6467080942635552,0.7664823150540983,0.4512413778096455,0.571371590349708
2022-04-12,0.6558889208563096,0.6247434170382825,0.7473191487725901,0.4336928157300355,0.5366344016880614
2022-04-13,0.721572974724842,0.6485819379642344,0.7633138544513799,0.4841041590001174,0.5565426686514672
2022-04-14,0.7082857379933413,0.6412003270629518,0.7476547325140175,0.48202571942469563,0.552264820618976
2022-04-18,0.6752483646198181,0.6152969931437308,0.6975890097678309,0.47687795716965165,0.5336642541463709
2022-04-19,0.5678798325453072,0.46383167044378454,0.5232002743402926,0.39474421362194784,0.406406949623184
2022-04-20,0.5594461174973149,0.45798768365573356,0.5198108368007011,0.3720072852142181,0.3669724806355791
2022-04-21,0.5479616371585233,0.4465117429821259,0.5328690510027607,0.36289027855437217,0.3527896330247883
2022-04-22,0.5466287188866299,0.4547469530665761,0.5327074660005076,0.37877299595380354,0.3752940061001218
2022-04-25,0.545586909030157,0.45253312746990687,0.5306990300958123,0.3742652492544569,0.3742587242096405
2022-04-26,0.5848997936154313,0.4679105548627074,0.5590225741854706,0.38746798960331547,0.4004850978919305
2022-04-27,0.5297545696652954,0.4109734455515314,0.5080086490661382,0.367174091291459,0.38246018045958635
2022-04-28,0.5104394992756778,0.3859409186000576,0.4708344927163772,0.3651388227748837,0.3513011153956919
2022-04-29,0.5234416875856915,0.3995912602012385,0.4807754402746335,0.3642722935496524,0.3561824781993818
2022-05-02,0.5249399949091024,0.40051909948724457,0.47996390858260624,0.364131648803698,0.3599443677139207
2022-05-03,0.5138448085491033,0.37638303084711394,0.4658926575879543,0.3636852421284408,0.3519190754552324
2022-05-04,0.512554381511209,0.3727535825359336,0.4599172240260385,0.3657971420530862,0.35004863813369486
2022-05-05,0.5370832474157005,0.38791467125798634,0.4931439920000668,0.37292109566317616,0.3718996660836085
2022-05-06,0.5448931198548966,0.39220384698465993,0.4972475883864982,0.37264836265547563,0.359262028721009
2022-05-09,0.5993194005752202,0.4396873586139772,0.5645268900829448,0.40033592303299725,0.3817300660798767
2022-05-10,0.5988951332068444,0.43966616551629933,0.5652750904867114,0.40351929691770405,0.38289846013696793
2022-05-11,0.5876508953460873,0.4342043899648917,0.5553637877514607,0.4118381018052864,0.3830943543120892
2022-05-12,0.5926126353870375,0.4434286545004628,0.5656329592697651,0.4133846106972115,0.38676175521229816
2022-05-13,0.6298279671771347,0.4636789275320593,0.5795849073310798,0.4160963406429269,0.4057727599224409
2022-05-16,0.6298056489384919,0.46346492401308004,0.5790799796169688,0.4163135528062982,0.4055436989183542
2022-05-17,0.6703924709784509,0.502959557983803,0.6232587662386616,0.4375206387978477,0.4414663341377568
2022-05-18,0.6847571130821328,0.5129625821171192,0.6386635782017659,0.4388347045982327,0.4471665782564649
2022-05-19,0.6811070338940699,0.5005198742351022,0.6296128316449063,0.4303710274374503,0.441165147406982
2022-05-20,0.6826352322345349,0.50134746160007,0.6294666599389135,0.42528786880976693,0.4358288531202778
2022-05-23,0.6853057336840789,0.5035177897308212,0.6328383969608755,0.41956146416332407,0.43443403541656306
2022-05-24,0.7160863168393368,0.5208075952728821,0.6676783482327974,0.42415271547776034,0.45121370302236885
2022-05-25,0.7260758711401754,0.5311748935160708,0.6756188358039269,0.42700597822567804,0.4552593719399894
2022-05-26,0.6849750863583945,0.5269018394440793,0.6858349831508384,0.405207944705854,0.44645696892002273
2022-05-27,0.7024992302639916,0.5277854672363238,0.700450709252516,0.406067973577945,0.4527348611278754
2022-05-31,0.7001968897088165,0.5289250469889005,0.6975473921826899,0.40490635705299505,0.45275559388030023
2022-06-01,0.684704441802778,0.5454406036414339,0.6998431777620379,0.41250442370950563,0.4515679607997323
2022-06-02,0.6857043584928265,0.5453888945682067,0.699161450239525,0.4138382536312891,0.4554111092520676
2022-06-03,0.7020327341338299,0.5465469625057292,0.6461383859546682,0.40959104965867393,0.468181918108524
2022-06-06,0.702693923098937,0.5455030121690578,0.6453101251164427,0.402887429949986,0.4582453563358598
2022-06-07,0.7079405257063187,0.5488674916395024,0.6564828384182153,0.4036518857439838,0.4600735992069353
2022-06-08,0.6932774341721775,0.5522558590354038,0.6522350949114698,0.405842371805134,0.4474162654347227
2022-06-09,0.7003650079427391,0.5535214205283386,0.6554341177862547,0.4094759264071299,0.4599612439476623
2022-06-10,0.7052498163569924,0.5559094551543359,0.6527780777865497,0.42111448065537777,0.46604571026596625
2022-06-13,0.7450990274763006,0.5947682099464586,0.705582551098595,0.45332077517460534,0.49883931750068483
2022-06-14,0.7468210990783697,0.5967614388566489,0.7059609671548065,0.4533762762416636,0.49667042500963204
2022-06-15,0.745459434397034,0.5977497826363877,0.7062143760748564,0.4489415185364179,0.5004822784779765
2022-06-16,0.7680727381927729,0.6229895259915567,0.7343666480676069,0.4677000682284244,0.5206000975298138
2022-06-17,0.79098180059989,0.6257009036881135,0.7381628107504111,0.4734309031033277,0.5340775328383182
2022-06-21,0.7884463955713119,0.6237650971033809,0.7370287522316312,0.472487596257751,0.533761732357921
2022-06-22,0.7554851116536536,0.5996920605335205,0.6966996343003676,0.4588340124376514,0.5103554320257576
2022-06-23,0.7527535908530226,0.5974017978505083,0.695489041864733,0.45514678285815346,0.5100037081564596
2022-06-24,0.7801465693563352,0.6238617478985709,0.7324794436043311,0.4750969331366901,0.5267528240562234
2022-06-27,0.7786548969501702,0.6213773525519501,0.7305177018483202,0.47605076720665823,0.5263130467115762
2022-06-28,0.7467208666638857,0.6025785817657497,0.7178277988678285,0.47257215572931105,0.5145701600396076
2022-06-29,0.7513204970200437,0.60420547701315,0.7224956976783242,0.4722678676639387,0.5140993643474354
2022-06-30,0.7100286469811756,0.5625443507517233,0.6767576758685088,0.44798279033131827,0.4856014930773618
2022-07-01,0.7105563980332198,0.5641620438100197,0.6733725362433521,0.45155357368363996,0.48931823806894387
2022-07-05,0.7347087243884254,0.5665256347833585,0.6758482209955254,0.45072361823170437,0.490225656351555
2022-07-06,0.7313095724720058,0.5661742083974983,0.6752835346182396,0.44828295005361724,0.4897643772982428
2022-07-07,0.726461889083542,0.5621633477142502,0.6684513926373946,0.4461028500386326,0.48862949336817724
2022-07-08,0.6958424231031016,0.5421653685988835,0.6389658970426767,0.4351909986219272,0.4698841264874863
2022-07-11,0.6910343459398902,0.5261791319001057,0.631918415938207,0.43119371319303185,0.4654876886859983
2022-07-12,0.7248362571315993,0.5303085065514344,0.6445067255343029,0.4149885847990148,0.45943289150190164
2022-07-13,0.709033797615362,0.5243155151047083,0.6221070874738281,0.4109813340737118,0.4504662235202175
2022-07-14,0.7087172880650607,0.5257349282932384,0.621757666380461,0.410634594177538,0.45082876744141687
2022-07-15,0.7070982077143764,0.5144645942952782,0.6174165222702516,0.4111006888866445,0.44458461467222155
2022-07-18,0.7063382317587275,0.5267473884292653,0.619131467884263,0.41105635247264727,0.44090224120700183
2022-07-19,0.6908425745059863,0.5425469238941776,0.6368321305518151,0.42642467078513513,0.4401433127886686
2022-07-20,0.6907299946290503,0.541529997279067,0.6365806702510735,0.4241862140063548,0.4432509786114681
2022-07-21,0.7175863691093423,0.5401652364039236,0.6879558989750951,0.424103237078529,0.44143817472558644
2022-07-22,0.7163533071415846,0.5332416206658109,0.6842594825109712,0.41590837853342244,0.43751034509211517
2022-07-25,0.7078539610794151,0.5246756830581127,0.6755035381253551,0.4081932864830013,0.4280900944749318
2022-07-26,0.6970843148504708,0.5146975802447605,0.6724769028099701,0.39309250047897637,0.41731951718629257
2022-07-27,0.6496425490584307,0.4650752692732214,0.6139914659376431,0.35444904468122834,0.37382220219983003
2022-07-28,0.6455359106545195,0.4590853149878205,0.6144859417365208,0.4030265477252864,0.3725242728469807
2022-07-29,0.6413812456404316,0.45607793401855407,0.6103222961902264,0.40305790420531673,0.37122325162581343
2022-08-01,0.5940002994637263,0.3985094899853102,0.5628785742340743,0.3583867632008929,0.32200030841585586
2022-08-02,0.5706651438227058,0.3965082107309524,0.5515822345402334,0.3604986168043504,0.30516545824172403
2022-08-03,0.5806710910117617,0.4144753819044969,0.561363773153353,0.3725193215749575,0.3234611596447113
2022-08-04,0.5815850135294817,0.4141850668162553,0.5613064159427037,0.37280248384063286,0.3234725737493327
2022-08-05,0.5813663444616162,0.4131216029099366,0.5598143230318612,0.37267821665713874,0.32195027965171447
2022-08-08,0.548720429694411,0.38860596787767665,0.5192338597345783,0.3454423721573606,0.2919656487050811
2022-08-09,0.5497050294332506,0.3842397783459912,0.513395421145484,0.3450896025126973,0.29015053609366986
2022-08-10,0.554970121694744,0.3873301754825618,0.51697597864784,0.3498746096535609,0.2928678781894043
2022-08-11,0.5433862048127913,0.37909976692391434,0.5051020122359035,0.34827985416247503,0.2931599511548094
2022-08-12,0.5357426380081483,0.37124050575332856,0.5057062176087567,0.3491690376897516,0.2947119656024149
2022-08-15,0.5287527814686956,0.3701124207770372,0.5010629583346761,0.3467854887354127,0.2920322377865291
2022-08-16,0.5062085700974807,0.3700703647264286,0.500460201981364,0.3458780891563853,0.2932412149229124
2022-08-17,0.518653929162946,0.3766526041995488,0.510470248354225,0.35353891014351635,0.31025636008300794
2022-08-18,0.5182865964027527,0.37650667439184876,0.510444256634605,0.35259008434970673,0.3097479432637504
2022-08-19,0.5353547773445889,0.39366539564249653,0.5246891739571913,0.3634406510406856,0.3221951343308321
2022-08-22,0.5316558476046833,0.3998559389600109,0.5248143448546344,0.36505530268513964,0.33133360388809224
2022-08-23,0.44297052351051186,0.362458784003842,0.47012172366270744,0.3384956650836809,0.31659151489648035
2022-08-24,0.43582909521078367,0.33534547031290834,0.4711858431441925,0.33894290683362166,0.31744086997975873
2022-08-25,0.44484176352742427,0.3386230480937906,0.4760620782618887,0.34310480356302325,0.3167547445709578
2022-08-26,0.46351795998812206,0.36034241051786037,0.4879891419901327,0.3403463401391555,0.32943544491278914
2022-08-29,0.46524743677167774,0.3531210310358385,0.48710786981720555,0.338781882389314,0.3302742664562519
2022-08-30,0.44645152662698956,0.3265556978945446,0.4566236867933367,0.3163818723599845,0.31980590362545047
2022-08-31,0.45020970470377447,0.33045547716349544,0.45987621480124213,0.3174827650427526,0.3297176399623671
2022-09-01,0.39922635958362357,0.3215532706412446,0.3583829027054385,0.31586008177338387,0.32943115634596476
2022-09-02,0.39203635568796097,0.3171010402906025,0.34879061166666164,0.31414242217732785,0.32792627869113583
2022-09-06,0.39554500025972295,0.3179683751231439,0.36464978010921734,0.3121205562704979,0.32157092441294
2022-09-07,0.41687131048008547,0.3234407049570331,0.3875832029539369,0.318030407368663,0.3384542567427231
2022-09-08,0.40060629637198397,0.31403099080162117,0.37909748594520953,0.304244618787009,0.3279233270161068
2022-09-09,0.40054660946623477,0.31707571116310995,0.3792514708925404,0.2476335685682901,0.3316819534957237
2022-09-12,0.40374044305354095,0.3195640682515478,0.3793355056380952,0.24932858275104197,0.3314889212640989
2022-09-13,0.418019112438963,0.341884430716263,0.38895423262778117,0.2673074804406276,0.3482979429011538
2022-09-14,0.42267872090430986,0.3499755759193983,0.3899303028851535,0.2654466751046422,0.35073348436269614
2022-09-15,0.40849816953204826,0.3291923408175799,0.37612022909304255,0.25639259849567464,0.3310694524900404
2022-09-16,0.41834650567938897,0.3446808519672717,0.39112602311339884,0.3051497731068329,0.348891868946026
2022-09-19,0.43045821629392533,0.35167249047713134,0.39774280471888146,0.32297873207689254,0.36123661340183993
2022-09-20,0.428633759260888,0.3443358720235002,0.39489186598260323,0.32657330779538085,0.3618471458070118
2022-09-21,0.4481107452765273,0.3688908064634889,0.42005469183901584,0.3311216515711393,0.3746563901611657
2022-09-22,0.44832588411434376,0.3766832965175837,0.4328627549153447,0.33041544294325526,0.3831059286547245
2022-09-23,0.459070240423846,0.3846680788389443,0.44548145034277264,0.33716808866316444,0.3886649903898511
2022-09-26,0.4577504223466324,0.38862931834831144,0.44889228013260984,0.3349694341204771,0.39991981979564434
2022-09-27,0.4727353611435184,0.3899473967053041,0.4572953219916147,0.3348419995611291,0.39181185158901427
2022-09-28,0.48874601983637384,0.4054415858198166,0.46892982733418853,0.3497071063835226,0.4087353143865228
2022-09-29,0.49114679088153823,0.4118417110557483,0.4673596195736556,0.3501489728900153,0.40697263332182576
2022-09-30,0.4921553396885233,0.41211244736031066,0.46711448404386413,0.35341892626761173,0.4068647919046448
2022-10-03,0.47850799387589166,0.4042207352670763,0.45724269069425594,0.3523320654045788,0.40803729049001003
2022-10-04,0.5399650564128502,0.48086666978282067,0.5064598025398734,0.40507022905905216,0.4525349098983886
2022-10-05,0.5393927954410958,0.4786205281792163,0.5044022462448629,0.4049657589800863,0.4519449793166208
2022-10-06,0.5383034323418431,0.47668307589635467,0.5038069609939074,0.40405980664847635,0.4474198463326668
2022-10-07,0.5411757435354816,0.48380475835188624,0.5050336442307384,0.3997159203317086,0.44757559424556165
2022-10-10,0.5266462810142588,0.47300544004375533,0.49124712758805084,0.39500648733010124,0.441424821042924
2022-10-11,0.5286788003632272,0.47295152718415256,0.49000504403866524,0.39498787915269606,0.44198261215384316
2022-10-12,0.539219788990627,0.47471264733331703,0.49091816955613515,0.3963243947789982,0.44334960955074354
2022-10-13,0.5402453294784432,0.4868468518085766,0.4954842016972204,0.40589978822465056,0.4392476421022948
2022-10-14,0.5401156549271171,0.491528569771286,0.4953515851298624,0.40789500051214445,0.4390947405181977
2022-10-17,0.5402837767743325,0.4912823860071358,0.4977521077407097,0.4075026567570381,0.43944879969569484
2022-10-18,0.548771030885775,0.5000119960722321,0.4953946121116513,0.4121870121621623,0.4430589093517433
2022-10-19,0.5323308540019361,0.4917536224747216,0.4903527873649452,0.401240135345873,0.4169638320837044
2022-10-20,0.543760476670113,0.4928813042261566,0.49001376341684394,0.4015249588086745,0.43601755926851393
2022-10-21,0.5443683061582807,0.4919922854261233,0.49982923031395277,0.39754155255670065,0.4411167476449653
2022-10-24,0.5477691080498259,0.4939091532997876,0.5094284237584324,0.40098540966435603,0.45708465241854634
2022-10-25,0.5241455319898038,0.4791893615306735,0.4971875616539375,0.401212454367288,0.44726621194163674
2022-10-26,0.5230559759961987,0.47265722706010116,0.4962663774137197,0.3982532869310885,0.44286502737342026
2022-10-27,0.5206993364940998,0.46998104501218496,0.49634092582257444,0.39905282643076134,0.4434576181077417
2022-10-28,0.5092410008695456,0.4590879899157844,0.48260942068078316,0.367417898290557,0.4351976709168418
2022-10-31,0.5013045069853103,0.45901794201350193,0.4790693582578303,0.35520383477995854,0.42507898417932466
2022-11-01,0.4989119185161763,0.4595205271919318,0.4779367259656182,0.35124759728939897,0.4242103296357966
2022-11-02,0.48631926026711986,0.45779139337333746,0.4620495310116526,0.34258303074425167,0.41189482848438835
2022-11-03,0.4714372947679423,0.44220903816283397,0.43708871885702827,0.3268483040803749,0.39657953329815254
2022-11-04,0.45898659795089053,0.4346455297022736,0.4254817424250181,0.31177360448904745,0.39204832053569666
2022-11-07,0.4482680010835662,0.42031531123269156,0.40475638994274604,0.3017583106638186,0.3600118059044421
2022-11-08,0.4414740529477872,0.41903995370778985,0.40647302883289343,0.3020584742745971,0.3601360090094055
2022-11-09,0.43492718112936807,0.41075017899810284,0.3998980212478954,0.29557117712725917,0.35668093464936984
2022-11-10,0.45409740114440594,0.42356503210302143,0.3986248365604986,0.3028922911705161,0.37964638676760154
2022-11-11,0.44945941505268777,0.41978874388222537,0.3932819438545045,0.2927774789529526,0.3792066655249334
2022-11-14,0.45074119458730527,0.42830578996577995,0.40050540640706933,0.3000430237413742,0.38519074640035617
2022-11-15,0.38434453016237285,0.3530205242010057,0.3477931259215356,0.25354106935660675,0.33609449563497595
2022-11-16,0.40043689066038923,0.35995590232065466,0.3548231444550315,0.2595554552747394,0.3459225351994288
2022-11-17,0.40015570519901894,0.3603359246286259,0.3506310316352694,0.25724889524927197,0.3452804254495833
2022-11-18,0.3750642265626219,0.33591511551734893,0.3310091874318496,0.24636894206452623,0.33894887711680705
2022-11-21,0.3765001330034318,0.33764165507437416,0.3349408016111043,0.24778225413355295,0.339153732737255
2022-11-22,0.37489699780624464,0.3297025356259735,0.332414523747629,0.24462640668979657,0.33802152193426604
2022-11-23,0.371906654391662,0.32909990368757425,0.33248990195801076,0.24510943077187247,0.33754123183235846
2022-11-25,0.3654662475271713,0.31492507111324847,0.32446633993633167,0.23931226915323908,0.33629683484718803
2022-11-28,0.39308787494890257,0.33063579008563404,0.3436399013342499,0.24810448808566923,0.3455726014446347
2022-11-29,0.3972942323173385,0.33502818779468935,0.3430848844157061,0.24962910817871778,0.3468830351031429
2022-11-30,0.3869450596204794,0.327786881961708,0.3349734430207026,0.24915263437792665,0.3461139907841285
2022-12-01,0.3941140995972078,0.32711580041042604,0.30978358927307886,0.24669047393816695,0.3432698168620251
2022-12-02,0.3772033035387563,0.3246928991099153,0.3096148434351402,0.24608237074676845,0.31269774638159253
2022-12-05,0.37464762270952773,0.3234135315790533,0.3022747369496172,0.24874147850552977,0.3053583610171855
2022-12-06,0.36833125934925903,0.31896458600702804,0.29105024301540794,0.24582615621721085,0.29023477097377764
2022-12-07,0.39930194160190235,0.3424877636320136,0.3141330132281199,0.28122500646681947,0.31553579591012115
2022-12-08,0.3955068418897416,0.3494578111037288,0.3256814088351814,0.2816436886451811,0.31345060699348076
2022-12-09,0.3957001456750957,0.34987870697447504,0.32400583010552625,0.2745997148728462,0.31391069099499064
2022-12-12,0.42169616606663707,0.35640838110357526,0.3303774029236134,0.27301852830277074,0.31383780487563295
2022-12-13,0.4468619609432484,0.3700878702919237,0.38579585473325556,0.2888683565362623,0.31558531492000513
2022-12-14,0.44718577865804254,0.3779157123616174,0.3917407541467578,0.2865980322469172,0.3167495270758306
2022-12-15,0.44323775574128554,0.36310510377219646,0.3935729121095283,0.2922516941392231,0.33667518938426383
2022-12-16,0.4422491510000834,0.36327140893116333,0.3935440978914289,0.29013792066376554,0.33770812680143236
2022-12-19,0.4382593225209633,0.3569732333367419,0.3730456272394267,0.29914224083882535,0.34166618933393655
2022-12-20,0.4353725730796693,0.3529138029757955,0.37637511975772026,0.29794096545324733,0.34165953216587674
2022-12-21,0.4536211698772962,0.35899907570349743,0.3773142482876137,0.29850033416712596,0.3462837195024805
2022-12-22,0.46163220546687955,0.364784797533496,0.37956244618394586,0.311042137088291,0.34771782229052656
2022-12-23,0.41259653414698466,0.31694308762156587,0.3502328949035668,0.28668193865235775,0.29655439661642236
2022-12-27,0.4134047386031893,0.31737497139799575,0.348018122151047,0.33055159551957325,0.3017488303560058
2022-12-28,0.41407821358906205,0.3212683677329517,0.3510963525492513,0.35694402171514694,0.30278024669858566
2022-12-29,0.42727416062550044,0.32894024068109606,0.3566483144080128,0.36820845898327104,0.32134678548941126
2022-12-30,0.4170834970927075,0.3235423889181255,0.3547620900780028,0.3682744484548858,0.31473989198173535
2023-01-03,0.41677031058805764,0.3240973112196002,0.3554732819616914,0.3768598755253572,0.31762035207786143
2023-01-04,0.46225898959776424,0.36064853355874776,0.4099062327442761,0.3878974898896399,0.3490342415485885
2023-01-05,0.468432576056146,0.36667600843607095,0.4264156389490705,0.3875489210340334,0.34857654963772716
2023-01-06,0.4692611978187978,0.3718895014952107,0.43283716926420845,0.4117752506512234,0.3572548817774531
2023-01-09,0.46862186454098115,0.3754637714988515,0.43945099976919405,0.4150069406989473,0.3575797639407227
2023-01-10,0.481857829403465,0.3854811547261042,0.4656374145898668,0.4156085318276994,0.3700069883097428
2023-01-11,0.46002685721610004,0.3682511078559236,0.46981337789977745,0.41360464121606544,0.363264989771082
2023-01-12,0.5316063852869098,0.3771958311724591,0.51260513228707,0.41877896098071027,0.3734126037847588
2023-01-13,0.5301429778196093,0.3908316752292753,0.5123858276683568,0.41524141438622836,0.37364519207587626
2023-01-17,0.5183733976020356,0.3907756509477962,0.5129174706250621,0.4149444432128936,0.373597930690992
2023-01-18,0.5267144618353096,0.39030318301146966,0.5339640405850821,0.4178339775353048,0.3757255341998422
2023-01-19,0.5327639025324785,0.39043225740899795,0.5313525095440671,0.4181071171210867,0.37568483390121027
2023-01-20,0.5318851277664941,0.3928901394708089,0.5321753154899628,0.42128635173628926,0.37465844606294535
2023-01-23,0.5037577332762534,0.3667960865948579,0.5164698842424174,0.3997313760860453,0.3479612381920023
2023-01-24,0.5057585875891004,0.3590331810300362,0.5071996281029851,0.39902151812968456,0.3485939788481885
2023-01-25,0.5052836913236707,0.3600767224792201,0.5089790855801903,0.39713985070530355,0.35401263625458745
2023-01-26,0.49094338988257447,0.354089835171233,0.508420502640004,0.39978535986408953,0.3478761648454916
2023-01-27,0.46246143398732237,0.3325568736894053,0.4621739306897162,0.3940479953158454,0.34652406412825126
2023-01-30,0.4720064945283457,0.32767430110121154,0.4550265524355216,0.3969823582547671,0.3513105784900039
2023-01-31,0.4582812444691202,0.31285665957811815,0.4349116613459028,0.3932730221521686,0.32594710982547315
2023-02-01,0.46144710847943043,0.3142013574300823,0.4363357532273753,0.39336280874573776,0.32575427038203925
2023-02-02,0.45062311688121426,0.3126637059677287,0.4413488360325198,0.39885511299501947,0.3176772872446842
2023-02-03,0.4518360877984142,0.3148821477386184,0.4518805598063609,0.40081647727608116,0.3187572675243655
2023-02-06,0.4455100744577632,0.31095827354292954,0.45358454183300617,0.40141213511923995,0.32624482871890376
2023-02-07,0.42509338417926634,0.30034933484124704,0.4476149443615556,0.39058029343240014,0.31970905097642965
2023-02-08,0.4260073211227679,0.3017580104549084,0.4480068657736797,0.39419464870118587,0.32154250300321696
2023-02-09,0.42819286525288197,0.30310341711910727,0.4536675341840429,0.35432130757748104,0.31456840038216644
2023-02-10,0.4318072263977551,0.29768579362350606,0.45096484460768393,0.31854951459130293,0.31499697546397126
2023-02-13,0.4273831751037683,0.29373694729911876,0.4504639522892566,0.3038803990880748,0.3022224547183799
2023-02-14,0.4273478841707477,0.2944363817877463,0.4488561110034229,0.30482301164676046,0.30224504464394464
2023-02-15,0.42751739731256927,0.29264207988744256,0.44534966265713793,0.2874752711012223,0.295952910762363
2023-02-16,0.4025783563476339,0.2630288730375464,0.4181533139182782,0.27690315403327487,0.2755287566981055
2023-02-17,0.39730976330153167,0.25560421591069343,0.4082203157151657,0.2767397714002384,0.27481971080902623
2023-02-21,0.41856997430385573,0.26869696627979583,0.4170529899680721,0.27696011599977977,0.2796723304716943
2023-02-22,0.4121430536192622,0.26244181985110526,0.4126801831673695,0.26964003375516105,0.27946110498058796
2023-02-23,0.4004177493364837,0.2436936680762654,0.39594389673933167,0.2639916980661233,0.2614428175098957
2023-02-24,0.4042917317671822,0.243838465923154,0.3791284716438259,0.263675169623558,0.2615575900690778
2023-02-27,0.28357485676917576,0.22009546685563453,0.3104374022858798,0.24798660139834694,0.24220290120002463
2023-02-28,0.28995542569427074,0.19903349919546717,0.318283890991833,0.2480774167938578,0.23547014299463348
2023-03-01,0.2898928195987471,0.1993777389802106,0.31786840682631834,0.24820069352257443,0.2371107597997675
2023-03-02,0.2816445653896459,0.1993306531316305,0.28543038050118424,0.24487587113826034,0.2309544802524371
2023-03-03,0.278155932592839,0.20186930939382805,0.28353514259983126,0.24587437961023514,0.2328119800201381
2023-03-06,0.2812913305966451,0.19727593172157315,0.280633875779099,0.24097214874717024,0.23313827500433038
2023-03-07,0.2829430222729068,0.20281316130830884,0.29133449576128967,0.24027311277846505,0.23584439074980576
2023-03-08,0.28398643344143754,0.20729111547129425,0.29123691230154125,0.2462762627834539,0.23913845894771862
2023-03-09,0.3081779725794364,0.22265487107188278,0.3120079629408061,0.25311005775720213,0.2449183223519434
2023-03-10,0.3096051278645506,0.2406141386636918,0.31517666515678827,0.23920277582946178,0.25642781879473603
2023-03-13,0.32715409036006915,0.2662587490877964,0.33640166519180936,0.2730965069183729,0.28187363030165913
2023-03-14,0.3195883640418314,0.26585817364068115,0.3699616339331531,0.2711704160214144,0.2993747459726608
2023-03-15,0.35020292328383507,0.31142777179541226,0.4117526392056801,0.2751716654994394,0.3068316824292769
2023-03-16,0.3380187410442414,0.3077679238027908,0.4045128212464849,0.2895150842214458,0.3039346406737134
2023-03-17,0.3279736900711338,0.31106253249299676,0.38075405228989373,0.26699796977690576,0.28312342849827155
2023-03-20,0.32808271607674366,0.3128109300453471,0.37801904999181063,0.2673102847681049,0.2835412686644279
2023-03-21,0.3440624070044965,0.3228741994125254,0.3896259598078658,0.2887204509128817,0.3079842893424586
2023-03-22,0.35624267654955893,0.33266500254037745,0.3980547924230629,0.29707700201829995,0.3134088073034941
2023-03-23,0.3561676169708253,0.3347485806616541,0.40255982728564027,0.29316120304227095,0.3158503552184884
2023-03-24,0.3566442957955648,0.3359270344326832,0.40084339678997616,0.29279758982005893,0.31553362712797495
2023-03-27,0.3586915543660938,0.3398257794423683,0.4027826233363815,0.2998366389156637,0.3256990256998539
2023-03-28,0.3549641805715362,0.339538599300706,0.4040934041203216,0.30065313437215685,0.33161647893576907
2023-03-29,0.36115647707160287,0.34785336917040727,0.4081324839392583,0.30991552557486024,0.33850964457445626
2023-03-30,0.3628933957136322,0.3576772336946716,0.40912685920702546,0.31208576211312666,0.341542734978207
2023-03-31,0.3644115707803945,0.36375067320437793,0.4094753152772116,0.3206269948524235,0.3489628693263661
2023-04-03,0.36855626953974924,0.36517356968198433,0.40949047216315915,0.32785737563449757,0.34953354023600863
2023-04-04,0.3542595117792173,0.35583411063956766,0.4052245255892994,0.30282983706188954,0.3433837900211878
2023-04-05,0.35698015424565915,0.35721063144933446,0.40302521963487387,0.3028030898940911,0.34351470168440124
2023-04-06,0.35200168967976064,0.3548127755515083,0.38813020480664656,0.30274096308640414,0.3431854563726983
2023-04-10,0.3510116268052914,0.356388930210948,0.39095684270582276,0.30828608027116566,0.34500146531212555
2023-04-11,0.35306209578460623,0.3586534067313808,0.40002044875046333,0.31259583127593976,0.3471465518190657
2023-04-12,0.4301271641408358,0.36061578612957756,0.42721078231370657,0.3151208086032556,0.35431790471877955
2023-04-13,0.4292458007913187,0.360248740105462,0.4288248929054451,0.3149866085991138,0.3547529762346763
2023-04-14,0.42791517708078497,0.36337866268023683,0.4277227496374378,0.3169433609197311,0.3553337244391354
2023-04-17,0.4329601782280358,0.3700637113864208,0.4308459448243549,0.32227759036418197,0.35869335373885064
2023-04-18,0.4367152848149363,0.3769549855007474,0.4355430706667995,0.3212215859732257,0.3580826861738858
2023-04-19,0.442233597181408,0.3770655093588096,0.48488496464886877,0.32320453801724924,0.365257750921946
2023-04-20,0.44081968073719846,0.3844309114552821,0.48939333765010834,0.3198316059716849,0.3614266193077097
2023-04-21,0.4288228516850215,0.37620198374311237,0.4791409001380503,0.312534703464166,0.355541442959498
2023-04-24,0.4241206919919991,0.3663853601080858,0.47684082464162236,0.31147493374633445,0.3461853259684415
2023-04-25,0.42178715627299906,0.3563009790650898,0.47126650154077815,0.28235299130165076,0.33777230678112635
2023-04-26,0.42117919317959396,0.35703660260024184,0.447747814613093,0.2801874465648425,0.31599331059718555
2023-04-27,0.3952707033036311,0.3115052960359971,0.4082345718451945,0.28645906687210426,0.2897495982669153
2023-04-28,0.4294863875141065,0.32030541458092293,0.4124403837244171,0.2796273953545307,0.2909665354406958
2023-05-01,0.432065528420277,0.3142123416408194,0.412287348653653,0.2774860089971699,0.2748984125121928
2023-05-02,0.43279927372813176,0.31474070917099023,0.41230473431410664,0.28427492914582114,0.27526329603585736
2023-05-03,0.4237555232456437,0.31042917349741284,0.4050517044117364,0.2804052463008027,0.26078022958718794
2023-05-04,0.41309418455754005,0.3083539233288218,0.40691103686107066,0.30134807739130987,0.2641723166998565
2023-05-05,0.41832726508461676,0.3110643464108323,0.41724841625508297,0.3004736751229856,0.2612134913181926
2023-05-08,0.4298410045034659,0.30608120574223924,0.4203243498502847,0.30056618467753204,0.2581360498877411
2023-05-09,0.4281268535908731,0.30315439585635606,0.4197609227524043,0.2960404930794715,0.25304481025944986
2023-05-10,0.42919931933278926,0.30471217198063627,0.42377905114610986,0.2940928114050488,0.25560059726978834
2023-05-11,0.4261017464305268,0.3000869788001652,0.4198258855181499,0.2827196675369448,0.2501711873941151
2023-05-12,0.4253953518024512,0.2916146966229975,0.41967702100337856,0.280410202516406,0.25090820372735917
2023-05-15,0.4250717532272601,0.2861718177066652,0.41841008708260113,0.274895177829831,0.24502365853095212
2023-05-16,0.42040356399879614,0.2831807290911626,0.41349373991795096,0.26987983085701306,0.2500249497470584
2023-05-17,0.4410154385689155,0.3335396130250287,0.43418422278329644,0.30666411126077264,0.3052776827759185
2023-05-18,0.436838221822394,0.3303863756505829,0.43155495609547545,0.30682942343180786,0.3055724618764977
2023-05-19,0.4396711266557516,0.3316004788967368,0.43323264294697994,0.3095964327596006,0.3090343971691413
2023-05-22,0.4485530955296184,0.3314471963773879,0.4331235270624476,0.3035414432026014,0.30897653805818004
2023-05-23,0.4518848695754097,0.32954032451242593,0.4275506217129245,0.2988938215433969,0.30559289928588423
2023-05-24,0.3636781120541426,0.3316848016153058,0.38624629445485376,0.300381420622221,0.2986093412031749
2023-05-25,0.38089979277017705,0.335555763517834,0.38741325559984313,0.3029681534926214,0.3052395517854004
2023-05-26,0.3782752194527825,0.33438897396482714,0.38682986552609,0.3039893429650222,0.3027403939324548
2023-05-30,0.37608881583124526,0.32892209923794535,0.38651495743982806,0.29746552430583584,0.29947405149346495
2023-05-31,0.3753602641972979,0.32315021075599293,0.38762185872291177,0.2973651841462068,0.30020844203705516
2023-06-01,0.37045871644409617,0.32000579193030626,0.32303499457043555,0.3015417226280108,0.291701199506382
2023-06-02,0.36318975888533717,0.30401320383050395,0.3154038200121927,0.3191297204635059,0.30182064186062435
2023-06-05,0.36385535619057024,0.30211001909379737,0.3140333826826996,0.31912964547039063,0.2973360313700278
2023-06-06,0.36292670388113024,0.30277032347012284,0.31172221611985884,0.32207121788218945,0.3037405408608416
2023-06-07,0.3436526960388521,0.2878897939101864,0.29269357054579226,0.31557237298922264,0.285075516065109
2023-06-08,0.3413483291274983,0.28844848179623367,0.28974086769635377,0.3140511448443917,0.2833231191737952
2023-06-09,0.3426787093459584,0.2863636000014832,0.28813360037941693,0.2981943198735795,0.28116465232238347
2023-06-12,0.3124166818449421,0.2825508446114397,0.2859220679110207,0.30583287880247906,0.2837356210095962
2023-06-13,0.3123370542180431,0.2938195566654209,0.29905384500187354,0.31719199264427567,0.2895535652144776
2023-06-14,0.31110004918379885,0.2927949752455043,0.29902404223313134,0.3229954344703557,0.2910229403652029
2023-06-15,0.31086328067622604,0.2886668951456617,0.2982796458518132,0.3160943524162856,0.2916591110353156
2023-06-16,0.30461779714716175,0.26649771696695607,0.2724777957570613,0.27478097666817586,0.27032168373254356
2023-06-20,0.30227246549181525,0.26521486814772927,0.2569635290059324,0.27458829211252334,0.2727754405945496
2023-06-21,0.2893329181444713,0.2652167355231133,0.25137782316399787,0.2748806291109014,0.2728550550654797
2023-06-22,0.2891721380373803,0.2645341396803304,0.25073660181600826,0.2754791178474218,0.27244015959540324
2023-06-23,0.28814728130888245,0.2597457670493719,0.2441879901136485,0.27389824198136276,0.2670159634442943
2023-06-26,0.2801629452609036,0.24858124438777093,0.24112614442813707,0.2706302532929596,0.2678717567720278
2023-06-27,0.31388240192023775,0.3009898068027081,0.27347203171354567,0.2798776749805113,0.2827208782129937
2023-06-28,0.31235597550958316,0.3008782196134827,0.2732175614171972,0.2790094477877925,0.28191704472215384
2023-06-29,0.31032771535223946,0.30540493495211596,0.31384068371748175,0.26962226461296523,0.27529969710261776
2023-06-30,0.2854392411126981,0.26809211850510845,0.2847050427093861,0.24307773490335363,0.22495255706912912
2023-07-03,0.2853987711296353,0.26620983159625344,0.284569650723065,0.24720229683686878,0.22413677594832493
2023-07-05,0.2783395244323986,0.26057915026623873,0.28041115570694725,0.23722528339775506,0.21697233525543455
2023-07-06,0.27221833103203724,0.27694670997983034,0.2904433167932763,0.23621856353115708,0.2262247665469282
2023-07-07,0.2631143612011096,0.2768675589941449,0.2925881373118772,0.23651611923183521,0.2279716639602546
2023-07-10,0.24921360089410932,0.25359789714320086,0.2798952260002132,0.22543733616289577,0.22953165953138482
2023-07-11,0.23026097422223854,0.251580834596343,0.27904890465843785,0.22740282641182114,0.22478165173630854
2023-07-12,0.2363332468734516,0.26128756356090427,0.28330216628060406,0.23929032778633091,0.22716812489060317
2023-07-13,0.23831204330002334,0.2647672795583703,0.2825743732643717,0.27708918104657065,0.25074332814274175
2023-07-14,0.2485726530911967,0.28060743915139597,0.30116754949743735,0.2868275634641119,0.2776808171164457
2023-07-17,0.24624509136354464,0.27986272941718127,0.30101805973692014,0.27163732179519573,0.2781433511140417
2023-07-18,0.25292925093375007,0.28806386482710955,0.3036660290584702,0.26143795728369346,0.27554493242652234
2023-07-19,0.2530305778262093,0.2878251080516408,0.30267797561495785,0.2613209797210568,0.2784092948432056
2023-07-20,0.32449882200472124,0.2879373769366145,0.31282879495668975,0.26427497845268927,0.2738928763481619
2023-07-21,0.32360732251772173,0.28913005518920154,0.31453316815736104,0.2636956557649281,0.2705552823994901
2023-07-24,0.3394842279588087,0.2984387831280435,0.3277307485562835,0.2618750545006173,0.27602518230781714
2023-07-25,0.34026115950307884,0.30973921937059257,0.34393270501290885,0.3015539518449366,0.39989359726283313
2023-07-26,0.3312220364160436,0.30563472816819315,0.3412095357232276,0.29780303355153204,0.39614081999909573
2023-07-27,0.32955308538265526,0.29818400538401585,0.3333200746105831,0.39487431300949233,0.39037374198440294
2023-07-28,0.32805710784830805,0.2963021714551076,0.3368086949470372,0.3866014201329979,0.39561466772525605
2023-07-31,0.32803962843242584,0.2948004304579074,0.3366861541075345,0.3870750017238673,0.3970921827100541
2023-08-01,0.33926494881218017,0.3009755074835684,0.34161593977539634,0.3915225354229363,0.3991196672745978
2023-08-02,0.3417803080184694,0.3030966994157309,0.3403167022685777,0.38985856757624976,0.3959993365704379
2023-08-03,0.3418446473163562,0.30597781774679217,0.3414068060744702,0.401046721757065,0.40119044176591395
2023-08-04,0.34244418277368416,0.30674336212645975,0.3414321274450784,0.40382989671043557,0.40106055420075065
2023-08-07,0.3433401392151952,0.30886816888404983,0.3483228864340466,0.40363665556302625,0.4006175304796156
2023-08-08,0.34358251823589003,0.31000514916577016,0.35207156098177356,0.4095469568902146,0.3990112069853971
2023-08-09,0.3081164110467133,0.24306472517989908,0.3314869631772158,0.39454280759141036,0.3805940665017403
2023-08-10,0.3051864522721943,0.23951759574696282,0.33096806782699356,0.39454335668292495,0.37893976289321
2023-08-11,0.30476732720408967,0.24214792234405882,0.3057766542649238,0.3921031193905797,0.38002592285721426
2023-08-14,0.3020126205999866,0.2274362044103198,0.29856588200530454,0.3912461488164588,0.37535098070086226
2023-08-15,0.30333962546981114,0.23615247374518436,0.3022284748468905,0.3847994392614135,0.3771139291877622
2023-08-16,0.29905101771576215,0.23207813651890527,0.3011526842684938,0.38405524516423284,0.37667347869634943
2023-08-17,0.2997395177500191,0.2295017970166151,0.3021227421368723,0.38725406930000617,0.3798109846121728
2023-08-18,0.28466178247079976,0.22479587396560544,0.2959833621204577,0.3837146667634106,0.37360576296681636
2023-08-21,0.28263447000203684,0.2215321492267996,0.29273299497885413,0.375278048008004,0.3549949416937144
2023-08-22,0.28003703177007494,0.21998516925696687,0.2927036185576377,0.3676113046476809,0.34870854056003797
2023-08-23,0.2799743564880787,0.22488085079420878,0.2988743745021515,0.3675008752534944,0.3492291412782561
2023-08-24,0.2806416812986989,0.22503848545365765,0.30275267824094704,0.3545028922723261,0.3439110782423479
2023-08-25,0.2802818863211321,0.21744595896825694,0.28911500874306323,0.35267435640122674,0.33334221356758453
2023-08-28,0.283574020891973,0.2236501108864112,0.2899220453630441,0.3526107315066702,0.33482562027190266
2023-08-29,0.2702396935574964,0.22157075695506703,0.2856075095119309,0.3582875417417601,0.324646179054586
2023-08-30,0.2701060486287964,0.2220795998532946,0.28548538726421113,0.35263864808810624,0.3149560359200178
2023-08-31,0.21443339164636877,0.22150172638431573,0.26539678290641916,0.3528066209321389,0.3153512409866724
2023-09-01,0.2141333977019878,0.22173045976727696,0.25684797715736973,0.35161828537069384,0.3142754161862541
2023-09-05,0.20932173602684248,0.22451783685979543,0.2555745628515567,0.3524818006203254,0.32274924600584504
2023-09-06,0.20893179165278994,0.21824113665734873,0.24129784418725145,0.3382727416951661,0.19061149003183833
2023-09-07,0.21236960596243587,0.22005925739899002,0.2409766374249224,0.3311182577633418,0.19172561870566407
2023-09-08,0.2121039258527694,0.21800881582858517,0.23371203719408992,0.2199651215343073,0.18974650665678283
2023-09-11,0.2084775963950674,0.21817313181331466,0.22697210843945628,0.20783584916205192,0.1839703782687679
2023-09-12,0.20929967204779842,0.2131878005647722,0.2261897241018969,0.20078765592785972,0.17740651659842965
2023-09-13,0.2463142372066544,0.22035433071752195,0.2428663607911004,0.1979037381979277,0.1834085406458985
2023-09-14,0.2442785646844898,0.21883328981529285,0.24235986447637087,0.19983001837450917,0.1859035110975177
2023-09-15,0.24487050966571855,0.2234820653530688,0.24393884446616515,0.19933741459829898,0.18080290919800396
2023-09-18,0.24616353638321867,0.22909785603480337,0.24873361560145502,0.19919436990094205,0.1823427674370052
2023-09-19,0.24449255023926106,0.2289703307561904,0.23873054675319888,0.19651457225439617,0.1840998667277225
2023-09-20,0.23850485361804274,0.2251503929074777,0.2270879045781622,0.18010303842477307,0.17949630232720593
2023-09-21,0.23236586494758277,0.22447213132027166,0.21637527975108373,0.18020686812002093,0.17933720697418354
2023-09-22,0.23226626827016889,0.22672573292283366,0.21732771845865972,0.1768467882341106,0.1798336178882051
2023-09-25,0.23322625160155136,0.22497518543521547,0.21672675199781175,0.1810754722326988,0.17910550897163535
2023-09-26,0.22617512180323662,0.22855521526459,0.21558868826601985,0.19794500413988086,0.17743319567471372
2023-09-27,0.222546615913918,0.21953778801896295,0.2139817096733634,0.20329172078900243,0.17513401417694296
2023-09-28,0.24047902672482568,0.2225942889230126,0.21665837235747423,0.2131053105720914,0.1802314919273475
2023-09-29,0.2335063047247426,0.21783419536968132,0.21070610654348793,0.20835739437523423,0.1746896561441376
2023-10-02,0.23311053875053106,0.21997944861846094,0.21285868402589078,0.21019077047333282,0.1718297686110368
2023-10-03,0.24579050176082293,0.23309353108479722,0.21537189672033458,0.2116400737960115,0.1819887153759143
2023-10-04,0.27079570170056894,0.2475556467142807,0.23047536730593066,0.21808789022893793,0.18725069159766863
2023-10-05,0.2739594692401534,0.24536514039410254,0.21812253712107113,0.21877418832875126,0.18797520944431753
2023-10-06,0.2725347472820748,0.25205516118371385,0.2208863492019401,0.21827551284667257,0.1898700124688071
2023-10-09,0.29177328100599803,0.28053083549966834,0.25402736247028973,0.22325245469756694,0.19284557694104507
2023-10-10,0.2887279072471592,0.27956183376530236,0.259840940879802,0.22543939670814742,0.19949170788144371
2023-10-11,0.2926659487196153,0.25900980015624736,0.25383287492679785,0.21168538188608335,0.1958010969618307
2023-10-12,0.3036011816610223,0.26302343009561435,0.2615718355492933,0.2214443852362083,0.20386067574115996
2023-10-13,0.30971809663185823,0.2715015723313565,0.26791439316886684,0.2210196029444214,0.20519187653947568
2023-10-16,0.3187430180608527,0.2751554362011849,0.28044582175972227,0.2261082849598891,0.24314803586740028
2023-10-17,0.31397303191379244,0.2724511207194287,0.2825333863620818,0.22790584914276854,0.22994591973498932
2023-10-18,0.33643904430272825,0.29385903323441215,0.38530588515033437,0.24470889202875767,0.26475056475701925
2023-10-19,0.335977426256638,0.29369178194275003,0.38520077134439923,0.24313965432615595,0.26531893720658056
2023-10-20,0.3437921943929352,0.2944595780820703,0.3881394905763556,0.2414510772929459,0.26538660279806864
2023-10-23,0.3495480080346515,0.2935182560393426,0.3892387502061104,0.24318100614828597,0.26636910997597235
2023-10-24,0.3486103534168471,0.2940230653076365,0.38865368682196466,0.24475724856707887,0.2696403143949966
2023-10-25,0.31692005207142754,0.2897556418879978,0.3793086954345145,0.24355378084734783,0.26482724819297226
2023-10-26,0.32024854789024587,0.2923371517826991,0.3805936472098208,0.24108463753998702,0.2643701979343207
2023-10-27,0.32187298546406995,0.2923813213181241,0.38260445045693137,0.24450037711725622,0.2640465961812796
2023-10-30,0.33231357379990684,0.29831922684326934,0.3941746081831073,0.24687305513498162,0.27289877940819285
2023-10-31,0.33071617777349244,0.29233985784143296,0.3911458906337099,0.247024115472384,0.27068247503312126
2023-11-01,0.3306803644476213,0.2917015121838409,0.3897373351635628,0.24779700893726622,0.2720105156455715
2023-11-02,0.3405637045310925,0.30904984265459895,0.4032421988690168,0.2870263408725108,0.29573545163793974
2023-11-03,0.37514316996829966,0.33600109984545107,0.4310458106452965,0.2996443963382908,0.32750789368820415
2023-11-06,0.3816554438732568,0.33703108381623553,0.4334401937506917,0.2966837496548727,0.33162454719299295
2023-11-07,0.3807999570635891,0.33782904194519275,0.43481939452338747,0.28391495935791045,0.33261327425593346
2023-11-08,0.38697837295592874,0.34531299062724624,0.44309545798277483,0.2886145962915428,0.34006388681095445
2023-11-09,0.3832504672992191,0.3478876623745178,0.4444852006207131,0.2904483733373258,0.33877061623043825
2023-11-10,0.3834051895316692,0.352653171614209,0.4488520966896918,0.290593237545011,0.34579617421070596
2023-11-13,0.3833517877378893,0.3510012876899156,0.44750964332382365,0.28928536630006213,0.3458409802267273
2023-11-14,0.3884754271677393,0.3506882707182072,0.4533808923512801,0.33265259937478764,0.36901821872247575
2023-11-15,0.3760034430888371,0.3466945922945853,0.4506955479407496,0.33975471651243583,0.3753086393631818
2023-11-16,0.378276755210822,0.34580640675956265,0.45298795628519045,0.3456665228579066,0.37923698894737035
2023-11-17,0.3789146077263073,0.3458549505092239,0.45301870722243276,0.35279657788778634,0.3776567832476757
2023-11-20,0.36050926810208245,0.31886939409757453,0.4304217915685451,0.3509694491221464,0.3748335250940633
2023-11-21,0.36630941395557154,0.3202671738229526,0.4302095340169163,0.35421950795745505,0.3778396933335813
2023-11-22,0.36508890763440593,0.3196887473487273,0.42868090988540886,0.3518554960377194,0.37618018965414207
2023-11-24,0.35105246219986913,0.3121431586768566,0.4203565830697736,0.3431238238733122,0.3662807033449433
2023-11-27,0.34194761173650334,0.29926060825988426,0.41390080983723143,0.34648863406442065,0.3633299849761129
2023-11-28,0.3380451623276764,0.2986288897336854,0.4098874840006176,0.3485311417709016,0.34938320466587014
2023-11-29,0.3382387076616544,0.30132754701017256,0.4080654101072833,0.35334309718431905,0.35246889419932825
2023-11-30,0.30635454347511204,0.2675599801170786,0.2883519880799591,0.33114676094367795,0.31147733314760623
2023-12-01,0.3320308768242746,0.27340527740545834,0.2918941717663569,0.349967536006329,0.332103209330672
2023-12-04,0.31824266307912874,0.26697617611107577,0.27781129622453954,0.35304505091845567,0.5457114195637567
2023-12-05,0.3226592121930514,0.2713195022707502,0.28908248900823275,0.35401306269065336,0.5572053452942907
2023-12-06,0.3262558901795589,0.2840143627674908,0.29980320607421723,0.3566258214368753,0.5521290799667776
2023-12-07,0.3277753601705262,0.2854196650426904,0.29712641617584296,0.36732031252451086,0.5510698972614445
2023-12-08,0.33214680309372807,0.2863516499291001,0.29927829316148824,0.3654701434998578,0.552767280815702
2023-12-11,0.3230715639287258,0.26270536546086515,0.28474177496661507,0.32995229473745624,0.5492502973472597
2023-12-12,0.32286577836003205,0.26243591460349464,0.27902951396052006,0.33696753469272134,0.5594850000263732
2023-12-13,0.3216053862605769,0.26303011721777164,0.2795656454866625,0.3595942228504968,0.5647503804328826
2023-12-14,0.33000956030538947,0.2664292058396255,0.30297299378755344,0.3599952453789527,0.5600955785426662
2023-12-15,0.3304024586100464,0.26286564216318764,0.29688932434881166,0.36093938427030225,0.5562708714181156
2023-12-18,0.31251288602898053,0.2657406217843541,0.2883550157181316,0.3587948268804057,0.5446761768246253
2023-12-19,0.2968785746532461,0.2600293860110748,0.2792114009138011,0.35784926678628687,0.54070669702942
2023-12-20,0.30881436011167906,0.2704301333125041,0.2960808146680738,0.36079396469572866,0.5414376352106239
2023-12-21,0.3110325699711418,0.2692885064957488,0.30132346882572886,0.36078892647784183,0.5396023974798448
2023-12-22,0.3010351445205777,0.2580789636587764,0.29384289803013275,0.3477013243191901,0.5367926174009766
2023-12-26,0.30693495608497523,0.260203734381674,0.29436452735262547,0.3493923273826178,0.5376749636278659
2023-12-27,0.3090756074696429,0.26180031130453135,0.29637920147926905,0.3482910218647199,0.5401707755341708
2023-12-28,0.2922440271492271,0.25072470918957546,0.2824703831933797,0.3222306259719937,0.5229039645047475
2023-12-29,0.29746169910870246,0.25243252402686034,0.2854307444378251,0.32382798047898886,0.5237170748452208
2024-01-02,0.29974468141538674,0.25026837365783905,0.283740728096336,0.3153721978875715,0.5225095830109813
2024-01-03,0.3207756232806158,0.2821354732954876,0.2951445877236076,0.33943556677691034,0.5424960484736487
2024-01-04,0.32117395602734045,0.2820395307901647,0.3026128443932684,0.3429330691344145,0.5416356853064316
2024-01-05,0.3302126886248153,0.2901398423762444,0.31227328552316147,0.35383541330609714,0.5461362094805378
2024-01-08,0.3837889737582953,0.29734231916906206,0.32049413108881336,0.35434933833640414,0.5459814287375412
2024-01-09,0.3876718990315802,0.2991836241503674,0.3218949024471669,0.35435638000844466,0.5473014537773359
2024-01-10,0.3853967354472962,0.2984277352165863,0.32048879512316814,0.34795874826047907,0.5470870348809173
2024-01-11,0.3861473043657582,0.29848381115539074,0.3189178962595321,0.3470700346417906,0.5471412034101206
2024-01-12,0.48450494399060984,0.4042878944493533,0.4525368291785666,0.37230092099729,0.5629241807388855
2024-01-16,0.48299986867381384,0.41181366149659926,0.4569678744756487,0.37201066744015965,0.5651476454210805
2024-01-17,0.46756834336388287,0.40296934781944616,0.45883201773840937,0.35962789130560346,0.5449708762511297
2024-01-18,0.5035022891352324,0.4099270575469253,0.48207460470490154,0.4037465918481388,0.3759737053949157
2024-01-19,0.5021678170202276,0.4125325826070554,0.48246641322981015,0.40324423775711027,0.3537277864851079
2024-01-22,0.49673690738000387,0.39920390328276417,0.47213878223489586,0.3954992672826041,0.353593483338993
2024-01-23,0.494693743406394,0.39326302576123956,0.49750269100671096,0.3877670206807952,0.3628397073392863
2024-01-24,0.49381165330591553,0.3936687385890227,0.49769133742145655,0.38747325119912246,0.3615725303630839
2024-01-25,0.5748993342319572,0.423130053260823,0.5183847982494553,0.3940657464007899,0.38358922514451627
2024-01-26,0.5746591037091551,0.42142270073275895,0.5184529124802328,0.3838631049685622,0.36613145980288825
2024-01-29,0.5764481483232414,0.4229960515144926,0.5187818152785694,0.3661514175921365,0.35246279312668133
2024-01-30,0.5740849928865598,0.41433914614365985,0.49969073889010673,0.361593073917199,0.3516306296192741
2024-01-31,0.5770019810742825,0.41492145177380746,0.49995564392552216,0.3546466145845227,0.35702504025952136
2024-02-01,0.5750403140724232,0.4110826785117759,0.4932233749581205,0.35533492942853384,0.35818214539224
2024-02-02,0.576506914876824,0.4114975816123302,0.49324488186485965,0.3518913100955477,0.3495368939748253
2024-02-05,0.575898493557,0.4110386962193654,0.49520682504511043,0.35629597602168384,0.3543964918510543
2024-02-06,0.5852902218551045,0.41319705101584125,0.49318655904373526,0.3735374974254255,0.3581633058949826
2024-02-07,0.5851351603487998,0.41320681909461304,0.49321422802075504,0.3746604094472977,0.3582700473320018
2024-02-08,0.5831666996630682,0.4125382952022146,0.4928087884210836,0.3992647628767185,0.3673986845356333
2024-02-09,0.5826406854119323,0.4124980301206365,0.49452327303243165,0.3992456461365406,0.37146642486818815
2024-02-12,0.5825527496421045,0.4125148691868161,0.4963540062082538,0.3995140801921356,0.3710530672218706
2024-02-13,0.5839552593727908,0.41359032658635836,0.5033562543119464,0.3962197908283548,0.3706402438090303
2024-02-14,0.5806392674409991,0.41764648758945244,0.5080676504570647,0.40369353566214783,0.3723869603058727
2024-02-15,0.5678851007816549,0.39734534099519936,0.4993504605208536,0.3786296401267315,0.34311455768157656
2024-02-16,0.571397190222468,0.40201347687599065,0.49962152502447515,0.3786539222923005,0.3426180176979757
2024-02-20,0.5619052871217405,0.3911298041242596,0.5013442197384484,0.3627925894604483,0.34791440316672617
2024-02-21,0.522822744924247,0.383174156220233,0.49662288206211525,0.36477020572105634,0.3481484207200883
2024-02-22,0.5276589900217385,0.3926180825953934,0.5010217969611133,0.3672099827442018,0.34552452599104816
2024-02-23,0.5282531205681237,0.39291479840579085,0.4992175518520229,0.3703973667723347,0.34942338001863515
2024-02-26,0.5270040199231982,0.39280730659812263,0.5005066660690156,0.3708611421386876,0.35734765662343426
2024-02-27,0.4414591313719905,0.2863560441887817,0.3843217487817283,0.3428827561424534,0.3285833730438603
2024-02-28,0.4421067427555708,0.2728806732550966,0.37729614267789185,0.34365160939253614,0.3231627300716186
2024-02-29,0.4360779852990181,0.27019365575917625,0.3661826586760836,0.3357133497725002,0.3195783962558902
2024-03-01,0.3948030599792417,0.263384820395106,0.3466256465969088,0.2834319159273553,0.30268002921252535
2024-03-04,0.42788982957173843,0.25821189927974814,0.3415839747064238,0.28293567412218273,0.30269292062125386
2024-03-05,0.4290968232211192,0.25576600605711325,0.3414190556556445,0.2843163085852841,0.3033050601436237
2024-03-06,0.42397340111184767,0.2458746091432029,0.30916270723443806,0.27276120460004666,0.2938123391338044
2024-03-07,0.4234135111761302,0.24945612485283472,0.30873934603062003,0.2727479987297932,0.2945621730530896
2024-03-08,0.3014509058010615,0.20806492500189644,0.27721443909304194,0.2675242552786088,0.2699899520460482
2024-03-11,0.29868329030615504,0.20413413732494362,0.2771911413033764,0.2696916287832466,0.2722119039337606
2024-03-12,0.32593034234781726,0.20235744264768252,0.27982253121961936,0.518494510198441,0.28661306465353026
2024-03-13,0.317132648306889,0.20817710783150054,0.2840816637274646,0.520505173754535,0.28741097465663246
2024-03-14,0.3116399784413358,0.21537418403350042,0.2835981344437104,0.520072705075089,0.2938397890137661
2024-03-15,0.3107200193199256,0.21214234446841929,0.2876625640389154,0.5198693340457509,0.29241547471981627
2024-03-18,0.3089372773949775,0.21241840366713063,0.28746798230385745,0.5202338239234718,0.29197905028836624
2024-03-19,0.3053962415575399,0.2026696447308536,0.26835104164153395,0.5176850493828777,0.2842991576522465
2024-03-20,0.3067845265870986,0.2176261810561984,0.2867500958045901,0.5063158400422942,0.287526258133463
2024-03-21,0.30983551676532867,0.21904219607015624,0.2881804903261557,0.5059390187241848,0.2918214392253766
2024-03-22,0.30983736993009037,0.22254191090992007,0.2887539622857312,0.4801925645373639,0.28544602655443785
2024-03-25,0.3101409465224578,0.22374212922741094,0.30585570627444425,0.4798238155160171,0.2815003865992243
2024-03-26,0.310003422717922,0.22459824491449465,0.30432095092808775,0.4782600546512762,0.2815618553478612
2024-03-27,0.3114102150430592,0.2295796010300045,0.3054913307101326,0.48832228860166504,0.3100014385823499
2024-03-28,0.3080337133905952,0.22595777431140357,0.29781681789892767,0.4731225040417526,0.31158004167417563
2024-04-01,0.30810285854500896,0.2259672968075356,0.30078672182805277,0.47027568613128584,0.31095207382738094
2024-04-02,0.3605991995572593,0.2326685184181206,0.31504206767930903,0.4755324817958696,0.3200685966096235
2024-04-03,0.36341106821913066,0.23452083611894015,0.30829529624475654,0.4756628455168518,0.3047978169724628
2024-04-04,0.3683813590461363,0.24129862145984576,0.31975268838724313,0.469544601601592,0.3049491988251086
2024-04-05,0.3553918654078613,0.22484041039402397,0.30861784189640823,0.472890068402428,0.3079316611301384
2024-04-08,0.35723322379397593,0.22816255146807587,0.3081866950040064,0.4746726071971853,0.30128705184625604
2024-04-09,0.35578066531673935,0.22815649502010674,0.3068377321118489,0.4756209236765504,0.29006837398127355
2024-04-10,0.36536214342920403,0.24126129103258667,0.3144137522411575,0.48247018907494826,0.29748675068288016
2024-04-11,0.37005832692869495,0.25318559736029295,0.31845543234693696,0.48834240197032747,0.29708090190955094
2024-04-12,0.37616408973603843,0.2599488363919413,0.32381187402066974,0.49539653039938886,0.3086580400009356
2024-04-15,0.37711519023032414,0.26039327521036343,0.32522486429162134,0.49789736392335254,0.3077022803510457
2024-04-16,0.34985757469268586,0.2556941404402193,0.3252942429710568,0.4985429374488684,0.30788911567649047
2024-04-17,0.4038581244861416,0.2655002578604436,0.6047525892850469,0.5038349929406943,0.33248002740114446
2024-04-18,0.4024240394816599,0.26593462290071673,0.6223617108141428,0.5049790218566954,0.34591772956051203
2024-04-19,0.4030228438367899,0.2643331146802131,0.6225122195552708,0.5057816390809137,0.3463658963931945
2024-04-22,0.41087717282888697,0.2706809395661523,0.6307612932029936,0.5069603734101752,0.3383484605542279
2024-04-23,0.4151894489208233,0.2702201501454522,0.6288943220482376,0.5063310769976239,0.3394864361821827
2024-04-24,0.3966417930197828,0.2848199325775159,0.632276590705072,0.26226908112161945,0.3372381891747518
2024-04-25,0.39892855621215795,0.2967771592647699,0.6316190929359069,0.32919486680737736,0.3343675822360047
2024-04-26,0.4024392322365647,0.28837053195746226,0.6334379839147471,0.32958986426825765,0.32203958957387246
2024-04-29,0.40290860572100096,0.28857985052213225,0.6328539429589699,0.3287242541078682,0.32182785243542894
2024-04-30,0.4133529965165286,0.2909171311404871,0.6408633475574171,0.3403568124199908,0.3326909440226436
2024-05-01,0.41223249195988954,0.291346922672543,0.6438873394556647,0.3402539749604307,0.33725542208842546
2024-05-02,0.39353776264475054,0.27842331402299836,0.6333497603714867,0.3439800876773146,0.3320983681117137
2024-05-03,0.3906990532541864,0.27756398018970974,0.6328646375803822,0.34451440691257856,0.32570202467720566
2024-05-06,0.42718356441082844,0.282417479388564,0.6432722500763679,0.3748260125778221,0.33262625524430184
2024-05-07,0.4338337035233726,0.2866379481378534,0.6384234858059036,0.37698441887408085,0.3372325445655935
2024-05-08,0.435487955647216,0.2861268618867926,0.6381939405618416,0.37767480547428767,0.33719177211823226
2024-05-09,0.42865588309154884,0.2761126051921768,0.6308892829222952,0.3661078245866081,0.30295362247181395
2024-05-10,0.4285666172861939,0.27566811718700607,0.6303173210631247,0.3663886294500642,0.29601514427670805
2024-05-13,0.44272994710856467,0.275986488087229,0.6337162048279489,0.37323745683384796,0.2960423093454646
2024-05-14,0.4003778812856466,0.26030527690113636,0.6217606617770037,0.36402498255236077,0.2871865627647168
2024-05-15,0.40029348684810706,0.2580851566910371,0.6161519536476937,0.3646401018857765,0.28773231380689973
2024-05-16,0.39478825827486264,0.257611347303666,0.6059845809248866,0.36524105965994025,0.2879999570930892
2024-05-17,0.394630984119329,0.25762084694277115,0.6055505625028366,0.36336477639929393,0.28403645272787537
2024-05-20,0.3968853601631826,0.25318221077477526,0.606909585926199,0.36372356668650774,0.2865359056972987
2024-05-21,0.40992221770007436,0.25866332540924136,0.6164617054848903,0.36184721975253614,0.2855230438949691
2024-05-22,0.3927996416005151,0.2511292932864225,0.6116990655860363,0.3450353238997993,0.2757807614536359
2024-05-23,0.3955193408603372,0.2403598005720444,0.6139957750600483,0.3625415285436965,0.2850181519254061
2024-05-24,0.38110733094088634,0.23523044605381976,0.6051395694731453,0.3500901624314213,0.2691961386943078
2024-05-28,0.3881777923479101,0.25379930550736013,0.6062736039162445,0.34981539125454864,0.27675661349240716
2024-05-29,0.5545923697752708,0.2551761337437384,0.6079384702216507,0.3643938569298105,0.287231681158844
2024-05-30,0.5151249670202483,0.2430322611001428,0.3492390297793315,0.36273455450243136,0.2538122743708427
2024-05-31,0.5142021993021031,0.24753062678321122,0.32449941932972826,0.372015608127808,0.23120584531073993
2024-06-03,0.5135173780571636,0.24717556217839282,0.32496936169321705,0.38312765633571233,0.22703132951268407
2024-06-04,0.5022764542272141,0.2392745166201814,0.29084703187034594,0.3813653452764737,0.22325423759304502
2024-06-05,0.5031529941353791,0.24506506341321616,0.29276048641152747,0.38784333594451625,0.22268726352387827
2024-06-06,0.501937268449342,0.23260225154054728,0.2840259686335458,0.39223099245056087,0.21898327816417162
2024-06-07,0.4993249984071374,0.20175021486332825,0.28072632632994865,0.33491492271484347,0.21723293076573183
2024-06-10,0.49838007678882973,0.20175815625289784,0.27827428935081844,0.38930358140681354,0.22090325363762317
2024-06-11,0.49808454885774395,0.21139006742437738,0.2834110619195174,0.4244537432077733,0.23177518688117188
2024-06-12,0.4968619645738686,0.2248330806570823,0.27474872219980406,0.4122161357787748,0.24332054519919352
2024-06-13,0.4959499393427511,0.22645501398108603,0.27522638685176143,0.4103814132542786,0.2393249689908884
2024-06-14,0.49040473405933366,0.2335007885659645,0.30067363468573644,0.40356964676366575,0.2401813957936027
2024-06-17,0.4937839243458055,0.2396260193467489,0.303647297743887,0.4029818643977058,0.2485953203194807
2024-06-18,0.4557786842131324,0.22466187324283812,0.2738571357301838,0.38028115458940503,0.23553674209148728
2024-06-20,0.4523363718228403,0.22196361271126297,0.2686657187431981,0.3794437282396604,0.23202798622737794
2024-06-21,0.44878114289544646,0.2219424242422711,0.2697052118670259,0.3800738718786999,0.2318024907659494
2024-06-24,0.447522073888582,0.2197184823651579,0.27798082511122557,0.3801196367502958,0.23305837664800366
2024-06-25,0.4477466471837461,0.22158667935539342,0.27962848914508676,0.38012368928444673,0.24177746866184952
2024-06-26,0.4277483432090314,0.22078663427109607,0.2603012742003221,0.3750905392544815,0.24138316437875296
2024-06-27,0.4261873569041174,0.2230943135180607,0.25632483571568043,0.3748664998606245,0.24171446329659987
2024-06-28,0.42752023927729504,0.2302586964073793,0.259417704438167,0.3727604662727755,0.24210854894966358
2024-07-01,0.4302810525037809,0.2292169768947747,0.25954095505736924,0.37625157926167624,0.242522068727768
2024-07-02,0.4310479698413806,0.2281866407974497,0.25860540185365327,0.37631191592201907,0.2431104267920794
2024-07-03,0.43305563237015626,0.23289441899827756,0.2603462031317168,0.3758485549707296,0.2432509204966731
2024-07-05,0.4263720365437427,0.24236068137773803,0.2621090447577238,0.41156709922615364,0.2772865399640535
2024-07-08,0.42474082664989693,0.2431565880920107,0.2611122332868438,0.4140541212359683,0.27727575831586204
2024-07-09,0.424755675798253,0.24671110788503858,0.26183144659058444,0.3925531019176849,0.27195629858276865
2024-07-10,0.4291819298610425,0.2425294869214716,0.26179759948554404,0.3924091452581736,0.2697248908607684
2024-07-11,0.4338323302938344,0.2533927436750344,0.2701764286886441,0.39745789696051825,0.27533531992893945
2024-07-12,0.2005184903490953,0.26494370778972054,0.26202643689281624,0.3834238189916969,0.27025136239835545
2024-07-15,0.19695684310324021,0.26515970811657374,0.261951511826664,0.37866949888467344,0.2667624332093137
2024-07-16,0.2529253705635346,0.33764279534044256,0.3087265356999086,0.3841182690958038,0.3052242298539109
2024-07-17,0.2565211634856473,0.33769696206013844,0.30871288214632603,0.376825400732358,0.3067470304697616
2024-07-18,0.2748277329653929,0.3377147951282,0.30943620137737243,0.38888043480508955,0.36478969568946
2024-07-19,0.2720854992299112,0.33398036795824787,0.32501986399260563,0.38296088832261166,0.36997201940578983
2024-07-22,0.27170621204926354,0.34644300509525217,0.3245241291548613,0.3816315295010448,0.3752843193561947
2024-07-23,0.27518086449835827,0.34616632097537864,0.3246155599285035,0.38490897567017024,0.37786658199400885
2024-07-24,0.28567856059675656,0.3470793194155116,0.34710004300703856,0.326101619675657,0.37454405091737464
2024-07-25,0.3119137025937589,0.3459403632695006,0.349025024693111,0.329730582266072,0.37402116730109536
2024-07-26,0.3055300813295185,0.3383787795454266,0.34761911866824907,0.3388039256897309,0.36677674870795723
2024-07-29,0.3087109096661628,0.3418183060979457,0.3466777876778454,0.3518635957531875,0.3684806277912367
2024-07-30,0.3224806923964999,0.33499624778132603,0.3226005281753404,0.3623586188030906,0.3660339052636415
2024-07-31,0.32021146666801686,0.3271991273370103,0.3261966031005089,0.3596457893125068,0.3668883624146015
2024-08-01,0.34414656463378784,0.3390955115717701,0.37361750120424836,0.36407120984839697,0.3744771784870726
2024-08-02,0.3701084777906892,0.3530023781708873,0.39683535025940114,0.388208011133755,0.3971656298263991
2024-08-05,0.3811280397854974,0.37210999033436826,0.42326784333040346,0.4121051360842421,0.4144327697866846
2024-08-06,0.3820092866513726,0.3741807800601805,0.42544469426664006,0.42194292680845064,0.4172304366871668
2024-08-07,0.3819019846599874,0.3767103580892332,0.42546708066565403,0.4217905167781454,0.4143099000445873
2024-08-08,0.4378067838599035,0.4272964774271839,0.4706560903910199,0.4389585098753176,0.42859440247047437
2024-08-09,0.4345084738102417,0.42501381282879214,0.4713663027637326,0.43940071622451027,0.4288311581727875
2024-08-12,0.43797919145216846,0.4218476139569891,0.4730311925133925,0.4389924268590967,0.428729494459146
2024-08-13,0.4397643372590809,0.4244885344340357,0.47591086380411984,0.4372336011254608,0.4377958064318679
2024-08-14,0.43967209804736407,0.4267663363494596,0.4770095087007415,0.4363566412716276,0.44020481009090684
2024-08-15,0.45376173190152763,0.4420671757532204,0.5127977888811591,0.45747294199241245,0.4406285159514471
2024-08-16,0.4535891027770916,0.43632959282063977,0.5071990656195005,0.42693881841153575,0.4213211237717754
2024-08-19,0.46046465086935573,0.4365145225086711,0.5079946289030957,0.42693017132942396,0.4219445069491865
2024-08-20,0.46009982226218227,0.4341344122943847,0.507879864377037,0.4272081996009818,0.41858511867456316
2024-08-21,0.4587469489217278,0.43435249399618236,0.5085192569518087,0.4268511951541151,0.4181570310894637
2024-08-22,0.45158141197377594,0.42134523683600245,0.5021672511298085,0.4230352670370054,0.412962985797031
2024-08-23,0.4577466926054527,0.4245478357406343,0.5180640834374952,0.4400143137715729,0.4245505410753604
2024-08-26,0.4602059445807928,0.42354918257495816,0.5186602558161553,0.43971814590593705,0.4254649149387166
2024-08-27,0.4312244818918908,0.3655076343354055,0.4846575027595706,0.4371990874955189,0.39485556206672745
2024-08-28,0.42938960631870665,0.3658377110685072,0.4868621968953871,0.4375526099338465,0.39424309035747956
2024-08-29,0.4239551554792729,0.37428954650925594,0.49686681181745074,0.42627487765419836,0.34108628097731314
2024-08-30,0.4287803096179547,0.37902443283676457,0.4966418498359642,0.4253068277646659,0.3374698183559996
2024-09-03,0.4277875051241842,0.36545494474260043,0.4961086583825544,0.4271733166415885,0.33081949046419956
2024-09-04,0.4237282749999224,0.36523580405130956,0.4967918912593577,0.42297010939011626,0.32855862508323364
2024-09-05,0.41583216220502356,0.36278939863664617,0.4840266864514354,0.4170342976245502,0.3570839188096284
2024-09-06,0.3982215840364204,0.3609056199573302,0.48545105602786043,0.388518677064674,0.3513239536198838
2024-09-09,0.41315725783613677,0.37655175902074306,0.5140434737801948,0.3760632088030629,0.3872706977926524
2024-09-10,0.41432476997497697,0.3715417958375564,0.5128661699194415,0.36418973660057086,0.38348273706031527
2024-09-11,0.40931207371482176,0.37577710582510754,0.5126631115191206,0.3610435918328945,0.3837766928564159
2024-09-12,0.4087780671936135,0.3753818083862046,0.5099225476962017,0.36055983925143703,0.3761387214155966
2024-09-13,0.386991047701629,0.3628245465590471,0.4644648797595766,0.35435790583474996,0.3790481549486902
2024-09-16,0.35438623647642603,0.33879834182003915,0.43293966644510795,0.3181092889939969,0.3442018206725658
2024-09-17,0.34261171130077284,0.3081661754372177,0.3873123964607116,0.266763290310954,0.3093738152998649
2024-09-18,0.3469064849049128,0.3082146645549136,0.3856027835475511,0.2612974602511371,0.32488203646750335
2024-09-19,0.3452699150994106,0.29444240052121023,0.3875590338813591,0.26086948321506725,0.3254196933378355
2024-09-20,0.2939884189597792,0.2488803192680243,0.35819430664292917,0.24395623013141204,0.3166375448086987
2024-09-23,0.29392792804365436,0.2455502081985271,0.3584151979320291,0.24792727672273387,0.33388267033210367
2024-09-24,0.2806760813323834,0.24358843101150796,0.3471248048023463,0.24773922176539406,0.3336795184676587
2024-09-25,0.27746776101603987,0.24620363538905302,0.3470374913951077,0.2889499773091233,0.331028433788061
2024-09-26,0.33780525650593285,0.28078106618076043,0.4052320157187424,0.32280772267102875,0.34164493049484973
2024-09-27,0.334170088289813,0.27051253033660344,0.3872795635024914,0.30440948076506813,0.34124942226190663
2024-09-30,0.346393390913117,0.2774697245146487,0.38853840082585,0.3023392661770804,0.3344139325334646
2024-10-01,0.3536621564144375,0.28630721543752957,0.3961293591525846,0.30085922442644547,0.3358287829104341
2024-10-02,0.35683734352413604,0.3040919267978657,0.39300990508446826,0.30181573501051095,0.34588251451466345
2024-10-03,0.3562484212603238,0.3129656687499855,0.3943887088639819,0.3122783756590994,0.366023445254127
2024-10-04,0.39003969595756705,0.32609338003074095,0.41901770829269297,0.3164247300610949,0.3628046093054643
2024-10-07,0.3853866372856796,0.3182453870978874,0.40856104981962726,0.29314361124142707,0.3537389812732451
2024-10-08,0.3895649853106139,0.3183173711067753,0.40264432970508596,0.29649023952749254,0.3494613215389599
2024-10-09,0.3888131800614523,0.31647870391278876,0.39988676360878633,0.2835137391212552,0.3490305521241351
2024-10-10,0.39250772522287314,0.3171114702614722,0.38891567948142264,0.2810661823879208,0.34847797518783735
2024-10-11,0.38864031622179857,0.31373762256905247,0.38674215220932096,0.28165908471714457,0.3605474984122798
2024-10-14,0.385119633196238,0.32182093431693093,0.38480509890076353,0.2830709300225543,0.3609875093497002
2024-10-15,0.3856557182210076,0.323847047499031,0.3819104720039733,0.27620296830792695,0.35957258009342447
2024-10-16,0.4316559264165196,0.36689409009160834,0.49949550336794635,0.278476369023438,0.36169005216147665
2024-10-17,0.43234003106097113,0.37386335492690964,0.49932117968455964,0.2888889615284377,0.34939349189136915
2024-10-18,0.43431665823027443,0.37190888843034847,0.49949629189253664,0.30057914196937274,0.35341789355775755
2024-10-21,0.42569494970200045,0.36658207460985803,0.48503827136903677,0.30559271816758937,0.3216131613693806
2024-10-22,0.41914250717554097,0.366259890244649,0.48149058747699813,0.30125608877240606,0.321813563571694
2024-10-23,0.41476518125064027,0.36571494225289314,0.48716638564987785,0.29758151285300666,0.320512777336598
2024-10-24,0.4155859199278059,0.36534397602903534,0.48625132955497424,0.34174333508183447,0.32116871755278475
2024-10-25,0.41487539678003627,0.36733226410945213,0.48751597536250796,0.34333553313759085,0.3009723059041365
2024-10-28,0.4220810276973228,0.37040624246080883,0.4871476721252122,0.3525212681691119,0.3123371905872432
2024-10-29,0.4160406149097729,0.3736187947262967,0.4859269171407494,0.35765269679947015,0.3108031982462531
2024-10-30,0.411709084049121,0.37524068468977584,0.4942242379179258,0.3570680712569183,0.29312864669453925
2024-10-31,0.43357809043324025,0.38444311806450027,0.5049594112353343,0.3684682647841638,0.29202463600262474
2024-11-01,0.4311469385656768,0.3849604111992076,0.5022544202449466,0.36845898731190935,0.2980087955884691
2024-11-04,0.4522515949476576,0.39689495082976933,0.5261000349406825,0.3710715011119836,0.3101809181469339
2024-11-05,0.4530639778599655,0.3998415815818827,0.5292626200165332,0.3771862918683347,0.31711832246747185
2024-11-06,0.47910138070983793,0.43732175733432344,0.5778852217511542,0.35565666669696916,0.3564748133245638
2024-11-07,0.45045255866138867,0.42016146081205474,0.5491763576282456,0.32207767584831565,0.3391932342792695
2024-11-08,0.4449058143885838,0.41910157934815695,0.543701135418145,0.3216600736557493,0.3386677350864968
2024-11-11,0.4361488300624105,0.4262689535106031,0.5363464903691083,0.32955429814378595,0.34053094817288615
2024-11-12,0.42798060185902137,0.42001450100519727,0.5309375858938367,0.3354811038415442,0.341886095121097
2024-11-13,0.42234180789655806,0.4026979991379314,0.5271679695072582,0.33403515579120835,0.33327867898193514
2024-11-14,0.42303371914257354,0.3931800760677181,0.5242108294838582,0.3229007091495993,0.31557916326881535
2024-11-15,0.3906121934567312,0.3896584398099637,0.506357316220537,0.31629663735875857,0.31564337190450925
2024-11-18,0.3925825432869332,0.39466498492778807,0.509023026127424,0.31668604791351734,0.32628654203212254
2024-11-19,0.38470335328544925,0.3948724758348669,0.5155470237145802,0.3141152964315675,0.3262843087120346
2024-11-20,0.38440224576427956,0.4018791539659179,0.5112340957651438,0.31946269192195226,0.32632930318768144
2024-11-21,0.3863173701541783,0.3998819294672223,0.5140315481822795,0.31791190675760056,0.3331031233546452
2024-11-22,0.38651272722324864,0.3986830377609649,0.5134834987774458,0.31748089154785647,0.319062456234564
2024-11-25,0.39657180952439125,0.3907827958459275,0.5120420260594872,0.3181603068554002,0.3212890110675905
2024-11-26,0.403614663831046,0.3898551649047848,0.5143758103177476,0.3218411416824166,0.3230575287783243
2024-11-27,0.3543406474445778,0.3462080404051741,0.3958128119852886,0.32145341638572333,0.3204371821654176
2024-11-29,0.35490934116783235,0.33934829682902945,0.3953009382709814,0.31018658348308575,0.3151417318266539
2024-12-02,0.35110723368495145,0.34062561828495924,0.39538453634794374,0.3040226347411053,0.30944577170310444
2024-12-03,0.3512435665066651,0.34093673051259943,0.40145554248644805,0.29839932866004104,0.30812665696329594
2024-12-04,0.357952917632487,0.3456811976851169,0.4090070907019037,0.31296829368145385,0.32014202115322915
2024-12-05,0.5901898422087692,0.348567866167905,0.40743343158452056,0.31632578886602397,0.3246724967480553
2024-12-06,0.5892785285914119,0.35604433526755647,0.41804913282557965,0.2703423184909809,0.33817678312907834
2024-12-09,0.5909600027709561,0.37209793903129895,0.44469472694893153,0.27196597107060655,0.3385632938603794
2024-12-10,0.5871039857733275,0.36818527159587605,0.44364518278415327,0.266608756093808,0.49204000570770934
2024-12-11,0.5868089960140551,0.35704084303610667,0.44627786473187353,0.259345101914713,0.5014876862013841
2024-12-12,0.592398006709148,0.36597067343997053,0.4462317337584589,0.2597373905929564,0.5052189887456088
2024-12-13,0.5814282878772608,0.3595314849933572,0.43761184347644094,0.24490529004165557,0.5097377772867296
2024-12-16,0.5887377734022116,0.35666298029131255,0.4330074094296081,0.24761626189195132,0.5069948424444103
2024-12-17,0.571032169879842,0.34758876738201167,0.4121571693349743,0.23583189287940318,0.48637545588667197
2024-12-18,0.5748537738475109,0.35466946556629164,0.4221239457336933,0.23039823888878766,0.48741539472698286
2024-12-19,0.5522463284730049,0.29962876331374616,0.34878270286716084,0.22136260289700602,0.46973119350564446
2024-12-20,0.54343227497266,0.2875061162566535,0.34159198840823973,0.22415729842873228,0.46625915601871837
2024-12-23,0.544717878695569,0.28733967366515806,0.34019640248983224,0.2246128822855974,0.4669375599220293
2024-12-24,0.5422397772756059,0.2652607625505949,0.3382557910143984,0.21495638378744059,0.46699968971429656
2024-12-26,0.5375688794020532,0.26420252950569234,0.33816234975169646,0.20581233764894566,0.467279958824319
2024-12-27,0.5380555532863774,0.2680590466329772,0.34135071634836694,0.20510552758838685,0.4736369452483803
2024-12-30,0.5377208707337865,0.26785510700968346,0.3434310337418245,0.21030317548910366,0.4760455370721342
2024-12-31,0.5403162597555033,0.2662381935894862,0.3457671494902466,0.20994193935075453,0.47506449228037195
2025-01-02,0.5466740130931332,0.2718768338265325,0.34899499547198487,0.209620870434017,0.4697410667883437
2025-01-03,0.5470903491760073,0.2605106118643217,0.32680615603288127,0.21030537913699113,0.4709844301965391
2025-01-06,0.5523179966859422,0.2635399068442173,0.3378317227340609,0.2021829730392456,0.47069448068342296
2025-01-07,0.5472596991363129,0.27013685828508627,0.3453450802704173,0.22059169362737585,0.4666378117377235
2025-01-08,0.5483284392056155,0.2705040009095947,0.350914257786342,0.22024958175230183,0.46644932754866986
2025-01-10,0.5519120985451806,0.37464449773928354,0.359264272340263,0.21750321910687678,0.469069993667986
2025-01-13,0.5657966290308781,0.3836377198359352,0.36665178118898,0.2171370288014742,0.4763831508508285
2025-01-14,0.5711077360842639,0.3859468486196854,0.37355671176774224,0.21806811947588828,0.4751759641997457
2025-01-15,0.5709851784909278,0.38790405352678836,0.38295499348922374,0.2203837238373501,0.47793380591064827
2025-01-16,0.5710931645792483,0.3881109585601786,0.3835440245231773,0.22027681705296695,0.4779704031963988
2025-01-17,0.5693366029251332,0.38615122641655564,0.37953440225683316,0.22030780554887575,0.4797877928002923
2025-01-21,0.5673536369066738,0.3938123969782571,0.374986271580555,0.22170643975258103,0.4812825953414849
2025-01-22,0.30344068004313723,0.3897104054170946,0.372942315090393,0.24377394615068387,0.48541604453949994
2025-01-23,0.40002625451324686,0.38551468349568396,0.392849539203345,0.2391800691241238,0.4760689200446345
2025-01-24,0.398189855648041,0.3698317388215948,0.37354543286999997,0.23996785327428052,0.4752506148965971
2025-01-27,0.39631699397910414,0.3699106210823691,0.3755051252412802,0.24054649949386803,0.30107238793761704
2025-01-28,0.39605162456730686,0.3692417259837806,0.370406067327197,0.24819200133196181,0.2765708663504399
2025-01-29,0.3931592622756505,0.3577074295102956,0.3594316049750066,0.24718137118841252,0.27398205794618946
2025-01-30,0.3961953711598494,0.3573660506930101,0.35763021808712,0.2488410438270972,0.27889555608160316
2025-01-31,0.3896562166034544,0.3620070075665074,0.373767161056261,0.25204182248659407,0.28496249443531124
2025-02-03,0.39028610070305714,0.36409959677683906,0.37489056787308944,0.2520186569930492,0.28397507595800225
2025-02-04,0.38823740580618427,0.36264204396160826,0.3662471258372284,0.2532313336736752,0.28658710064034015
2025-02-05,0.3876833542052645,0.35798030117692126,0.34927013915257193,0.2515018269461729,0.27083850107951135
2025-02-06,0.3858881766692911,0.36291940856903493,0.3472597301215952,0.24762248160636907,0.27067198778649576
2025-02-07,0.3810516889718366,0.36250307830377043,0.34363838827159277,0.24069428077493796,0.2697578020312237
2025-02-10,0.3917858354260782,0.3719333532689841,0.35182496343117214,0.24591531369189662,0.2733879237304689
2025-02-11,0.39317813431003557,0.37815028604747136,0.36085186640759703,0.24653621870695208,0.28779734458742035
2025-02-12,0.39375682393887923,0.37898798946721435,0.35925460710098645,0.24767474584479657,0.2822643738214478
2025-02-13,0.3995484846989575,0.3927304191004595,0.36925029365847084,0.24642104071414264,0.28360417491719764
2025-02-14,0.4022634333561685,0.39600145692535477,0.37874922460341665,0.24998192456520216,0.30593418135867817
2025-02-18,0.3975850579747331,0.3921810617067216,0.37594383547505816,0.2502933727861205,0.3053857798360299
2025-02-19,0.39770951644139135,0.3925833962399305,0.3850092638777611,0.2501043956416328,0.3054095560588766
2025-02-20,0.38475936565986213,0.3959040442294055,0.39479254879525727,0.25335225700421515,0.31221484907309605
2025-02-21,0.397026371173376,0.4301439634172961,0.43103538995407037,0.25174930936907586,0.37669371517228356
2025-02-24,0.3980613879774418,0.43615513380363635,0.4285435245591482,0.25733232689810365,0.38449946797478374
2025-02-25,0.37075832088353367,0.3442146117334322,0.41691111492172545,0.25569358386202323,0.37944369487537016
2025-02-26,0.355281112946022,0.33582631856113593,0.41408971579936826,0.25833276863339033,0.3714802693175297
2025-02-27,0.3517009609185302,0.3396434317659626,0.42973983388318326,0.25366117437810354,0.37339955040407363
2025-02-28,0.35201534439582954,0.33963817045919686,0.43009150343481883,0.25684859294426743,0.37355558714243275
2025-03-03,0.3547850787051775,0.34497844019436663,0.4314456283770213,0.2542181847752756,0.3867247332096944
2025-03-04,0.36337893842056307,0.3870361015116862,0.4567801967909632,0.2752232431472006,0.4307360848237306
2025-03-05,0.401275568082795,0.38678590300224586,0.4841768256937416,0.25627647520000973,0.4178683554792111
2025-03-06,0.42587460091345003,0.3940886186534192,0.5023289408739817,0.23066676152037136,0.4502315027257027
2025-03-07,0.35989530707428735,0.40011023669417806,0.4981382949533445,0.23159212933285495,0.4490885075103497
2025-03-10,0.3713229183418979,0.42330025492767065,0.5178520311671826,0.24719891676378017,0.5029112106689496
2025-03-11,0.42056774460679913,0.45756930442171306,0.5126893759572435,0.3520555244339437,0.5063617811934249
2025-03-12,0.4300928183063813,0.4593300374849014,0.5229941885700042,0.3472570798381318,0.5021509299940385
2025-03-13,0.42418677556383333,0.4561247737588509,0.519051546937619,0.3585411648660851,0.49860303022034524
2025-03-14,0.434697237251148,0.5082793146965299,0.5510982768606263,0.36309203605787105,0.49497936695577316
2025-03-17,0.46186742190740054,0.5096884645366782,0.5495865011292242,0.3602329199109275,0.5035391656004985
2025-03-18,0.4626355933941185,0.510403084138135,0.5537765265449365,0.3595150592928912,0.5164892410933429
2025-03-19,0.48132570475117553,0.5113081359687105,0.5592048168748439,0.3729592267720117,0.5206604790824139
2025-03-20,0.47815433609578156,0.5102987574972917,0.5594198015504024,0.37485432530095686,0.521958378406031
2025-03-21,0.4803813950434116,0.5106904988275933,0.559006488555691,0.3776959415682301,0.5227329294983198
2025-03-24,0.5003036550072123,0.5352209111391756,0.6085628967609683,0.37728452491999453,0.5252189721486739
2025-03-25,0.4987635483467756,0.5326549688274702,0.6067396444484866,0.3657747303079806,0.5254085645920024
2025-03-26,0.4990171993915608,0.5314800882996291,0.6047373905524501,0.3643723642470126,0.5230412826501701
2025-03-27,0.5007769681640076,0.52878363331111,0.6174274409681787,0.368350312687634,0.5203589562300294
2025-03-28,0.503842360289831,0.5366536641333413,0.6224964909826457,0.3707366003653922,0.5276450604002882
2025-03-31,0.49734884473020946,0.5280854273925986,0.6080344470417767,0.3702898771281364,0.5011571650964878
2025-04-01,0.49448109172786936,0.5296363441617099,0.6079603264690321,0.41178030095106183,0.501418281721444
2025-04-02,0.508999733980464,0.5352019484279138,0.6188986859078168,0.4119918554500971,0.5205269739192776
2025-04-03,0.5700436177522747,0.6013771268068245,0.7433396189524267,0.49612152045942753,0.5807841701143776
2025-04-04,0.5664619688803222,0.5912525486274469,0.7337191919326241,0.5744597714635487,0.5611740143000357
2025-04-07,0.5763178710433577,0.5812682054641624,0.7334982197386587,0.5720097793394577,0.5447979698815426
2025-04-08,0.5952111533424049,0.5812436718800125,0.73812177842709,0.5848512871624469,0.5630267314337619
2025-04-09,0.9200561621867095,0.9313061471262213,1.0925356993364592,0.7439522315429378,0.9009898069956769
2025-04-10,0.9970605409791508,0.9754774727071478,1.1277348314064617,0.7937949472311151,0.9501793674959573
2025-04-11,1.0005995987683698,0.9852381299051967,1.136547446551803,0.7941679829407284,0.9538333203042643
2025-04-14,0.9983830392763055,0.9840154599266016,1.1362465653568812,0.7957197985677155,0.952103322816218
2025-04-15,1.0010474897220203,0.9727862791589975,1.1286545375903594,0.7903597381434496,0.9426352157511851
2025-04-16,0.9873938814469301,0.9630141965052429,1.1120908646697132,0.7939089881223641,0.9405216186235438
2025-04-17,0.9776676209205228,0.9616539929599697,1.1032686330046408,0.7934274198539609,0.9304326831567238
2025-04-21,0.9818396063094639,0.9623495185007019,1.0992423931080264,0.796227350815138,0.9319469389481125
2025-04-22,0.983024400244857,0.9555598102987343,1.0888335528026722,0.7971320316153552,0.909531835413578
2025-04-23,0.9569904537555578,0.9382648149356334,1.0888363237176375,0.7615530100842052,0.9101108217438346
2025-04-24,0.9544011134216819,0.9359371579143696,1.0810182948908478,0.7708564881560777,0.9519353546055753
2025-04-25,0.9534739920371138,0.9322387875177403,1.0764315180110087,0.7646220663316664,0.9528255320707578
2025-04-28,0.9522387194931273,0.9124643780153838,1.0651871035674094,0.7607929172105161,0.9531187835108589
2025-04-29,0.9437679034082685,0.9124579310612372,1.0651433436734197,0.7634040811678954,0.9516029835372504
2025-04-30,0.9422279133106081,0.9111474894669338,1.0600912439503765,0.7675851024138749,0.9434115027003764
2025-05-01,0.9355378548515161,0.9025639430952564,1.052542844956704,0.7617562248002983,0.9368285806891941
2025-05-02,0.9459571347074176,0.9228054750995388,1.072513392645867,0.7726306461436818,0.9526561539383802
2025-05-05,0.9461676464439908,0.9268352696830355,1.0724744299860849,0.7702453339871504,0.958862598827667
2025-05-06,0.9405789880194364,0.918157548197242,1.05335713769753,0.770242157540464,0.9592781901287142
2025-05-07,0.9386064085937997,0.9187966721670331,1.0548599808724455,0.7721490838144692,0.9592931569832771
2025-05-08,0.9477446312615121,0.9415618645687396,1.0651759611668044,0.7766732901854604,0.9713752616768374
2025-05-09,0.9445183692651204,0.9334067738359211,1.054662391259572,0.7761100181549951,0.9694853009268214
2025-05-12,0.9464929037107432,0.9324086978745877,1.0451504255778865,0.7758034037332396,0.9638987926411273
2025-05-13,0.955371143485446,0.9363175852889702,1.0507523579949785,0.7758179528708272,0.9626277218343822
2025-05-14,0.9599895966087317,0.9438386742326139,1.0599288749455216,0.7560586907453452,0.9637871341593003
2025-05-15,0.9584371242042267,0.9435513511793459,1.0586219962075438,0.7568552706840267,0.9599588901189434
2025-05-16,0.9029481337643694,0.87936681304399,0.9432722530479064,0.7036441713966516,0.9074992282681422
2025-05-19,0.9023605984826357,0.867559865768054,0.9299909632877038,0.6244955190315097,0.9002767542104051
2025-05-20,0.9040467622359231,0.8732262106685296,0.937226854357903,0.6251891639252348,0.9026094771176953
2025-05-21,0.8865574263249388,0.8715292529158639,0.9346628533972121,0.6106607388275622,0.892915351747762
2025-05-22,0.6021367006845251,0.5610552291924086,0.5634304728866137,0.4348132322905241,0.6090607042624033
2025-05-23,0.4186995353890179,0.44702755730348004,0.4465989900910817,0.3178950375709002,0.5020813415875807
2025-05-27,0.429415470380298,0.442825291681307,0.44805628065397507,0.3474052068091608,0.5052034303801406
2025-05-28,0.4329500394844478,0.4436889211223685,0.44995466786572685,0.3342109661982143,0.5052024504914071
2025-05-29,0.4285796691616481,0.4439664319572608,0.4486414775697742,0.33752368189861015,0.50375575520607
2025-05-30,0.4031151120852023,0.44323389916546235,0.4485477774551643,0.3138007907797244,0.5015057964480362
2025-06-02,0.4039731140120817,0.44339083669939033,0.4482227989385817,0.3152840768165031,0.5012987225850913
2025-06-03,0.37779390196328166,0.4268781040300849,0.4441343631646763,0.3036971713957647,0.4890603997937527
2025-06-04,0.37534912605492293,0.4248217372156821,0.4408595011407052,0.3037114161755848,0.4840683653777207
2025-06-05,0.37956662002089064,0.42167153394270984,0.44475723524026683,0.2965083724438381,0.4810737386489764
2025-06-06,0.38957220928287284,0.4346534266750177,0.46082593413783546,0.2923563135613738,0.376797008927762
2025-06-09,0.3897140197068349,0.43158771127075324,0.4597231772109238,0.292071974888519,0.3824935715690185
2025-06-10,0.3895574970968703,0.4315964688110516,0.46064609370081394,0.2953876778268775,0.3791664582990688
2025-06-11,0.4424103520587389,0.4610496899095749,0.4940305041919951,0.3080000637476587,0.4082518153774062
2025-06-12,0.44564074026420786,0.45977517757476527,0.49716070920194844,0.31816576148808157,0.4077729723505659
2025-06-13,0.4701284350575623,0.4762298411391813,0.5167958981571347,0.3265644733789652,0.43092833821348
2025-06-16,0.47214218449718326,0.4626803629038523,0.5061109204034887,0.3050239073266521,0.4050273090808301
2025-06-17,0.4801105501242253,0.475988741084392,0.5383860782516025,0.3139315101354479,0.41171579366075606
2025-06-18,0.47568964677314324,0.47324569675009037,0.5361886461654742,0.3129600507357792,0.4036729456914447
2025-06-20,0.47452113665140255,0.4734224073432621,0.5313449866974992,0.31103942576726457,0.4034420589914639
2025-06-23,0.4627066452130377,0.4299951229437284,0.5181821077824891,0.30529238539630965,0.3740394804379783
2025-06-24,0.4789724072160667,0.4367306202084322,0.5177089962186462,0.30525692313768876,0.3911137901615233
2025-06-25,0.4622594077133054,0.4086259135122613,0.5225529822854422,0.3093227711013625,0.3832653177747746
2025-06-26,0.43232870556002395,0.3929154689713525,0.5011228345107018,0.30970372423123865,0.37525363207031226
2025-06-27,0.4221445393589451,0.37306265529027205,0.4888470222870362,0.3148839599702621,0.37537842030235163
2025-06-30,0.42200272942267225,0.3734254685034507,0.4797479532902591,0.31301838770403845,0.3712582828820901
2025-07-01,0.42890744169699674,0.3714076688610043,0.4773685138122824,0.3160909795605906,0.37203048266808975
2025-07-02,0.4299180433935289,0.37754837051117185,0.4778845380912735,0.31934017843040335,0.3746595536658363
2025-07-03,0.4269693948079677,0.37334806518294533,0.4708106161679163,0.31905509606440174,0.3694567389872455
2025-07-07,0.4144334262475795,0.36243495301756556,0.45697877286858984,0.31187278565038135,0.3400504795059873
2025-07-08,0.41266189464652797,0.36325301406845356,0.4463946019007008,0.306230081661919,0.34095700532280615
2025-07-09,0.40965452670343155,0.3609917218662958,0.4446205927883137,0.30654856708426304,0.33962525504617996
2025-07-10,0.538835169257824,0.49132218206893896,0.5911169650165018,0.3506153775128301,0.41699121140599765
2025-07-11,0.5627355233553933,0.48772504815348355,0.6069533898340413,0.351931616735006,0.42401635906221613
2025-07-14,0.5632572408696089,0.49060738056937686,0.6070125299467602,0.34816781858156354,0.4239443202658072
2025-07-15,0.5663016222303071,0.5093480399666229,0.6143932583959659,0.3503586488154248,0.42550495944467415
2025-07-16,0.5662786578867007,0.5097982584484553,0.6148596856143093,0.3486051058215418,0.4254887421759053
2025-07-17,0.5671146978309949,0.5104485547830081,0.6197360978440527,0.3545180508064535,0.4327414992105618
2025-07-18,0.5666559030316056,0.5107253149035466,0.6200120516258748,0.35206903878825047,0.43247119210369267
2025-07-21,0.567215128665249,0.5109611273382704,0.6171319802659313,0.35235436969402006,0.43296857237107644
2025-07-22,0.5544594105583203,0.4989193977119915,0.6065845474312703,0.34337008342906983,0.4216610978040508
2025-07-23,0.555348965110433,0.49894021349180306,0.6058655961719238,0.34348527781894883,0.42116534860017224
2025-07-24,0.6252295510048207,0.5042524373479267,0.606431847764271,0.47510288208283935,0.4537596163604753
2025-07-25,0.5935697867468023,0.4805814789298967,0.5815944470605282,0.4692469560178831,0.4371818196209821
2025-07-28,0.5916594955736962,0.4803961183878024,0.5787297625750768,0.4663451181547419,0.4513585382521835
2025-07-29,0.5737604926391489,0.46944968910932744,0.5639787174275871,0.47771577347009275,0.42916605779293204
2025-07-30,0.5562270401684022,0.45244547936121776,0.5412847199925073,0.4769093946833993,0.4270583474079739
2025-07-31,0.5472465467856935,0.43129071137983893,0.5096067150236416,0.4725205276537598,0.40547519554078454
2025-08-01,0.5615444439868665,0.44898515591392824,0.5288452402149574,0.48426590823446414,0.417658806115842
2025-08-04,0.564453470127836,0.4530341722830877,0.5331069171792713,0.4836108006247944,0.42170197915908886
2025-08-05,0.5671249358003818,0.4498392103691444,0.5252415841550852,0.48144486259412256,0.4207940398165113
2025-08-06,0.5544829570869684,0.4483521485747889,0.5219230032051195,0.481682452878295,0.4096084402150554
2025-08-07,0.5477575822848075,0.44177549041748193,0.5142141471801245,0.4798480194598562,0.4078581362807797
2025-08-08,0.5487019847628979,0.44093082575023873,0.5147583303085616,0.47948187194835845,0.41238648861018423
2025-08-11,0.5478191959451094,0.4403996105822796,0.5127110758676762,0.4773663792303421,0.418011941858848
2025-08-12,0.647371905387312,0.5091728774843207,0.5859086392319507,0.5073034011808241,0.5051388251586463
2025-08-13,0.6444461563871487,0.5091219188358189,0.5860866549248013,0.49952972910905574,0.5085644503479171
2025-08-14,0.649063400865138,0.5085264153029245,0.5874435491411513,0.4964390239097493,0.5113054050205991
2025-08-15,0.652558914204735,0.5099902571540799,0.5876483001052042,0.5033039971802896,0.511456586595542
2025-08-18,0.65151061984958,0.5056540844487601,0.5839908564538138,0.5031445416820405,0.5099269303787667
2025-08-19,0.651282407962013,0.5079175894399607,0.5843745117302845,0.503751473468929,0.5088357097811057
2025-08-20,0.6589641126375516,0.5155661167168302,0.5883449723070082,0.5016262349867422,0.5132828556027985
2025-08-21,0.5491827790595736,0.39075648780011085,0.4347220653442847,0.43340327261310163,0.4490160405192042
2025-08-22,0.5685595210513047,0.43422563118125385,0.4429962644146894,0.46747886640186814,0.4987014644665305
2025-08-25,0.582271857628447,0.4342518013955867,0.4435487044759442,0.4640631231939694,0.49876866963938654
2025-08-26,0.5799456784773614,0.41543130304871584,0.4330226331881582,0.4717059026151961,0.491117863031137
2025-08-27,0.5799034334559904,0.41504865408203456,0.43006279694026295,0.4707011182443596,0.4940456318586947
2025-08-28,0.5791487528306518,0.4145789375003247,0.42345289016300336,0.4663438196902549,0.4918063821711533
2025-08-29,0.5794128842582826,0.41483266243523503,0.42335229479715525,0.4661920882987651,0.49290391388020427
2025-09-02,0.5769110678818858,0.4162216611459027,0.4238244289105144,0.467045459708827,0.49130015484824624
2025-09-03,0.575936432035194,0.41517201636132617,0.41967351642266576,0.46697629894778986,0.49174760463646067
2025-09-04,0.5900609388884065,0.4175005262770818,0.41920330178984977,0.4754759744261048,0.49092027962568174
2025-09-05,0.5141314922748398,0.41072764101720144,0.4172863250224294,0.354614326761887,0.4541910439977316
2025-09-08,0.5159228444631362,0.41098904882293513,0.4166382028699745,0.35623084542494293,0.45080501853837135
2025-09-09,0.5188126742430056,0.41477783975190063,0.42226998094253027,0.357198651244531,0.44610391692918355
2025-09-10,0.5161373003464178,0.4094316504033119,0.41751127308298996,0.3338711958877742,0.44542085486911215
2025-09-11,0.5163129685583566,0.4089811181242132,0.417490592270102,0.33603084351132273,0.44290815080485607
2025-09-12,0.5164680397943566,0.4102936149479995,0.4200087220110806,0.33572465029491805,0.4431054011907648
2025-09-15,0.5094113567560109,0.39910104990473727,0.40141909088418337,0.3173698374492729,0.48072441411443384
2025-09-16,0.5084079667993288,0.3955455792520269,0.397288054003898,0.31722409544268193,0.48558673108274825
2025-09-17,0.5009193583936795,0.39727339958309604,0.39769143647914806,0.3201019499175071,0.4863004532115119
2025-09-18,0.5008639465442505,0.3934810854272939,0.39767606190226923,0.31879265287772035,0.4891282787989757
2025-09-19,0.5022115244427937,0.39170659389674206,0.3948266024668775,0.3180935356123723,0.4869351314883321
2025-09-22,0.5022654941555822,0.39523598261932485,0.40138806871150906,0.31948058532741935,0.5014546708067571
2025-09-23,0.5035928510794406,0.39520577680383395,0.4014975915091998,0.3229682414532914,0.4981207835195718
2025-09-24,0.36029643264391364,0.2963877384936511,0.28908957634829496,0.2845842264209979,0.4094365421812111
2025-09-25,0.3794722772634887,0.2956056861776482,0.2942565075932939,0.30347770977631555,0.40813977629703985
2025-09-26,0.37585269250251013,0.2962065984500612,0.29590831896947123,0.30598604158615916,0.40688736223989735
2025-09-29,0.3654601083605526,0.28974154179901174,0.29177642706808915,0.29801814076783345,0.40553583983070574
2025-09-30,0.3658524714810623,0.2888779092074403,0.2944540667597915,0.30791202056068123,0.4061263116952079
2025-10-01,0.3656310621785835,0.28927443587955326,0.30951891895023165,0.30860171044549534,0.4107918618146777
2025-10-02,0.36068044595320836,0.28718836457710495,0.309214511623698,0.30571146780213077,0.410230278796807
2025-10-03,0.3611135679163009,0.2813425824798015,0.30047879852942594,0.3056447803089934,0.4087293506904253
2025-10-06,0.2797882039451652,0.20602341699740215,0.24800955620075218,0.2614533403804947,0.31627497311910935
2025-10-07,0.2598993041014882,0.21274952382730888,0.2477810266025634,0.2610418481977212,0.31743428891154485
2025-10-08,0.26059305061166943,0.21089387736755852,0.2461373358478264,0.2484075938392029,0.3167645128256565
2025-10-09,0.2630672420277222,0.2480033638450162,0.26621018355726034,0.25684375581403973,0.3029329588592686
2025-10-10,0.26042082601015115,0.26408920280386644,0.2951375957282231,0.25845449339807497,0.3035214645972256
2025-10-13,0.26652414143473274,0.2730285550157559,0.3071104589381885,0.2654397970157445,0.31708494583270586
2025-10-14,0.29337639326700754,0.30096425567003804,0.32921184176772184,0.2937797928490284,0.3304015002202315
2025-10-15,0.30421634257397423,0.3015542484706182,0.32752091333846284,0.2932377556188782,0.3300721753628718
2025-10-16,0.3111749932785861,0.30431557957233096,0.36536730293265707,0.2709403950056289,0.3300394680264447
2025-10-17,0.3056200707273712,0.30490701874823856,0.3664135843489419,0.2706323778525001,0.3272552031347445
2025-10-20,0.31628303347046677,0.3211329248542386,0.37100568710508985,0.27923673205189603,0.338500266055509
2025-10-21,0.3174494481700196,0.31759522997898787,0.3683667156111186,0.2686689975333661,0.3406151460736602
2025-10-22,0.3222443922211221,0.33471291607908893,0.3786682377078558,0.2827687162731314,0.3426211950855759
2025-10-23,0.3622504694980159,0.3369826382667519,0.37364110136977857,0.3357380512867442,0.33395002273194724
2025-10-24,0.4287786964509441,0.35300301702308934,0.3872128847080758,0.3393480680327002,0.36516413549808374
2025-10-27,0.4271674276734592,0.346069444060804,0.38399630788735856,0.33849131503942587,0.3398357646697299
2025-10-28,0.45470907005670375,0.36803061593775244,0.3990705483336683,0.3548693181112513,0.3481017707863309
2025-10-29,0.4579849581260581,0.36764526644223094,0.3984010933961924,0.3528870667798,0.3440987843410334
2025-10-30,0.45996896065102194,0.375036444619031,0.4042323196397331,0.35588965100549896,0.346046540433509
2025-10-31,0.46490890640030164,0.3749936555014871,0.403790791629419,0.35571220513153157,0.3611714066971759
2025-11-03,0.4651794610845984,0.3772730930364022,0.40744068713709514,0.35589793370800205,0.34797500765481604
2025-11-04,0.49008230003846576,0.4030029718854581,0.435534915860924,0.3469843894110069,0.3484263758096406
2025-11-05,0.5142055482062449,0.42825604431903797,0.47369064129902877,0.40053283719233823,0.3694604336696404
2025-11-06,0.4972972543669221,0.42687708042822214,0.47026899895396335,0.38824488902687054,0.3643370761282342
2025-11-07,0.5047017909898569,0.42942321127690225,0.4719047676916162,0.3941991879184797,0.39295936363777595
2025-11-10,0.5129940362125913,0.42939390275625233,0.47297549904321623,0.3941124833448701,0.3935256987618903
2025-11-11,0.5176882244854351,0.42882115776261187,0.47009652017184345,0.3912859075423786,0.3929258750123169
2025-11-12,0.5252393156888491,0.4475480102164002,0.48245150773961604,0.40858320129670433,0.40302376566963655
2025-11-13,0.5345363510649962,0.44682748303982955,0.4882425225624257,0.4096934838113584,0.4056693231273546
2025-11-14,0.5403187115146172,0.4536667544072808,0.4926874745206733,0.40995186205237893,0.4060594539894629
2025-11-17,0.5477622199044555,0.4702881822345409,0.5134571954950216,0.41913955042891193,0.43695507485972496
2025-11-18,0.5455711586009604,0.468689303373202,0.5180438265129276,0.41896155847483857,0.4339784210129459
2025-11-19,0.544849266466948,0.46833292166982526,0.5159834333399543,0.41893179759055965,0.4330534606758229
2025-11-20,0.5429055508131753,0.45266963375156605,0.5061954305749454,0.4189711445456152,0.43400576725665385
2025-11-21,0.5600734657137906,0.4618232468819177,0.4954749313157953,0.4441996018596132,0.45043739611743133
2025-11-24,0.5598031337634839,0.46911253271585623,0.5014285544771304,0.44275215681355756,0.44866655623257873
2025-11-25,0.5549264917967116,0.4574697222968238,0.4982258149337198,0.4311108727459493,0.4491052025080727
2025-11-26,0.5587938130920509,0.4672134750117555,0.5041263561961158,0.4345972301467933,0.4604992786500828
2025-11-28,0.5357655600075177,0.46361183931746724,0.47537049214307914,0.43442487193466256,0.45878647685085916
2025-12-01,0.5364279004537917,0.4614730733755965,0.4755907542902637,0.4342371521227633,0.4585806431999658
2025-12-02,0.5347305316998494,0.4527911969440568,0.48051920357392836,0.43068977471374886,0.4511749326280221
2025-12-03,0.536314795239368,0.4629956979464415,0.49101616623988814,0.43066558547454614,0.49032746351468104
2025-12-04,0.5339767328417014,0.4475790889500453,0.4883487775017552,0.42252372044592157,0.5012171239668161
2025-12-05,0.5190036051836763,0.44189821629256265,0.4875545774137456,0.40479206832671427,0.5160598554338257
2025-12-08,0.4697192190490213,0.43119689113893495,0.47691188217062735,0.40353584413445315,0.4808661274303763
2025-12-09,0.46165673158694087,0.429750188779625,0.47714254812643087,0.40333970357106325,0.4776770223385945
2025-12-10,0.4295653007760647,0.4164678385244243,0.4625187733066642,0.397746333116186,0.47338533681637146
2025-12-11,0.4304662338185041,0.4156853593035531,0.46221574744943755,0.39396785546631496,0.46198276200696237
2025-12-12,0.42669656387529464,0.4061818978378854,0.4563755587311836,0.38465435060340875,0.45973757107553215
2025-12-15,0.4255875435251621,0.40807997696705245,0.45642498344493393,0.38455040118871314,0.4569055064541483
2025-12-16,0.4384054420202039,0.4073372390197268,0.46815455248128174,0.3840265276165338,0.45146594952518687
2025-12-17,0.4173985345827029,0.3809119206976317,0.4379286935186144,0.3867878605165988,0.4550043301488992
2025-12-18,0.3850840093692155,0.3572118868522455,0.4056115111514873,0.35321491078498,0.44781078495604926
2025-12-19,0.37768982878338914,0.35318787403690816,0.40324562323596336,0.35149908791874096,0.4418284340550871
2025-12-22,0.37276238732922434,0.3521796071868984,0.40323151370496896,0.34883870538572687,0.4332743775791268
2025-12-23,0.38661685421232783,0.36019503859473895,0.4073498363144311,0.35634526372377434,0.4538659829393436
2025-12-24,0.3762939034860343,0.3549405868365397,0.40389360502450444,0.3472373387863228,0.45194547050036205
2025-12-26,0.37062493219242415,0.3343912831429415,0.3809234075635264,0.33345718004436914,0.44547175479391876
2025-12-29,0.3640296505367762,0.33899541283808576,0.37726552251683115,0.33157978669135096,0.44454742080473925
2025-12-30,0.35406293035456143,0.3276845712597552,0.3688610244702276,0.3290445186331404,0.4406145374838221
2025-12-31,0.33464237181412976,0.29001021944528677,0.3238871104458209,0.3099991466613987,0.3909547298083824
